proc_pid,file,urls,name,ext_urls,type,path,program,info,positives,sign_name,description,families,arguments,api,sign_stacktrace,category,imported_dll_count,pe_sec_name,entropy,dll,pe_res_name,filetype,hosts,dns_servers,tcp,udp,requests,dead_hosts,domains,mitm,proc,process_path,beh_command_line,tree_command_line,tree_process_name,children,command_line,directory_enumerated,regkey_written,wmi_query,regkey_read,regkey_opened,file_read,file_created,dll_loaded,apistats,action,log,errors
0,0,0,0,0,0,0,0,0,0,3,3,0,0,0,0,0,1,6,6,15,3,3,1,1,0,8,2,0,1,0,0,0,0,0,0,0,0,0,0,0,0,0,0,0,0,0,0,15,0
0,0,0,0,0,0,0,0,0,0,1,1,0,0,0,0,0,1,6,6,30,1,1,0,0,0,4,0,0,0,0,1,1,1,1,1,0,0,0,0,0,0,0,0,0,0,0,0,15,0
0,0,0,0,0,0,0,0,0,0,3,3,0,0,0,0,0,1,7,7,24,12,12,0,0,0,3,0,0,0,0,1,1,1,1,1,0,0,0,0,0,0,0,0,0,0,0,0,15,0
0,0,0,0,0,0,0,0,0,0,3,3,0,0,0,0,0,1,7,7,37,3,3,0,0,0,4,0,0,0,0,1,1,1,1,1,0,0,0,0,0,0,0,0,0,0,0,0,15,0
0,0,0,0,0,0,0,0,0,0,2,2,0,0,0,0,0,1,8,8,24,3,3,0,0,0,3,0,0,0,0,1,1,1,1,1,0,0,0,0,0,0,0,0,0,0,0,0,15,0
0,0,0,0,0,0,0,0,0,0,2,2,0,0,0,0,0,1,5,5,21,3,3,0,0,0,3,0,0,0,0,1,1,1,1,1,0,0,0,0,0,0,0,0,0,0,0,0,15,0
0,0,0,0,0,0,0,0,0,0,2,2,0,0,0,0,0,1,6,6,13,3,3,0,0,0,4,0,0,0,0,1,1,1,1,1,0,0,0,0,0,0,0,0,0,0,0,0,15,0
0,0,0,0,0,0,0,0,0,0,2,2,0,0,0,0,0,1,5,5,7,8,8,0,0,0,4,0,0,0,0,1,1,1,1,1,0,0,0,0,0,0,0,0,0,0,0,0,15,0
0,0,0,0,0,0,0,0,0,0,2,2,0,0,0,0,0,1,7,7,20,2,2,0,0,0,4,0,0,0,0,1,1,1,1,1,0,0,0,0,0,0,0,0,0,0,0,0,15,0
0,0,0,0,0,0,0,0,0,0,2,2,0,0,0,0,0,1,5,5,24,3,3,0,0,0,4,0,0,0,0,1,1,1,1,1,0,0,0,0,0,0,0,0,0,0,0,0,15,0
0,0,0,0,0,0,0,0,0,0,1,1,0,0,0,0,0,1,5,5,5,5,5,0,0,0,3,0,0,0,0,1,1,1,1,1,0,0,0,0,0,0,0,0,0,0,0,0,15,0
0,0,0,0,0,0,0,0,0,0,1,1,0,0,0,0,0,1,5,5,15,1,1,0,0,0,4,0,0,0,0,1,1,1,1,1,0,0,0,0,0,0,0,0,0,0,0,0,15,0
0,0,0,0,0,0,0,0,0,0,3,3,0,0,0,0,0,1,6,6,21,3,3,1,1,0,11,1,0,1,0,1,1,1,1,1,0,0,0,0,0,0,0,0,0,0,0,0,15,0
0,0,0,0,0,0,0,0,0,0,2,2,0,0,0,0,0,1,7,7,28,1,1,0,0,0,4,0,0,0,0,1,1,1,1,1,0,0,0,0,0,0,0,0,0,0,0,0,15,0
0,0,0,0,0,0,0,0,0,0,3,3,0,0,0,0,0,1,6,6,10,14,14,0,0,0,3,0,0,0,0,1,1,1,1,1,0,0,0,0,0,0,0,0,0,0,0,0,15,0
0,0,0,0,0,0,0,0,0,0,2,2,0,0,0,0,0,1,5,5,7,3,3,0,0,0,2,0,0,0,0,1,1,1,1,1,0,0,0,0,0,0,0,0,0,0,0,0,15,0
0,0,0,0,0,0,0,0,0,0,1,1,0,0,0,0,0,1,5,5,4,2,2,0,0,0,3,0,0,0,0,1,1,1,1,1,0,0,0,0,0,0,0,0,0,0,0,0,15,0
0,0,0,0,0,0,0,0,0,0,2,2,0,0,0,0,0,1,6,6,4,3,3,0,0,0,3,0,0,0,0,1,1,1,1,1,0,0,0,0,0,0,0,0,0,0,0,0,15,0
0,0,0,0,0,0,0,0,0,0,2,2,0,0,0,0,0,1,6,6,13,2,2,0,0,0,4,0,0,0,0,1,1,1,1,1,0,0,0,0,0,0,0,0,0,0,0,0,15,0
0,0,0,0,0,0,0,0,0,0,2,2,0,0,0,0,0,1,5,5,32,3,3,1,1,0,8,1,0,1,0,1,1,1,1,1,0,0,0,0,0,0,0,0,0,0,0,0,15,0
0,0,0,0,0,0,0,0,0,0,2,2,0,0,0,0,0,1,5,5,4,3,3,0,0,0,3,0,0,0,0,1,1,1,1,1,0,0,0,0,0,0,0,0,0,0,0,0,15,0
0,0,0,0,0,0,0,0,0,0,2,2,0,0,0,0,0,1,6,6,2,3,3,0,0,0,4,0,0,0,0,1,1,1,1,1,0,0,0,0,0,0,0,0,0,0,0,0,15,0
0,0,0,0,0,0,0,0,0,0,2,2,0,0,0,0,0,1,7,7,26,2,2,0,0,0,3,0,0,0,0,1,1,1,1,1,0,0,0,0,0,0,0,0,0,0,0,0,15,0
0,0,0,0,0,0,0,0,0,0,1,1,0,0,0,0,0,1,6,6,30,2,2,0,0,0,3,0,0,0,0,1,1,1,1,1,0,0,0,0,0,0,0,0,0,0,0,0,15,0
0,0,0,0,0,0,0,0,0,0,2,2,0,0,0,0,0,1,6,6,20,22,22,1,1,0,7,1,0,1,0,1,1,1,1,1,0,0,0,0,0,0,0,0,0,0,0,0,15,0
0,0,0,0,0,0,0,0,0,0,3,3,0,0,0,0,0,1,6,6,22,16,16,0,0,0,4,0,0,0,0,0,0,0,0,0,0,0,0,0,0,0,0,0,0,0,0,0,15,0
0,0,0,0,0,0,0,0,0,0,2,2,0,0,0,0,0,1,6,6,11,3,3,0,0,0,3,0,0,0,0,1,1,1,1,1,0,0,0,0,0,0,0,0,0,0,0,0,15,0
0,0,0,0,0,0,0,0,0,0,1,1,0,0,0,0,0,1,6,6,27,1,1,0,0,0,4,0,0,0,0,1,1,1,1,1,0,0,0,0,0,0,0,0,0,0,0,0,15,0
0,0,0,0,0,0,0,0,0,0,3,3,0,0,0,0,0,1,7,7,22,37,37,0,0,0,4,0,0,0,0,1,1,1,1,1,0,0,0,0,0,0,0,0,0,0,0,0,15,0
0,0,0,0,0,0,0,0,0,0,2,2,0,0,0,0,0,1,6,6,49,2,2,0,0,0,3,0,0,0,0,1,1,1,1,1,0,0,0,0,0,0,0,0,0,0,0,0,15,0
0,0,0,0,0,0,0,0,0,0,2,2,0,0,0,0,0,1,5,5,13,17,17,1,1,0,7,1,0,1,0,1,1,1,1,1,0,0,0,0,0,0,0,0,0,0,0,0,15,0
0,0,0,0,0,0,0,0,0,0,2,2,0,0,0,0,0,1,7,7,40,1,1,0,0,0,4,0,0,0,0,1,1,1,1,1,0,0,0,0,0,0,0,0,0,0,0,0,15,0
0,0,0,0,0,0,0,0,0,0,2,2,0,0,0,0,0,1,5,5,7,3,3,0,0,0,3,0,0,0,0,1,1,1,1,1,0,0,0,0,0,0,0,0,0,0,0,0,15,0
0,0,0,0,0,0,0,0,0,0,1,1,0,0,0,0,0,1,6,6,12,1,1,1,1,0,7,1,0,1,0,1,1,1,1,1,0,0,0,0,0,0,0,0,0,0,0,0,15,0
0,0,0,0,0,0,0,0,0,0,1,1,0,0,0,0,0,1,6,6,8,1,1,1,1,0,7,1,0,1,0,0,0,0,0,0,0,0,0,0,0,0,0,0,0,0,0,0,15,0
0,0,0,0,0,0,0,0,0,0,1,1,0,0,0,0,0,1,6,6,8,1,1,0,0,0,3,0,0,0,0,0,0,0,0,0,0,0,0,0,0,0,0,0,0,0,0,0,15,0
0,0,0,0,0,0,0,0,0,0,2,2,0,0,0,0,0,1,7,7,35,2,2,0,0,0,4,0,0,0,0,1,1,1,1,1,0,0,0,0,0,0,0,0,0,0,0,0,15,0
0,0,0,0,0,0,0,0,0,0,1,1,0,0,0,0,0,1,6,6,28,1,1,0,0,0,3,0,0,0,0,1,1,1,1,1,0,0,0,0,0,0,0,0,0,0,0,0,15,0
0,0,0,0,0,0,0,0,0,0,3,3,0,0,0,0,0,1,7,7,19,3,3,0,0,0,3,0,0,0,0,1,1,1,1,1,0,0,0,0,0,0,0,0,0,0,0,0,15,0
0,0,0,0,0,0,0,0,0,0,2,2,0,0,0,0,0,1,6,6,8,3,3,0,0,0,3,0,0,0,0,1,1,1,1,1,0,0,0,0,0,0,0,0,0,0,0,0,15,0
0,0,0,0,0,0,0,0,0,0,2,2,0,0,0,0,0,1,5,5,4,3,3,0,0,0,4,0,0,0,0,1,1,1,1,1,0,0,0,0,0,0,0,0,0,0,0,0,15,0
0,0,0,0,0,0,0,0,0,0,2,2,0,0,0,0,0,1,7,7,36,2,2,0,0,0,3,0,0,0,0,1,1,1,1,1,0,0,0,0,0,0,0,0,0,0,0,0,15,0
0,0,0,0,0,0,0,0,0,0,3,3,0,0,0,0,0,1,7,7,42,10,10,0,0,0,3,0,0,0,0,1,1,1,1,1,0,0,0,0,0,0,0,0,0,0,0,0,15,0
0,0,0,0,0,0,0,0,0,0,3,3,0,0,0,0,0,1,6,6,7,17,17,0,0,0,3,0,0,0,0,1,1,1,1,1,0,0,0,0,0,0,0,0,0,0,0,0,15,0
0,0,0,0,0,0,0,0,0,0,2,2,0,0,0,0,0,1,5,5,21,3,3,0,0,0,4,0,0,0,0,1,1,1,1,1,0,0,0,0,0,0,0,0,0,0,0,0,15,0
0,0,0,0,0,0,0,0,0,0,3,3,0,0,0,0,0,1,8,8,30,4,4,0,0,0,4,0,0,0,0,1,1,1,1,1,0,0,0,0,0,0,0,0,0,0,0,0,15,0
0,0,0,0,0,0,0,0,0,0,2,2,0,0,0,0,0,1,7,7,41,2,2,0,0,0,4,0,0,0,0,1,1,1,1,1,0,0,0,0,0,0,0,0,0,0,0,0,15,0
0,0,0,0,0,0,0,0,0,0,2,2,0,0,0,0,0,1,5,5,4,3,3,0,0,0,3,0,0,0,0,1,1,1,1,1,0,0,0,0,0,0,0,0,0,0,0,0,15,0
0,0,0,0,0,0,0,0,0,0,3,3,0,0,0,0,0,1,7,7,141,500,500,1,1,0,7,1,0,1,0,1,1,1,1,1,0,0,0,0,0,0,0,0,0,0,0,0,15,0
0,0,0,0,0,0,0,0,0,0,2,2,0,0,0,0,0,1,7,7,39,1,1,0,0,0,3,0,0,0,0,1,1,1,1,1,0,0,0,0,0,0,0,0,0,0,0,0,15,0
0,0,0,0,0,0,0,0,0,0,1,1,0,0,0,0,0,1,5,5,32,2,2,0,0,0,4,0,0,0,0,1,1,1,1,1,0,0,0,0,0,0,0,0,0,0,0,0,15,0
0,0,0,0,0,0,0,0,0,0,2,2,0,0,0,0,0,1,7,7,28,2,2,0,0,0,4,0,0,0,0,1,1,1,1,1,0,0,0,0,0,0,0,0,0,0,0,0,15,0
0,0,0,0,0,0,0,0,0,0,2,2,0,0,0,0,0,1,5,5,7,21,21,0,0,0,3,0,0,0,0,1,1,1,1,1,0,0,0,0,0,0,0,0,0,0,0,0,15,0
0,0,0,0,0,0,0,0,0,0,3,3,0,0,0,0,0,1,7,7,21,4,4,0,0,0,4,0,0,0,0,1,1,1,1,1,0,0,0,0,0,0,0,0,0,0,0,0,15,0
0,0,0,0,0,0,0,0,0,0,2,2,0,0,0,0,0,1,5,5,2,4,4,0,0,0,4,0,0,0,0,1,1,1,1,1,0,0,0,0,0,0,0,0,0,0,0,0,15,0
0,0,0,0,0,0,0,0,0,0,2,2,0,0,0,0,0,1,5,5,20,3,3,0,0,0,4,0,0,0,0,1,1,1,1,1,0,0,0,0,0,0,0,0,0,0,0,0,15,0
0,0,0,0,0,0,0,0,0,0,1,1,0,0,0,0,0,1,6,6,18,2,2,1,1,0,8,2,0,1,0,1,1,1,1,1,0,0,0,0,0,0,0,0,0,0,0,0,15,0
0,0,0,0,0,0,0,0,0,0,3,3,0,0,0,0,0,1,6,6,19,3,3,0,0,0,4,0,0,0,0,1,1,1,1,1,0,0,0,0,0,0,0,0,0,0,0,0,15,0
0,0,0,0,0,0,0,0,0,0,3,3,0,0,0,0,0,1,6,6,42,3,3,0,0,0,4,0,0,0,0,1,1,1,1,1,0,0,0,0,0,0,0,0,0,0,0,0,15,0
0,0,0,0,0,0,0,0,0,0,1,1,0,0,0,0,0,1,5,5,11,0,0,0,0,0,3,0,0,0,0,1,1,1,1,1,0,0,0,0,0,0,0,0,0,0,0,0,15,0
0,0,0,0,0,0,0,0,0,0,2,2,0,0,0,0,0,1,5,5,19,7,7,0,0,0,4,0,0,0,0,1,1,1,1,1,0,0,0,0,0,0,0,0,0,0,0,0,15,0
0,0,0,0,0,0,0,0,0,0,3,3,0,0,0,0,0,1,6,6,19,3,3,0,0,0,4,0,0,0,0,1,1,1,1,1,0,0,0,0,0,0,0,0,0,0,0,0,15,0
0,0,0,0,0,0,0,0,0,0,2,2,0,0,0,0,0,1,5,5,18,15,15,0,0,0,4,0,0,0,0,1,1,1,1,1,0,0,0,0,0,0,0,0,0,0,0,0,15,0
0,0,0,0,0,0,0,0,0,0,2,2,0,0,0,0,0,1,5,5,20,3,3,0,0,0,3,0,0,0,0,1,1,1,1,1,0,0,0,0,0,0,0,0,0,0,0,0,15,0
0,0,0,0,0,0,0,0,0,0,2,2,0,0,0,0,0,1,5,5,16,3,3,0,0,0,3,0,0,0,0,1,1,1,1,1,0,0,0,0,0,0,0,0,0,0,0,0,15,0
0,0,0,0,0,0,0,0,0,0,2,2,0,0,0,0,0,1,5,5,7,3,3,0,0,0,4,0,0,0,0,1,1,1,1,1,0,0,0,0,0,0,0,0,0,0,0,0,15,0
0,0,0,0,0,0,0,0,0,0,2,2,0,0,0,0,0,1,5,5,23,3,3,0,0,0,3,0,0,0,0,1,1,1,1,1,0,0,0,0,0,0,0,0,0,0,0,0,15,0
0,0,0,0,0,0,0,0,0,0,3,3,0,0,0,0,0,1,7,7,45,15,15,0,0,0,4,0,0,0,0,1,1,1,1,1,0,0,0,0,0,0,0,0,0,0,0,0,15,0
0,0,0,0,0,0,0,0,0,0,2,2,0,0,0,0,0,1,5,5,20,3,3,0,0,0,3,0,0,0,0,0,0,0,0,0,0,0,0,0,0,0,0,0,0,0,0,0,15,0
0,0,0,0,0,0,0,0,0,0,3,3,0,0,0,0,0,1,7,7,4,14,14,0,0,0,4,0,0,0,0,1,1,1,1,1,0,0,0,0,0,0,0,0,0,0,0,0,15,0
0,0,0,0,0,0,0,0,0,0,1,1,0,0,0,0,0,1,6,6,18,2,2,0,0,0,2,0,0,0,0,1,1,1,1,1,0,0,0,0,0,0,0,0,0,0,0,0,15,0
0,0,0,0,0,0,0,0,0,0,2,2,0,0,0,0,0,1,6,6,14,21,21,0,0,0,4,0,0,0,0,1,1,1,1,1,0,0,0,0,0,0,0,0,0,0,0,0,15,0
0,0,0,0,0,0,0,0,0,0,3,3,0,0,0,0,0,1,6,6,41,14,14,0,0,0,3,0,0,0,0,1,1,1,1,1,0,0,0,0,0,0,0,0,0,0,0,0,15,0
0,0,0,0,0,0,0,0,0,0,2,2,0,0,0,0,0,1,5,5,3,3,3,0,0,0,3,0,0,0,0,1,1,1,1,1,0,0,0,0,0,0,0,0,0,0,0,0,15,0
0,0,0,0,0,0,0,0,0,0,3,3,0,0,0,0,0,1,5,5,5,17,17,0,0,0,4,0,0,0,0,1,1,1,1,1,0,0,0,0,0,0,0,0,0,0,0,0,15,0
0,0,0,0,0,0,0,0,0,0,2,2,0,0,0,0,0,1,5,5,8,13,13,0,0,0,3,0,0,0,0,1,1,1,1,1,0,0,0,0,0,0,0,0,0,0,0,0,15,0
1,1,0,1,0,1,1,0,0,0,3,3,0,0,0,0,0,1,7,7,7,2,2,1,1,0,8,1,0,1,0,1,1,1,1,1,0,0,0,0,0,11,0,0,0,0,14,0,20,0
0,0,0,0,0,0,0,0,0,0,3,3,0,0,0,0,0,1,6,6,20,3,3,0,0,0,4,0,0,0,0,1,1,1,1,1,0,0,0,0,0,0,0,0,0,0,0,0,15,0
0,0,0,0,0,0,0,0,0,0,3,3,0,0,0,0,0,1,7,7,30,3,3,0,0,0,2,0,0,0,0,1,1,1,1,1,0,0,0,0,0,0,0,0,0,0,0,0,15,0
0,0,0,0,0,0,0,0,0,0,2,2,0,0,0,0,0,1,6,6,8,7,7,0,0,0,3,0,0,0,0,1,1,1,1,1,0,0,0,0,0,0,0,0,0,0,0,0,15,0
1,1,0,1,0,1,1,0,0,0,3,3,0,2,2,0,2,1,5,5,8,12,12,1,1,0,8,1,0,1,0,2,2,2,2,2,0,0,0,0,0,2,0,0,0,2,18,0,20,0
0,0,0,0,0,0,0,0,0,0,3,3,0,0,0,0,0,1,5,5,15,14,14,1,1,0,4,1,0,0,0,1,1,1,1,1,0,0,0,0,0,0,0,0,0,0,0,0,15,0
0,0,0,0,0,0,0,0,0,0,2,2,0,0,0,0,0,1,5,5,8,3,3,0,0,0,3,0,0,0,0,1,1,1,1,1,0,0,0,0,0,0,0,0,0,0,0,0,15,0
0,0,0,0,0,0,0,0,0,0,2,2,0,0,0,0,0,1,5,5,13,3,3,0,0,0,4,0,0,0,0,1,1,1,1,1,0,0,0,0,0,0,0,0,0,0,0,0,15,0
0,0,0,0,0,0,0,0,0,0,3,3,0,0,0,0,0,1,5,5,12,14,14,0,0,0,4,0,0,0,0,1,1,1,1,1,0,0,0,0,0,0,0,0,0,0,0,0,15,0
0,0,0,0,0,0,0,0,0,0,2,2,0,0,0,0,0,1,6,6,29,2,2,1,1,0,8,1,0,1,0,1,1,1,1,1,0,0,0,0,0,0,0,0,0,0,0,0,19,0
0,0,0,0,0,0,0,0,0,0,3,3,0,0,0,0,0,1,8,8,23,4,4,1,1,0,7,1,0,1,0,1,1,1,1,1,0,0,0,0,0,0,0,0,0,0,0,0,19,0
0,0,0,0,0,0,0,0,0,0,2,2,0,0,0,0,0,1,5,5,7,4,4,0,0,0,4,0,0,0,0,1,1,1,1,1,0,0,0,0,0,0,0,0,0,0,0,0,15,0
0,0,0,0,0,0,0,0,0,0,1,1,0,0,0,0,0,1,5,5,4,1,1,0,0,0,4,0,0,0,0,1,1,1,1,1,0,0,0,0,0,0,0,0,0,0,0,0,15,0
0,0,0,0,0,0,0,0,0,0,2,2,0,0,0,0,0,1,6,6,5,3,3,0,0,0,4,0,0,0,0,1,1,1,1,1,0,0,0,0,0,0,0,0,0,0,0,0,15,0
0,0,0,0,0,0,0,0,0,0,3,3,0,0,0,0,0,1,7,7,11,33,33,0,0,0,4,0,0,0,0,1,1,1,1,1,0,0,0,0,0,0,0,0,0,0,0,0,15,0
1,1,121,1,0,1,1,0,0,0,4,4,0,1,1,0,1,1,6,6,10,4,4,1,1,0,8,1,0,1,0,2,2,2,2,2,0,0,0,0,0,6,0,0,0,1,15,0,20,0
0,0,0,0,0,0,0,0,0,0,1,1,0,0,0,0,0,1,6,6,4,2,2,0,0,0,3,0,0,0,0,1,1,1,1,1,0,0,0,0,0,0,0,0,0,0,0,0,15,0
0,0,0,0,0,0,0,0,0,0,3,3,0,0,0,0,0,1,7,7,30,7,7,0,0,0,3,0,0,0,0,1,1,1,1,1,0,0,0,0,0,0,0,0,0,0,0,0,15,0
0,0,0,0,0,0,0,0,0,0,3,3,0,0,0,0,0,1,7,7,50,14,14,1,1,0,7,1,0,1,0,1,1,1,1,1,0,0,0,0,0,0,0,0,0,0,0,0,15,0
2,2,0,2,0,2,2,0,0,0,2,2,0,0,0,0,0,1,5,5,4,2,2,1,1,0,10,2,0,2,0,3,3,3,2,2,1,1,0,0,0,2,0,1,0,1,34,0,25,0
1,1,0,1,0,1,1,0,0,0,2,2,0,0,0,0,0,1,5,5,5,5,5,1,1,0,7,1,0,1,0,2,2,2,2,2,0,0,0,0,0,1,0,0,0,0,11,0,20,0
0,0,0,0,0,0,0,0,0,0,2,2,0,0,0,0,0,1,7,7,29,1,1,0,0,0,3,0,0,0,0,1,1,1,1,1,0,0,0,0,0,0,0,0,0,0,0,0,15,0
0,0,0,0,0,0,0,0,0,0,3,3,0,0,0,0,0,1,7,7,36,2,2,0,0,0,4,0,0,0,0,1,1,1,1,1,0,0,0,0,0,0,0,0,0,0,0,0,15,0
0,0,0,0,0,0,0,0,0,0,3,3,0,0,0,0,0,1,6,6,14,18,18,0,0,0,4,0,0,0,0,1,1,1,1,1,0,0,0,0,0,0,0,0,0,0,0,0,15,0
0,0,0,0,0,0,0,0,0,0,3,3,0,0,0,0,0,1,7,7,54,4,4,0,0,0,3,0,0,0,0,0,0,0,0,0,0,0,0,0,0,0,0,0,0,0,0,0,15,0
0,0,0,0,0,0,0,0,0,0,1,1,0,0,0,0,0,1,6,6,17,1,1,0,0,0,3,0,0,0,0,1,1,1,1,1,0,0,0,0,0,0,0,0,0,0,0,0,15,0
1,1,0,1,0,1,1,0,0,0,4,4,0,50,50,0,50,1,6,6,7,6,6,1,1,0,9,1,0,1,0,2,2,2,2,2,0,0,0,0,0,5,0,0,0,0,12,0,20,0
0,0,0,0,0,0,0,0,0,0,2,2,0,0,0,0,0,1,7,7,40,1,1,0,0,0,4,0,0,0,0,1,1,1,1,1,0,0,0,0,0,0,0,0,0,0,0,0,15,0
0,0,0,0,0,0,0,0,0,0,3,3,0,0,0,0,0,1,6,6,36,37,37,0,0,0,3,0,0,0,0,1,1,1,1,1,0,0,0,0,0,0,0,0,0,0,0,0,15,0
0,0,0,0,0,0,0,0,0,0,1,1,0,0,0,0,0,1,5,5,7,7,7,0,0,0,3,0,0,0,0,1,1,1,1,1,0,0,0,0,0,0,0,0,0,0,0,0,15,0
0,0,0,0,0,0,0,0,0,0,2,2,0,0,0,0,0,1,5,5,25,2,2,0,0,0,4,0,0,0,0,1,1,1,1,1,0,0,0,0,0,0,0,0,0,0,0,0,15,0
0,0,0,0,0,0,0,0,0,0,1,1,0,0,0,0,0,1,6,6,11,1,1,1,1,0,9,1,0,1,0,1,1,1,1,1,0,0,0,0,0,0,0,0,0,0,0,0,15,0
0,0,0,0,0,0,0,0,0,0,3,3,0,0,0,0,0,1,6,6,5,14,14,0,0,0,4,0,0,0,0,1,1,1,1,1,0,0,0,0,0,0,0,0,0,0,0,0,15,0
0,0,0,0,0,0,0,0,0,0,2,2,0,0,0,0,0,1,7,7,18,2,2,0,0,0,4,0,0,0,0,1,1,1,1,1,0,0,0,0,0,0,0,0,0,0,0,0,15,0
0,0,0,0,0,0,0,0,0,0,2,2,0,0,0,0,0,1,7,7,38,1,1,0,0,0,3,0,0,0,0,1,1,1,1,1,0,0,0,0,0,0,0,0,0,0,0,0,15,0
0,0,0,0,0,0,0,0,0,0,2,2,0,0,0,0,0,1,7,7,23,1,1,1,1,0,7,1,0,1,0,1,1,1,1,1,0,0,0,0,0,0,0,0,0,0,0,0,15,0
0,0,0,0,0,0,0,0,0,0,2,2,0,0,0,0,0,1,5,5,31,3,3,0,0,0,3,0,0,0,0,1,1,1,1,1,0,0,0,0,0,0,0,0,0,0,0,0,15,0
0,0,0,0,0,0,0,0,0,0,2,2,0,0,0,0,0,1,8,8,28,2,2,0,0,0,3,0,0,0,0,1,1,1,1,1,0,0,0,0,0,0,0,0,0,0,0,0,15,0
0,0,0,0,0,0,0,0,0,0,2,2,0,0,0,0,0,1,5,5,21,3,3,0,0,0,3,0,0,0,0,1,1,1,1,1,0,0,0,0,0,0,0,0,0,0,0,0,15,0
0,0,0,0,0,0,0,0,0,0,2,2,0,0,0,0,0,1,6,6,8,3,3,0,0,0,3,0,0,0,0,1,1,1,1,1,0,0,0,0,0,0,0,0,0,0,0,0,15,0
1,1,0,1,0,1,1,0,0,0,2,2,0,0,0,0,0,1,5,5,6,6,6,1,1,0,14,3,0,3,0,2,2,2,2,2,0,0,0,0,0,11,13,0,0,3,23,0,19,0
0,0,0,0,0,0,0,0,0,0,3,3,0,0,0,0,0,1,6,6,9,17,17,0,0,0,4,0,0,0,0,1,1,1,1,1,0,0,0,0,0,0,0,0,0,0,0,0,15,0
0,0,0,0,0,0,0,0,0,0,2,2,0,0,0,0,0,1,6,6,8,2,2,0,0,0,4,0,0,0,0,1,1,1,1,1,0,0,0,0,0,0,0,0,0,0,0,0,15,0
0,0,0,0,0,0,0,0,0,0,3,3,0,0,0,0,0,1,7,7,35,12,12,0,0,0,4,0,0,0,0,1,1,1,1,1,0,0,0,0,0,0,0,0,0,0,0,0,15,0
0,0,0,0,0,0,0,0,0,0,2,2,0,0,0,0,0,1,6,6,11,18,18,0,0,0,3,0,0,0,0,1,1,1,1,1,0,0,0,0,0,0,0,0,0,0,0,0,15,0
0,0,0,0,0,0,0,0,0,0,1,1,0,0,0,0,0,1,5,5,6,2,2,0,0,0,3,0,0,0,0,1,1,1,1,1,0,0,0,0,0,0,0,0,0,0,0,0,15,0
0,0,0,0,0,0,0,0,0,0,3,3,0,0,0,0,0,1,6,6,23,3,3,0,0,0,3,0,0,0,0,1,1,1,1,1,0,0,0,0,0,0,0,0,0,0,0,0,15,0
0,0,0,0,0,0,0,0,0,0,2,2,0,0,0,0,0,1,6,6,21,1,1,0,0,0,3,0,0,0,0,1,1,1,1,1,0,0,0,0,0,0,0,0,0,0,0,0,15,0
0,0,0,0,0,0,0,0,0,0,3,3,0,0,0,0,0,1,6,6,8,17,17,0,0,0,4,0,0,0,0,1,1,1,1,1,0,0,0,0,0,0,0,0,0,0,0,0,15,0
0,0,0,0,0,0,0,0,0,0,2,2,0,0,0,0,0,1,5,5,12,25,25,0,0,0,3,0,0,0,0,1,1,1,1,1,0,0,0,0,0,0,0,0,0,0,0,0,15,0
0,0,0,0,0,0,0,0,0,0,3,3,0,0,0,0,0,1,6,6,54,6,6,0,0,0,3,0,0,0,0,1,1,1,1,1,0,0,0,0,0,0,0,0,0,0,0,0,15,0
0,0,0,0,0,0,0,0,0,0,3,3,0,0,0,0,0,1,7,7,19,3,3,0,0,0,4,0,0,0,0,1,1,1,1,1,0,0,0,0,0,0,0,0,0,0,0,0,15,0
0,0,0,0,0,0,0,0,0,0,2,2,0,0,0,0,0,1,11,11,30,1,1,1,1,0,8,1,0,1,0,1,1,1,1,1,0,0,0,0,0,0,0,0,0,0,0,0,15,0
0,0,0,0,0,0,0,0,0,0,2,2,0,0,0,0,0,1,7,7,19,1,1,0,0,0,4,0,0,0,0,1,1,1,1,1,0,0,0,0,0,0,0,0,0,0,0,0,15,0
0,0,0,0,0,0,0,0,0,0,3,3,0,0,0,0,0,1,7,7,55,2,2,0,0,0,4,0,0,0,0,1,1,1,1,1,0,0,0,0,0,0,0,0,0,0,0,0,15,0
0,0,0,0,0,0,0,0,0,0,4,4,0,0,0,0,0,1,7,7,38,13,13,0,0,0,4,0,0,0,0,1,1,1,1,1,0,0,0,0,0,0,0,0,0,0,0,0,15,0
0,0,0,0,0,0,0,0,0,0,1,1,0,0,0,0,0,1,6,6,13,9,9,0,0,0,4,0,0,0,0,1,1,1,1,1,0,0,0,0,0,0,0,0,0,0,0,0,15,0
0,0,0,0,0,0,0,0,0,0,2,2,0,0,0,0,0,1,6,6,5,3,3,0,0,0,4,0,0,0,0,1,1,1,1,1,0,0,0,0,0,0,0,0,0,0,0,0,15,0
0,0,0,0,0,0,0,0,0,0,2,2,0,0,0,0,0,1,7,7,23,2,2,0,0,0,4,0,0,0,0,1,1,1,1,1,0,0,0,0,0,0,0,0,0,0,0,0,15,0
0,0,0,0,0,0,0,0,0,0,1,1,0,0,0,0,0,1,5,5,14,2,2,0,0,0,4,0,0,0,0,1,1,1,1,1,0,0,0,0,0,0,0,0,0,0,0,0,15,0
0,0,0,0,0,0,0,0,0,0,1,1,0,0,0,0,0,1,6,6,9,1,1,1,1,0,8,2,0,1,0,1,1,1,1,1,0,0,0,0,0,0,0,0,0,0,0,0,15,0
0,0,0,0,0,0,0,0,0,0,2,2,0,0,0,0,0,1,5,5,5,3,3,0,0,0,4,0,0,0,0,1,1,1,1,1,0,0,0,0,0,0,0,0,0,0,0,0,15,0
0,0,0,0,0,0,0,0,0,0,1,1,0,0,0,0,0,1,5,5,3,10,10,0,0,0,3,0,0,0,0,1,1,1,1,1,0,0,0,0,0,0,0,0,0,0,0,0,15,0
0,0,0,0,0,0,0,0,0,0,1,1,0,0,0,0,0,1,6,6,22,2,2,0,0,0,3,0,0,0,0,1,1,1,1,1,0,0,0,0,0,0,0,0,0,0,0,0,15,0
0,0,0,0,0,0,0,0,0,0,3,3,0,0,0,0,0,1,6,6,11,3,3,0,0,0,4,0,0,0,0,1,1,1,1,1,0,0,0,0,0,0,0,0,0,0,0,0,15,0
0,0,0,0,0,0,0,0,0,0,2,2,0,0,0,0,0,1,8,8,24,3,3,0,0,0,3,0,0,0,0,0,0,0,0,0,0,0,0,0,0,0,0,0,0,0,0,0,15,0
0,0,0,0,0,0,0,0,0,0,2,2,0,0,0,0,0,1,5,5,12,19,19,0,0,0,3,0,0,0,0,1,1,1,1,1,0,0,0,0,0,0,0,0,0,0,0,0,15,0
0,0,0,0,0,0,0,0,0,0,2,2,0,0,0,0,0,1,7,7,23,1,1,0,0,0,3,0,0,0,0,1,1,1,1,1,0,0,0,0,0,0,0,0,0,0,0,0,15,0
0,0,0,0,0,0,0,0,0,0,2,2,0,0,0,0,0,1,5,5,22,3,3,0,0,0,4,0,0,0,0,1,1,1,1,1,0,0,0,0,0,0,0,0,0,0,0,0,15,0
0,0,0,0,0,0,0,0,0,0,1,1,0,0,0,0,0,1,5,5,15,1,1,0,0,0,3,0,0,0,0,1,1,1,1,1,0,0,0,0,0,0,0,0,0,0,0,0,15,0
0,0,0,0,0,0,0,0,0,0,3,3,0,0,0,0,0,1,7,7,52,4,4,1,1,0,8,1,0,1,0,1,1,1,1,1,0,0,0,0,0,0,0,0,0,0,0,0,15,0
0,0,0,0,0,0,0,0,0,0,2,2,0,0,0,0,0,1,7,7,30,2,2,0,0,0,3,0,0,0,0,0,0,0,0,0,0,0,0,0,0,0,0,0,0,0,0,0,15,0
0,0,0,0,0,0,0,0,0,0,2,2,0,0,0,0,0,1,7,7,35,1,1,0,0,0,3,0,0,0,0,1,1,1,1,1,0,0,0,0,0,0,0,0,0,0,0,0,15,0
0,0,0,0,0,0,0,0,0,0,3,3,0,0,0,0,0,1,7,7,15,12,12,0,0,0,3,0,0,0,0,1,1,1,1,1,0,0,0,0,0,0,0,0,0,0,0,0,15,0
0,0,0,0,0,0,0,0,0,0,2,2,0,0,0,0,0,1,7,7,24,1,1,0,0,0,3,0,0,0,0,1,1,1,1,1,0,0,0,0,0,0,0,0,0,0,0,0,15,0
0,0,0,0,0,0,0,0,0,0,2,2,0,0,0,0,0,1,5,5,8,3,3,0,0,0,1,0,0,0,0,1,1,1,1,1,0,0,0,0,0,0,0,0,0,0,0,0,15,0
0,0,0,0,0,0,0,0,0,0,2,2,0,0,0,0,0,1,6,6,16,3,3,0,0,0,3,0,0,0,0,1,1,1,1,1,0,0,0,0,0,0,0,0,0,0,0,0,15,0
0,0,0,0,0,0,0,0,0,0,2,2,0,0,0,0,0,1,8,8,22,2,2,0,0,0,3,0,0,0,0,1,1,1,1,1,0,0,0,0,0,0,0,0,0,0,0,0,15,0
0,0,0,0,0,0,0,0,0,0,2,2,0,0,0,0,0,1,6,6,19,3,3,0,0,0,4,0,0,0,0,1,1,1,1,1,0,0,0,0,0,0,0,0,0,0,0,0,15,0
0,0,0,0,0,0,0,0,0,0,2,2,0,0,0,0,0,1,8,8,45,1,1,0,0,0,3,0,0,0,0,1,1,1,1,1,0,0,0,0,0,0,0,0,0,0,0,0,15,0
0,0,0,0,0,0,0,0,0,0,2,2,0,0,0,0,0,1,6,6,5,3,3,0,0,0,4,0,0,0,0,1,1,1,1,1,0,0,0,0,0,0,0,0,0,0,0,0,15,0
0,0,0,0,0,0,0,0,0,0,1,1,0,0,0,0,0,1,5,5,26,1,1,0,0,0,3,0,0,0,0,1,1,1,1,1,0,0,0,0,0,0,0,0,0,0,0,0,15,0
0,0,0,0,0,0,0,0,0,0,1,1,0,0,0,0,0,1,6,6,22,1,1,0,0,0,4,0,0,0,0,1,1,1,1,1,0,0,0,0,0,0,0,0,0,0,0,0,15,0
0,0,0,0,0,0,0,0,0,0,2,2,0,0,0,0,0,1,7,7,28,1,1,0,0,0,3,0,0,0,0,1,1,1,1,1,0,0,0,0,0,0,0,0,0,0,0,0,15,0
0,0,0,0,0,0,0,0,0,0,1,1,0,0,0,0,0,1,6,6,35,1,1,0,0,0,3,0,0,0,0,1,1,1,1,1,0,0,0,0,0,0,0,0,0,0,0,0,15,0
1,1,0,1,0,1,1,0,0,0,2,2,0,0,0,0,0,1,5,5,8,6,6,1,1,0,12,2,0,2,0,2,2,2,2,2,0,0,0,0,0,1,0,0,0,0,11,0,21,0
0,0,0,0,0,0,0,0,0,0,2,2,0,0,0,0,0,1,5,5,12,3,3,0,0,0,3,0,0,0,0,1,1,1,1,1,0,0,0,0,0,0,0,0,0,0,0,0,15,0
0,0,0,0,0,0,0,0,0,0,2,2,0,0,0,0,0,1,5,5,11,3,3,0,0,0,4,0,0,0,0,1,1,1,1,1,0,0,0,0,0,0,0,0,0,0,0,0,15,0
0,0,0,0,0,0,0,0,0,0,3,3,0,0,0,0,0,1,6,6,5,17,17,0,0,0,3,0,0,0,0,1,1,1,1,1,0,0,0,0,0,0,0,0,0,0,0,0,15,0
0,0,0,0,0,0,0,0,0,0,2,2,0,0,0,0,0,1,6,6,11,2,2,0,0,0,3,0,0,0,0,1,1,1,1,1,0,0,0,0,0,0,0,0,0,0,0,0,15,0
0,0,0,0,0,0,0,0,0,0,3,3,0,0,0,0,0,1,8,8,45,21,21,0,0,0,4,0,0,0,0,1,1,1,1,1,0,0,0,0,0,0,0,0,0,0,0,0,15,0
0,0,0,0,0,0,0,0,0,0,2,2,0,0,0,0,0,1,6,6,46,3,3,0,0,0,4,0,0,0,0,1,1,1,1,1,0,0,0,0,0,0,0,0,0,0,0,0,15,0
0,0,0,0,0,0,0,0,0,0,2,2,0,0,0,0,0,1,6,6,17,3,3,0,0,0,3,0,0,0,0,1,1,1,1,1,0,0,0,0,0,0,0,0,0,0,0,0,15,0
2,2,0,2,0,2,2,0,0,0,2,2,0,0,0,0,0,1,5,5,4,2,2,1,1,0,11,2,0,2,0,3,3,3,2,2,1,1,0,0,0,2,0,1,0,1,34,0,25,0
0,0,0,0,0,0,0,0,0,0,2,2,0,0,0,0,0,1,5,5,12,4,4,0,0,0,3,0,0,0,0,1,1,1,1,1,0,0,0,0,0,0,0,0,0,0,0,0,15,0
0,0,0,0,0,0,0,0,0,0,2,2,0,0,0,0,0,1,6,6,27,2,2,0,0,0,4,0,0,0,0,1,1,1,1,1,0,0,0,0,0,0,0,0,0,0,0,0,15,0
0,0,0,0,0,0,0,0,0,0,2,2,0,0,0,0,0,1,5,5,4,3,3,0,0,0,4,0,0,0,0,1,1,1,1,1,0,0,0,0,0,0,0,0,0,0,0,0,15,0
0,0,0,0,0,0,0,0,0,0,3,3,0,0,0,0,0,1,5,5,13,46,46,0,0,0,3,0,0,0,0,1,1,1,1,1,0,0,0,0,0,0,0,0,0,0,0,0,15,0
0,0,0,0,0,0,0,0,0,0,2,2,0,0,0,0,0,1,5,5,11,3,3,0,0,0,3,0,0,0,0,1,1,1,1,1,0,0,0,0,0,0,0,0,0,0,0,0,15,0
0,0,0,0,0,0,0,0,0,0,2,2,0,0,0,0,0,1,5,5,10,3,3,0,0,0,3,0,0,0,0,0,0,0,0,0,0,0,0,0,0,0,0,0,0,0,0,0,15,0
0,0,0,0,0,0,0,0,0,0,3,3,0,0,0,0,0,1,5,5,16,14,14,0,0,0,3,0,0,0,0,1,1,1,1,1,0,0,0,0,0,0,0,0,0,0,0,0,15,0
0,0,0,0,0,0,0,0,0,0,4,4,0,0,0,0,0,1,7,7,16,18,18,1,1,0,7,1,0,1,0,1,1,1,1,1,0,0,0,0,0,0,0,0,0,0,0,0,15,0
0,0,0,0,0,0,0,0,0,0,3,3,0,0,0,0,0,1,7,7,17,3,3,1,1,0,8,1,0,1,0,1,1,1,1,1,0,0,0,0,0,0,0,0,0,0,0,0,15,0
0,0,0,0,0,0,0,0,0,0,3,3,0,0,0,0,0,1,6,6,5,17,17,0,0,0,3,0,0,0,0,1,1,1,1,1,0,0,0,0,0,0,0,0,0,0,0,0,15,0
0,0,0,0,0,0,0,0,0,0,2,2,0,0,0,0,0,1,7,7,53,1,1,0,0,0,4,0,0,0,0,1,1,1,1,1,0,0,0,0,0,0,0,0,0,0,0,0,15,0
0,0,0,0,0,0,0,0,0,0,2,2,0,0,0,0,0,1,6,6,19,4,4,1,1,0,8,1,0,1,0,1,1,1,1,1,0,0,0,0,0,0,0,0,0,0,0,0,19,0
0,0,0,0,0,0,0,0,0,0,2,2,0,0,0,0,0,1,5,5,4,3,3,0,0,0,3,0,0,0,0,1,1,1,1,1,0,0,0,0,0,0,0,0,0,0,0,0,15,0
0,0,0,0,0,0,0,0,0,0,2,2,0,0,0,0,0,1,6,6,10,6,6,0,0,0,3,0,0,0,0,1,1,1,1,1,0,0,0,0,0,0,0,0,0,0,0,0,15,0
0,0,0,0,0,0,0,0,0,0,1,1,0,0,0,0,0,1,5,5,39,2,2,1,1,0,8,1,0,1,0,1,1,1,1,1,0,0,0,0,0,0,0,0,0,0,0,0,19,0
0,0,0,0,0,0,0,0,0,0,1,1,0,0,0,0,0,1,5,5,7,1,1,0,0,0,3,0,0,0,0,1,1,1,1,1,0,0,0,0,0,0,0,0,0,0,0,0,15,0
0,0,0,0,0,0,0,0,0,0,2,2,0,0,0,0,0,1,7,7,31,1,1,1,1,0,8,2,0,1,0,1,1,1,1,1,0,0,0,0,0,0,0,0,0,0,0,0,15,0
0,0,0,0,0,0,0,0,0,0,1,1,0,0,0,0,0,1,5,5,11,1,1,0,0,0,3,0,0,0,0,1,1,1,1,1,0,0,0,0,0,0,0,0,0,0,0,0,15,0
0,0,0,0,0,0,0,0,0,0,3,3,0,0,0,0,0,1,7,7,25,2,2,0,0,0,3,0,0,0,0,1,1,1,1,1,0,0,0,0,0,0,0,0,0,0,0,0,15,0
0,0,0,0,0,0,0,0,0,0,1,1,0,0,0,0,0,1,5,5,17,0,0,0,0,0,3,0,0,0,0,0,0,0,0,0,0,0,0,0,0,0,0,0,0,0,0,0,15,0
0,0,0,0,0,0,0,0,0,0,4,4,0,0,0,0,0,1,7,7,37,3,3,0,0,0,4,0,0,0,0,1,1,1,1,1,0,0,0,0,0,0,0,0,0,0,0,0,15,0
0,0,0,0,0,0,0,0,0,0,3,3,0,0,0,0,0,1,7,7,28,3,3,0,0,0,3,0,0,0,0,1,1,1,1,1,0,0,0,0,0,0,0,0,0,0,0,0,15,0
0,0,0,0,0,0,0,0,0,0,2,2,0,0,0,0,0,1,5,5,17,3,3,0,0,0,3,0,0,0,0,1,1,1,1,1,0,0,0,0,0,0,0,0,0,0,0,0,15,0
0,0,0,0,0,0,0,0,0,0,4,4,0,0,0,0,0,1,6,6,24,9,9,0,0,0,4,0,0,0,0,1,1,1,1,1,0,0,0,0,0,0,0,0,0,0,0,0,15,0
0,0,0,0,0,0,0,0,0,0,3,3,0,0,0,0,0,1,11,11,48,3,3,0,0,0,4,0,0,0,0,1,1,1,1,1,0,0,0,0,0,0,0,0,0,0,0,0,15,0
0,0,0,0,0,0,0,0,0,0,3,3,0,0,0,0,0,1,7,7,50,2,2,0,0,0,4,0,0,0,0,1,1,1,1,1,0,0,0,0,0,0,0,0,0,0,0,0,15,0
0,0,0,0,0,0,0,0,0,0,3,3,0,0,0,0,0,1,5,5,3,17,17,0,0,0,4,0,0,0,0,1,1,1,1,1,0,0,0,0,0,0,0,0,0,0,0,0,15,0
0,0,0,0,0,0,0,0,0,0,2,2,0,0,0,0,0,1,5,5,10,5,5,0,0,0,3,0,0,0,0,1,1,1,1,1,0,0,0,0,0,0,0,0,0,0,0,0,15,0
0,0,0,0,0,0,0,0,0,0,3,3,0,0,0,0,0,1,8,8,59,3,3,0,0,0,3,0,0,0,0,1,1,1,1,1,0,0,0,0,0,0,0,0,0,0,0,0,15,0
0,0,0,0,0,0,0,0,0,0,3,3,0,0,0,0,0,1,5,5,14,18,18,0,0,0,4,0,0,0,0,1,1,1,1,1,0,0,0,0,0,0,0,0,0,0,0,0,15,0
0,0,0,0,0,0,0,0,0,0,1,1,0,0,0,0,0,1,5,5,11,11,11,0,0,0,4,0,0,0,0,1,1,1,1,1,0,0,0,0,0,0,0,0,0,0,0,0,15,0
0,0,0,0,0,0,0,0,0,0,2,2,0,0,0,0,0,1,7,7,33,2,2,0,0,0,4,0,0,0,0,1,1,1,1,1,0,0,0,0,0,0,0,0,0,0,0,0,15,0
0,0,0,0,0,0,0,0,0,0,3,3,0,0,0,0,0,1,6,6,9,20,20,0,0,0,3,0,0,0,0,1,1,1,1,1,0,0,0,0,0,0,0,0,0,0,0,0,15,0
0,0,0,0,0,0,0,0,0,0,1,1,0,0,0,0,0,1,5,5,19,0,0,0,0,0,4,0,0,0,0,1,1,1,1,1,0,0,0,0,0,0,0,0,0,0,0,0,15,0
0,0,0,0,0,0,0,0,0,0,2,2,0,0,0,0,0,1,6,6,9,2,2,0,0,0,4,0,0,0,0,1,1,1,1,1,0,0,0,0,0,0,0,0,0,0,0,0,15,0
0,0,0,0,0,0,0,0,0,0,2,2,0,0,0,0,0,1,5,5,17,38,38,1,1,0,7,1,0,1,0,1,1,1,1,1,0,0,0,0,0,0,0,0,0,0,0,0,15,0
