file,proc_pid,urls,name,ext_urls,path,type,program,info,positives,description,families,sign_name,category,api,sign_stacktrace,arguments,imported_dll_count,pe_sec_name,entropy,pe_res_name,filetype,dll,udp,dead_hosts,domains,hosts,requests,mitm,tcp,dns_servers,proc,process_path,beh_command_line,children,tree_command_line,tree_process_name,command_line,dll_loaded,directory_enumerated,wmi_query,regkey_opened,regkey_written,regkey_read,file_created,file_read,apistats,action,errors,log
1,1,129,2,5,2,2,0,0,0,4,0,4,1,1,0,1,1,6,6,12,12,18,8,0,1,1,1,0,0,1,2,2,2,0,2,2,0,6,0,0,0,0,1,0,0,15,0,0,20
0,0,0,0,0,0,0,0,0,0,14,1,14,1,1,0,1,1,4,4,55,55,12,13,0,3,1,3,0,0,1,3,3,3,1,2,2,1,22,1839,0,30,0,31,4,6743,79,0,0,15320
0,0,0,0,0,0,0,0,0,0,1,0,1,0,0,0,0,1,6,6,2,2,18,7,0,1,1,1,0,0,1,1,1,1,0,1,1,0,0,0,0,0,0,0,0,0,0,0,0,19
0,0,0,0,0,0,0,0,0,0,0,0,0,0,0,0,0,0,0,0,0,0,0,8,0,1,1,1,0,0,1,1,1,1,0,1,1,0,0,0,0,0,0,0,0,0,0,0,0,16
1,1,4,1,0,1,1,1,1,0,13,1,13,105,105,0,105,1,7,7,1,1,9,12,0,3,1,3,0,0,1,3,3,3,0,3,3,0,68,0,1,153,1,1099,2,23,127,0,0,25
0,0,0,0,0,0,0,0,0,0,15,0,15,204,204,0,204,1,4,4,0,0,9,14,0,3,1,3,0,0,1,3,3,3,0,3,3,0,29,253,0,261,71,2574,237,3041,120,0,0,3573
1,1,0,1,0,1,1,0,0,0,1,0,1,0,0,0,0,1,8,8,0,0,1,7,0,1,1,1,0,0,1,2,2,2,0,2,2,0,0,0,0,0,0,0,0,0,2,0,0,20
1,1,4,1,0,1,1,1,1,0,13,1,13,105,105,0,105,1,7,7,1,1,9,12,0,3,1,3,0,0,1,3,3,3,0,3,3,0,68,0,1,153,1,1099,2,23,127,0,0,25
1,1,122,1,1,1,1,0,0,0,4,0,4,0,0,0,0,1,5,5,1,1,10,8,0,1,1,1,0,0,1,2,2,2,0,2,2,0,1,0,0,0,0,1,0,0,12,0,0,20
0,0,0,0,0,0,0,0,0,0,7,0,7,29,29,0,29,1,11,11,13,13,10,238,0,3,1,116,0,0,1,2,2,2,0,2,2,0,13,25,0,12,0,730,1,1,51,0,0,23
1,1,121,1,0,1,1,0,0,0,4,0,4,1,1,0,1,1,11,11,1,1,14,8,0,1,1,1,0,0,1,2,2,2,0,2,2,0,5,0,0,0,0,6,0,0,12,0,0,20
78,78,248,73,0,73,73,3,3,0,23,0,23,261,261,0,261,1,8,8,1,1,6,15,0,3,1,4,0,0,1,83,83,83,77,6,6,19,41,198,2,166,13,686,110,29,3142,0,0,445
5,5,0,5,0,5,5,1,1,0,21,0,21,66,66,0,66,1,6,6,27,27,9,14,0,3,1,3,0,0,1,6,6,6,2,4,4,5,20,8,0,1,1,126,1661,0,150,0,0,1702
0,0,0,0,0,0,0,0,0,0,5,0,5,29,29,0,29,1,11,11,13,13,10,454,0,3,1,224,0,0,1,2,2,2,0,2,2,0,14,1196,0,13,0,731,539,1,50,0,0,566
1,1,1,1,0,1,1,0,0,0,3,0,3,0,0,0,0,1,5,5,1,1,2,14,0,3,1,3,0,0,1,1,1,1,0,1,1,0,0,0,0,0,0,0,0,0,0,0,0,7917
0,0,0,0,0,0,0,0,0,0,7,0,7,29,29,0,29,1,11,11,13,13,10,236,0,3,1,115,0,0,1,2,2,2,0,2,2,0,13,25,0,12,0,730,1,1,50,0,0,23
1,1,0,1,0,1,1,0,0,0,0,0,0,0,0,0,0,1,3,3,2,2,1,7,0,1,1,1,0,0,1,2,2,2,0,2,2,0,4,3,0,12,0,6,0,0,30,0,0,20
0,0,0,0,0,0,0,0,0,0,0,0,0,0,0,0,0,1,3,3,0,0,0,7,0,1,1,1,0,0,1,1,1,1,0,1,1,0,0,0,0,0,0,0,0,0,0,0,0,19
0,0,0,0,0,0,0,0,0,0,16,0,16,204,204,0,204,1,5,5,0,0,8,15,0,3,1,3,0,0,1,3,3,3,0,3,3,0,32,253,0,263,62,2492,490,3059,116,0,0,3856
1,1,2,0,0,0,0,0,0,0,5,0,5,2,2,0,2,1,6,6,0,0,1,7,0,1,1,1,0,0,1,2,2,2,0,2,2,0,7,0,0,0,0,2,0,0,24,0,0,20
1,1,22,1,0,1,1,0,0,0,6,0,6,2,2,0,2,1,9,9,0,0,3,10,0,2,1,2,0,0,1,2,2,2,0,2,2,0,19,0,0,2,0,13,1,0,34,0,0,21
1,1,121,1,0,1,1,0,0,0,3,0,3,0,0,0,0,1,6,6,1,1,6,8,0,1,1,1,0,0,1,2,2,2,0,2,2,0,1,0,0,0,0,3,1,0,11,0,0,21
0,0,0,0,0,0,0,0,0,0,15,0,15,204,204,0,204,1,4,4,0,0,9,14,0,3,1,3,0,0,1,3,3,3,0,3,3,0,27,253,0,261,85,2650,237,3085,117,0,0,3582
1,1,132,0,0,0,0,0,0,0,10,0,10,103,103,0,103,1,5,5,8,8,17,15,0,3,1,4,0,0,1,2,2,2,0,2,2,0,16,0,0,30,0,30,0,6,50,0,0,19
0,0,0,0,0,0,0,0,0,0,15,0,15,204,204,0,204,1,4,4,0,0,9,14,0,3,1,3,0,0,1,3,3,3,0,3,3,0,27,253,0,261,70,2555,237,3100,115,0,0,3587
1,1,121,1,0,1,1,0,0,0,3,0,3,0,0,0,0,1,6,6,1,1,6,8,0,1,1,1,0,0,1,2,2,2,0,2,2,0,1,0,0,0,0,3,1,0,11,0,0,21
45,45,1,45,0,45,45,14,14,0,25,0,25,233,233,0,233,1,3,3,1,1,6,13,0,3,1,3,0,0,1,33,33,33,14,14,14,31,73,715,1,161,3,293,425,3386,883,0,0,7384
5,5,125,5,1,5,5,2,2,0,31,1,31,137,137,0,137,1,6,6,0,0,9,20,12,4,2,4,0,0,1,6,6,6,2,4,4,7,27,423,0,11,21,74,269,1048,176,0,0,1356
0,0,0,0,0,0,0,0,0,0,7,0,7,29,29,0,29,1,11,11,13,13,10,236,0,3,1,115,0,0,1,2,2,2,0,2,2,0,13,25,0,12,0,729,1,1,50,0,0,23
1,1,3,1,3,1,1,0,0,0,5,0,5,23,23,0,23,1,6,6,0,0,1,10,0,2,1,2,0,0,1,2,2,2,0,2,2,0,11,0,0,0,0,8,25,0,47,0,0,42
0,0,0,0,0,0,0,0,0,0,7,0,7,30,30,0,30,1,11,11,13,13,10,236,0,3,1,115,0,0,1,2,2,2,0,2,2,0,13,25,0,12,0,730,1,1,51,0,0,23
9,9,496,9,0,9,9,4,4,0,17,0,17,183,183,0,183,1,5,5,1,1,11,20,3,3,1,4,0,0,1,10,10,10,4,6,6,8,18,77,5,28,0,46,71,531,328,0,0,757
1,1,0,1,0,1,1,0,0,0,0,0,0,0,0,0,0,1,3,3,2,2,1,7,0,1,1,1,0,0,1,2,2,2,0,2,2,0,4,0,0,12,0,6,0,0,32,0,0,20
1,1,2,1,0,1,1,0,0,0,14,0,14,53,53,0,53,1,11,11,18,18,10,2042,0,3,1,770,0,0,1,2,2,2,0,2,2,0,14,0,0,4,1,728,407,1345,51,0,0,2018
0,0,0,0,0,0,0,0,0,0,2,0,2,0,0,0,0,1,3,3,1,1,7,14,0,3,1,3,0,0,1,2,2,2,0,2,2,0,8,0,0,0,0,0,0,0,10,0,0,16
0,0,0,0,0,0,0,0,0,0,7,0,7,29,29,0,29,1,11,11,13,13,10,237,0,3,1,115,0,0,1,2,2,2,0,2,2,0,13,25,0,12,0,730,1,1,50,0,0,23
92,92,250,87,0,87,87,3,3,0,24,0,24,309,309,0,309,1,8,8,1,1,6,14,0,3,1,3,0,0,1,96,96,96,3,92,92,19,36,203,2,56,32,402,110,15,3631,0,0,503
1,1,4,1,0,1,1,1,1,0,13,1,13,105,105,0,105,1,7,7,1,1,9,12,0,3,1,3,0,0,1,3,3,3,0,3,3,0,68,0,1,153,1,1099,2,23,127,0,0,25
0,0,0,0,0,0,0,0,0,0,16,0,16,204,204,0,204,1,5,5,0,0,8,14,0,3,1,3,0,0,1,3,3,3,0,3,3,0,32,253,0,263,100,2703,490,3062,116,0,0,3857
1,1,2,1,2,1,1,0,0,0,10,0,10,64,64,0,64,1,7,7,2,2,2,8,0,1,1,1,0,0,1,2,2,2,0,2,2,0,10,2,0,11,0,17,0,0,42,0,0,20
179,179,384,170,0,170,170,3,3,0,23,0,23,260,260,0,260,1,8,8,1,1,6,14,0,3,1,3,0,0,1,180,180,180,173,5,5,18,39,203,2,167,112,1124,110,29,6839,0,0,826
1,1,2,1,0,1,1,0,0,0,13,0,13,29,29,0,29,1,11,11,13,13,10,2042,0,3,1,770,0,0,1,2,2,2,0,2,2,0,14,0,0,4,0,728,419,2320,49,0,0,2459
1,1,3,1,0,1,1,0,0,0,14,0,14,53,53,0,53,1,11,11,18,18,10,2042,0,3,1,770,0,0,1,2,2,2,0,2,2,0,14,0,0,4,1,728,404,1399,51,0,0,1876
0,0,0,0,0,0,0,0,0,0,7,0,7,29,29,0,29,1,11,11,13,13,10,236,0,3,1,115,0,0,1,2,2,2,0,2,2,0,13,25,0,12,0,730,1,1,50,0,0,23
0,0,0,0,0,0,0,0,0,0,1,0,1,0,0,0,0,1,10,10,2,2,4,14,0,2,1,3,0,0,1,1,1,1,0,1,1,0,0,0,0,0,0,0,0,0,0,0,0,19
27,27,434,21,0,21,21,4,4,0,41,0,41,367,367,0,367,1,4,4,1,1,9,16,3,3,1,3,0,0,1,36,36,36,2,6,6,37,86,28,1,525,114,3230,26,91,1277,0,0,363
0,0,0,0,0,0,0,0,0,0,8,0,8,5,5,0,5,1,3,3,0,0,1,22,3,8,1,8,0,0,1,2,2,2,0,2,2,0,26,0,0,0,0,14,0,1,47,0,0,21
2,2,0,2,0,2,2,2,2,0,13,0,13,74,74,0,74,1,5,5,1,1,6,14,0,3,1,3,0,0,1,6,6,6,2,2,2,6,13,436,0,223,5,2086,423,22,157,0,0,482
0,0,0,0,0,0,0,0,0,0,7,0,7,29,29,0,29,1,11,11,13,13,10,238,0,3,1,116,0,0,1,2,2,2,0,2,2,0,13,25,0,12,0,729,1,1,50,0,0,23
46,46,125,46,0,46,46,14,14,0,16,0,16,77,77,0,77,1,6,6,1,1,6,14,0,3,1,3,0,0,1,33,33,33,14,15,15,31,61,60,1,157,3,289,1,2,858,0,0,162
1,1,1,1,1,1,1,0,0,0,2,0,2,0,0,0,0,1,5,5,0,0,7,8,0,1,1,1,0,0,1,2,2,2,0,2,2,0,1,0,0,0,0,1,0,0,10,0,0,20
0,0,0,0,0,0,0,0,0,0,7,0,7,29,29,0,29,1,11,11,13,13,10,236,0,3,1,115,0,0,1,2,2,2,0,2,2,0,13,25,0,12,0,730,1,1,50,0,0,23
1,1,0,1,0,1,1,0,0,0,1,0,1,0,0,0,0,1,3,3,2,2,1,7,0,1,1,1,0,0,1,2,2,2,0,2,2,0,4,0,0,12,0,6,0,0,32,0,0,20
1,1,0,1,0,1,1,0,0,0,0,0,0,0,0,0,0,1,3,3,12,12,1,7,0,1,1,1,0,0,1,2,2,2,0,2,2,0,4,0,0,12,0,6,0,0,32,0,0,20
1,1,22,1,0,1,1,0,0,0,6,0,6,2,2,0,2,1,9,9,0,0,3,8,0,1,1,1,0,0,1,2,2,2,0,2,2,0,19,0,0,2,0,13,1,0,34,0,0,21
0,0,0,0,0,0,0,0,0,0,7,0,7,29,29,0,29,1,11,11,13,13,10,236,0,3,1,115,0,0,1,2,2,2,0,2,2,0,13,25,0,12,0,729,1,1,50,0,0,23
1,1,130,1,3,1,1,0,0,0,5,0,5,50,50,0,50,1,6,6,1,1,8,13,0,3,1,3,0,0,1,2,2,2,0,2,2,0,20,0,0,4,3,82,2934,1,44,0,0,3058
1,1,2,1,0,1,1,0,0,0,14,0,14,53,53,0,53,1,11,11,18,18,10,2041,0,3,1,770,0,0,1,2,2,2,0,2,2,0,14,0,0,4,1,728,612,567,51,0,0,1318
1,1,4,1,0,1,1,1,1,0,13,1,13,105,105,0,105,1,7,7,1,1,9,12,0,3,1,3,0,0,1,3,3,3,0,3,3,0,68,0,1,153,1,1099,2,23,127,0,0,25
1,1,5,1,5,1,1,0,0,0,5,0,5,8,8,0,8,1,6,6,0,0,4,8,0,1,1,1,0,0,1,2,2,2,0,2,2,0,1,0,0,0,0,0,0,0,13,0,0,20
1,1,22,1,0,1,1,0,0,0,6,0,6,2,2,0,2,1,9,9,0,0,3,9,0,2,1,2,0,0,1,2,2,2,0,2,2,0,19,0,0,2,0,13,1,0,34,0,0,21
0,0,0,0,0,0,0,0,0,0,16,0,16,205,205,0,205,1,4,4,0,0,9,15,0,3,1,3,0,0,1,3,3,3,0,3,3,0,29,253,0,261,78,2617,237,3088,121,0,0,3580
0,0,0,0,0,0,0,0,0,0,7,0,7,29,29,0,29,1,11,11,13,13,10,236,0,3,1,115,0,0,1,2,2,2,0,2,2,0,13,25,0,12,0,730,1,1,50,0,0,23
2,2,0,2,0,2,2,0,0,0,1,0,1,0,0,0,0,1,6,6,5,5,3,13,0,3,1,3,0,0,1,2,2,2,0,2,2,0,2,1,0,0,0,3,0,1,20,0,0,1289
1,1,4,1,0,1,1,1,1,0,13,1,13,105,105,0,105,1,7,7,1,1,9,14,0,3,1,3,0,0,1,3,3,3,0,3,3,0,68,0,1,153,1,1099,2,23,127,0,0,25
1,1,5,1,5,1,1,0,0,0,5,0,5,8,8,0,8,1,6,6,0,0,4,7,0,1,1,1,0,0,1,2,2,2,0,2,2,0,1,0,0,0,0,0,0,0,13,0,0,20
1,1,2,1,0,1,1,0,0,0,13,0,13,53,53,0,53,1,11,11,13,13,10,2048,0,3,1,771,0,0,1,2,2,2,0,2,2,0,14,0,0,4,0,728,234,2137,49,0,0,1902
0,0,0,0,0,0,0,0,0,0,7,0,7,29,29,0,29,1,11,11,13,13,10,236,0,3,1,115,0,0,1,2,2,2,0,2,2,0,13,21,0,12,0,729,1,1,50,0,0,23
0,0,0,0,0,0,0,0,0,0,7,0,7,29,29,0,29,1,11,11,13,13,10,236,0,3,1,115,0,0,1,2,2,2,0,2,2,0,13,25,0,12,0,730,1,1,50,0,0,23
0,0,0,0,0,0,0,0,0,0,7,0,7,29,29,0,29,1,11,11,13,13,10,238,0,3,1,116,0,0,1,2,2,2,0,2,2,0,13,25,0,12,0,730,1,1,50,0,0,23
0,0,0,0,0,0,0,0,0,0,7,0,7,29,29,0,29,1,11,11,13,13,10,236,0,3,1,115,0,0,1,2,2,2,0,2,2,0,13,25,0,12,0,730,1,1,50,0,0,23
1,1,0,1,0,1,1,0,0,0,1,0,1,1,1,0,1,1,4,4,0,0,3,7,0,1,1,1,0,0,1,2,2,2,0,2,2,0,0,0,0,0,0,0,0,0,4,0,0,20
1,1,19,1,0,1,1,0,0,0,7,0,7,4,4,0,4,1,9,9,0,0,3,8,0,1,1,1,0,0,1,2,2,2,0,2,2,0,23,0,0,3,0,18,1,0,37,0,0,21
2,2,3,2,0,2,2,0,0,0,7,0,7,2,2,0,2,1,6,6,9,9,3,14,0,3,1,4,0,0,1,3,3,3,0,3,3,1,9,1,0,0,0,8,1083,1,63,0,0,1104
1,1,1,1,1,1,1,0,0,0,3,0,3,0,0,0,0,1,4,4,9,9,1,7,0,1,1,1,0,0,1,2,2,2,0,2,2,0,4,0,0,12,0,6,0,0,32,0,0,20
5,5,124,4,0,4,4,0,0,0,17,1,17,34,34,0,34,1,7,7,1,1,8,34,0,8,1,12,0,0,1,6,6,6,0,6,6,3,23,5,0,44,16,131,1,0,191,0,0,35
1,1,0,1,0,1,1,0,0,0,0,0,0,0,0,0,0,1,3,3,2,2,1,7,0,1,1,1,0,0,1,2,2,2,0,2,2,0,4,0,0,12,0,6,0,0,32,0,0,20
1,1,4,1,0,1,1,1,1,0,13,1,13,105,105,0,105,1,7,7,1,1,9,12,0,3,1,3,0,0,1,3,3,3,0,3,3,0,68,0,1,153,1,1099,2,23,127,0,0,25
1,1,0,1,0,1,1,0,0,0,3,0,3,3,3,0,3,1,5,5,1,1,2,14,0,3,1,3,0,0,1,2,2,2,0,2,2,0,9,0,0,0,0,0,4,2,20,0,0,23
0,0,0,0,0,0,0,0,0,0,14,0,14,154,154,0,154,1,4,4,0,0,9,14,0,3,1,3,0,0,1,3,3,3,0,3,3,0,27,253,0,261,66,2502,237,3299,116,0,0,3594
1,1,128,1,4,1,1,0,0,0,3,0,3,9,9,0,9,1,20,20,12,12,4,14,0,4,1,4,0,0,1,2,2,2,0,2,2,0,19,0,0,5,15,29,0,0,50,0,0,20
1,1,22,1,0,1,1,0,0,0,6,0,6,2,2,0,2,1,9,9,0,0,3,9,0,2,1,2,0,0,1,2,2,2,0,2,2,0,19,0,0,2,0,13,1,0,34,0,0,21
1,1,2,1,0,1,1,0,0,0,13,0,13,53,53,0,53,1,11,11,13,13,10,2042,0,3,1,770,0,0,1,2,2,2,0,2,2,0,14,0,0,4,0,728,421,1575,49,0,0,2236
0,0,0,0,0,0,0,0,0,0,7,0,7,29,29,0,29,1,11,11,13,13,10,238,0,3,1,116,0,0,1,2,2,2,0,2,2,0,13,25,0,12,0,730,1,1,50,0,0,23
1,1,6,1,6,1,1,0,0,0,3,0,3,0,0,0,0,1,15,15,0,0,1,7,0,1,1,1,0,0,1,2,2,2,0,2,2,0,0,0,0,0,0,0,0,0,2,0,0,20
1,1,4,1,0,1,1,1,1,0,13,1,13,105,105,0,105,1,7,7,1,1,9,12,0,3,1,3,0,0,1,3,3,3,0,3,3,0,68,0,1,153,1,1099,2,23,127,0,0,25
0,0,0,0,0,0,0,0,0,0,7,0,7,29,29,0,29,1,11,11,13,13,10,236,0,3,1,115,0,0,1,2,2,2,0,2,2,0,13,25,0,12,0,730,1,1,50,0,0,23
1,1,0,1,0,1,1,0,0,0,0,0,0,0,0,0,0,1,6,6,0,0,3,9,0,1,1,2,0,0,1,2,2,2,0,2,2,0,0,0,0,0,0,1,0,0,6,0,0,20
96,96,374,89,0,89,89,3,3,0,24,0,24,310,310,0,310,1,8,8,1,1,6,13,0,3,1,3,0,0,1,99,99,99,92,7,7,18,39,203,2,174,13,700,110,29,3749,0,0,514
2,2,133,1,0,1,1,0,0,0,13,0,13,29,29,0,29,1,4,4,57,57,14,13,0,3,1,3,0,0,1,3,3,3,0,3,3,2,25,85234,0,401,2,2185,13,985,121,0,0,194
1,1,22,1,0,1,1,0,0,0,6,0,6,2,2,0,2,1,9,9,0,0,3,10,0,2,1,2,0,0,1,2,2,2,0,2,2,0,19,0,0,2,0,13,1,0,34,0,0,21
0,0,0,0,0,0,0,0,0,0,7,0,7,29,29,0,29,1,11,11,13,13,10,236,0,3,1,115,0,0,1,2,2,2,0,2,2,0,13,25,0,12,0,730,1,1,50,0,0,23
0,0,0,0,0,0,0,0,0,0,7,0,7,29,29,0,29,1,11,11,13,13,10,236,0,3,1,115,0,0,1,2,2,2,0,2,2,0,13,25,0,12,0,730,1,1,50,0,0,23
1,1,4,1,0,1,1,1,1,0,13,1,13,105,105,0,105,1,7,7,1,1,9,12,0,3,1,3,0,0,1,3,3,3,0,3,3,0,68,0,1,153,1,1099,2,23,127,0,0,25
0,0,0,0,0,0,0,0,0,0,2,0,2,51,51,0,51,1,5,5,1,1,6,7,0,1,1,1,0,0,1,2,2,2,0,2,2,0,14,0,0,3,0,1,0,0,18,0,0,19
1,1,121,1,0,1,1,0,0,0,3,0,3,0,0,0,0,1,6,6,1,1,6,9,0,2,1,2,0,0,1,2,2,2,0,2,2,0,1,0,0,0,0,3,1,0,11,0,0,21
0,0,0,0,0,0,0,0,0,0,7,0,7,29,29,0,29,1,11,11,13,13,10,236,0,3,1,115,0,0,1,2,2,2,0,2,2,0,13,25,0,12,0,730,1,1,50,0,0,23
0,0,0,0,0,0,0,0,0,0,7,0,7,29,29,0,29,1,11,11,13,13,10,236,0,3,1,115,0,0,1,2,2,2,0,2,2,0,13,25,0,12,0,730,1,1,51,0,0,23
0,0,0,0,0,0,0,0,0,0,15,0,15,204,204,0,204,1,4,4,0,0,9,14,0,3,1,3,0,0,1,3,3,3,0,3,3,0,27,253,0,261,100,2701,237,3079,115,0,0,3589
0,0,0,0,0,0,0,0,0,0,15,0,15,204,204,0,204,1,4,4,0,0,9,14,0,3,1,3,0,0,1,3,3,3,0,3,3,0,27,253,0,261,94,2676,237,3087,115,0,0,3576
0,0,0,0,0,0,0,0,0,0,7,0,7,29,29,0,29,1,11,11,13,13,10,236,0,3,1,115,0,0,1,2,2,2,0,2,2,0,13,25,0,12,0,730,1,1,50,0,0,23
0,0,0,0,0,0,0,0,0,0,7,0,7,29,29,0,29,1,11,11,13,13,10,236,0,3,1,115,0,0,1,2,2,2,0,2,2,0,13,25,0,12,0,730,1,1,50,0,0,23
1,1,4,1,0,1,1,1,1,0,13,1,13,105,105,0,105,1,7,7,1,1,9,13,0,3,1,3,0,0,1,3,3,3,0,3,3,0,68,0,1,153,1,1099,2,23,127,0,0,25
0,0,0,0,0,0,0,0,0,0,7,0,7,29,29,0,29,1,11,11,13,13,10,236,0,3,1,115,0,0,1,2,2,2,0,2,2,0,13,25,0,12,0,730,1,1,50,0,0,23
0,0,0,0,0,0,0,0,0,0,7,0,7,29,29,0,29,1,11,11,13,13,10,236,0,3,1,115,0,0,1,2,2,2,0,2,2,0,13,25,0,12,0,730,1,1,50,0,0,23
1,1,4,1,0,1,1,1,1,0,13,1,13,105,105,0,105,1,7,7,1,1,9,12,0,3,1,3,0,0,1,3,3,3,0,3,3,0,68,0,1,153,1,1099,2,23,127,0,0,25
1,1,0,1,0,1,1,0,0,0,2,0,2,0,0,0,0,1,3,3,4,4,1,8,0,1,1,1,0,0,1,2,2,2,0,2,2,0,4,3,0,12,0,6,0,0,30,0,0,20
1,1,121,1,0,1,1,0,0,0,5,0,5,1,1,0,1,1,7,7,8,8,7,8,0,1,1,1,0,0,1,2,2,2,0,2,2,0,3,0,0,0,0,8,0,1,36,0,0,22
1,1,4,1,0,1,1,1,1,0,13,1,13,105,105,0,105,1,7,7,1,1,9,12,0,3,1,3,0,0,1,3,3,3,0,3,3,0,68,0,1,153,1,1100,2,23,127,0,0,25
0,0,0,0,0,0,0,0,0,0,3,0,3,7,7,0,7,1,6,6,0,0,3,13,0,2,1,3,0,0,1,2,2,2,0,2,2,0,27,2,0,14,0,12,0,0,23,0,0,19
0,0,0,0,0,0,0,0,0,0,3,0,3,7,7,0,7,1,6,6,0,0,3,7,0,1,1,1,0,0,1,2,2,2,0,2,2,0,27,2,0,14,0,12,0,0,23,0,0,19
1,1,1,1,1,1,1,0,0,0,4,0,4,0,0,0,0,1,15,15,0,0,1,7,0,1,1,1,0,0,1,2,2,2,0,2,2,0,0,0,0,0,0,0,0,0,2,0,0,20
5,5,0,4,0,4,4,1,1,0,21,0,21,100,100,0,100,1,6,6,27,27,9,14,0,3,1,3,0,0,1,6,6,6,2,4,4,5,20,8,0,1,1,126,1658,0,150,0,0,1701
186,186,0,179,0,179,179,1,1,0,10,0,10,152,152,0,152,1,4,4,4,4,4,14,0,3,1,3,0,0,1,208,208,208,103,102,102,2,12,40,1,201,0,90,85,84,6427,0,0,1964
0,0,0,0,0,0,0,0,0,0,7,0,7,29,29,0,29,1,11,11,13,13,10,236,0,3,1,115,0,0,1,2,2,2,0,2,2,0,13,25,0,12,0,730,1,1,50,0,0,23
1,1,129,1,3,1,1,0,0,0,5,0,5,50,50,0,50,1,6,6,1,1,8,13,0,3,1,3,0,0,1,2,2,2,0,2,2,0,20,0,0,4,3,82,2934,1,44,0,0,3057
1,1,2,1,0,1,1,0,0,0,13,0,13,53,53,0,53,1,11,11,13,13,10,2041,0,3,1,770,0,0,1,2,2,2,0,2,2,0,14,0,0,4,0,728,419,1775,48,0,0,2260
1,1,5,1,5,1,1,0,0,0,2,0,2,0,0,0,0,1,11,11,1,1,7,10,0,2,1,2,0,0,1,2,2,2,0,2,2,0,2,0,0,0,0,1,0,0,15,0,0,20
1,1,40,1,3,1,1,0,0,0,6,0,6,51,51,0,51,1,6,6,0,0,1,13,0,3,1,3,0,0,1,2,2,2,0,2,2,0,11,0,0,0,0,8,318,12,48,0,0,338
1,1,124,1,0,1,1,1,1,0,10,0,10,15,15,0,15,1,5,5,25,25,7,14,0,3,2,3,0,0,1,5,5,5,1,4,4,1,9,11,1,31,0,59,0,1,144,0,0,6736
1,1,0,1,0,1,1,0,0,0,2,0,2,0,0,0,0,1,5,5,1,1,2,14,0,3,1,3,0,0,1,1,1,1,0,1,1,0,0,0,0,0,0,0,0,0,0,0,0,10332
1,1,22,1,0,1,1,0,0,0,6,0,6,2,2,0,2,1,9,9,0,0,3,10,0,2,1,2,0,0,1,2,2,2,0,2,2,0,19,0,0,2,0,13,1,0,34,0,0,21
0,0,0,0,0,0,0,0,0,0,15,0,15,204,204,0,204,1,4,4,0,0,9,14,0,3,1,3,0,0,1,3,3,3,0,3,3,0,27,253,0,261,100,2702,237,3078,116,0,0,3580
0,0,0,0,0,0,0,0,0,0,17,0,17,205,205,0,205,1,5,5,1,1,9,14,0,3,1,3,0,0,1,3,3,3,0,3,3,0,27,253,0,261,53,2478,237,3093,119,0,0,3591
0,0,0,0,0,0,0,0,0,0,1,0,1,1,1,0,1,1,9,9,0,0,3,7,0,1,1,1,0,0,1,2,2,2,0,2,2,0,0,0,0,0,0,0,0,0,7,0,0,19
1,1,121,1,0,1,1,0,0,0,3,0,3,0,0,0,0,1,6,6,1,1,6,8,0,1,1,1,0,0,1,2,2,2,0,2,2,0,1,0,0,0,0,3,1,0,11,0,0,21
0,0,0,0,0,0,0,0,0,0,15,0,15,204,204,0,204,1,4,4,0,0,9,16,0,3,1,4,0,0,1,3,3,3,0,3,3,0,27,253,0,261,76,2590,237,3057,115,0,0,3579
1,1,1,1,1,1,1,0,0,0,2,0,2,0,0,0,0,1,3,3,9,9,1,7,0,1,1,1,0,0,1,2,2,2,0,2,2,0,4,0,0,12,0,6,0,0,32,0,0,20
1,1,0,1,0,1,1,0,0,0,1,0,1,0,0,0,0,1,3,3,119,119,1,7,0,1,1,1,0,0,1,2,2,2,0,2,2,0,4,0,0,12,0,6,0,0,32,0,0,20
0,0,0,0,0,0,0,0,0,0,7,0,7,29,29,0,29,1,11,11,13,13,10,238,0,3,1,116,0,0,1,2,2,2,0,2,2,0,13,25,0,12,0,730,1,1,50,0,0,23
1,1,121,1,0,1,1,0,0,0,4,0,4,1,1,0,1,1,11,11,1,1,14,8,0,1,1,1,0,0,1,2,2,2,0,2,2,0,5,0,0,0,0,6,0,0,12,0,0,20
1,1,22,1,0,1,1,0,0,0,6,0,6,2,2,0,2,1,9,9,0,0,3,9,0,2,1,2,0,0,1,2,2,2,0,2,2,0,19,0,0,2,0,13,1,0,34,0,0,21
0,0,0,0,0,0,0,0,0,0,1,0,1,0,0,0,0,1,5,5,0,0,18,8,0,1,1,1,0,0,1,1,1,1,0,1,1,0,0,0,0,0,0,0,0,0,0,0,0,19
0,0,0,0,0,0,0,0,0,0,7,0,7,29,29,0,29,1,11,11,13,13,10,236,0,3,1,115,0,0,1,2,2,2,0,2,2,0,13,25,0,12,0,730,1,1,50,0,0,23
0,0,0,0,0,0,0,0,0,0,6,0,6,51,51,0,51,1,6,6,0,0,1,12,0,3,1,3,0,0,1,2,2,2,0,2,2,0,11,0,0,0,0,8,414,722,47,0,0,1154
2,2,0,2,0,2,2,0,0,0,4,0,4,60,60,0,60,1,4,4,5,5,5,12,0,3,1,3,0,0,1,4,4,4,1,3,3,2,14,0,0,2,0,11,0,0,76,0,0,27
1,1,126,1,2,1,1,0,0,0,5,0,5,9,9,0,9,1,20,20,1,1,4,15,1,4,2,4,0,0,1,2,2,2,0,2,2,0,17,0,0,5,15,28,0,0,47,0,0,20
2,2,12,2,0,2,2,0,0,0,7,0,7,1,1,0,1,1,7,7,2,2,2,13,0,3,1,3,0,0,1,3,3,3,0,3,3,1,18,0,0,7,1,165,68,1,99,0,0,91
0,0,0,0,0,0,0,0,0,0,7,0,7,29,29,0,29,1,11,11,13,13,10,237,0,3,1,115,0,0,1,2,2,2,0,2,2,0,13,25,0,12,0,729,1,1,50,0,0,23
92,92,386,85,0,85,85,3,3,0,24,0,24,307,307,0,307,1,8,8,1,1,6,18,0,3,1,4,0,0,1,93,93,93,4,86,86,18,35,203,2,53,19,259,97,13,3503,0,0,502
1,1,0,1,0,1,1,0,0,0,2,0,2,3,3,0,3,1,4,4,0,0,4,10,0,2,1,2,0,0,1,2,2,2,0,2,2,0,2,93,0,2,1,2,0,0,23,0,0,20
0,0,0,0,0,0,0,0,0,0,9,0,9,53,53,0,53,1,11,11,13,13,10,458,0,3,1,225,0,0,1,2,2,2,0,2,2,0,14,431,0,13,0,731,151,30,56,0,0,202
1,1,4,1,0,1,1,1,1,0,13,1,13,105,105,0,105,1,7,7,1,1,9,12,0,3,1,3,0,0,1,3,3,3,0,3,3,0,68,0,1,153,1,1101,2,23,127,0,0,25
45,45,1,45,0,45,45,14,14,0,24,0,24,238,238,0,238,1,6,6,1,1,6,14,0,3,1,3,0,0,1,33,33,33,14,15,15,31,69,715,1,161,3,293,425,3379,883,0,0,7383
0,0,0,0,0,0,0,0,0,0,15,0,15,204,204,0,204,1,4,4,0,0,9,20,0,3,1,4,0,0,1,3,3,3,0,3,3,0,27,253,0,261,100,2701,237,3079,115,0,0,3587
5,5,249,5,0,5,5,1,1,0,24,0,24,127,127,0,127,1,5,5,25,25,6,12,0,3,2,3,0,0,1,6,6,6,2,4,4,4,15,306,1,50,4,170,4,757,192,0,0,782
1,1,121,1,0,1,1,0,0,0,3,0,3,0,0,0,0,1,6,6,1,1,6,8,0,1,1,1,0,0,1,2,2,2,0,2,2,0,1,0,0,0,0,3,1,0,11,0,0,21
1,1,126,1,2,1,1,0,0,0,5,0,5,9,9,0,9,1,20,20,1,1,4,14,1,4,2,4,0,0,1,2,2,2,0,2,2,0,19,0,0,5,15,29,0,0,47,0,0,20
4,4,0,3,0,3,3,5,5,0,17,1,17,179,179,0,179,1,5,5,1,1,8,14,0,3,1,3,0,0,1,8,8,8,4,2,2,10,67,289,1,457,6,2851,17,40,279,0,0,62
1,1,1,0,0,0,0,0,0,0,4,0,4,0,0,0,0,1,4,4,6,6,4,14,0,3,1,3,0,0,1,1,1,1,0,1,1,0,0,0,0,0,0,0,0,0,0,0,0,928
0,0,0,0,0,0,0,0,0,0,7,0,7,29,29,0,29,1,11,11,13,13,10,236,0,3,1,115,0,0,1,2,2,2,0,2,2,0,13,25,0,12,0,730,1,1,50,0,0,23
0,0,0,0,0,0,0,0,0,0,7,0,7,29,29,0,29,1,11,11,13,13,10,236,0,3,1,115,0,0,1,2,2,2,0,2,2,0,13,25,0,12,0,729,1,1,50,0,0,23
1,1,2,1,0,1,1,0,0,0,14,0,14,53,53,0,53,1,11,11,18,18,10,2042,0,3,1,770,0,0,1,2,2,2,0,2,2,0,14,0,0,4,1,728,612,372,51,0,0,1161
1,1,121,1,0,1,1,0,0,0,3,0,3,0,0,0,0,1,6,6,1,1,6,10,0,2,1,2,0,0,1,2,2,2,0,2,2,0,1,0,0,0,0,3,1,0,11,0,0,21
0,0,0,0,0,0,0,0,0,0,7,0,7,29,29,0,29,1,11,11,13,13,10,236,0,3,1,115,0,0,1,2,2,2,0,2,2,0,13,25,0,12,0,729,1,1,50,0,0,23
0,0,0,0,0,0,0,0,0,0,7,0,7,29,29,0,29,1,11,11,13,13,10,236,0,3,1,115,0,0,1,2,2,2,0,2,2,0,13,25,0,12,0,730,1,1,50,0,0,23
0,0,0,0,0,0,0,0,0,0,9,0,9,53,53,0,53,1,11,11,13,13,10,455,0,3,1,224,0,0,1,2,2,2,0,2,2,0,14,505,0,13,0,731,188,30,56,0,0,239
0,0,0,0,0,0,0,0,0,0,1,0,1,0,0,0,0,1,10,10,12,12,11,7,0,1,1,1,0,0,1,1,1,1,0,1,1,0,0,0,0,0,0,0,0,0,0,0,0,19
1,1,1,0,0,0,0,0,0,0,1,0,1,0,0,0,0,1,17,17,0,0,2,7,0,1,1,1,0,0,1,2,2,2,0,2,2,0,0,0,0,0,0,0,0,0,9,0,0,20
0,0,0,0,0,0,0,0,0,0,2,0,2,51,51,0,51,1,5,5,1,1,11,7,0,1,1,1,0,0,1,2,2,2,0,2,2,0,13,0,0,0,0,0,0,0,11,0,0,19
1,1,0,1,0,1,1,0,0,0,0,0,0,0,0,0,0,1,3,3,2,2,1,8,0,1,1,1,0,0,1,2,2,2,0,2,2,0,4,0,0,12,0,6,0,0,32,0,0,20
1,1,4,1,0,1,1,1,1,0,13,1,13,105,105,0,105,1,7,7,1,1,9,13,0,3,1,3,0,0,1,3,3,3,0,3,3,0,68,0,1,153,1,1099,2,23,127,0,0,25
0,0,0,0,0,0,0,0,0,0,7,0,7,29,29,0,29,1,11,11,13,13,10,236,0,3,1,115,0,0,1,2,2,2,0,2,2,0,13,25,0,12,0,730,1,1,50,0,0,23
0,0,0,0,0,0,0,0,0,0,7,0,7,29,29,0,29,1,11,11,13,13,10,236,0,3,1,115,0,0,1,2,2,2,0,2,2,0,13,25,0,12,0,730,1,1,50,0,0,23
1,1,0,1,0,1,1,0,0,0,2,0,2,0,0,0,0,1,15,15,0,0,1,7,0,1,1,1,0,0,1,2,2,2,0,2,2,0,0,0,0,0,0,0,0,0,1,0,0,20
0,0,0,0,0,0,0,0,0,0,1,0,1,1,1,0,1,1,10,10,0,0,8,8,0,1,1,1,0,0,1,2,2,2,0,2,2,0,2,0,0,0,0,0,0,0,11,0,0,33
1,1,0,1,0,1,1,0,0,0,2,0,2,0,0,0,0,1,5,5,1,1,2,14,0,3,1,3,0,0,1,1,1,1,0,1,1,0,0,0,0,0,0,0,0,0,0,0,0,10661
46,46,124,45,0,45,45,14,14,0,25,0,25,236,236,0,236,1,6,6,1,1,6,18,0,4,1,4,0,0,1,33,33,33,14,15,15,31,68,448,1,159,3,291,252,147,885,0,0,578
1,1,2,1,0,1,1,0,0,0,14,0,14,53,53,0,53,1,11,11,18,18,10,2042,0,3,1,770,0,0,1,2,2,2,0,2,2,0,14,0,0,4,1,728,394,1265,51,0,0,1821
0,0,0,0,0,0,0,0,0,0,7,0,7,29,29,0,29,1,11,11,13,13,10,236,0,3,1,115,0,0,1,2,2,2,0,2,2,0,13,25,0,12,0,730,1,1,50,0,0,23
0,0,0,0,0,0,0,0,0,0,1,0,1,0,0,0,0,1,5,5,0,0,16,8,0,1,1,1,0,0,1,1,1,1,0,1,1,0,0,0,0,0,0,0,0,0,0,0,0,19
0,0,0,0,0,0,0,0,0,0,7,0,7,29,29,0,29,1,11,11,13,13,10,236,0,3,1,115,0,0,1,2,2,2,0,2,2,0,13,25,0,12,0,730,1,1,50,0,0,23
0,0,0,0,0,0,0,0,0,0,7,0,7,29,29,0,29,1,11,11,13,13,10,236,0,3,1,115,0,0,1,2,2,2,0,2,2,0,13,25,0,12,0,729,1,1,50,0,0,23
0,0,0,0,0,0,0,0,0,0,7,0,7,29,29,0,29,1,11,11,13,13,10,236,0,3,1,115,0,0,1,2,2,2,0,2,2,0,13,25,0,12,0,730,1,1,50,0,0,23
0,0,0,0,0,0,0,0,0,0,7,0,7,29,29,0,29,1,11,11,13,13,10,237,0,3,1,115,0,0,1,2,2,2,0,2,2,0,13,25,0,12,0,730,1,1,50,0,0,23
3,3,0,3,0,3,3,1,1,0,19,0,19,61,61,0,61,1,6,6,27,27,9,14,0,3,1,3,0,0,1,4,4,4,1,3,3,3,17,3,0,1,1,125,1655,0,102,0,0,1682
29,29,635,26,7,26,26,4,4,0,42,1,42,465,465,0,465,1,4,4,1,1,9,17,4,3,1,3,0,0,1,37,37,37,3,5,5,37,111,30,1,717,107,3553,24,1396,1392,0,0,2938
0,0,0,0,0,0,0,0,0,0,2,0,2,0,0,0,0,1,3,3,12,12,16,8,0,1,1,1,0,0,1,1,1,1,0,1,1,0,0,0,0,0,0,0,0,0,0,0,0,19
1,1,21,1,0,1,1,0,0,0,6,0,6,2,2,0,2,1,9,9,0,0,3,9,0,2,1,2,0,0,1,2,2,2,0,2,2,0,19,0,0,2,0,13,1,0,34,0,0,21
0,0,0,0,0,0,0,0,0,0,1,0,1,0,0,0,0,1,5,5,0,0,18,8,0,1,1,1,0,0,1,1,1,1,0,1,1,0,0,0,0,0,0,0,0,0,0,0,0,19
1,1,22,1,0,1,1,0,0,0,6,0,6,2,2,0,2,1,9,9,0,0,3,8,0,1,1,1,0,0,1,2,2,2,0,2,2,0,19,0,0,2,0,13,1,0,34,0,0,21
0,0,0,0,0,0,0,0,0,0,7,0,7,29,29,0,29,1,11,11,13,13,10,236,0,3,1,115,0,0,1,2,2,2,0,2,2,0,13,25,0,12,0,730,1,1,50,0,0,23
1,1,4,1,0,1,1,1,1,0,13,1,13,105,105,0,105,1,7,7,1,1,9,12,0,3,1,3,0,0,1,3,3,3,0,3,3,0,68,0,1,153,1,1099,2,23,127,0,0,25
0,0,0,0,0,0,0,0,0,0,7,0,7,29,29,0,29,1,11,11,13,13,10,237,0,3,1,115,0,0,1,2,2,2,0,2,2,0,13,25,0,12,0,729,1,1,50,0,0,23
0,0,0,0,0,0,0,0,0,0,7,0,7,29,29,0,29,1,11,11,13,13,10,236,0,3,1,115,0,0,1,2,2,2,0,2,2,0,13,25,0,12,0,730,1,1,50,0,0,23
1,1,3,1,3,1,1,0,0,0,4,0,4,1,1,0,1,1,6,6,0,0,1,13,0,3,1,3,0,0,1,2,2,2,0,2,2,0,10,0,0,0,0,8,0,0,35,0,0,19
0,0,0,0,0,0,0,0,0,0,6,0,6,2,2,0,2,1,3,3,0,0,1,12,3,3,1,3,0,0,1,2,2,2,0,2,2,0,15,0,0,0,0,6,0,0,29,0,0,19
0,0,0,0,0,0,0,0,0,0,7,0,7,29,29,0,29,1,3,3,13,13,10,236,0,3,1,115,0,0,1,2,2,2,0,2,2,0,22,25,0,12,0,730,1,1,51,0,0,23
1,1,22,1,0,1,1,0,0,0,6,0,6,2,2,0,2,1,9,9,0,0,3,11,0,2,1,3,0,0,1,2,2,2,0,2,2,0,19,0,0,2,0,13,1,0,34,0,0,21
6,6,343,6,0,6,6,1,1,0,23,0,23,174,174,0,174,1,8,8,14,14,4,15,0,4,1,4,0,0,1,7,7,7,2,3,3,7,32,24,0,222,5,2090,82,97,226,0,0,226
10,10,0,7,0,7,7,0,0,0,6,0,6,53,53,0,53,1,4,4,0,0,3,18,0,3,1,3,0,0,1,14,14,14,4,10,10,2,21,6,0,8,0,25,0,0,266,0,0,995
0,0,0,0,0,0,0,0,0,0,7,0,7,29,29,0,29,1,11,11,13,13,10,236,0,3,1,115,0,0,1,2,2,2,0,2,2,0,13,25,0,12,0,730,1,1,50,0,0,23
0,0,0,0,0,0,0,0,0,0,1,0,1,0,0,0,0,1,6,6,1,1,11,9,0,1,1,1,0,0,1,1,1,1,0,1,1,0,0,0,0,0,0,0,0,0,0,0,0,19
1,1,121,1,0,1,1,0,0,0,3,0,3,0,0,0,0,1,6,6,1,1,6,10,0,2,1,3,0,0,1,2,2,2,0,2,2,0,1,0,0,0,0,3,1,0,11,0,0,21
4,4,121,3,0,3,3,1,1,0,11,0,11,5,5,0,5,1,9,9,0,0,10,12,0,3,1,3,0,0,1,4,4,4,1,2,2,3,12,3,0,59,2,254,2,2,107,0,0,31
1,1,0,1,0,1,1,0,0,0,0,0,0,0,0,0,0,1,3,3,2,2,1,7,0,1,1,1,0,0,1,2,2,2,0,2,2,0,4,0,0,12,0,6,0,0,32,0,0,20
0,0,0,0,0,0,0,0,0,0,16,0,16,204,204,0,204,1,5,5,0,0,8,14,0,3,1,3,0,0,1,3,3,3,0,3,3,0,32,253,0,263,69,2539,490,3083,116,0,0,3850
1,1,22,1,0,1,1,0,0,0,6,0,6,2,2,0,2,1,9,9,0,0,3,8,0,1,1,1,0,0,1,2,2,2,0,2,2,0,19,0,0,2,0,13,1,0,34,0,0,21
1,1,0,1,0,1,1,0,0,0,3,0,3,3,3,0,3,1,5,5,1,1,2,13,0,3,1,3,0,0,1,2,2,2,0,2,2,0,9,0,0,0,0,0,4,2,20,0,0,23
1,1,121,1,0,1,1,0,0,0,3,0,3,0,0,0,0,1,6,6,1,1,6,10,0,2,1,2,0,0,1,2,2,2,0,2,2,0,1,0,0,0,0,3,1,0,11,0,0,21
0,0,0,0,0,0,0,0,0,0,7,0,7,29,29,0,29,1,11,11,13,13,10,236,0,3,1,115,0,0,1,2,2,2,0,2,2,0,13,25,0,12,0,730,1,1,50,0,0,23
7,7,246,6,0,6,6,0,0,0,14,0,14,9,9,0,9,1,4,4,0,0,7,13,0,3,1,3,0,0,1,5,5,5,1,4,4,3,9,19,1,21,0,51,0,1,131,0,0,58
8,8,124,8,0,8,8,4,4,0,16,0,16,77,77,0,77,1,7,7,1,1,11,14,0,4,1,4,0,0,1,10,10,10,4,6,6,12,14,17,1,20,0,2133,23,2,242,0,0,86
0,0,0,0,0,0,0,0,0,0,1,0,1,0,0,0,0,1,7,7,1,1,8,17,0,3,1,4,0,0,1,2,2,2,0,2,2,0,3,0,0,0,0,0,0,0,18,0,0,17
1,1,3,1,2,1,1,0,0,0,5,0,5,51,51,0,51,1,6,6,0,0,1,11,0,2,1,3,0,0,1,2,2,2,0,2,2,0,11,0,0,0,0,8,160,6,49,0,0,166
26,26,505,25,7,25,25,3,3,0,40,1,40,461,461,0,461,1,4,4,1,1,9,14,4,3,1,3,0,0,1,34,34,34,30,4,4,33,102,16,1,700,105,3512,18,1822,1261,0,0,3845
1,1,22,1,0,1,1,0,0,0,6,0,6,2,2,0,2,1,9,9,0,0,3,11,0,2,1,3,0,0,1,2,2,2,0,2,2,0,19,0,0,2,0,13,1,0,34,0,0,21
0,0,0,0,0,0,0,0,0,0,1,0,1,0,0,0,0,1,5,5,0,0,18,8,0,1,1,1,0,0,1,1,1,1,0,1,1,0,0,0,0,0,0,0,0,0,0,0,0,19
1,1,2,1,0,1,1,0,0,0,13,0,13,53,53,0,53,1,11,11,13,13,10,2042,0,3,1,770,0,0,1,2,2,2,0,2,2,0,14,0,0,4,0,728,394,1445,48,0,0,1729
1,1,4,1,0,1,1,1,1,0,13,1,13,105,105,0,105,1,7,7,1,1,9,12,0,3,1,3,0,0,1,3,3,3,0,3,3,0,68,0,1,153,1,1100,2,23,127,0,0,25
0,0,0,0,0,0,0,0,0,0,16,0,16,205,205,0,205,1,4,4,0,0,9,14,0,3,1,3,0,0,1,3,3,3,0,3,3,0,27,253,0,261,41,2453,237,3051,118,0,0,3573
