{
    "info": {
        "added": 1742625072.533243, 
        "started": 1742625072.628509, 
        "duration": 31, 
        "ended": 1742625104.046546, 
        "owner": null, 
        "score": 0.4, 
        "id": 267, 
        "category": "file", 
        "git": {
            "head": "13cbe0d9e457be3673304533043e992ead1ea9b2", 
            "fetch_head": "13cbe0d9e457be3673304533043e992ead1ea9b2"
        }, 
        "monitor": "2deb9ccd75d5a7a3fe05b2625b03a8639d6ee36b", 
        "package": "exe", 
        "route": "none", 
        "custom": null, 
        "machine": {
            "status": "stopped", 
            "name": "192.168.56.1011", 
            "label": "192.168.56.1011", 
            "manager": "VirtualBox", 
            "started_on": "2025-03-22 06:31:12", 
            "shutdown_on": "2025-03-22 06:31:44"
        }, 
        "platform": "windows", 
        "version": "2.0.7", 
        "options": "procmemdump=yes,route=none"
    }, 
    "signatures": [
        {
            "families": [], 
            "description": "This executable has a PDB path", 
            "severity": 1, 
            "ttp": {}, 
            "markcount": 1, 
            "references": [], 
            "marks": [
                {
                    "category": "pdb_path", 
                    "ioc": "appidpolicyconverter.pdb", 
                    "type": "ioc", 
                    "description": null
                }
            ], 
            "name": "has_pdb"
        }, 
        {
            "families": [], 
            "description": "The executable contains unknown PE section names indicative of a packer (could be a false positive)", 
            "severity": 1, 
            "ttp": {
                "T1045": {
                    "short": "Software Packing", 
                    "long": "Software packing is a method of compressing or encrypting an executable. Packing an executable changes the file signature in an attempt to avoid signature-based detection. Most decompression techniques decompress the executable code in memory."
                }
            }, 
            "markcount": 1, 
            "references": [], 
            "marks": [
                {
                    "category": "section", 
                    "ioc": ".didat", 
                    "type": "ioc", 
                    "description": null
                }
            ], 
            "name": "pe_features"
        }
    ], 
    "target": {
        "category": "file", 
        "file": {
            "yara": [], 
            "sha1": "c61797a454322e7463ae8888a63a285bc680f1f9", 
            "name": "appidpolicyconverter.exe", 
            "type": "PE32+ executable (console) x86-64, for MS Windows", 
            "sha256": "4a345701a138abdafebbeada9be369686a026c77707f22b97bc0cf676c50ad99", 
            "urls": [], 
            "crc32": "E88AC4F5", 
            "path": "/home/tesst/.cuckoo/storage/binaries/4a345701a138abdafebbeada9be369686a026c77707f22b97bc0cf676c50ad99", 
            "ssdeep": null, 
            "size": 155648, 
            "sha512": "e00c787adca18c88270460c94082d4e6c0fcbdd8ba72009b4d152e062702f7ea07e5c162580ea702de45153e55cf82fdc1977e83b2bd3f2987b4e4c5f5919a6f", 
            "md5": "6567d9cf2545faac60974d9d682700d4"
        }
    }, 
    "network": {
        "tls": [], 
        "udp": [
            {
                "src": "192.168.56.101", 
                "dst": "224.0.0.252", 
                "offset": 1214, 
                "time": 1.2491660118103027, 
                "dport": 5355, 
                "sport": 64614
            }, 
            {
                "src": "192.168.56.101", 
                "dst": "224.0.0.252", 
                "offset": 1534, 
                "time": 1.5749449729919434, 
                "dport": 5355, 
                "sport": 65517
            }, 
            {
                "src": "192.168.56.101", 
                "dst": "239.255.255.250", 
                "offset": 1862, 
                "time": 1.4351119995117188, 
                "dport": 1900, 
                "sport": 64617
            }
        ], 
        "dns_servers": [], 
        "http": [], 
        "icmp": [], 
        "smtp": [], 
        "tcp": [], 
        "smtp_ex": [], 
        "mitm": [], 
        "hosts": [], 
        "pcap_sha256": "44cdbbb6982be70f2b780a9f239f9be0db38ea3bbd4372cf23a1c479b76050bb", 
        "dns": [], 
        "http_ex": [], 
        "domains": [], 
        "dead_hosts": [], 
        "sorted_pcap_sha256": "7b900bbc88da7d81939c0a860e25e9b281bb405248afd2f6f6de466bfb420db3", 
        "irc": [], 
        "https_ex": []
    }, 
    "static": {
        "pdb_path": "appidpolicyconverter.pdb", 
        "pe_imports": [
            {
                "imports": [
                    {
                        "name": "?_Syserror_map@std@@YAPEBDH@Z", 
                        "address": "0x140017998"
                    }, 
                    {
                        "name": "?_Swap_all@_Container_base0@std@@QEAAXAEAU12@@Z", 
                        "address": "0x1400179a0"
                    }, 
                    {
                        "name": "?_Winerror_map@std@@YAPEBDH@Z", 
                        "address": "0x1400179a8"
                    }, 
                    {
                        "name": "?_Xbad_alloc@std@@YAXXZ", 
                        "address": "0x1400179b0"
                    }, 
                    {
                        "name": "?_Xlength_error@std@@YAXPEBD@Z", 
                        "address": "0x1400179b8"
                    }, 
                    {
                        "name": "?_Orphan_all@_Container_base0@std@@QEAAXXZ", 
                        "address": "0x1400179c0"
                    }, 
                    {
                        "name": "?_Xout_of_range@std@@YAXPEBD@Z", 
                        "address": "0x1400179c8"
                    }
                ], 
                "dll": "msvcp110_win.dll"
            }, 
            {
                "imports": [
                    {
                        "name": "??1type_info@@UEAA@XZ", 
                        "address": "0x1400179d8"
                    }, 
                    {
                        "name": "_onexit", 
                        "address": "0x1400179e0"
                    }, 
                    {
                        "name": "__dllonexit", 
                        "address": "0x1400179e8"
                    }, 
                    {
                        "name": "_unlock", 
                        "address": "0x1400179f0"
                    }, 
                    {
                        "name": "_lock", 
                        "address": "0x1400179f8"
                    }, 
                    {
                        "name": "?terminate@@YAXXZ", 
                        "address": "0x140017a00"
                    }, 
                    {
                        "name": "memmove", 
                        "address": "0x140017a08"
                    }, 
                    {
                        "name": "memcpy", 
                        "address": "0x140017a10"
                    }, 
                    {
                        "name": "__RTDynamicCast", 
                        "address": "0x140017a18"
                    }, 
                    {
                        "name": "wcstol", 
                        "address": "0x140017a20"
                    }, 
                    {
                        "name": "_ui64tow_s", 
                        "address": "0x140017a28"
                    }, 
                    {
                        "name": "_vsnwprintf_s", 
                        "address": "0x140017a30"
                    }, 
                    {
                        "name": "_wtoi", 
                        "address": "0x140017a38"
                    }, 
                    {
                        "name": "towupper", 
                        "address": "0x140017a40"
                    }, 
                    {
                        "name": "??0exception@@QEAA@XZ", 
                        "address": "0x140017a48"
                    }, 
                    {
                        "name": "memset", 
                        "address": "0x140017a50"
                    }, 
                    {
                        "name": "__CxxFrameHandler4", 
                        "address": "0x140017a58"
                    }, 
                    {
                        "name": "_wsetlocale", 
                        "address": "0x140017a60"
                    }, 
                    {
                        "name": "_wcsicmp", 
                        "address": "0x140017a68"
                    }, 
                    {
                        "name": "wcscpy_s", 
                        "address": "0x140017a70"
                    }, 
                    {
                        "name": "wcsstr", 
                        "address": "0x140017a78"
                    }, 
                    {
                        "name": "qsort", 
                        "address": "0x140017a80"
                    }, 
                    {
                        "name": "_wcsnicmp", 
                        "address": "0x140017a88"
                    }, 
                    {
                        "name": "wcsncmp", 
                        "address": "0x140017a90"
                    }, 
                    {
                        "name": "swscanf_s", 
                        "address": "0x140017a98"
                    }, 
                    {
                        "name": "_callnewh", 
                        "address": "0x140017aa0"
                    }, 
                    {
                        "name": "free", 
                        "address": "0x140017aa8"
                    }, 
                    {
                        "name": "malloc", 
                        "address": "0x140017ab0"
                    }, 
                    {
                        "name": "??0exception@@QEAA@AEBQEBDH@Z", 
                        "address": "0x140017ab8"
                    }, 
                    {
                        "name": "_purecall", 
                        "address": "0x140017ac0"
                    }, 
                    {
                        "name": "??0exception@@QEAA@AEBV0@@Z", 
                        "address": "0x140017ac8"
                    }, 
                    {
                        "name": "??1exception@@UEAA@XZ", 
                        "address": "0x140017ad0"
                    }, 
                    {
                        "name": "?what@exception@@UEBAPEBDXZ", 
                        "address": "0x140017ad8"
                    }, 
                    {
                        "name": "_CxxThrowException", 
                        "address": "0x140017ae0"
                    }, 
                    {
                        "name": "_XcptFilter", 
                        "address": "0x140017ae8"
                    }, 
                    {
                        "name": "_amsg_exit", 
                        "address": "0x140017af0"
                    }, 
                    {
                        "name": "__wgetmainargs", 
                        "address": "0x140017af8"
                    }, 
                    {
                        "name": "__set_app_type", 
                        "address": "0x140017b00"
                    }, 
                    {
                        "name": "exit", 
                        "address": "0x140017b08"
                    }, 
                    {
                        "name": "_exit", 
                        "address": "0x140017b10"
                    }, 
                    {
                        "name": "_cexit", 
                        "address": "0x140017b18"
                    }, 
                    {
                        "name": "__setusermatherr", 
                        "address": "0x140017b20"
                    }, 
                    {
                        "name": "_initterm", 
                        "address": "0x140017b28"
                    }, 
                    {
                        "name": "__C_specific_handler", 
                        "address": "0x140017b30"
                    }, 
                    {
                        "name": "_fmode", 
                        "address": "0x140017b38"
                    }, 
                    {
                        "name": "_commode", 
                        "address": "0x140017b40"
                    }
                ], 
                "dll": "msvcrt.dll"
            }, 
            {
                "imports": [
                    {
                        "name": "RegOpenKeyExW", 
                        "address": "0x140017850"
                    }, 
                    {
                        "name": "RegEnumKeyExW", 
                        "address": "0x140017858"
                    }, 
                    {
                        "name": "RegCloseKey", 
                        "address": "0x140017860"
                    }, 
                    {
                        "name": "RegDeleteTreeW", 
                        "address": "0x140017868"
                    }, 
                    {
                        "name": "RegQueryValueExW", 
                        "address": "0x140017870"
                    }, 
                    {
                        "name": "RegQueryInfoKeyW", 
                        "address": "0x140017878"
                    }, 
                    {
                        "name": "RegCreateKeyExW", 
                        "address": "0x140017880"
                    }, 
                    {
                        "name": "RegSetValueExW", 
                        "address": "0x140017888"
                    }, 
                    {
                        "name": "RegGetValueW", 
                        "address": "0x140017890"
                    }
                ], 
                "dll": "api-ms-win-core-registry-l1-1-0.dll"
            }, 
            {
                "imports": [
                    {
                        "name": "CloseHandle", 
                        "address": "0x140017790"
                    }
                ], 
                "dll": "api-ms-win-core-handle-l1-1-0.dll"
            }, 
            {
                "imports": [
                    {
                        "name": "DeleteFileW", 
                        "address": "0x140017740"
                    }, 
                    {
                        "name": "FindNextFileW", 
                        "address": "0x140017748"
                    }, 
                    {
                        "name": "FindFirstFileW", 
                        "address": "0x140017750"
                    }, 
                    {
                        "name": "FindClose", 
                        "address": "0x140017758"
                    }, 
                    {
                        "name": "CreateFileW", 
                        "address": "0x140017760"
                    }, 
                    {
                        "name": "FlushFileBuffers", 
                        "address": "0x140017768"
                    }, 
                    {
                        "name": "WriteFile", 
                        "address": "0x140017770"
                    }
                ], 
                "dll": "api-ms-win-core-file-l1-1-0.dll"
            }, 
            {
                "imports": [
                    {
                        "name": "EventWriteTransfer", 
                        "address": "0x140017918"
                    }, 
                    {
                        "name": "EventUnregister", 
                        "address": "0x140017920"
                    }, 
                    {
                        "name": "EventRegister", 
                        "address": "0x140017928"
                    }, 
                    {
                        "name": "EventSetInformation", 
                        "address": "0x140017930"
                    }, 
                    {
                        "name": "EventActivityIdControl", 
                        "address": "0x140017938"
                    }
                ], 
                "dll": "api-ms-win-eventing-provider-l1-1-0.dll"
            }, 
            {
                "imports": [
                    {
                        "name": "HeapSetInformation", 
                        "address": "0x1400177a0"
                    }
                ], 
                "dll": "api-ms-win-core-heap-l1-1-0.dll"
            }, 
            {
                "imports": [
                    {
                        "name": "SetUnhandledExceptionFilter", 
                        "address": "0x140017720"
                    }, 
                    {
                        "name": "GetLastError", 
                        "address": "0x140017728"
                    }, 
                    {
                        "name": "UnhandledExceptionFilter", 
                        "address": "0x140017730"
                    }
                ], 
                "dll": "api-ms-win-core-errorhandling-l1-1-0.dll"
            }, 
            {
                "imports": [
                    {
                        "name": "CoCreateInstance", 
                        "address": "0x1400176e0"
                    }, 
                    {
                        "name": "CoUninitialize", 
                        "address": "0x1400176e8"
                    }, 
                    {
                        "name": "CoInitializeSecurity", 
                        "address": "0x1400176f0"
                    }
                ], 
                "dll": "api-ms-win-core-com-l1-1-0.dll"
            }, 
            {
                "imports": [
                    {
                        "name": "SleepEx", 
                        "address": "0x1400178c0"
                    }, 
                    {
                        "name": "CreateMutexExW", 
                        "address": "0x1400178c8"
                    }, 
                    {
                        "name": "WaitForSingleObject", 
                        "address": "0x1400178d0"
                    }, 
                    {
                        "name": "ReleaseMutex", 
                        "address": "0x1400178d8"
                    }
                ], 
                "dll": "api-ms-win-core-synch-l1-1-0.dll"
            }, 
            {
                "imports": [
                    {
                        "name": "GetCurrentProcessId", 
                        "address": "0x140017818"
                    }, 
                    {
                        "name": "TerminateProcess", 
                        "address": "0x140017820"
                    }, 
                    {
                        "name": "GetCurrentThreadId", 
                        "address": "0x140017828"
                    }, 
                    {
                        "name": "GetCurrentProcess", 
                        "address": "0x140017830"
                    }
                ], 
                "dll": "api-ms-win-core-processthreads-l1-1-0.dll"
            }, 
            {
                "imports": [
                    {
                        "name": "AddSIDToBoundaryDescriptor", 
                        "address": "0x1400177e0"
                    }, 
                    {
                        "name": "CreatePrivateNamespaceW", 
                        "address": "0x1400177e8"
                    }, 
                    {
                        "name": "OpenPrivateNamespaceW", 
                        "address": "0x1400177f0"
                    }, 
                    {
                        "name": "DeleteBoundaryDescriptor", 
                        "address": "0x1400177f8"
                    }, 
                    {
                        "name": "ClosePrivateNamespace", 
                        "address": "0x140017800"
                    }, 
                    {
                        "name": "CreateBoundaryDescriptorW", 
                        "address": "0x140017808"
                    }
                ], 
                "dll": "api-ms-win-core-namespace-l1-1-0.dll"
            }, 
            {
                "imports": [
                    {
                        "name": "GetAce", 
                        "address": "0x140017948"
                    }, 
                    {
                        "name": "GetSecurityDescriptorDacl", 
                        "address": "0x140017950"
                    }
                ], 
                "dll": "api-ms-win-security-base-l1-1-0.dll"
            }, 
            {
                "imports": [
                    {
                        "name": "LocalFree", 
                        "address": "0x1400177b0"
                    }
                ], 
                "dll": "api-ms-win-core-heap-l2-1-0.dll"
            }, 
            {
                "imports": [
                    {
                        "name": "OpenSCManagerW", 
                        "address": "0x140017960"
                    }, 
                    {
                        "name": "OpenServiceW", 
                        "address": "0x140017968"
                    }, 
                    {
                        "name": "CloseServiceHandle", 
                        "address": "0x140017970"
                    }
                ], 
                "dll": "api-ms-win-service-management-l1-1-0.dll"
            }, 
            {
                "imports": [
                    {
                        "name": "ChangeServiceConfigW", 
                        "address": "0x140017980"
                    }, 
                    {
                        "name": "QueryServiceConfigW", 
                        "address": "0x140017988"
                    }
                ], 
                "dll": "api-ms-win-service-management-l2-1-0.dll"
            }, 
            {
                "imports": [
                    {
                        "name": "LeaveCriticalPolicySection", 
                        "address": "0x1400176b0"
                    }, 
                    {
                        "name": "EnterCriticalPolicySection", 
                        "address": "0x1400176b8"
                    }
                ], 
                "dll": "USERENV.dll"
            }, 
            {
                "imports": [
                    {
                        "name": "DeviceIoControl", 
                        "address": "0x1400177c0"
                    }
                ], 
                "dll": "api-ms-win-core-io-l1-1-0.dll"
            }, 
            {
                "imports": [
                    {
                        "name": "GetSystemTimeAsFileTime", 
                        "address": "0x1400178f8"
                    }, 
                    {
                        "name": "GetTickCount", 
                        "address": "0x140017900"
                    }, 
                    {
                        "name": "GetWindowsDirectoryW", 
                        "address": "0x140017908"
                    }
                ], 
                "dll": "api-ms-win-core-sysinfo-l1-1-0.dll"
            }, 
            {
                "imports": [
                    {
                        "name": "Sleep", 
                        "address": "0x1400178e8"
                    }
                ], 
                "dll": "api-ms-win-core-synch-l1-2-0.dll"
            }, 
            {
                "imports": [
                    {
                        "name": "MoveFileExW", 
                        "address": "0x140017780"
                    }
                ], 
                "dll": "api-ms-win-core-file-l2-1-0.dll"
            }, 
            {
                "imports": [
                    {
                        "name": "RtlCaptureContext", 
                        "address": "0x1400178a0"
                    }, 
                    {
                        "name": "RtlVirtualUnwind", 
                        "address": "0x1400178a8"
                    }, 
                    {
                        "name": "RtlLookupFunctionEntry", 
                        "address": "0x1400178b0"
                    }
                ], 
                "dll": "api-ms-win-core-rtlsupport-l1-1-0.dll"
            }, 
            {
                "imports": [
                    {
                        "name": "GetModuleHandleW", 
                        "address": "0x1400177d0"
                    }
                ], 
                "dll": "api-ms-win-core-libraryloader-l1-2-0.dll"
            }, 
            {
                "imports": [
                    {
                        "name": "QueryPerformanceCounter", 
                        "address": "0x140017840"
                    }
                ], 
                "dll": "api-ms-win-core-profile-l1-1-0.dll"
            }, 
            {
                "imports": [
                    {
                        "name": "EtwTraceMessage", 
                        "address": "0x140017b50"
                    }, 
                    {
                        "name": "NtSetValueKey", 
                        "address": "0x140017b58"
                    }, 
                    {
                        "name": "NtClose", 
                        "address": "0x140017b60"
                    }, 
                    {
                        "name": "NtOpenKey", 
                        "address": "0x140017b68"
                    }, 
                    {
                        "name": "EtwEventWriteTransfer", 
                        "address": "0x140017b70"
                    }, 
                    {
                        "name": "NtQueryLicenseValue", 
                        "address": "0x140017b78"
                    }, 
                    {
                        "name": "EtwGetTraceLoggerHandle", 
                        "address": "0x140017b80"
                    }, 
                    {
                        "name": "EtwGetTraceEnableLevel", 
                        "address": "0x140017b88"
                    }, 
                    {
                        "name": "EtwGetTraceEnableFlags", 
                        "address": "0x140017b90"
                    }, 
                    {
                        "name": "EtwRegisterTraceGuidsW", 
                        "address": "0x140017b98"
                    }, 
                    {
                        "name": "RtlFreeHeap", 
                        "address": "0x140017ba0"
                    }, 
                    {
                        "name": "RtlAllocateHeap", 
                        "address": "0x140017ba8"
                    }, 
                    {
                        "name": "EtwEventUnregister", 
                        "address": "0x140017bb0"
                    }, 
                    {
                        "name": "EtwEventWrite", 
                        "address": "0x140017bb8"
                    }, 
                    {
                        "name": "RtlNtStatusToDosErrorNoTeb", 
                        "address": "0x140017bc0"
                    }, 
                    {
                        "name": "EtwEventRegister", 
                        "address": "0x140017bc8"
                    }, 
                    {
                        "name": "EtwUnregisterTraceGuids", 
                        "address": "0x140017bd0"
                    }
                ], 
                "dll": "ntdll.dll"
            }, 
            {
                "imports": [
                    {
                        "name": "ResolveDelayLoadedAPI", 
                        "address": "0x140017710"
                    }
                ], 
                "dll": "api-ms-win-core-delayload-l1-1-1.dll"
            }, 
            {
                "imports": [
                    {
                        "name": "DelayLoadFailureHook", 
                        "address": "0x140017700"
                    }
                ], 
                "dll": "api-ms-win-core-delayload-l1-1-0.dll"
            }, 
            {
                "imports": [
                    {
                        "name": "UuidToStringW", 
                        "address": "0x140017690"
                    }, 
                    {
                        "name": "RpcStringFreeW", 
                        "address": "0x140017698"
                    }, 
                    {
                        "name": "UuidFromStringW", 
                        "address": "0x1400176a0"
                    }
                ], 
                "dll": "RPCRT4.dll"
            }, 
            {
                "imports": [
                    {
                        "name": "PackageNameAndPublisherIdFromFamilyName", 
                        "address": "0x1400176c8"
                    }, 
                    {
                        "name": "PackageFamilyNameFromId", 
                        "address": "0x1400176d0"
                    }
                ], 
                "dll": "api-ms-win-appmodel-runtime-l1-1-0.dll"
            }, 
            {
                "imports": [
                    {
                        "name": "AppIDFreeAttributeString", 
                        "address": "0x140017be0"
                    }, 
                    {
                        "name": "AppIDEncodeAttributeString", 
                        "address": "0x140017be8"
                    }
                ], 
                "dll": "srpapi.dll"
            }
        ], 
        "peid_signatures": null, 
        "keys": [], 
        "signature": [], 
        "pe_timestamp": "1973-10-18 23:15:14", 
        "pe_exports": [], 
        "imported_dll_count": 30, 
        "pe_imphash": "88c456fe094be3232ebf85407cd4909f", 
        "pe_resources": [
            {
                "name": "RT_VERSION", 
                "language": "LANG_ENGLISH", 
                "filetype": "data", 
                "sublanguage": "SUBLANG_ENGLISH_US", 
                "offset": "0x00024360", 
                "size": "0x000003dc"
            }, 
            {
                "name": "RT_MANIFEST", 
                "language": "LANG_ENGLISH", 
                "filetype": "XML 1.0 document, ASCII text, with CRLF line terminators", 
                "sublanguage": "SUBLANG_ENGLISH_US", 
                "offset": "0x000240a0", 
                "size": "0x000002b9"
            }
        ], 
        "pe_versioninfo": [
            {
                "name": "LegalCopyright", 
                "value": "\\xa9 Microsoft Corporation. All rights reserved."
            }, 
            {
                "name": "InternalName", 
                "value": "AppIDPolicyConverter.exe"
            }, 
            {
                "name": "FileVersion", 
                "value": "10.0.22621.3958 (WinBuild.160101.0800)"
            }, 
            {
                "name": "CompanyName", 
                "value": "Microsoft Corporation"
            }, 
            {
                "name": "ProductName", 
                "value": "Microsoft\\xae Windows\\xae Operating System"
            }, 
            {
                "name": "ProductVersion", 
                "value": "10.0.22621.3958"
            }, 
            {
                "name": "FileDescription", 
                "value": "AppID Policy Converter Task"
            }, 
            {
                "name": "OriginalFilename", 
                "value": "AppIDPolicyConverter.exe"
            }, 
            {
                "name": "Translation", 
                "value": "0x0409 0x04b0"
            }
        ], 
        "pe_sections": [
            {
                "size_of_data": "0x00016000", 
                "virtual_address": "0x00001000", 
                "entropy": 6.06399071172834, 
                "name": ".text", 
                "virtual_size": "0x00015210"
            }, 
            {
                "size_of_data": "0x00009000", 
                "virtual_address": "0x00017000", 
                "entropy": 4.669006163839974, 
                "name": ".rdata", 
                "virtual_size": "0x00008676"
            }, 
            {
                "size_of_data": "0x00001000", 
                "virtual_address": "0x00020000", 
                "entropy": 2.6602265853373948, 
                "name": ".data", 
                "virtual_size": "0x00000fa0"
            }, 
            {
                "size_of_data": "0x00002000", 
                "virtual_address": "0x00021000", 
                "entropy": 3.885183185995419, 
                "name": ".pdata", 
                "virtual_size": "0x00001620"
            }, 
            {
                "size_of_data": "0x00001000", 
                "virtual_address": "0x00023000", 
                "entropy": 0.08926291625520452, 
                "name": ".didat", 
                "virtual_size": "0x00000058"
            }, 
            {
                "size_of_data": "0x00001000", 
                "virtual_address": "0x00024000", 
                "entropy": 2.4579441476531296, 
                "name": ".rsrc", 
                "virtual_size": "0x00000740"
            }, 
            {
                "size_of_data": "0x00001000", 
                "virtual_address": "0x00025000", 
                "entropy": 1.0968026717327828, 
                "name": ".reloc", 
                "virtual_size": "0x000001f8"
            }
        ]
    }, 
    "debug": {
        "action": [], 
        "dbgview": [], 
        "errors": [], 
        "log": [
            "2025-03-22 06:31:12,000 [analyzer] DEBUG: Starting analyzer from: C:\\tmpql7zol\n", 
            "2025-03-22 06:31:12,000 [analyzer] DEBUG: Pipe server name: \\??\\PIPE\\AdHiRGpDDGyshhRJwVvQSuC\n", 
            "2025-03-22 06:31:12,000 [analyzer] DEBUG: Log pipe server name: \\??\\PIPE\\etmNblOuRffcnKxGLobmiXisc\n", 
            "2025-03-22 06:31:12,140 [analyzer] DEBUG: Started auxiliary module DbgView\n", 
            "2025-03-22 06:31:12,687 [analyzer] DEBUG: Started auxiliary module Disguise\n", 
            "2025-03-22 06:31:13,030 [analyzer] DEBUG: Loaded monitor into process with pid 508\n", 
            "2025-03-22 06:31:13,030 [analyzer] DEBUG: Started auxiliary module DumpTLSMasterSecrets\n", 
            "2025-03-22 06:31:13,046 [analyzer] DEBUG: Started auxiliary module Human\n", 
            "2025-03-22 06:31:13,046 [analyzer] DEBUG: Started auxiliary module InstallCertificate\n", 
            "2025-03-22 06:31:13,046 [analyzer] DEBUG: Started auxiliary module Reboot\n", 
            "2025-03-22 06:31:13,187 [analyzer] DEBUG: Started auxiliary module RecentFiles\n", 
            "2025-03-22 06:31:13,187 [analyzer] DEBUG: Started auxiliary module Screenshots\n", 
            "2025-03-22 06:31:13,187 [analyzer] DEBUG: Started auxiliary module LoadZer0m0n\n", 
            "2025-03-22 06:31:13,187 [modules.auxiliary.screenshots] INFO: Python Image Library (either PIL or Pillow) is not installed, screenshots are disabled.\n", 
            "2025-03-22 06:31:13,250 [lib.api.process] ERROR: Failed to execute process from path u'C:\\\\Users\\\\ADMINI~1\\\\AppData\\\\Local\\\\Temp\\\\appidpolicyconverter.exe' with arguments ['bin\\\\inject-x64.exe', '--app', u'C:\\\\Users\\\\ADMINI~1\\\\AppData\\\\Local\\\\Temp\\\\appidpolicyconverter.exe', '--only-start', '--curdir', 'C:\\\\Users\\\\ADMINI~1\\\\AppData\\\\Local\\\\Temp'] (Error: Command '['bin\\\\inject-x64.exe', '--app', u'C:\\\\Users\\\\ADMINI~1\\\\AppData\\\\Local\\\\Temp\\\\appidpolicyconverter.exe', '--only-start', '--curdir', 'C:\\\\Users\\\\ADMINI~1\\\\AppData\\\\Local\\\\Temp']' returned non-zero exit status 1)\n"
        ], 
        "cuckoo": [
            "2025-03-22 06:31:12,680 [cuckoo.core.scheduler] INFO: Task #267: acquired machine 192.168.56.1011 (label=192.168.56.1011)\n", 
            "2025-03-22 06:31:12,680 [cuckoo.core.resultserver] DEBUG: Now tracking machine 192.168.56.101 for task #267\n", 
            "2025-03-22 06:31:12,680 [cuckoo.core.plugins] DEBUG: Started auxiliary module: Replay\n", 
            "2025-03-22 06:31:12,700 [cuckoo.auxiliary.sniffer] INFO: Started sniffer with PID 20849 (interface=vboxnet0, host=192.168.56.101)\n", 
            "2025-03-22 06:31:12,701 [cuckoo.core.plugins] DEBUG: Started auxiliary module: Sniffer\n", 
            "2025-03-22 06:31:12,841 [cuckoo.machinery.virtualbox] DEBUG: Starting vm 192.168.56.1011\n", 
            "2025-03-22 06:31:12,979 [cuckoo.machinery.virtualbox] DEBUG: Restoring virtual machine 192.168.56.1011 to its current snapshot\n", 
            "2025-03-22 06:31:15,163 [cuckoo.core.guest] INFO: Starting analysis #267 on guest (id=192.168.56.1011, ip=192.168.56.101)\n", 
            "2025-03-22 06:31:16,166 [cuckoo.core.guest] DEBUG: 192.168.56.1011: not ready yet\n", 
            "2025-03-22 06:31:17,169 [cuckoo.core.guest] DEBUG: 192.168.56.1011: not ready yet\n", 
            "2025-03-22 06:31:18,172 [cuckoo.core.guest] DEBUG: 192.168.56.1011: not ready yet\n", 
            "2025-03-22 06:31:18,180 [cuckoo.core.guest] INFO: Guest is running Cuckoo Agent 0.10 (id=192.168.56.1011, ip=192.168.56.101)\n", 
            "2025-03-22 06:31:18,233 [cuckoo.core.guest] DEBUG: Uploading analyzer to guest (id=192.168.56.1011, ip=192.168.56.101, monitor=latest, size=3884763)\n", 
            "2025-03-22 06:31:19,114 [cuckoo.core.resultserver] DEBUG: Task #267: live log analysis.log initialized.\n", 
            "2025-03-22 06:31:20,700 [cuckoo.core.guest] WARNING: 192.168.56.1011: analysis #267 caught an exception\n", 
            "Traceback (most recent call last):\n", 
            "  File \"C:/tmpql7zol/analyzer.py\", line 808, in <module>\n", 
            "    success = analyzer.run()\n", 
            "  File \"C:/tmpql7zol/analyzer.py\", line 657, in run\n", 
            "    pids = self.package.start(self.target)\n", 
            "  File \"C:\\tmpql7zol\\modules\\packages\\exe.py\", line 23, in start\n", 
            "    return self.execute(path, args=shlex.split(args))\n", 
            "  File \"C:\\tmpql7zol\\lib\\common\\abstracts.py\", line 166, in execute\n", 
            "    \"Unable to execute the initial process, analysis aborted.\"\n", 
            "CuckooPackageError: Unable to execute the initial process, analysis aborted.\n", 
            "\n", 
            "2025-03-22 06:31:20,704 [cuckoo.core.plugins] DEBUG: Stopped auxiliary module: Replay\n", 
            "2025-03-22 06:31:20,749 [cuckoo.core.plugins] DEBUG: Stopped auxiliary module: Sniffer\n", 
            "2025-03-22 06:31:42,714 [cuckoo.machinery.virtualbox] INFO: Successfully generated memory dump for virtual machine with label 192.168.56.1011 to path /home/tesst/.cuckoo/storage/analyses/267/memory.dmp\n", 
            "2025-03-22 06:31:42,716 [cuckoo.machinery.virtualbox] DEBUG: Stopping vm 192.168.56.1011\n", 
            "2025-03-22 06:31:44,034 [cuckoo.core.resultserver] DEBUG: Stopped tracking machine 192.168.56.101 for task #267\n", 
            "2025-03-22 06:31:44,034 [cuckoo.core.resultserver] DEBUG: Cancel <Context for LOG> for task 267\n", 
            "2025-03-22 06:31:44,037 [cuckoo.core.scheduler] DEBUG: Released database task #267\n", 
            "2025-03-22 06:31:44,052 [cuckoo.core.plugins] DEBUG: Executed processing module \"AnalysisInfo\" for task #267\n", 
            "2025-03-22 06:31:44,052 [cuckoo.processing.behavior] WARNING: Analysis results folder does not contain any behavior log files.\n", 
            "2025-03-22 06:31:44,053 [cuckoo.core.plugins] DEBUG: Executed processing module \"BehaviorAnalysis\" for task #267\n", 
            "2025-03-22 06:31:44,053 [cuckoo.core.plugins] DEBUG: Executed processing module \"Dropped\" for task #267\n", 
            "2025-03-22 06:31:44,053 [cuckoo.core.plugins] DEBUG: Executed processing module \"DroppedBuffer\" for task #267\n", 
            "2025-03-22 06:31:44,053 [cuckoo.core.plugins] DEBUG: Executed processing module \"MetaInfo\" for task #267\n", 
            "2025-03-22 06:31:44,053 [cuckoo.core.plugins] DEBUG: Executed processing module \"ProcessMemory\" for task #267\n", 
            "2025-03-22 06:31:44,053 [cuckoo.core.plugins] DEBUG: Executed processing module \"Procmon\" for task #267\n", 
            "2025-03-22 06:31:44,054 [cuckoo.core.plugins] DEBUG: Executed processing module \"Screenshots\" for task #267\n", 
            "2025-03-22 06:31:44,248 [cuckoo.core.plugins] DEBUG: Executed processing module \"Static\" for task #267\n", 
            "2025-03-22 06:31:44,252 [cuckoo.core.plugins] DEBUG: Executed processing module \"Strings\" for task #267\n", 
            "2"
        ]
    }, 
    "strings": [
        "!This program cannot be run in DOS mode.", 
        "`.rdata", 
        "@.data", 
        ".pdata", 
        "@.didat", 
        "@.reloc", 
        "q0R^G'", 
        "p0R^G'", 
        "q0R^G'", 
        "u*9Q<|%", 
        "LcA<E3", 
        " H3E H3E", 
        "UWATAVAWH", 
        "@A_A^A\\_]", 
        "UAVAWH", 
        "0A_A^]", 
        "UATAUAVAWH", 
        "A_A^A]A\\]", 
        "|$\\.u8H", 
        "x UATAUAVAWH", 
        "fD9d$ltz", 
        "A_A^A]A\\]", 
        "@USVWATAVAWH", 
        "tPD9'u#H", 
        "A_A^A\\_^[]", 
        "@USVWATAUAVAWH", 
        "D$hI;F", 
        "A_A^A]A\\_^[]", 
        "D$ H;C", 
        "|$ H+;H9C", 
        "WAVAWH", 
        "H9\\$`t8H", 
        "\\$pH9\\$xt,H", 
        "H9\\$`t8H", 
        "\\$pH9\\$xt,H", 
        "H9\\$`t8H", 
        "\\$pH9\\$xt,H", 
        "UVWATAUAVAWH", 
        "fD9$Cu", 
        "wnD;}Xs+A", 
        "pA_A^A]A\\_^]", 
        "SVWATAUAVAWH", 
        "L$xfD9i", 
        "A_A^A]A\\_^[", 
        "@USVWATAUAVAWH", 
        "tO@8=6", 
        "A_A^A]A\\_^[]", 
        "tx9]wu$H", 
        "L$XD9ew", 
        "UVWATAUAVAWH", 
        "v&A9w$v+", 
        "pA_A^A]A\\_^]", 
        "9k$vhH", 
        ";_$s{I", 
        "H9]0uH", 
        "k VWAVH", 
        "UVWATAUAVAWH", 
        "A_A^A]A\\_^]", 
        "@USVWATAUAVAWH", 
        "fA9<Hu", 
        "A_A^A]A\\_^[]", 
        "x UATAUAVAWH", 
        "A_A^A]A\\]", 
        "|$ AVH", 
        "|$ AVH", 
        "|$ AVH", 
        "|$ AVH", 
        "tRH+;H", 
        "tOH+;H", 
        "h UAVAWH", 
        "WATAVH", 
        "@A^A\\_", 
        "SVWATAVAWH", 
        "8A_A^A\\_^[", 
        "H9\u001fuBH", 
        "UAVAWH", 
        "@USVWATAVAWH", 
        "A_A^A\\_^[]", 
        "UAVAWH", 
        "\\$0H9\u001ft", 
        "t$ UWAVH", 
        "UVWAVAWH", 
        "A_A^_^]", 
        "WAVAWH", 
        " A_A^_", 
        "L;\\$Ps", 
        "WATAUAVAWH", 
        " A_A^A]A\\_", 
        "UVWAVAWH", 
        "A_A^_^]", 
        "@USVWAUAVAWH", 
        "A_A^A]_^[]", 
        "UVWAVAWH", 
        "A_A^_^]", 
        "\\$ VWAVH", 
        "|$ AVH", 
        "UVWATAUAVAWH", 
        "A_A^A]A\\_^]", 
        "t$ UWATAVAWH", 
        "A_A^A\\_]", 
        "t$ UWAVH", 
        "TUUUUUU", 
        "t$ UWATH", 
        "VWATAVAWH", 
        " A_A^A\\_^", 
        "H USWH", 
        "|$ AVH", 
        "|$ AVH", 
        "H+;H9K", 
        "t$ UWAVH", 
        "t$ UWAVH", 
        "H+3H;K", 
        "H9s8tcH", 
        "|$ AVH", 
        "f9D$ uHH", 
        "@USVWATAVAWH", 
        "A_A^A\\_^[]", 
        "@USVWAUAVAWH", 
        "A_A^A]_^[]", 
        "\\$ UVWATAVH", 
        "A^A\\_^]", 
        "UVWAVAWH", 
        "A_A^_^]", 
        "UVWAVAWH", 
        "pA_A^_^]", 
        "t$ WAVAWH", 
        " H;]Pu", 
        "OLEAUT32.dll", 
        "api-ms-win-security-sddl-l1-1-0.dll", 
        "ole32.dll", 
        "vector<T> too long", 
        "dinvalid string position", 
        "string too long", 
        "generic", 
        "unknown error", 
        "iostream", 
        "iostream stream error", 
        "system", 
        "3/ T![ ", 
        "list<T> too long", 
        "bad allocation", 
        "38gSlV", 
        "ActivityStoppedAutomatically", 
        "ApplockerPolicyData", 
        "policyName", 
        "enforcementMode", 
        "serviceEnforcementMode", 
        "ruleCount", 
        "allowCount", 
        "denyCount", 
        "ConvertPolicy", 
        "result", 
        "PluginPolicyConverter", 
        "result", 
        "ConvertPolicy", 
        "PluginPolicyData", 
        "pluginId", 
        "pluginName", 
        "pluginFlags", 
        "executionCategoryId", 
        "executionCategoryFlags", 
        "executionCategoryPolicyIdCount", 
        "PolicyConversionTaskResult", 
        "result", 
        "Microsoft.Windows.Security.AppIdLogger", 
        "appidpolicyconverter.pdb", 
        ".text$di", 
        ".text$mn", 
        ".text$mn$00", 
        ".text$x", 
        ".text$yd", 
        ".rdata$brc", 
        ".idata$5", 
        ".00cfg", 
        ".CRT$XCA", 
        ".CRT$XCAA", 
        ".CRT$XCU", 
        ".CRT$XCZ", 
        ".CRT$XIA", 
        ".CRT$XIAA", 
        ".CRT$XIY", 
        ".CRT$XIZ", 
        ".gehcont", 
        ".gfids", 
        ".giats", 
        ".rdata", 
        ".rdata$r", 
        ".rdata$voltmd", 
        ".rdata$zETW0", 
        ".rdata$zETW1", 
        ".rdata$zETW2", 
        ".rdata$zETW9", 
        ".rdata$zzzdbg", 
        ".xdata", 
        ".xdata$x", 
        ".didat$2", 
        ".didat$3", 
        ".didat$4", 
        ".didat$6", 
        ".didat$7", 
        ".idata$2", 
        ".idata$3", 
        ".idata$4", 
        ".idata$6", 
        ".data$brc", 
        ".data$r$brc", 
        ".data$rs$brc", 
        ".pdata", 
        ".didat$5", 
        ".rsrc$01", 
        ".rsrc$02", 
        "$ d\"X$&(l\"", 
        "&R*.,N.20U", 
        "6@::<B@HB", 
        "B:D2HfB$@", 
        "( B\"(&B((,R.*0*2j4", 
        "ConvertStringSecurityDescriptorToSecurityDescriptorW", 
        "CoInitialize", 
        "?_Orphan_all@_Container_base0@std@@QEAAXXZ", 
        "?_Xlength_error@std@@YAXPEBD@Z", 
        "?_Xbad_alloc@std@@YAXXZ", 
        "msvcp110_win.dll", 
        "__CxxFrameHandler4", 
        "_wsetlocale", 
        "_wcsicmp", 
        "wcscpy_s", 
        "wcsstr", 
        "_wcsnicmp", 
        "wcsncmp", 
        "swscanf_s", 
        "_callnewh", 
        "malloc", 
        "??0exception@@QEAA@AEBQEBDH@Z", 
        "??0exception@@QEAA@AEBV0@@Z", 
        "??1exception@@UEAA@XZ", 
        "?what@exception@@UEBAPEBDXZ", 
        "_CxxThrowException", 
        "_XcptFilter", 
        "_amsg_exit", 
        "__wgetmainargs", 
        "__set_app_type", 
        "_cexit", 
        "__setusermatherr", 
        "_initterm", 
        "__C_specific_handler", 
        "_fmode", 
        "_commode", 
        "msvcrt.dll", 
        "?terminate@@YAXXZ", 
        "_unlock", 
        "__dllonexit", 
        "_onexit", 
        "??1type_info@@UEAA@XZ", 
        "RegCloseKey", 
        "CloseHandle", 
        "DeleteFileW", 
        "EventSetInformation", 
        "EventRegister", 
        "HeapSetInformation", 
        "GetLastError", 
        "CoInitializeSecurity", 
        "CreateMutexExW", 
        "WaitForSingleObject", 
        "SleepEx", 
        "ReleaseMutex", 
        "GetCurrentProcessId", 
        "ClosePrivateNamespace", 
        "CoUninitialize", 
        "EventUnregister", 
        "RegOpenKeyExW", 
        "GetSecurityDescriptorDacl", 
        "GetAce", 
        "LocalFree", 
        "RegQueryValueExW", 
        "OpenSCManagerW", 
        "OpenServiceW", 
        "ChangeServiceConfigW", 
        "CloseServiceHandle", 
        "QueryServiceConfigW", 
        "RegGetValueW", 
        "EnterCriticalPolicySection", 
        "RegCreateKeyExW", 
        "CreateFileW", 
        "LeaveCriticalPolicySection", 
        "RegSetValueExW", 
        "RegDeleteTreeW", 
        "DeviceIoControl", 
        "GetWindowsDirectoryW", 
        "WriteFile", 
        "FlushFileBuffers", 
        "MoveFileExW", 
        "FindClose", 
        "FindFirstFileW", 
        "FindNextFileW", 
        "EventWriteTransfer", 
        "EventActivityIdControl", 
        "RegQueryInfoKeyW", 
        "RegEnumKeyExW", 
        "RtlCaptureContext", 
        "RtlLookupFunctionEntry", 
        "RtlVirtualUnwind", 
        "UnhandledExceptionFilter", 
        "SetUnhandledExceptionFilter", 
        "GetCurrentProcess", 
        "TerminateProcess", 
        "GetModuleHandleW", 
        "QueryPerformanceCounter", 
        "GetCurrentThreadId", 
        "GetSystemTimeAsFileTime", 
        "GetTickCount", 
        "CreateBoundaryDescriptorW", 
        "AddSIDToBoundaryDescriptor", 
        "CreatePrivateNamespaceW", 
        "OpenPrivateNamespaceW", 
        "DeleteBoundaryDescriptor", 
        "api-ms-win-core-registry-l1-1-0.dll", 
        "api-ms-win-core-handle-l1-1-0.dll", 
        "api-ms-win-core-file-l1-1-0.dll", 
        "api-ms-win-eventing-provider-l1-1-0.dll", 
        "api-ms-win-core-heap-l1-1-0.dll", 
        "api-ms-win-core-errorhandling-l1-1-0.dll", 
        "api-ms-win-core-com-l1-1-0.dll", 
        "api-ms-win-core-synch-l1-1-0.dll", 
        "api-ms-win-core-processthreads-l1-1-0.dll", 
        "api-ms-win-core-namespace-l1-1-0.dll", 
        "api-ms-win-security-base-l1-1-0.dll", 
        "api-ms-win-core-heap-l2-1-0.dll", 
        "api-ms-win-service-management-l1-1-0.dll", 
        "api-ms-win-service-management-l2-1-0.dll", 
        "USERENV.dll", 
        "api-ms-win-core-io-l1-1-0.dll", 
        "api-ms-win-core-sysinfo-l1-1-0.dll", 
        "api-ms-win-core-synch-l1-2-0.dll", 
        "api-ms-win-core-file-l2-1-0.dll", 
        "api-ms-win-core-rtlsupport-l1-1-0.dll", 
        "api-ms-win-core-libraryloader-l1-2-0.dll", 
        "api-ms-win-core-profile-l1-1-0.dll", 
        "EtwTraceMessage", 
        "EtwGetTraceLoggerHandle", 
        "EtwGetTraceEnableLevel", 
        "EtwGetTraceEnableFlags", 
        "EtwRegisterTraceGuidsW", 
        "EtwUnregisterTraceGuids", 
        "EtwEventRegister", 
        "RtlNtStatusToDosErrorNoTeb", 
        "EtwEventWrite", 
        "EtwEventUnregister", 
        "RtlAllocateHeap", 
        "RtlFreeHeap", 
        "NtQueryLicenseValue", 
        "EtwEventWriteTransfer", 
        "NtOpenKey", 
        "NtClose", 
        "NtSetValueKey", 
        "ntdll.dll", 
        "?_Xout_of_range@std@@YAXPEBD@Z", 
        "?_Winerror_map@std@@YAPEBDH@Z", 
        "?_Syserror_map@std@@YAPEBDH@Z", 
        "_purecall", 
        "ResolveDelayLoadedAPI", 
        "DelayLoadFailureHook", 
        "CoCreateInstance", 
        "UuidFromStringW", 
        "RpcStringFreeW", 
        "UuidToStringW", 
        "api-ms-win-core-delayload-l1-1-1.dll", 
        "api-ms-win-core-delayload-l1-1-0.dll", 
        "RPCRT4.dll", 
        "PackageFamilyNameFromId", 
        "PackageNameAndPublisherIdFromFamilyName", 
        "api-ms-win-appmodel-runtime-l1-1-0.dll", 
        "AppIDFreeAttributeString", 
        "AppIDEncodeAttributeString", 
        "srpapi.dll", 
        "?_Swap_all@_Container_base0@std@@QEAAXAEAU12@@Z", 
        "??0exception@@QEAA@XZ", 
        "towupper", 
        "_vsnwprintf_s", 
        "_ui64tow_s", 
        "wcstol", 
        "__RTDynamicCast", 
        "memcpy", 
        "memmove", 
        "memset", 
        ".?AVbad_alloc@std@@", 
        ".?AVexception@@", 
        ".?AVCAtlException@ATL@@", 
        ".?AVinvalid_argument@std@@", 
        ".?AVstandard_exception@Util@Sharp@@", 
        ".?AVunsupported_policy_element_exception@@", 
        ".?AVinvalid_policy_element_exception@@", 
        ".?AVpolicy_model_exception@@", 
        ".?AVsddl_compiler_exception@@", 
        ".?AVxml_exception@@", 
        ".?AVerror_category@std@@", 
        ".?AV_System_error_category@std@@", 
        ".?AV_Generic_error_category@std@@", 
        ".?AV_Iostream_error_category@std@@", 
        ".?AUCRefCountHolder@?$CSharedPtr@VCRule@PolicyModel@@@Util@Sharp@@", 
        ".?AUCRefCountHolder@?$CSharedPtr@VCRuleCondition@PolicyModel@@@Util@Sharp@@", 
        ".?AVCXmlSerializer@PolicyModel@@", 
        ".?AVCRule@PolicyModel@@", 
        ".?AVCId@PolicyModel@@", 
        ".?AVCPolicyElement@PolicyModel@@", 
        ".?AVCRefCount@Util@Sharp@@", 
        ".?AVCRuleCondition@PolicyModel@@", 
        ".?AVCFilePublisherCondition@PolicyModel@@", 
        ".?AVCFileVersion@PolicyModel@@", 
        ".?AVCFilePathCondition@PolicyModel@@", 
        ".?AVCFilePath@PolicyModel@@", 
        ".?AUCRefCountHolder@?$CSharedPtr@VCFileHash@PolicyModel@@@Util@Sharp@@", 
        ".?AVCFileHashCondition@PolicyModel@@", 
        ".?AVCFilePublisherRule@PolicyModel@@", 
        ".?AVCFilePathRule@PolicyModel@@", 
        ".?AVCFileHashRule@PolicyModel@@", 
        ".?AUCRefCountHolder@?$CSharedPtr@VCFileVersion@PolicyModel@@@Util@Sharp@@", 
        ".?AVCFileVersionRange@PolicyModel@@", 
        ".?AVCFileHash@PolicyModel@@", 
        ".?AVCDocument@Xml@Util@Sharp@@", 
        ".?AVCNode@Xml@Util@Sharp@@", 
        ".?AVCNodeCollection@Xml@Util@Sharp@@", 
        "<?xml version=\"1.0\" encoding=\"UTF-8\" standalone=\"yes\"?>", 
        "<!-- Copyright (c) Microsoft Corporation -->", 
        "<assembly xmlns=\"urn:schemas-microsoft-com:asm.v1\" manifestVersion=\"1.0\">", 
        "<assemblyIdentity", 
        "    version=\"5.1.0.0\"", 
        "    processorArchitecture=\"amd64\"", 
        "    name=\"Microsoft.Windows.Security.AppIDPolicyConverter\"", 
        "    type=\"win32\"", 
        "<description>AppID Policy Converter Task</description>", 
        "<trustInfo xmlns=\"urn:schemas-microsoft-com:asm.v3\">", 
        "    <security>", 
        "        <requestedPrivileges>", 
        "            <requestedExecutionLevel", 
        "                level=\"asInvoker\"", 
        "                uiAccess=\"false\"", 
        "            />", 
        "        </requestedPrivileges>", 
        "    </security>", 
        "</trustInfo>", 
        "</assembly>", 
        "appidpolicyconverter.exe", 
        "appid-EnableV2", 
        "English", 
        "AppIDSvc\\PolicyMutex", 
        "Policies", 
        "ExecutionCategories", 
        "EnforcementMode", 
        "ServiceEnforcementMode", 
        "AllowWindows", 
        "CurrentOriginDataId", 
        "TrustedOriginDataId", 
        "System\\CurrentControlSet\\Control\\AppID\\Configuration\\SMARTLOCKER", 
        "ENABLED", 
        "DISABLED", 
        "Software\\Policies\\Microsoft\\Windows\\AppidPlugins", 
        "Software\\Policies\\Microsoft\\Windows\\SrpV2", 
        "System\\CurrentControlSet\\Control\\Srp\\GP\\", 
        "LastGpNotifyTime", 
        "LastWriteTime", 
        "LastSmartlockerEnabled", 
        "\\\\.\\SrpDevice", 
        "MANAGEDINSTALLER", 
        "RuleCount", 
        "APPID://PATH", 
        "APPID://SHA256FLATHASH", 
        "APPID://SHA1HASH", 
        "APPID://SHA256HASH", 
        "APPID://FQBN", 
        "\\System32\\AppLocker\\", 
        ".AppLocker", 
        "\\REGISTRY\\MACHINE\\System\\CurrentControlSet\\Control\\AppID\\Configuration\\SMARTLOCKER", 
        "Plugin.Config", 
        "\\System32\\AppLocker\\MDM\\*", 
        "\\System32\\AppLocker\\*.Applocker", 
        "{%08lX-%04hX-%04hX-%02X%02X-%02X%02X%02X%02X%02X%02X}", 
        "(A;;FX;;;S-1-15-2-2)", 
        "LPAC ACE", 
        "Applocker Private\\LPAC ACE", 
        "(A;;FX;;;S-1-15-2-1)", 
        "LowBox ACE", 
        "Applocker Private\\LowBox ACE", 
        "AppIDSvcBoundary", 
        "AppIDSvc", 
        "UsePublisherId", 
        "SHA256", 
        "PublisherName", 
        "ProductName", 
        "FilePublisherRule", 
        "FilePathRule", 
        "FileHashRule", 
        "Description", 
        "UserOrGroupSid", 
        "Action", 
        "Conditions", 
        "Exceptions", 
        "FilePublisherCondition", 
        "FilePathCondition", 
        "FileHashCondition", 
        "BinaryName", 
        "FilePath", 
        "FileHash", 
        "SourceFileName", 
        "SourceFileLength", 
        "BinaryVersionRange", 
        "HighSection", 
        "LowSection", 
        "SHA256Flat", 
        "Exists", 
        "Any_of", 
        "Contains", 
        "System\\CurrentControlSet\\Control\\AppID\\Configuration", 
        "DummyName", 
        "Neutral", 
        "%d.%d.%d.%d", 
        "VS_VERSION_INFO", 
        "StringFileInfo", 
        "040904B0", 
        "CompanyName", 
        "Microsoft Corporation", 
        "FileDescription", 
        "AppID Policy Converter Task", 
        "FileVersion", 
        "10.0.22621.3958 (WinBuild.160101.0800)", 
        "InternalName", 
        "AppIDPolicyConverter.exe", 
        "LegalCopyright", 
        " Microsoft Corporation. All rights reserved.", 
        "OriginalFilename", 
        "AppIDPolicyConverter.exe", 
        "ProductName", 
        "Microsoft", 
        " Windows", 
        " Operating System", 
        "ProductVersion", 
        "10.0.22621.3958", 
        "VarFileInfo", 
        "Translation"
    ], 
    "metadata": {
        "output": {
            "pcap": {
                "basename": "dump.pcap", 
                "sha256": "44cdbbb6982be70f2b780a9f239f9be0db38ea3bbd4372cf23a1c479b76050bb", 
                "dirname": ""
            }
        }
    }
}