{
    "info": {
        "added": 1742625153.607822, 
        "started": 1742625154.455793, 
        "duration": 11, 
        "ended": 1742625166.224581, 
        "owner": null, 
        "score": 0.2, 
        "id": 268, 
        "category": "file", 
        "git": {
            "head": "13cbe0d9e457be3673304533043e992ead1ea9b2", 
            "fetch_head": "13cbe0d9e457be3673304533043e992ead1ea9b2"
        }, 
        "monitor": "2deb9ccd75d5a7a3fe05b2625b03a8639d6ee36b", 
        "package": "exe", 
        "route": "none", 
        "custom": null, 
        "machine": {
            "status": "stopped", 
            "name": "192.168.56.1011", 
            "label": "192.168.56.1011", 
            "manager": "VirtualBox", 
            "started_on": "2025-03-22 06:32:34", 
            "shutdown_on": "2025-03-22 06:32:46"
        }, 
        "platform": "windows", 
        "version": "2.0.7", 
        "options": "procmemdump=yes,route=none"
    }, 
    "signatures": [
        {
            "families": [], 
            "description": "This executable has a PDB path", 
            "severity": 1, 
            "ttp": {}, 
            "markcount": 1, 
            "references": [], 
            "marks": [
                {
                    "category": "pdb_path", 
                    "ioc": "appidtel.pdb", 
                    "type": "ioc", 
                    "description": null
                }
            ], 
            "name": "has_pdb"
        }
    ], 
    "target": {
        "category": "file", 
        "file": {
            "yara": [], 
            "sha1": "33937f450d20c0cab25f7193a4b61b9aecfd7840", 
            "name": "appidtel.exe", 
            "type": "PE32 executable (console) Intel 80386, for MS Windows", 
            "sha256": "e949fa3d164bedd68b16f02d86df9ab61f023d899d52947e8110098372598845", 
            "urls": [], 
            "crc32": "55F90004", 
            "path": "/home/tesst/.cuckoo/storage/binaries/e949fa3d164bedd68b16f02d86df9ab61f023d899d52947e8110098372598845", 
            "ssdeep": null, 
            "size": 22016, 
            "sha512": "16ea1cc3c58d730a13c0ddb74152e802d366c1262b82eafb1270efa23b8ee019a9c29a2767a83a2f86c79295c08e88f6415f753b6ea912ff9a6b2fd577a5a5e7", 
            "md5": "2f437a4d8d2abd9bb8c892de14f14ce4"
        }
    }, 
    "network": {
        "tls": [], 
        "udp": [
            {
                "src": "192.168.56.101", 
                "dst": "224.0.0.252", 
                "offset": 1330, 
                "time": 4.627247095108032, 
                "dport": 5355, 
                "sport": 64412
            }, 
            {
                "src": "192.168.56.101", 
                "dst": "224.0.0.252", 
                "offset": 1658, 
                "time": 3.10703706741333, 
                "dport": 5355, 
                "sport": 64614
            }, 
            {
                "src": "192.168.56.101", 
                "dst": "224.0.0.252", 
                "offset": 1986, 
                "time": 4.310988187789917, 
                "dport": 5355, 
                "sport": 65517
            }, 
            {
                "src": "192.168.56.101", 
                "dst": "239.255.255.250", 
                "offset": 2306, 
                "time": 4.48930811882019, 
                "dport": 1900, 
                "sport": 65520
            }
        ], 
        "dns_servers": [], 
        "http": [], 
        "icmp": [], 
        "smtp": [], 
        "tcp": [], 
        "smtp_ex": [], 
        "mitm": [], 
        "hosts": [], 
        "pcap_sha256": "8aac627b2b2fa1573c11608379a09be93bc0a63a9c569883b8e47b8c35279f13", 
        "dns": [], 
        "http_ex": [], 
        "domains": [], 
        "dead_hosts": [], 
        "sorted_pcap_sha256": "bfcd854aed8ad3de74d147f22314aaef38da38bef5c85d4cc721b871470fc17f", 
        "irc": [], 
        "https_ex": []
    }, 
    "static": {
        "pdb_path": "appidtel.pdb", 
        "pe_imports": [
            {
                "imports": [
                    {
                        "name": "_cexit", 
                        "address": "0x40605c"
                    }, 
                    {
                        "name": "__p__fmode", 
                        "address": "0x406060"
                    }, 
                    {
                        "name": "__setusermatherr", 
                        "address": "0x406064"
                    }, 
                    {
                        "name": "_initterm", 
                        "address": "0x406068"
                    }, 
                    {
                        "name": "_lock", 
                        "address": "0x40606c"
                    }, 
                    {
                        "name": "_exit", 
                        "address": "0x406070"
                    }, 
                    {
                        "name": "__dllonexit", 
                        "address": "0x406074"
                    }, 
                    {
                        "name": "_onexit", 
                        "address": "0x406078"
                    }, 
                    {
                        "name": "_except_handler4_common", 
                        "address": "0x40607c"
                    }, 
                    {
                        "name": "??1type_info@@UAE@XZ", 
                        "address": "0x406080"
                    }, 
                    {
                        "name": "?terminate@@YAXXZ", 
                        "address": "0x406084"
                    }, 
                    {
                        "name": "_controlfp", 
                        "address": "0x406088"
                    }, 
                    {
                        "name": "exit", 
                        "address": "0x40608c"
                    }, 
                    {
                        "name": "__set_app_type", 
                        "address": "0x406090"
                    }, 
                    {
                        "name": "__wgetmainargs", 
                        "address": "0x406094"
                    }, 
                    {
                        "name": "_amsg_exit", 
                        "address": "0x406098"
                    }, 
                    {
                        "name": "__p__commode", 
                        "address": "0x40609c"
                    }, 
                    {
                        "name": "_XcptFilter", 
                        "address": "0x4060a0"
                    }, 
                    {
                        "name": "memmove", 
                        "address": "0x4060a4"
                    }, 
                    {
                        "name": "memcpy", 
                        "address": "0x4060a8"
                    }, 
                    {
                        "name": "_CxxThrowException", 
                        "address": "0x4060ac"
                    }, 
                    {
                        "name": "?what@exception@@UBEPBDXZ", 
                        "address": "0x4060b0"
                    }, 
                    {
                        "name": "??1exception@@UAE@XZ", 
                        "address": "0x4060b4"
                    }, 
                    {
                        "name": "??0exception@@QAE@ABV0@@Z", 
                        "address": "0x4060b8"
                    }, 
                    {
                        "name": "??0exception@@QAE@ABQBDH@Z", 
                        "address": "0x4060bc"
                    }, 
                    {
                        "name": "??0exception@@QAE@ABQBD@Z", 
                        "address": "0x4060c0"
                    }, 
                    {
                        "name": "_callnewh", 
                        "address": "0x4060c4"
                    }, 
                    {
                        "name": "malloc", 
                        "address": "0x4060c8"
                    }, 
                    {
                        "name": "_wtoi64", 
                        "address": "0x4060cc"
                    }, 
                    {
                        "name": "_purecall", 
                        "address": "0x4060d0"
                    }, 
                    {
                        "name": "??3@YAXPAX@Z", 
                        "address": "0x4060d4"
                    }, 
                    {
                        "name": "_wcsicmp", 
                        "address": "0x4060d8"
                    }, 
                    {
                        "name": "_unlock", 
                        "address": "0x4060dc"
                    }, 
                    {
                        "name": "__CxxFrameHandler3", 
                        "address": "0x4060e0"
                    }
                ], 
                "dll": "msvcrt.dll"
            }, 
            {
                "imports": [
                    {
                        "name": "NtQuerySystemTime", 
                        "address": "0x4060e8"
                    }
                ], 
                "dll": "ntdll.dll"
            }, 
            {
                "imports": [
                    {
                        "name": "RegCloseKey", 
                        "address": "0x406000"
                    }, 
                    {
                        "name": "OpenServiceW", 
                        "address": "0x406004"
                    }, 
                    {
                        "name": "ChangeServiceConfigW", 
                        "address": "0x406008"
                    }, 
                    {
                        "name": "RegCreateKeyW", 
                        "address": "0x40600c"
                    }, 
                    {
                        "name": "StartServiceW", 
                        "address": "0x406010"
                    }, 
                    {
                        "name": "RegSetValueExW", 
                        "address": "0x406014"
                    }, 
                    {
                        "name": "ControlService", 
                        "address": "0x406018"
                    }, 
                    {
                        "name": "OpenSCManagerW", 
                        "address": "0x40601c"
                    }, 
                    {
                        "name": "CloseServiceHandle", 
                        "address": "0x406020"
                    }
                ], 
                "dll": "ADVAPI32.dll"
            }, 
            {
                "imports": [
                    {
                        "name": "Sleep", 
                        "address": "0x406028"
                    }, 
                    {
                        "name": "SetUnhandledExceptionFilter", 
                        "address": "0x40602c"
                    }, 
                    {
                        "name": "GetLastError", 
                        "address": "0x406030"
                    }, 
                    {
                        "name": "GetModuleHandleW", 
                        "address": "0x406034"
                    }, 
                    {
                        "name": "QueryPerformanceCounter", 
                        "address": "0x406038"
                    }, 
                    {
                        "name": "GetCurrentProcessId", 
                        "address": "0x40603c"
                    }, 
                    {
                        "name": "GetCurrentThreadId", 
                        "address": "0x406040"
                    }, 
                    {
                        "name": "GetSystemTimeAsFileTime", 
                        "address": "0x406044"
                    }, 
                    {
                        "name": "GetTickCount", 
                        "address": "0x406048"
                    }, 
                    {
                        "name": "GetCurrentProcess", 
                        "address": "0x40604c"
                    }, 
                    {
                        "name": "TerminateProcess", 
                        "address": "0x406050"
                    }, 
                    {
                        "name": "UnhandledExceptionFilter", 
                        "address": "0x406054"
                    }
                ], 
                "dll": "KERNEL32.dll"
            }
        ], 
        "peid_signatures": null, 
        "keys": [], 
        "signature": [], 
        "pe_timestamp": "2018-10-20 03:24:07", 
        "pe_exports": [], 
        "imported_dll_count": 4, 
        "pe_imphash": "45b4e0f623405c276e4da9f4816c57f0", 
        "pe_resources": [
            {
                "name": "RT_VERSION", 
                "language": "LANG_ENGLISH", 
                "filetype": "data", 
                "sublanguage": "SUBLANG_ENGLISH_US", 
                "offset": "0x00007060", 
                "size": "0x000003d0"
            }
        ], 
        "pe_versioninfo": [
            {
                "name": "LegalCopyright", 
                "value": "\\xa9 Microsoft Corporation. All rights reserved."
            }, 
            {
                "name": "InternalName", 
                "value": "appidtel"
            }, 
            {
                "name": "FileVersion", 
                "value": "1.00 (WinBuild.160101.0800)"
            }, 
            {
                "name": "CompanyName", 
                "value": "Microsoft Corporation"
            }, 
            {
                "name": "ProductName", 
                "value": "Microsoft\\xae Windows\\xae Operating System"
            }, 
            {
                "name": "ProductVersion", 
                "value": "10.0.22621.2506"
            }, 
            {
                "name": "FileDescription", 
                "value": "Initializes Appid ManagedInstaller and Smartscreen Telemetry"
            }, 
            {
                "name": "OriginalFilename", 
                "value": "APPIDTEL.EXE"
            }, 
            {
                "name": "Translation", 
                "value": "0x0409 0x04b0"
            }
        ], 
        "pe_sections": [
            {
                "size_of_data": "0x00003c00", 
                "virtual_address": "0x00001000", 
                "entropy": 5.768650719716739, 
                "name": ".text", 
                "virtual_size": "0x00003adc"
            }, 
            {
                "size_of_data": "0x00000200", 
                "virtual_address": "0x00005000", 
                "entropy": 2.003724208292026, 
                "name": ".data", 
                "virtual_size": "0x000004a0"
            }, 
            {
                "size_of_data": "0x00000800", 
                "virtual_address": "0x00006000", 
                "entropy": 4.311628716006624, 
                "name": ".idata", 
                "virtual_size": "0x0000065a"
            }, 
            {
                "size_of_data": "0x00000600", 
                "virtual_address": "0x00007000", 
                "entropy": 2.5577660882363342, 
                "name": ".rsrc", 
                "virtual_size": "0x00000430"
            }, 
            {
                "size_of_data": "0x00000600", 
                "virtual_address": "0x00008000", 
                "entropy": 5.483520669921285, 
                "name": ".reloc", 
                "virtual_size": "0x0000049c"
            }
        ]
    }, 
    "behavior": {
        "generic": [
            {
                "process_path": "C:\\Windows\\System32\\lsass.exe", 
                "process_name": "lsass.exe", 
                "pid": 508, 
                "summary": {}, 
                "first_seen": 1742628753.84375, 
                "ppid": 400
            }
        ], 
        "processes": [
            {
                "process_path": "C:\\Windows\\System32\\lsass.exe", 
                "calls": [], 
                "track": false, 
                "pid": 508, 
                "process_name": "lsass.exe", 
                "command_line": "C:\\Windows\\system32\\lsass.exe", 
                "modules": [
                    {
                        "basename": "lsass.exe", 
                        "imgsize": 49152, 
                        "baseaddr": "0xffc70000", 
                        "filepath": "C:\\Windows\\system32\\lsass.exe"
                    }, 
                    {
                        "basename": "ntdll.dll", 
                        "imgsize": 1740800, 
                        "baseaddr": "0x76dd0000", 
                        "filepath": "C:\\Windows\\SYSTEM32\\ntdll.dll"
                    }, 
                    {
                        "basename": "kernel32.dll", 
                        "imgsize": 1175552, 
                        "baseaddr": "0x76bb0000", 
                        "filepath": "C:\\Windows\\system32\\kernel32.dll"
                    }, 
                    {
                        "basename": "KERNELBASE.dll", 
                        "imgsize": 438272, 
                        "baseaddr": "0x7fefcf80000", 
                        "filepath": "C:\\Windows\\system32\\KERNELBASE.dll"
                    }, 
                    {
                        "basename": "msvcrt.dll", 
                        "imgsize": 651264, 
                        "baseaddr": "0x7fefec80000", 
                        "filepath": "C:\\Windows\\system32\\msvcrt.dll"
                    }, 
                    {
                        "basename": "RPCRT4.dll", 
                        "imgsize": 1232896, 
                        "baseaddr": "0x7fefd2c0000", 
                        "filepath": "C:\\Windows\\system32\\RPCRT4.dll"
                    }, 
                    {
                        "basename": "SspiSrv.dll", 
                        "imgsize": 45056, 
                        "baseaddr": "0x7fefcb60000", 
                        "filepath": "C:\\Windows\\system32\\SspiSrv.dll"
                    }, 
                    {
                        "basename": "lsasrv.dll", 
                        "imgsize": 1470464, 
                        "baseaddr": "0x7fefc9e0000", 
                        "filepath": "C:\\Windows\\system32\\lsasrv.dll"
                    }, 
                    {
                        "basename": "sechost.dll", 
                        "imgsize": 126976, 
                        "baseaddr": "0x7fefea00000", 
                        "filepath": "C:\\Windows\\SYSTEM32\\sechost.dll"
                    }, 
                    {
                        "basename": "SspiCli.dll", 
                        "imgsize": 151552, 
                        "baseaddr": "0x7fefcb80000", 
                        "filepath": "C:\\Windows\\system32\\SspiCli.dll"
                    }, 
                    {
                        "basename": "ADVAPI32.dll", 
                        "imgsize": 897024, 
                        "baseaddr": "0x7fefd480000", 
                        "filepath": "C:\\Windows\\system32\\ADVAPI32.dll"
                    }, 
                    {
                        "basename": "USER32.dll", 
                        "imgsize": 1024000, 
                        "baseaddr": "0x76cd0000", 
                        "filepath": "C:\\Windows\\system32\\USER32.dll"
                    }, 
                    {
                        "basename": "GDI32.dll", 
                        "imgsize": 421888, 
                        "baseaddr": "0x7fefd560000", 
                        "filepath": "C:\\Windows\\system32\\GDI32.dll"
                    }, 
                    {
                        "basename": "LPK.dll", 
                        "imgsize": 57344, 
                        "baseaddr": "0x7fefd830000", 
                        "filepath": "C:\\Windows\\system32\\LPK.dll"
                    }, 
                    {
                        "basename": "USP10.dll", 
                        "imgsize": 823296, 
                        "baseaddr": "0x7feff010000", 
                        "filepath": "C:\\Windows\\system32\\USP10.dll"
                    }, 
                    {
                        "basename": "SAMSRV.dll", 
                        "imgsize": 774144, 
                        "baseaddr": "0x7fefc880000", 
                        "filepath": "C:\\Windows\\system32\\SAMSRV.dll"
                    }, 
                    {
                        "basename": "cryptdll.dll", 
                        "imgsize": 81920, 
                        "baseaddr": "0x7fefc860000", 
                        "filepath": "C:\\Windows\\system32\\cryptdll.dll"
                    }, 
                    {
                        "basename": "MSASN1.dll", 
                        "imgsize": 61440, 
                        "baseaddr": "0x7fefcdc0000", 
                        "filepath": "C:\\Windows\\system32\\MSASN1.dll"
                    }, 
                    {
                        "basename": "wevtapi.dll", 
                        "imgsize": 446464, 
                        "baseaddr": "0x7fefc7f0000", 
                        "filepath": "C:\\Windows\\system32\\wevtapi.dll"
                    }, 
                    {
                        "basename": "IMM32.DLL", 
                        "imgsize": 188416, 
                        "baseaddr": "0x7fefea20000", 
                        "filepath": "C:\\Windows\\system32\\IMM32.DLL"
                    }, 
                    {
                        "basename": "MSCTF.dll", 
                        "imgsize": 1085440, 
                        "baseaddr": "0x7fefed20000", 
                        "filepath": "C:\\Windows\\system32\\MSCTF.dll"
                    }, 
                    {
                        "basename": "cngaudit.dll", 
                        "imgsize": 36864, 
                        "baseaddr": "0x7fefc7b0000", 
                        "filepath": "C:\\Windows\\system32\\cngaudit.dll"
                    }, 
                    {
                        "basename": "AUTHZ.dll", 
                        "imgsize": 192512, 
                        "baseaddr": "0x7fefc780000", 
                        "filepath": "C:\\Windows\\system32\\AUTHZ.dll"
                    }, 
                    {
                        "basename": "ncrypt.dll", 
                        "imgsize": 319488, 
                        "baseaddr": "0x7fefc730000", 
                        "filepath": "C:\\Windows\\system32\\ncrypt.dll"
                    }, 
                    {
                        "basename": "bcrypt.dll", 
                        "imgsize": 139264, 
                        "baseaddr": "0x7fefc700000", 
                        "filepath": "C:\\Windows\\system32\\bcrypt.dll"
                    }, 
                    {
                        "basename": "msprivs.DLL", 
                        "imgsize": 8192, 
                        "baseaddr": "0x74af0000", 
                        "filepath": "C:\\Windows\\system32\\msprivs.DLL"
                    }, 
                    {
                        "basename": "netjoin.dll", 
                        "imgsize": 204800, 
                        "baseaddr": "0x7fefc6c0000", 
                        "filepath": "C:\\Windows\\system32\\netjoin.dll"
                    }, 
                    {
                        "basename": "negoexts.DLL", 
                        "imgsize": 147456, 
                        "baseaddr": "0x7fefc690000", 
                        "filepath": "C:\\Windows\\system32\\negoexts.DLL"
                    }, 
                    {
                        "basename": "Secur32.dll", 
                        "imgsize": 45056, 
                        "baseaddr": "0x7fefc9b0000", 
                        "filepath": "C:\\Windows\\system32\\Secur32.dll"
                    }, 
                    {
                        "basename": "cryptbase.dll", 
                        "imgsize": 61440, 
                        "baseaddr": "0x7fefcc50000", 
                        "filepath": "C:\\Windows\\system32\\cryptbase.dll"
                    }, 
                    {
                        "basename": "kerberos.DLL", 
                        "imgsize": 737280, 
                        "baseaddr": "0x7fefc5d0000", 
                        "filepath": "C:\\Windows\\system32\\kerberos.DLL"
                    }, 
                    {
                        "basename": "CRYPTSP.dll", 
                        "imgsize": 94208, 
                        "baseaddr": "0x7fefc5b0000", 
                        "filepath": "C:\\Windows\\system32\\CRYPTSP.dll"
                    }, 
                    {
                        "basename": "WS2_32.dll", 
                        "imgsize": 315392, 
                        "baseaddr": "0x7fefec30000", 
                        "filepath": "C:\\Windows\\system32\\WS2_32.dll"
                    }, 
                    {
                        "basename": "NSI.dll", 
                        "imgsize": 32768, 
                        "baseaddr": "0x7fefd3f0000", 
                        "filepath": "C:\\Windows\\system32\\NSI.dll"
                    }, 
                    {
                        "basename": "mswsock.dll", 
                        "imgsize": 348160, 
                        "baseaddr": "0x7fefc550000", 
                        "filepath": "C:\\Windows\\system32\\mswsock.dll"
                    }, 
                    {
                        "basename": "wship6.dll", 
                        "imgsize": 28672, 
                        "baseaddr": "0x7fefc540000", 
                        "filepath": "C:\\Windows\\System32\\wship6.dll"
                    }, 
                    {
                        "basename": "msv1_0.DLL", 
                        "imgsize": 331776, 
                        "baseaddr": "0x7fefc4e0000", 
                        "filepath": "C:\\Windows\\system32\\msv1_0.DLL"
                    }, 
                    {
                        "basename": "netlogon.DLL", 
                        "imgsize": 712704, 
                        "baseaddr": "0x7fefc430000", 
                        "filepath": "C:\\Windows\\system32\\netlogon.DLL"
                    }, 
                    {
                        "basename": "DNSAPI.dll", 
                        "imgsize": 372736, 
                        "baseaddr": "0x7fefc3d0000", 
                        "filepath": "C:\\Windows\\system32\\DNSAPI.dll"
                    }, 
                    {
                        "basename": "logoncli.dll", 
                        "imgsize": 196608, 
                        "baseaddr": "0x7fefc3a0000", 
                        "filepath": "C:\\Windows\\system32\\logoncli.dll"
                    }, 
                    {
                        "basename": "schannel.DLL", 
                        "imgsize": 356352, 
                        "baseaddr": "0x7fefc340000", 
                        "filepath": "C:\\Windows\\system32\\schannel.DLL"
                    }, 
                    {
                        "basename": "CRYPT32.dll", 
                        "imgsize": 1470464, 
                        "baseaddr": "0x7fefcdd0000", 
                        "filepath": "C:\\Windows\\system32\\CRYPT32.dll"
                    }, 
                    {
                        "basename": "wdigest.DLL", 
                        "imgsize": 221184, 
                        "baseaddr": "0x7fefc300000", 
                        "filepath": "C:\\Windows\\system32\\wdigest.DLL"
                    }, 
                    {
                        "basename": "rsaenh.dll", 
                        "imgsize": 290816, 
                        "baseaddr": "0x7fefc2b0000", 
                        "filepath": "C:\\Windows\\system32\\rsaenh.dll"
                    }, 
                    {
                        "basename": "tspkg.DLL", 
                        "imgsize": 98304, 
                        "baseaddr": "0x7fefc290000", 
                        "filepath": "C:\\Windows\\system32\\tspkg.DLL"
                    }, 
                    {
                        "basename": "pku2u.DLL", 
                        "imgsize": 282624, 
                        "baseaddr": "0x7fefc240000", 
                        "filepath": "C:\\Windows\\system32\\pku2u.DLL"
                    }, 
                    {
                        "basename": "bcryptprimitives.dll", 
                        "imgsize": 311296, 
                        "baseaddr": "0x7fefc1f0000", 
                        "filepath": "C:\\Windows\\system32\\bcryptprimitives.dll"
                    }, 
                    {
                        "basename": "RpcRtRemote.dll", 
                        "imgsize": 81920, 
                        "baseaddr": "0x7fefcd00000", 
                        "filepath": "C:\\Windows\\system32\\RpcRtRemote.dll"
                    }, 
                    {
                        "basename": "efslsaext.dll", 
                        "imgsize": 73728, 
                        "baseaddr": "0x7fefc1d0000", 
                        "filepath": "C:\\Windows\\system32\\efslsaext.dll"
                    }, 
                    {
                        "basename": "scecli.DLL", 
                        "imgsize": 253952, 
                        "baseaddr": "0x7fefc130000", 
                        "filepath": "C:\\Windows\\system32\\scecli.DLL"
                    }, 
                    {
                        "basename": "credssp.dll", 
                        "imgsize": 40960, 
                        "baseaddr": "0x7fefc1b0000", 
                        "filepath": "C:\\Windows\\system32\\credssp.dll"
                    }, 
                    {
                        "basename": "WINSTA.dll", 
                        "imgsize": 249856, 
                        "baseaddr": "0x7fefcc10000", 
                        "filepath": "C:\\Windows\\system32\\WINSTA.dll"
                    }, 
                    {
                        "basename": "IPHLPAPI.DLL", 
                        "imgsize": 159744, 
                        "baseaddr": "0x7fefbfd0000", 
                        "filepath": "C:\\Windows\\system32\\IPHLPAPI.DLL"
                    }, 
                    {
                        "basename": "WINNSI.DLL", 
                        "imgsize": 45056, 
                        "baseaddr": "0x7fefbfc0000", 
                        "filepath": "C:\\Windows\\system32\\WINNSI.DLL"
                    }, 
                    {
                        "basename": "netutils.dll", 
                        "imgsize": 49152, 
                        "baseaddr": "0x7fefa790000", 
                        "filepath": "C:\\Windows\\system32\\netutils.dll"
                    }, 
                    {
                        "basename": "USERENV.dll", 
                        "imgsize": 122880, 
                        "baseaddr": "0x7fefc060000", 
                        "filepath": "C:\\Windows\\system32\\USERENV.dll"
                    }, 
                    {
                        "basename": "profapi.dll", 
                        "imgsize": 61440, 
                        "baseaddr": "0x7fefcd20000", 
                        "filepath": "C:\\Windows\\system32\\profapi.dll"
                    }, 
                    {
                        "basename": "wshtcpip.dll", 
                        "imgsize": 28672, 
                        "baseaddr": "0x7fefbed0000", 
                        "filepath": "C:\\Windows\\System32\\wshtcpip.dll"
                    }, 
                    {
                        "basename": "monitor-x64.dll", 
                        "imgsize": 2269184, 
                        "baseaddr": "0x744c0000", 
                        "filepath": "C:\\tmpql7zol\\bin\\monitor-x64.dll"
                    }
                ], 
                "time": 0, 
                "tid": 2408, 
                "first_seen": 1742628753.84375, 
                "ppid": 400, 
                "type": "process"
            }
        ], 
        "processtree": [
            {
                "track": false, 
                "pid": 508, 
                "process_name": "lsass.exe", 
                "command_line": "C:\\Windows\\system32\\lsass.exe", 
                "first_seen": 1742628753.84375, 
                "ppid": 400, 
                "children": []
            }
        ]
    }, 
    "debug": {
        "action": [], 
        "dbgview": [], 
        "errors": [], 
        "log": [
            "2025-03-22 06:32:33,000 [analyzer] DEBUG: Starting analyzer from: C:\\tmpql7zol\n", 
            "2025-03-22 06:32:33,015 [analyzer] DEBUG: Pipe server name: \\??\\PIPE\\YtbgTttbJaYwBQLzBdlCdyhGGP\n", 
            "2025-03-22 06:32:33,015 [analyzer] DEBUG: Log pipe server name: \\??\\PIPE\\MfZOrtXlbpqiRcGUnVhhRfjiOGPkBeT\n", 
            "2025-03-22 06:32:33,140 [analyzer] DEBUG: Started auxiliary module DbgView\n", 
            "2025-03-22 06:32:33,640 [analyzer] DEBUG: Started auxiliary module Disguise\n", 
            "2025-03-22 06:32:33,905 [analyzer] DEBUG: Loaded monitor into process with pid 508\n", 
            "2025-03-22 06:32:33,921 [analyzer] DEBUG: Started auxiliary module DumpTLSMasterSecrets\n", 
            "2025-03-22 06:32:33,921 [analyzer] DEBUG: Started auxiliary module Human\n", 
            "2025-03-22 06:32:33,921 [analyzer] DEBUG: Started auxiliary module InstallCertificate\n", 
            "2025-03-22 06:32:33,921 [analyzer] DEBUG: Started auxiliary module Reboot\n", 
            "2025-03-22 06:32:34,092 [analyzer] DEBUG: Started auxiliary module RecentFiles\n", 
            "2025-03-22 06:32:34,092 [modules.auxiliary.screenshots] INFO: Python Image Library (either PIL or Pillow) is not installed, screenshots are disabled.\n", 
            "2025-03-22 06:32:34,092 [analyzer] DEBUG: Started auxiliary module Screenshots\n", 
            "2025-03-22 06:32:34,092 [analyzer] DEBUG: Started auxiliary module LoadZer0m0n\n", 
            "2025-03-22 06:32:34,155 [lib.api.process] ERROR: Failed to execute process from path u'C:\\\\Users\\\\ADMINI~1\\\\AppData\\\\Local\\\\Temp\\\\appidtel.exe' with arguments ['bin\\\\inject-x86.exe', '--app', u'C:\\\\Users\\\\ADMINI~1\\\\AppData\\\\Local\\\\Temp\\\\appidtel.exe', '--only-start', '--curdir', 'C:\\\\Users\\\\ADMINI~1\\\\AppData\\\\Local\\\\Temp'] (Error: Command '['bin\\\\inject-x86.exe', '--app', u'C:\\\\Users\\\\ADMINI~1\\\\AppData\\\\Local\\\\Temp\\\\appidtel.exe', '--only-start', '--curdir', 'C:\\\\Users\\\\ADMINI~1\\\\AppData\\\\Local\\\\Temp']' returned non-zero exit status 1)\n"
        ], 
        "cuckoo": [
            "2025-03-22 06:32:34,486 [cuckoo.core.scheduler] INFO: Task #268: acquired machine 192.168.56.1011 (label=192.168.56.1011)\n", 
            "2025-03-22 06:32:34,486 [cuckoo.core.resultserver] DEBUG: Now tracking machine 192.168.56.101 for task #268\n", 
            "2025-03-22 06:32:34,486 [cuckoo.core.plugins] DEBUG: Started auxiliary module: Replay\n", 
            "2025-03-22 06:32:34,497 [cuckoo.auxiliary.sniffer] INFO: Started sniffer with PID 21219 (interface=vboxnet0, host=192.168.56.101)\n", 
            "2025-03-22 06:32:34,498 [cuckoo.core.plugins] DEBUG: Started auxiliary module: Sniffer\n", 
            "2025-03-22 06:32:34,524 [cuckoo.machinery.virtualbox] DEBUG: Starting vm 192.168.56.1011\n", 
            "2025-03-22 06:32:34,630 [cuckoo.machinery.virtualbox] DEBUG: Restoring virtual machine 192.168.56.1011 to its current snapshot\n", 
            "2025-03-22 06:32:36,658 [cuckoo.core.guest] INFO: Starting analysis #268 on guest (id=192.168.56.1011, ip=192.168.56.101)\n", 
            "2025-03-22 06:32:37,660 [cuckoo.core.guest] DEBUG: 192.168.56.1011: not ready yet\n", 
            "2025-03-22 06:32:38,662 [cuckoo.core.guest] DEBUG: 192.168.56.1011: not ready yet\n", 
            "2025-03-22 06:32:39,664 [cuckoo.core.guest] DEBUG: 192.168.56.1011: not ready yet\n", 
            "2025-03-22 06:32:39,713 [cuckoo.core.guest] DEBUG: 192.168.56.1011: not ready yet\n", 
            "2025-03-22 06:32:40,722 [cuckoo.core.guest] INFO: Guest is running Cuckoo Agent 0.10 (id=192.168.56.1011, ip=192.168.56.101)\n", 
            "2025-03-22 06:32:40,764 [cuckoo.core.guest] DEBUG: Uploading analyzer to guest (id=192.168.56.1011, ip=192.168.56.101, monitor=latest, size=3884763)\n", 
            "2025-03-22 06:32:41,603 [cuckoo.core.resultserver] DEBUG: Task #268: live log analysis.log initialized.\n", 
            "2025-03-22 06:32:42,478 [cuckoo.core.resultserver] DEBUG: Task #268 is sending a BSON stream\n", 
            "2025-03-22 06:32:43,140 [cuckoo.core.guest] WARNING: 192.168.56.1011: analysis #268 caught an exception\n", 
            "Traceback (most recent call last):\n", 
            "  File \"C:/tmpql7zol/analyzer.py\", line 808, in <module>\n", 
            "    success = analyzer.run()\n", 
            "  File \"C:/tmpql7zol/analyzer.py\", line 657, in run\n", 
            "    pids = self.package.start(self.target)\n", 
            "  File \"C:\\tmpql7zol\\modules\\packages\\exe.py\", line 23, in start\n", 
            "    return self.execute(path, args=shlex.split(args))\n", 
            "  File \"C:\\tmpql7zol\\lib\\common\\abstracts.py\", line 166, in execute\n", 
            "    \"Unable to execute the initial process, analysis aborted.\"\n", 
            "CuckooPackageError: Unable to execute the initial process, analysis aborted.\n", 
            "\n", 
            "2025-03-22 06:32:43,146 [cuckoo.core.plugins] DEBUG: Stopped auxiliary module: Replay\n", 
            "2025-03-22 06:32:43,193 [cuckoo.core.plugins] DEBUG: Stopped auxiliary module: Sniffer\n", 
            "2025-03-22 06:32:44,954 [cuckoo.machinery.virtualbox] INFO: Successfully generated memory dump for virtual machine with label 192.168.56.1011 to path /home/tesst/.cuckoo/storage/analyses/268/memory.dmp\n", 
            "2025-03-22 06:32:44,955 [cuckoo.machinery.virtualbox] DEBUG: Stopping vm 192.168.56.1011\n", 
            "2025-03-22 06:32:46,214 [cuckoo.core.resultserver] DEBUG: Stopped tracking machine 192.168.56.101 for task #268\n", 
            "2025-03-22 06:32:46,214 [cuckoo.core.resultserver] DEBUG: Cancel <Context for LOG> for task 268\n", 
            "2025-03-22 06:32:46,218 [cuckoo.core.scheduler] DEBUG: Released database task #268\n", 
            "2025-03-22 06:32:46,238 [cuckoo.core.plugins] DEBUG: Executed processing module \"AnalysisInfo\" for task #268\n", 
            "2025-03-22 06:32:46,240 [cuckoo.core.plugins] DEBUG: Executed processing module \"BehaviorAnalysis\" for task #268\n", 
            "2025-03-22 06:32:46,240 [cuckoo.core.plugins] DEBUG: Executed processing module \"Dropped\" for task #268\n", 
            "2025-03-22 06:32:46,241 [cuckoo.core.plugins] DEBUG: Executed processing module \"DroppedBuffer\" for task #268\n", 
            "2025-03-22 06:32:46,241 [cuckoo.core.plugins] DEBUG: Executed processing module \"MetaInfo\" for task #268\n", 
            "2025-03-22 06:32:46,241 [cuckoo.core.plugins] DEBUG: Executed processing module \"ProcessMemory\" for task #268\n", 
            "2025-03-22 06:32:46,241 [cuckoo.core.plugins] DEBUG: Executed processing module \"Procmon\" for task #268\n", 
            "2025-03-22 06:32:46,242 [cuckoo.core.plugins] DEBUG: Executed processing module \"Screenshots\" for task #268\n", 
            "2025-03-22 06:32:46,416 [cuckoo.core.plugins] DEBUG: Executed processing module \"Static\" for task #268\n", 
            "2025-03-22 06:32:46,417 [cuckoo.core.plugins] DEBUG: Exec"
        ]
    }, 
    "strings": [
        "!This program cannot be run in DOS mode.", 
        "`.data", 
        ".idata", 
        "@.rsrc", 
        "@.reloc", 
        "bad allocation", 
        "permission denied", 
        "file exists", 
        "no such device", 
        "filename too long", 
        "device or resource busy", 
        "io error", 
        "directory not empty", 
        "invalid argument", 
        "no space on device", 
        "no such file or directory", 
        "function not supported", 
        "no lock available", 
        "not enough memory", 
        "resource unavailable try again", 
        "cross device link", 
        "operation canceled", 
        "too many files open", 
        "permission_denied", 
        "address_in_use", 
        "address_not_available", 
        "address_family_not_supported", 
        "connection_already_in_progress", 
        "bad_file_descriptor", 
        "connection_aborted", 
        "connection_refused", 
        "connection_reset", 
        "destination_address_required", 
        "bad_address", 
        "host_unreachable", 
        "operation_in_progress", 
        "interrupted", 
        "invalid_argument", 
        "already_connected", 
        "too_many_files_open", 
        "message_size", 
        "filename_too_long", 
        "network_down", 
        "network_reset", 
        "network_unreachable", 
        "no_buffer_space", 
        "no_protocol_option", 
        "not_connected", 
        "not_a_socket", 
        "operation_not_supported", 
        "protocol_not_supported", 
        "wrong_protocol_type", 
        "timed_out", 
        "operation_would_block", 
        "address family not supported", 
        "address in use", 
        "address not available", 
        "already connected", 
        "argument list too long", 
        "argument out of domain", 
        "bad address", 
        "bad file descriptor", 
        "bad message", 
        "broken pipe", 
        "connection aborted", 
        "connection already in progress", 
        "connection refused", 
        "connection reset", 
        "destination address required", 
        "executable format error", 
        "file too large", 
        "host unreachable", 
        "identifier removed", 
        "illegal byte sequence", 
        "inappropriate io control operation", 
        "invalid seek", 
        "is a directory", 
        "message size", 
        "network down", 
        "network reset", 
        "network unreachable", 
        "no buffer space", 
        "no child process", 
        "no link", 
        "no message available", 
        "no message", 
        "no protocol option", 
        "no stream resources", 
        "no such device or address", 
        "no such process", 
        "not a directory", 
        "not a socket", 
        "not a stream", 
        "not connected", 
        "not supported", 
        "operation in progress", 
        "operation not permitted", 
        "operation not supported", 
        "operation would block", 
        "owner dead", 
        "protocol error", 
        "protocol not supported", 
        "read only file system", 
        "resource deadlock would occur", 
        "result out of range", 
        "state not recoverable", 
        "stream timeout", 
        "text file busy", 
        "timed out", 
        "too many files open in system", 
        "too many links", 
        "too many symbolic link levels", 
        "value too large", 
        "wrong protocol type", 
        "generic", 
        "unknown error", 
        "iostream", 
        "iostream stream error", 
        "system", 
        "invalid string position", 
        "string too long", 
        "appidtel.pdb", 
        ".rdata$brc", 
        ".CRT$XCA", 
        ".CRT$XCAA", 
        ".CRT$XCU", 
        ".CRT$XCZ", 
        ".CRT$XIA", 
        ".CRT$XIAA", 
        ".CRT$XIY", 
        ".CRT$XIZ", 
        ".gfids", 
        ".giats", 
        ".rdata", 
        ".rdata$sxdata", 
        ".rdata$voltmd", 
        ".rdata$zzzdbg", 
        ".text$di", 
        ".text$mn", 
        ".text$x", 
        ".text$yd", 
        ".xdata$x", 
        ".data$brc", 
        ".data$r$brc", 
        ".idata$5", 
        ".00cfg", 
        ".idata$2", 
        ".idata$3", 
        ".idata$4", 
        ".idata$6", 
        ".rsrc$01", 
        ".rsrc$02", 
        "PPPPPPPj", 
        "F958T@", 
        "t#hDT@", 
        ".?AVbad_alloc@std@@", 
        ".?AVexception@@", 
        ".?AVlogic_error@std@@", 
        ".?AVlength_error@std@@", 
        ".?AVout_of_range@std@@", 
        "__CxxFrameHandler3", 
        "_wcsicmp", 
        "??3@YAXPAX@Z", 
        "_purecall", 
        "_wtoi64", 
        "malloc", 
        "_callnewh", 
        "??0exception@@QAE@ABQBD@Z", 
        "??0exception@@QAE@ABQBDH@Z", 
        "??0exception@@QAE@ABV0@@Z", 
        "??1exception@@UAE@XZ", 
        "?what@exception@@UBEPBDXZ", 
        "_CxxThrowException", 
        "memcpy", 
        "memmove", 
        "_XcptFilter", 
        "__p__commode", 
        "_amsg_exit", 
        "__wgetmainargs", 
        "__set_app_type", 
        "_cexit", 
        "__p__fmode", 
        "__setusermatherr", 
        "_initterm", 
        "msvcrt.dll", 
        "_unlock", 
        "__dllonexit", 
        "_onexit", 
        "_except_handler4_common", 
        "??1type_info@@UAE@XZ", 
        "?terminate@@YAXXZ", 
        "_controlfp", 
        "NtQuerySystemTime", 
        "ntdll.dll", 
        "OpenServiceW", 
        "ChangeServiceConfigW", 
        "RegCreateKeyW", 
        "StartServiceW", 
        "RegSetValueExW", 
        "ControlService", 
        "GetLastError", 
        "OpenSCManagerW", 
        "CloseServiceHandle", 
        "RegCloseKey", 
        "SetUnhandledExceptionFilter", 
        "GetModuleHandleW", 
        "QueryPerformanceCounter", 
        "GetCurrentProcessId", 
        "GetCurrentThreadId", 
        "GetSystemTimeAsFileTime", 
        "GetTickCount", 
        "UnhandledExceptionFilter", 
        "GetCurrentProcess", 
        "TerminateProcess", 
        "ADVAPI32.dll", 
        "KERNEL32.dll", 
        "0$0,040<0D0L0T0\\0d0l0t0|0", 
        "1$1,141<1D1L1T1\\1d1l1t1|1", 
        "2$2,242<2D2L2T2\\2l2t2|2", 
        "3$3,343<3D3L3T3\\3d3l3t3|3", 
        "4$4,444<4D4L4T4\\4d4l4t4|4", 
        "5 5$5(5,5054585<5@5D5H5", 
        "6 6,606", 
        "4#52565C5G5P5s5", 
        "687F7e7n7", 
        "788F8e8n8", 
        "9-969X9", 
        ":a:h:}:", 
        "103<3P3o3", 
        "404D4N4n4x4", 
        "787D7J7Q7Z7`7h7n7{7", 
        "8#858=8B8G8i8o8v8{8", 
        "9#9)92979w9", 
        ":\":9:G:X:`:v:~:", 
        ";2;7;M;Y;e;r;~;", 
        "=!='=6=C=", 
        "0#020=0Z0", 
        "1\u001f1&1.161>1J1S1X1^1h1r1", 
        "4=4M4W4y4", 
        "6(646T6`6", 
        "7 7d7x7", 
        "8$808P8\\8|8", 
        "9 9,9L9x9", 
        ":$:,:4:8:<:D:X:t:x:", 
        "0(0@0`0", 
        "ENABLED", 
        "TIMEOUT", 
        "-mionly", 
        "-timeout", 
        "applockerfltr", 
        "System\\CurrentControlSet\\Control\\AppID\\Configuration\\SMARTLOCKER", 
        "VS_VERSION_INFO", 
        "StringFileInfo", 
        "040904B0", 
        "CompanyName", 
        "Microsoft Corporation", 
        "FileDescription", 
        "Initializes Appid ManagedInstaller and Smartscreen Telemetry", 
        "FileVersion", 
        "1.00 (WinBuild.160101.0800)", 
        "InternalName", 
        "appidtel", 
        "LegalCopyright", 
        " Microsoft Corporation. All rights reserved.", 
        "OriginalFilename", 
        "APPIDTEL.EXE", 
        "ProductName", 
        "Microsoft", 
        " Windows", 
        " Operating System", 
        "ProductVersion", 
        "10.0.22621.2506", 
        "VarFileInfo", 
        "Translation"
    ], 
    "metadata": {
        "output": {
            "pcap": {
                "basename": "dump.pcap", 
                "sha256": "8aac627b2b2fa1573c11608379a09be93bc0a63a9c569883b8e47b8c35279f13", 
                "dirname": ""
            }
        }
    }
}