{
    "info": {
        "added": 1742625207.259086, 
        "started": 1742625208.20063, 
        "duration": 11, 
        "ended": 1742625219.285034, 
        "owner": null, 
        "score": 0.2, 
        "id": 269, 
        "category": "file", 
        "git": {
            "head": "13cbe0d9e457be3673304533043e992ead1ea9b2", 
            "fetch_head": "13cbe0d9e457be3673304533043e992ead1ea9b2"
        }, 
        "monitor": "2deb9ccd75d5a7a3fe05b2625b03a8639d6ee36b", 
        "package": "exe", 
        "route": "none", 
        "custom": null, 
        "machine": {
            "status": "stopped", 
            "name": "192.168.56.1011", 
            "label": "192.168.56.1011", 
            "manager": "VirtualBox", 
            "started_on": "2025-03-22 06:33:28", 
            "shutdown_on": "2025-03-22 06:33:39"
        }, 
        "platform": "windows", 
        "version": "2.0.7", 
        "options": "procmemdump=yes,route=none"
    }, 
    "signatures": [
        {
            "families": [], 
            "description": "This executable has a PDB path", 
            "severity": 1, 
            "ttp": {}, 
            "markcount": 1, 
            "references": [], 
            "marks": [
                {
                    "category": "pdb_path", 
                    "ioc": "AppInstallerBackgroundUpdate.pdb", 
                    "type": "ioc", 
                    "description": null
                }
            ], 
            "name": "has_pdb"
        }
    ], 
    "target": {
        "category": "file", 
        "file": {
            "yara": [], 
            "sha1": "1efab13729852f183d7c2f1ac375bb599361f5c8", 
            "name": "AppInstallerBackgroundUpdate.exe", 
            "type": "PE32+ executable (GUI) x86-64, for MS Windows", 
            "sha256": "d64ce04449ef194077862db0095c85014756028df19c98c1c762b96a46828682", 
            "urls": [
                "http://www.microsoft.com/pki/certs/MicRooCerAut_2010-06-23.crt0", 
                "http://www.microsoft.com/pkiops/certs/MicWinProPCA2011_2011-10-19.crt0", 
                "http://www.microsoft.com/pkiops/crl/MicWinProPCA2011_2011-10-19.crl%200a", 
                "http://www.microsoft.com/pkiops/Docs/Repository.htm0", 
                "http://www.microsoft.com/windows0", 
                "http://www.microsoft.com/pkiops/crl/Microsoft%20Time-Stamp%20PCA%202010(1).crl0l", 
                "http://www.microsoft.com/pkiops/certs/Microsoft%20Time-Stamp%20PCA%202010(1).crt0"
            ], 
            "crc32": "3B502ADC", 
            "path": "/home/tesst/.cuckoo/storage/binaries/d64ce04449ef194077862db0095c85014756028df19c98c1c762b96a46828682", 
            "ssdeep": null, 
            "size": 62904, 
            "sha512": "608f313c7791bb6676b57d206f382ce5a14c10df4d74f87fd0add88fbd659a5e06966c06aa839e9efa32d47dddf2dd14c8bb3a500e852da2829397b9d3e1e333", 
            "md5": "b69a06777bc04fae9c40981b46ef6b55"
        }
    }, 
    "network": {
        "tls": [], 
        "udp": [
            {
                "src": "192.168.56.101", 
                "dst": "224.0.0.252", 
                "offset": 1214, 
                "time": 1.3046631813049316, 
                "dport": 5355, 
                "sport": 64614
            }, 
            {
                "src": "192.168.56.101", 
                "dst": "224.0.0.252", 
                "offset": 1534, 
                "time": 1.8226451873779297, 
                "dport": 5355, 
                "sport": 65517
            }, 
            {
                "src": "192.168.56.101", 
                "dst": "239.255.255.250", 
                "offset": 1862, 
                "time": 1.4673089981079102, 
                "dport": 1900, 
                "sport": 64617
            }
        ], 
        "dns_servers": [], 
        "http": [], 
        "icmp": [], 
        "smtp": [], 
        "tcp": [], 
        "smtp_ex": [], 
        "mitm": [], 
        "hosts": [], 
        "pcap_sha256": "5f920cbfcf5f5f702929f0f0850cf42b3ab122b33e217bd79049c4e8bbbdd76c", 
        "dns": [], 
        "http_ex": [], 
        "domains": [], 
        "dead_hosts": [], 
        "sorted_pcap_sha256": "7defcd885e309102fbb70608f531328f88384218fce4c0634f09655aadea7ddc", 
        "irc": [], 
        "https_ex": []
    }, 
    "static": {
        "pdb_path": "AppInstallerBackgroundUpdate.pdb", 
        "pe_imports": [
            {
                "imports": [
                    {
                        "name": "_initterm_e", 
                        "address": "0x140007420"
                    }, 
                    {
                        "name": "_c_exit", 
                        "address": "0x140007428"
                    }, 
                    {
                        "name": "_initterm", 
                        "address": "0x140007430"
                    }, 
                    {
                        "name": "_register_thread_local_exe_atexit_callback", 
                        "address": "0x140007438"
                    }
                ], 
                "dll": "api-ms-win-crt-runtime-l1-1-0.dll"
            }, 
            {
                "imports": [
                    {
                        "name": "_o__cexit", 
                        "address": "0x140007328"
                    }, 
                    {
                        "name": "_o__configthreadlocale", 
                        "address": "0x140007330"
                    }, 
                    {
                        "name": "_o__configure_wide_argv", 
                        "address": "0x140007338"
                    }, 
                    {
                        "name": "_o__crt_atexit", 
                        "address": "0x140007340"
                    }, 
                    {
                        "name": "_o__errno", 
                        "address": "0x140007348"
                    }, 
                    {
                        "name": "_o__exit", 
                        "address": "0x140007350"
                    }, 
                    {
                        "name": "_o__get_wide_winmain_command_line", 
                        "address": "0x140007358"
                    }, 
                    {
                        "name": "_o__initialize_onexit_table", 
                        "address": "0x140007360"
                    }, 
                    {
                        "name": "_o__initialize_wide_environment", 
                        "address": "0x140007368"
                    }, 
                    {
                        "name": "_o__invalid_parameter_noinfo", 
                        "address": "0x140007370"
                    }, 
                    {
                        "name": "_o__register_onexit_function", 
                        "address": "0x140007378"
                    }, 
                    {
                        "name": "_o__seh_filter_exe", 
                        "address": "0x140007380"
                    }, 
                    {
                        "name": "_o__set_app_type", 
                        "address": "0x140007388"
                    }, 
                    {
                        "name": "_o__set_fmode", 
                        "address": "0x140007390"
                    }, 
                    {
                        "name": "_o__set_new_mode", 
                        "address": "0x140007398"
                    }, 
                    {
                        "name": "_o___p__commode", 
                        "address": "0x1400073a0"
                    }, 
                    {
                        "name": "memcpy", 
                        "address": "0x1400073a8"
                    }, 
                    {
                        "name": "_o___stdio_common_vsnwprintf_s", 
                        "address": "0x1400073b0"
                    }, 
                    {
                        "name": "_o_exit", 
                        "address": "0x1400073b8"
                    }, 
                    {
                        "name": "_o_free", 
                        "address": "0x1400073c0"
                    }, 
                    {
                        "name": "_o_terminate", 
                        "address": "0x1400073c8"
                    }, 
                    {
                        "name": "__C_specific_handler", 
                        "address": "0x1400073d0"
                    }, 
                    {
                        "name": "__current_exception", 
                        "address": "0x1400073d8"
                    }, 
                    {
                        "name": "__current_exception_context", 
                        "address": "0x1400073e0"
                    }, 
                    {
                        "name": "_o___stdio_common_vsnprintf_s", 
                        "address": "0x1400073e8"
                    }, 
                    {
                        "name": "_o___std_exception_destroy", 
                        "address": "0x1400073f0"
                    }, 
                    {
                        "name": "_o___std_exception_copy", 
                        "address": "0x1400073f8"
                    }, 
                    {
                        "name": "__std_terminate", 
                        "address": "0x140007400"
                    }, 
                    {
                        "name": "__CxxFrameHandler4", 
                        "address": "0x140007408"
                    }, 
                    {
                        "name": "_CxxThrowException", 
                        "address": "0x140007410"
                    }
                ], 
                "dll": "api-ms-win-crt-private-l1-1-0.dll"
            }, 
            {
                "imports": [
                    {
                        "name": "memset", 
                        "address": "0x140007448"
                    }
                ], 
                "dll": "api-ms-win-crt-string-l1-1-0.dll"
            }, 
            {
                "imports": [
                    {
                        "name": "GetModuleFileNameA", 
                        "address": "0x140007220"
                    }, 
                    {
                        "name": "GetModuleHandleExW", 
                        "address": "0x140007228"
                    }, 
                    {
                        "name": "LoadLibraryExW", 
                        "address": "0x140007230"
                    }, 
                    {
                        "name": "FreeLibrary", 
                        "address": "0x140007238"
                    }, 
                    {
                        "name": "GetProcAddress", 
                        "address": "0x140007240"
                    }, 
                    {
                        "name": "GetModuleHandleW", 
                        "address": "0x140007248"
                    }
                ], 
                "dll": "api-ms-win-core-libraryloader-l1-2-0.dll"
            }, 
            {
                "imports": [
                    {
                        "name": "CreateMutexExW", 
                        "address": "0x1400072d8"
                    }, 
                    {
                        "name": "OpenSemaphoreW", 
                        "address": "0x1400072e0"
                    }, 
                    {
                        "name": "WaitForSingleObjectEx", 
                        "address": "0x1400072e8"
                    }, 
                    {
                        "name": "ReleaseMutex", 
                        "address": "0x1400072f0"
                    }, 
                    {
                        "name": "ReleaseSemaphore", 
                        "address": "0x1400072f8"
                    }, 
                    {
                        "name": "WaitForSingleObject", 
                        "address": "0x140007300"
                    }, 
                    {
                        "name": "CreateSemaphoreExW", 
                        "address": "0x140007308"
                    }
                ], 
                "dll": "api-ms-win-core-synch-l1-1-0.dll"
            }, 
            {
                "imports": [
                    {
                        "name": "HeapFree", 
                        "address": "0x1400071f0"
                    }, 
                    {
                        "name": "GetProcessHeap", 
                        "address": "0x1400071f8"
                    }, 
                    {
                        "name": "HeapAlloc", 
                        "address": "0x140007200"
                    }
                ], 
                "dll": "api-ms-win-core-heap-l1-1-0.dll"
            }, 
            {
                "imports": [
                    {
                        "name": "SetLastError", 
                        "address": "0x1400071b8"
                    }, 
                    {
                        "name": "SetUnhandledExceptionFilter", 
                        "address": "0x1400071c0"
                    }, 
                    {
                        "name": "GetLastError", 
                        "address": "0x1400071c8"
                    }, 
                    {
                        "name": "UnhandledExceptionFilter", 
                        "address": "0x1400071d0"
                    }
                ], 
                "dll": "api-ms-win-core-errorhandling-l1-1-0.dll"
            }, 
            {
                "imports": [
                    {
                        "name": "GetCurrentProcessId", 
                        "address": "0x140007268"
                    }, 
                    {
                        "name": "GetCurrentThreadId", 
                        "address": "0x140007270"
                    }, 
                    {
                        "name": "TerminateProcess", 
                        "address": "0x140007278"
                    }, 
                    {
                        "name": "GetStartupInfoW", 
                        "address": "0x140007280"
                    }, 
                    {
                        "name": "GetCurrentProcess", 
                        "address": "0x140007288"
                    }
                ], 
                "dll": "api-ms-win-core-processthreads-l1-1-0.dll"
            }, 
            {
                "imports": [
                    {
                        "name": "FormatMessageW", 
                        "address": "0x140007258"
                    }
                ], 
                "dll": "api-ms-win-core-localization-l1-2-0.dll"
            }, 
            {
                "imports": [
                    {
                        "name": "IsDebuggerPresent", 
                        "address": "0x140007198"
                    }, 
                    {
                        "name": "DebugBreak", 
                        "address": "0x1400071a0"
                    }, 
                    {
                        "name": "OutputDebugStringW", 
                        "address": "0x1400071a8"
                    }
                ], 
                "dll": "api-ms-win-core-debug-l1-1-0.dll"
            }, 
            {
                "imports": [
                    {
                        "name": "CloseHandle", 
                        "address": "0x1400071e0"
                    }
                ], 
                "dll": "api-ms-win-core-handle-l1-1-0.dll"
            }, 
            {
                "imports": [
                    {
                        "name": "CoCreateInstance", 
                        "address": "0x140007180"
                    }, 
                    {
                        "name": "CoSetProxyBlanket", 
                        "address": "0x140007188"
                    }
                ], 
                "dll": "api-ms-win-core-com-l1-1-0.dll"
            }, 
            {
                "imports": [
                    {
                        "name": "RtlVirtualUnwind", 
                        "address": "0x1400072b8"
                    }, 
                    {
                        "name": "RtlLookupFunctionEntry", 
                        "address": "0x1400072c0"
                    }, 
                    {
                        "name": "RtlCaptureContext", 
                        "address": "0x1400072c8"
                    }
                ], 
                "dll": "api-ms-win-core-rtlsupport-l1-1-0.dll"
            }, 
            {
                "imports": [
                    {
                        "name": "IsProcessorFeaturePresent", 
                        "address": "0x140007298"
                    }
                ], 
                "dll": "api-ms-win-core-processthreads-l1-1-1.dll"
            }, 
            {
                "imports": [
                    {
                        "name": "QueryPerformanceCounter", 
                        "address": "0x1400072a8"
                    }
                ], 
                "dll": "api-ms-win-core-profile-l1-1-0.dll"
            }, 
            {
                "imports": [
                    {
                        "name": "GetSystemTimeAsFileTime", 
                        "address": "0x140007318"
                    }
                ], 
                "dll": "api-ms-win-core-sysinfo-l1-1-0.dll"
            }, 
            {
                "imports": [
                    {
                        "name": "InitializeSListHead", 
                        "address": "0x140007210"
                    }
                ], 
                "dll": "api-ms-win-core-interlocked-l1-1-0.dll"
            }
        ], 
        "peid_signatures": null, 
        "keys": [], 
        "signature": [], 
        "pe_timestamp": "2043-10-16 15:10:24", 
        "pe_exports": [], 
        "imported_dll_count": 17, 
        "pe_imphash": "db517dcd8e27c95037f893b749a20d89", 
        "pe_resources": [], 
        "pe_versioninfo": [], 
        "pe_sections": [
            {
                "size_of_data": "0x00006000", 
                "virtual_address": "0x00001000", 
                "entropy": 5.64055508650836, 
                "name": ".text", 
                "virtual_size": "0x0000516c"
            }, 
            {
                "size_of_data": "0x00003000", 
                "virtual_address": "0x00007000", 
                "entropy": 3.6042682571772744, 
                "name": ".rdata", 
                "virtual_size": "0x000021f6"
            }, 
            {
                "size_of_data": "0x00001000", 
                "virtual_address": "0x0000a000", 
                "entropy": 0.27915698220437174, 
                "name": ".data", 
                "virtual_size": "0x00000900"
            }, 
            {
                "size_of_data": "0x00001000", 
                "virtual_address": "0x0000b000", 
                "entropy": 1.6406475100964841, 
                "name": ".pdata", 
                "virtual_size": "0x000004ec"
            }, 
            {
                "size_of_data": "0x00001000", 
                "virtual_address": "0x0000c000", 
                "entropy": 0.20074533222140092, 
                "name": ".reloc", 
                "virtual_size": "0x00000058"
            }
        ]
    }, 
    "debug": {
        "action": [], 
        "dbgview": [], 
        "errors": [], 
        "log": [
            "2025-03-22 06:33:27,015 [analyzer] DEBUG: Starting analyzer from: C:\\tmpql7zol\n", 
            "2025-03-22 06:33:27,015 [analyzer] DEBUG: Pipe server name: \\??\\PIPE\\ecFAzwNUCbLErHBrzAwUUr\n", 
            "2025-03-22 06:33:27,015 [analyzer] DEBUG: Log pipe server name: \\??\\PIPE\\RwzfDpdvZGPHVnrpljD\n", 
            "2025-03-22 06:33:27,328 [analyzer] DEBUG: Started auxiliary module DbgView\n", 
            "2025-03-22 06:33:27,875 [analyzer] DEBUG: Started auxiliary module Disguise\n", 
            "2025-03-22 06:33:28,155 [analyzer] DEBUG: Loaded monitor into process with pid 508\n", 
            "2025-03-22 06:33:28,155 [analyzer] DEBUG: Started auxiliary module DumpTLSMasterSecrets\n", 
            "2025-03-22 06:33:28,171 [analyzer] DEBUG: Started auxiliary module Human\n", 
            "2025-03-22 06:33:28,171 [analyzer] DEBUG: Started auxiliary module InstallCertificate\n", 
            "2025-03-22 06:33:28,171 [analyzer] DEBUG: Started auxiliary module Reboot\n", 
            "2025-03-22 06:33:28,328 [analyzer] DEBUG: Started auxiliary module RecentFiles\n", 
            "2025-03-22 06:33:28,328 [analyzer] DEBUG: Started auxiliary module Screenshots\n", 
            "2025-03-22 06:33:28,328 [analyzer] DEBUG: Started auxiliary module LoadZer0m0n\n", 
            "2025-03-22 06:33:28,328 [modules.auxiliary.screenshots] INFO: Python Image Library (either PIL or Pillow) is not installed, screenshots are disabled.\n", 
            "2025-03-22 06:33:28,375 [lib.api.process] ERROR: Failed to execute process from path u'C:\\\\Users\\\\ADMINI~1\\\\AppData\\\\Local\\\\Temp\\\\AppInstallerBackgroundUpdate.exe' with arguments ['bin\\\\inject-x64.exe', '--app', u'C:\\\\Users\\\\ADMINI~1\\\\AppData\\\\Local\\\\Temp\\\\AppInstallerBackgroundUpdate.exe', '--only-start', '--curdir', 'C:\\\\Users\\\\ADMINI~1\\\\AppData\\\\Local\\\\Temp'] (Error: Command '['bin\\\\inject-x64.exe', '--app', u'C:\\\\Users\\\\ADMINI~1\\\\AppData\\\\Local\\\\Temp\\\\AppInstallerBackgroundUpdate.exe', '--only-start', '--curdir', 'C:\\\\Users\\\\ADMINI~1\\\\AppData\\\\Local\\\\Temp']' returned non-zero exit status 1)\n"
        ], 
        "cuckoo": [
            "2025-03-22 06:33:28,229 [cuckoo.core.scheduler] INFO: Task #269: acquired machine 192.168.56.1011 (label=192.168.56.1011)\n", 
            "2025-03-22 06:33:28,229 [cuckoo.core.resultserver] DEBUG: Now tracking machine 192.168.56.101 for task #269\n", 
            "2025-03-22 06:33:28,230 [cuckoo.core.plugins] DEBUG: Started auxiliary module: Replay\n", 
            "2025-03-22 06:33:28,243 [cuckoo.auxiliary.sniffer] INFO: Started sniffer with PID 21582 (interface=vboxnet0, host=192.168.56.101)\n", 
            "2025-03-22 06:33:28,243 [cuckoo.core.plugins] DEBUG: Started auxiliary module: Sniffer\n", 
            "2025-03-22 06:33:28,270 [cuckoo.machinery.virtualbox] DEBUG: Starting vm 192.168.56.1011\n", 
            "2025-03-22 06:33:28,354 [cuckoo.machinery.virtualbox] DEBUG: Restoring virtual machine 192.168.56.1011 to its current snapshot\n", 
            "2025-03-22 06:33:30,406 [cuckoo.core.guest] INFO: Starting analysis #269 on guest (id=192.168.56.1011, ip=192.168.56.101)\n", 
            "2025-03-22 06:33:31,409 [cuckoo.core.guest] DEBUG: 192.168.56.1011: not ready yet\n", 
            "2025-03-22 06:33:32,412 [cuckoo.core.guest] DEBUG: 192.168.56.1011: not ready yet\n", 
            "2025-03-22 06:33:33,416 [cuckoo.core.guest] DEBUG: 192.168.56.1011: not ready yet\n", 
            "2025-03-22 06:33:33,424 [cuckoo.core.guest] INFO: Guest is running Cuckoo Agent 0.10 (id=192.168.56.1011, ip=192.168.56.101)\n", 
            "2025-03-22 06:33:33,462 [cuckoo.core.guest] DEBUG: Uploading analyzer to guest (id=192.168.56.1011, ip=192.168.56.101, monitor=latest, size=3884763)\n", 
            "2025-03-22 06:33:34,147 [cuckoo.core.resultserver] DEBUG: Task #269: live log analysis.log initialized.\n", 
            "2025-03-22 06:33:35,883 [cuckoo.core.guest] WARNING: 192.168.56.1011: analysis #269 caught an exception\n", 
            "Traceback (most recent call last):\n", 
            "  File \"C:/tmpql7zol/analyzer.py\", line 808, in <module>\n", 
            "    success = analyzer.run()\n", 
            "  File \"C:/tmpql7zol/analyzer.py\", line 657, in run\n", 
            "    pids = self.package.start(self.target)\n", 
            "  File \"C:\\tmpql7zol\\modules\\packages\\exe.py\", line 23, in start\n", 
            "    return self.execute(path, args=shlex.split(args))\n", 
            "  File \"C:\\tmpql7zol\\lib\\common\\abstracts.py\", line 166, in execute\n", 
            "    \"Unable to execute the initial process, analysis aborted.\"\n", 
            "CuckooPackageError: Unable to execute the initial process, analysis aborted.\n", 
            "\n", 
            "2025-03-22 06:33:35,889 [cuckoo.core.plugins] DEBUG: Stopped auxiliary module: Replay\n", 
            "2025-03-22 06:33:35,929 [cuckoo.core.plugins] DEBUG: Stopped auxiliary module: Sniffer\n", 
            "2025-03-22 06:33:37,944 [cuckoo.machinery.virtualbox] INFO: Successfully generated memory dump for virtual machine with label 192.168.56.1011 to path /home/tesst/.cuckoo/storage/analyses/269/memory.dmp\n", 
            "2025-03-22 06:33:37,945 [cuckoo.machinery.virtualbox] DEBUG: Stopping vm 192.168.56.1011\n", 
            "2025-03-22 06:33:39,275 [cuckoo.core.resultserver] DEBUG: Stopped tracking machine 192.168.56.101 for task #269\n", 
            "2025-03-22 06:33:39,275 [cuckoo.core.resultserver] DEBUG: Cancel <Context for LOG> for task 269\n", 
            "2025-03-22 06:33:39,279 [cuckoo.core.scheduler] DEBUG: Released database task #269\n", 
            "2025-03-22 06:33:39,300 [cuckoo.core.plugins] DEBUG: Executed processing module \"AnalysisInfo\" for task #269\n", 
            "2025-03-22 06:33:39,300 [cuckoo.processing.behavior] WARNING: Analysis results folder does not contain any behavior log files.\n", 
            "2025-03-22 06:33:39,300 [cuckoo.core.plugins] DEBUG: Executed processing module \"BehaviorAnalysis\" for task #269\n", 
            "2025-03-22 06:33:39,301 [cuckoo.core.plugins] DEBUG: Executed processing module \"Dropped\" for task #269\n", 
            "2025-03-22 06:33:39,301 [cuckoo.core.plugins] DEBUG: Executed processing module \"DroppedBuffer\" for task #269\n", 
            "2025-03-22 06:33:39,301 [cuckoo.core.plugins] DEBUG: Executed processing module \"MetaInfo\" for task #269\n", 
            "2025-03-22 06:33:39,301 [cuckoo.core.plugins] DEBUG: Executed processing module \"ProcessMemory\" for task #269\n", 
            "2025-03-22 06:33:39,301 [cuckoo.core.plugins] DEBUG: Executed processing module \"Procmon\" for task #269\n", 
            "2025-03-22 06:33:39,301 [cuckoo.core.plugins] DEBUG: Executed processing module \"Screenshots\" for task #269\n", 
            "2025-03-22 06:33:39,468 [cuckoo.processing.static] CRITICAL: You do not have the m2crypto library installed preventing certificate extraction. Please read the Cuckoo documentation on installing m2crypto (you "
        ]
    }, 
    "strings": [
        "!This program cannot be run in DOS mode.", 
        "`.rdata", 
        "@.data", 
        ".pdata", 
        "@.reloc", 
        "L$ SVWAVH", 
        "8A^_^[", 
        "K SUVWH", 
        "\\$ UVWAVAWH", 
        "A_A^_^]", 
        "\\$ UVWH", 
        "L$ SVWH", 
        "t$ WATAUAVAWH", 
        "fD94Ou", 
        "t4E88t/H", 
        " A_A^A]A\\_", 
        "UVWATAUAVAWH", 
        "@A_A^A]A\\_^]", 
        "x UAVAWH", 
        "t/HcL$$A", 
        "HcD$ H", 
        "UVWATAUAVAWH", 
        "}HL9M@t", 
        "L97sKI", 
        " A_A^A]A\\_^]", 
        "u%H!\\$8H", 
        "t$ UWAVH", 
        "UVWATAUAVAWH", 
        "A_A^A]A\\_^]", 
        "t:fA9(t4H", 
        "fA9,@u", 
        "t$ UWATAVAWH", 
        "D9d$(|", 
        "D$,D8%E`", 
        "@USVWATAVAWH", 
        "A_A^A\\_^[]", 
        "q0R^G'", 
        "q0R^G'", 
        "q0R^G'", 
        "q0R^G'", 
        " H3E H3E", 
        "u/HcH<H", 
        "Unknown exception", 
        "Exception", 
        "ReturnNt", 
        "ReturnHr", 
        "FailFast", 
        "RaiseFailFastException", 
        "onecore\\internal\\sdk\\inc\\wil\\opensource\\wil\\resource.h", 
        "WilError_03", 
        "RtlDllShutdownInProgress", 
        "RtlDisownModuleHeapAllocation", 
        "WilFailureNotifyWatchers", 
        "AppInstallerUpdateAllTask", 
        "onecore\\admin\\appmodel\\appinstallerbackgroundupdate\\main.cpp", 
        "AppInstallerBackgroundUpdate.pdb", 
        ".text$di", 
        ".text$mn", 
        ".text$mn$00", 
        ".text$x", 
        ".text$yd", 
        ".rdata$brc", 
        ".idata$5", 
        ".00cfg", 
        ".CRT$XCA", 
        ".CRT$XCAA", 
        ".CRT$XCU", 
        ".CRT$XCZ", 
        ".CRT$XIA", 
        ".CRT$XIAA", 
        ".CRT$XIAC", 
        ".CRT$XIC", 
        ".CRT$XIZ", 
        ".CRT$XPA", 
        ".CRT$XPZ", 
        ".CRT$XTA", 
        ".CRT$XTZ", 
        ".gehcont", 
        ".gfids", 
        ".rdata", 
        ".rdata$r", 
        ".rdata$voltmd", 
        ".rdata$zzzdbg", 
        ".rtc$IAA", 
        ".rtc$IZZ", 
        ".rtc$TAA", 
        ".rtc$TZZ", 
        ".xdata", 
        ".xdata$x", 
        ".idata$2", 
        ".idata$3", 
        ".idata$4", 
        ".idata$6", 
        ".data$brc", 
        ".data$r$brc", 
        ".data$rs$brc", 
        ".pdata", 
        "_initterm", 
        "_initterm_e", 
        "_c_exit", 
        "_register_thread_local_exe_atexit_callback", 
        "api-ms-win-crt-runtime-l1-1-0.dll", 
        "__CxxFrameHandler4", 
        "__std_terminate", 
        "_o___p__commode", 
        "_o___std_exception_copy", 
        "_o___std_exception_destroy", 
        "_o___stdio_common_vsnprintf_s", 
        "_o___stdio_common_vsnwprintf_s", 
        "_o__cexit", 
        "_o__configthreadlocale", 
        "_o__configure_wide_argv", 
        "_o__crt_atexit", 
        "_o__errno", 
        "_o__exit", 
        "_o__get_wide_winmain_command_line", 
        "_o__initialize_onexit_table", 
        "_o__initialize_wide_environment", 
        "_o__invalid_parameter_noinfo", 
        "_o__register_onexit_function", 
        "_o__seh_filter_exe", 
        "_o__set_app_type", 
        "_o__set_fmode", 
        "_o__set_new_mode", 
        "_o_exit", 
        "_o_free", 
        "_o_terminate", 
        "__C_specific_handler", 
        "__current_exception", 
        "__current_exception_context", 
        "memset", 
        "api-ms-win-crt-private-l1-1-0.dll", 
        "api-ms-win-crt-string-l1-1-0.dll", 
        "GetModuleFileNameA", 
        "CreateSemaphoreExW", 
        "HeapFree", 
        "SetLastError", 
        "ReleaseSemaphore", 
        "GetModuleHandleExW", 
        "WaitForSingleObject", 
        "GetCurrentThreadId", 
        "ReleaseMutex", 
        "FormatMessageW", 
        "GetLastError", 
        "OutputDebugStringW", 
        "WaitForSingleObjectEx", 
        "OpenSemaphoreW", 
        "CloseHandle", 
        "HeapAlloc", 
        "GetProcAddress", 
        "CreateMutexExW", 
        "GetCurrentProcessId", 
        "GetProcessHeap", 
        "GetModuleHandleW", 
        "DebugBreak", 
        "IsDebuggerPresent", 
        "LoadLibraryExW", 
        "CoCreateInstance", 
        "CoSetProxyBlanket", 
        "FreeLibrary", 
        "RtlCaptureContext", 
        "RtlLookupFunctionEntry", 
        "RtlVirtualUnwind", 
        "UnhandledExceptionFilter", 
        "SetUnhandledExceptionFilter", 
        "GetCurrentProcess", 
        "TerminateProcess", 
        "IsProcessorFeaturePresent", 
        "QueryPerformanceCounter", 
        "GetSystemTimeAsFileTime", 
        "InitializeSListHead", 
        "GetStartupInfoW", 
        "api-ms-win-core-libraryloader-l1-2-0.dll", 
        "api-ms-win-core-synch-l1-1-0.dll", 
        "api-ms-win-core-heap-l1-1-0.dll", 
        "api-ms-win-core-errorhandling-l1-1-0.dll", 
        "api-ms-win-core-processthreads-l1-1-0.dll", 
        "api-ms-win-core-localization-l1-2-0.dll", 
        "api-ms-win-core-debug-l1-1-0.dll", 
        "api-ms-win-core-handle-l1-1-0.dll", 
        "api-ms-win-core-com-l1-1-0.dll", 
        "api-ms-win-core-rtlsupport-l1-1-0.dll", 
        "api-ms-win-core-processthreads-l1-1-1.dll", 
        "api-ms-win-core-profile-l1-1-0.dll", 
        "api-ms-win-core-sysinfo-l1-1-0.dll", 
        "api-ms-win-core-interlocked-l1-1-0.dll", 
        "_CxxThrowException", 
        "memcpy", 
        ".?AVResultException@wil@@", 
        ".?AVexception@std@@", 
        ".?AVtype_info@@", 
        "Washington1", 
        "Redmond1", 
        "Microsoft Corporation1.0,", 
        "%Microsoft Windows Production PCA 20110", 
        "240912200407Z", 
        "250911200407Z0p1", 
        "Washington1", 
        "Redmond1", 
        "Microsoft Corporation1", 
        "Microsoft Windows0", 
        "Microsoft Corporation1", 
        "229879+5029570\u001f", 
        "Fhttp://www.microsoft.com/pkiops/crl/MicWinProPCA2011_2011-10-19.crl%200a", 
        "Ehttp://www.microsoft.com/pkiops/certs/MicWinProPCA2011_2011-10-19.crt0", 
        "Washington1", 
        "Redmond1", 
        "Microsoft Corporation1200", 
        ")Microsoft Root Certificate Authority 20100", 
        "111019184142Z", 
        "261019185142Z0", 
        "Washington1", 
        "Redmond1", 
        "Microsoft Corporation1.0,", 
        "%Microsoft Windows Production PCA 20110", 
        "i\u001f%(\\6", 
        "Ehttp://crl.microsoft.com/pki/crl/products/MicRooCerAut_2010-06-23.crl0Z", 
        ">http://www.microsoft.com/pki/certs/MicRooCerAut_2010-06-23.crt0", 
        "Washington1", 
        "Redmond1", 
        "Microsoft Corporation1.0,", 
        "%Microsoft Windows Production PCA 2011", 
        " http://www.microsoft.com/windows0", 
        "20250123040713.949Z0", 
        "Washington1", 
        "Redmond1", 
        "Microsoft Corporation1-0+", 
        "$Microsoft Ireland Operations Limited1'0%", 
        "nShield TSS ESN:571A-05E0-D9471%0#", 
        "Microsoft Time-Stamp Service", 
        "Washington1", 
        "Redmond1", 
        "Microsoft Corporation1&0$", 
        "Microsoft Time-Stamp PCA 20100", 
        "240725183113Z", 
        "251022183113Z0", 
        "Washington1", 
        "Redmond1", 
        "Microsoft Corporation1-0+", 
        "$Microsoft Ireland Operations Limited1'0%", 
        "nShield TSS ESN:571A-05E0-D9471%0#", 
        "Microsoft Time-Stamp Service0", 
        "Nhttp://www.microsoft.com/pkiops/crl/Microsoft%20Time-Stamp%20PCA%202010(1).crl0l", 
        "Phttp://www.microsoft.com/pkiops/certs/Microsoft%20Time-Stamp%20PCA%202010(1).crt0", 
        "6vu#}k", 
        "Washington1", 
        "Redmond1", 
        "Microsoft Corporation1200", 
        ")Microsoft Root Certificate Authority 20100", 
        "210930182225Z", 
        "300930183225Z0|1", 
        "Washington1", 
        "Redmond1", 
        "Microsoft Corporation1&0$", 
        "Microsoft Time-Stamp PCA 20100", 
        "3http://www.microsoft.com/pkiops/Docs/Repository.htm0", 
        "Ehttp://crl.microsoft.com/pki/crl/products/MicRooCerAut_2010-06-23.crl0Z", 
        ">http://www.microsoft.com/pki/certs/MicRooCerAut_2010-06-23.crt0", 
        "as.,k{n?,", 
        "Washington1", 
        "Redmond1", 
        "Microsoft Corporation1-0+", 
        "$Microsoft Ireland Operations Limited1'0%", 
        "nShield TSS ESN:571A-05E0-D9471%0#", 
        "Microsoft Time-Stamp Service", 
        "Washington1", 
        "Redmond1", 
        "Microsoft Corporation1&0$", 
        "Microsoft Time-Stamp PCA 20100", 
        "20250122181112Z", 
        "20250123181112Z0t0:", 
        "$F5kxj", 
        "V[ah w", 
        "Washington1", 
        "Redmond1", 
        "Microsoft Corporation1&0$", 
        "Microsoft Time-Stamp PCA 2010", 
        "Washington1", 
        "Redmond1", 
        "Microsoft Corporation1&0$", 
        "Microsoft Time-Stamp PCA 2010", 
        "%hs(%u)\\%hs!%p: ", 
        "%hs!%p: ", 
        "(caller: %p) ", 
        "%hs(%d) tid(%x) %08X %ws", 
        "Msg:[%ws] ", 
        "CallContext:[%hs] ", 
        "[%hs(%hs)]", 
        "kernelbase.dll", 
        "ntdll.dll", 
        "Local\\SM0:%lu:%lu:%hs", 
        "AppxDeploymentClient.dll", 
        "AppInstallerBackgroundUpdate", 
        "\"Microsoft Window"
    ], 
    "metadata": {
        "output": {
            "pcap": {
                "basename": "dump.pcap", 
                "sha256": "5f920cbfcf5f5f702929f0f0850cf42b3ab122b33e217bd79049c4e8bbbdd76c", 
                "dirname": ""
            }
        }
    }
}