{
    "info": {
        "added": 1742625425.781474, 
        "started": 1742625425.79024, 
        "duration": 10, 
        "ended": 1742625436.653874, 
        "owner": null, 
        "score": 0.8, 
        "id": 273, 
        "category": "file", 
        "git": {
            "head": "13cbe0d9e457be3673304533043e992ead1ea9b2", 
            "fetch_head": "13cbe0d9e457be3673304533043e992ead1ea9b2"
        }, 
        "monitor": "2deb9ccd75d5a7a3fe05b2625b03a8639d6ee36b", 
        "package": "exe", 
        "route": "none", 
        "custom": null, 
        "machine": {
            "status": "stopped", 
            "name": "192.168.56.1011", 
            "label": "192.168.56.1011", 
            "manager": "VirtualBox", 
            "started_on": "2025-03-22 06:37:05", 
            "shutdown_on": "2025-03-22 06:37:16"
        }, 
        "platform": "windows", 
        "version": "2.0.7", 
        "options": "procmemdump=yes,route=none"
    }, 
    "signatures": [
        {
            "families": [], 
            "description": "This executable has a PDB path", 
            "severity": 1, 
            "ttp": {}, 
            "markcount": 1, 
            "references": [], 
            "marks": [
                {
                    "category": "pdb_path", 
                    "ioc": "ApproveChildRequest.pdb", 
                    "type": "ioc", 
                    "description": null
                }
            ], 
            "name": "has_pdb"
        }, 
        {
            "families": [], 
            "description": "The file contains an unknown PE resource name possibly indicative of a packer", 
            "severity": 1, 
            "ttp": {
                "T1045": {
                    "short": "Software Packing", 
                    "long": "Software packing is a method of compressing or encrypting an executable. Packing an executable changes the file signature in an attempt to avoid signature-based detection. Most decompression techniques decompress the executable code in memory."
                }
            }, 
            "markcount": 1, 
            "references": [], 
            "marks": [
                {
                    "category": "resource name", 
                    "ioc": "MUI", 
                    "type": "ioc", 
                    "description": null
                }
            ], 
            "name": "pe_unknown_resource_name"
        }, 
        {
            "families": [], 
            "description": "The binary likely contains encrypted or compressed data indicative of a packer", 
            "severity": 2, 
            "ttp": {
                "T1045": {
                    "short": "Software Packing", 
                    "long": "Software packing is a method of compressing or encrypting an executable. Packing an executable changes the file signature in an attempt to avoid signature-based detection. Most decompression techniques decompress the executable code in memory."
                }
            }, 
            "markcount": 2, 
            "references": [
                "http://www.forensickb.com/2013/03/file-entropy-explained.html", 
                "http://virii.es/U/Using%20Entropy%20Analysis%20to%20Find%20Encrypted%20and%20Packed%20Malware.pdf"
            ], 
            "marks": [
                {
                    "entropy": 7.291377786597785, 
                    "section": {
                        "size_of_data": "0x00018000", 
                        "virtual_address": "0x00025000", 
                        "entropy": 7.291377786597785, 
                        "name": ".rsrc", 
                        "virtual_size": "0x000174d8"
                    }, 
                    "type": "generic", 
                    "description": "A section with a high entropy has been found"
                }, 
                {
                    "entropy": 0.39344262295081966, 
                    "type": "generic", 
                    "description": "Overall entropy of this PE file is high"
                }
            ], 
            "name": "packer_entropy"
        }
    ], 
    "target": {
        "category": "file", 
        "file": {
            "yara": [], 
            "sha1": "058a90634bd160f4885488786422451722615814", 
            "name": "ApproveChildRequest.exe", 
            "type": "PE32+ executable (GUI) x86-64, for MS Windows", 
            "sha256": "d1babc50794ddf3bbe47cfff623e92f81a919cd94014ece7c7a5629883063ba8", 
            "urls": [], 
            "crc32": "BAC1E14F", 
            "path": "/home/tesst/.cuckoo/storage/binaries/d1babc50794ddf3bbe47cfff623e92f81a919cd94014ece7c7a5629883063ba8", 
            "ssdeep": null, 
            "size": 253952, 
            "sha512": "9732e773bd63304240280aa21d2f30171517bd8efd9dd78e12ea2c162e0adfc0e58527f31e86894461da5e71cde729ebea17a6d6df7717bf22a735a2f0e4fa22", 
            "md5": "62fd0ecf723355357c3bf1d7ff0e0a43"
        }
    }, 
    "network": {
        "tls": [], 
        "udp": [
            {
                "src": "192.168.56.101", 
                "dst": "224.0.0.252", 
                "offset": 1214, 
                "time": 1.5846519470214844, 
                "dport": 5355, 
                "sport": 64412
            }, 
            {
                "src": "192.168.56.101", 
                "dst": "224.0.0.252", 
                "offset": 1542, 
                "time": 0.06070303916931152, 
                "dport": 5355, 
                "sport": 64614
            }, 
            {
                "src": "192.168.56.101", 
                "dst": "224.0.0.252", 
                "offset": 1870, 
                "time": 1.2918050289154053, 
                "dport": 5355, 
                "sport": 65517
            }, 
            {
                "src": "192.168.56.101", 
                "dst": "239.255.255.250", 
                "offset": 2190, 
                "time": 1.4405920505523682, 
                "dport": 1900, 
                "sport": 65520
            }
        ], 
        "dns_servers": [], 
        "http": [], 
        "icmp": [], 
        "smtp": [], 
        "tcp": [], 
        "smtp_ex": [], 
        "mitm": [], 
        "hosts": [], 
        "pcap_sha256": "158b787e75ca6afbafc87d14db306ab8532f0e269779185108d65b0f1a815e63", 
        "dns": [], 
        "http_ex": [], 
        "domains": [], 
        "dead_hosts": [], 
        "sorted_pcap_sha256": "f2f85f1863c800004311e087473423ffbd53442f703ccaa737ed18470ebe78f5", 
        "irc": [], 
        "https_ex": []
    }, 
    "static": {
        "pdb_path": "ApproveChildRequest.pdb", 
        "pe_imports": [
            {
                "imports": [
                    {
                        "name": "UnregisterTraceGuids", 
                        "address": "0x140017aa0"
                    }, 
                    {
                        "name": "RegisterTraceGuidsW", 
                        "address": "0x140017aa8"
                    }, 
                    {
                        "name": "GetTraceEnableLevel", 
                        "address": "0x140017ab0"
                    }, 
                    {
                        "name": "GetTraceEnableFlags", 
                        "address": "0x140017ab8"
                    }, 
                    {
                        "name": "GetTraceLoggerHandle", 
                        "address": "0x140017ac0"
                    }, 
                    {
                        "name": "TraceMessage", 
                        "address": "0x140017ac8"
                    }, 
                    {
                        "name": "EventWriteTransfer", 
                        "address": "0x140017ad0"
                    }, 
                    {
                        "name": "EventActivityIdControl", 
                        "address": "0x140017ad8"
                    }
                ], 
                "dll": "ADVAPI32.dll"
            }, 
            {
                "imports": [
                    {
                        "name": "OutputDebugStringW", 
                        "address": "0x140017ae8"
                    }, 
                    {
                        "name": "WaitForSingleObjectEx", 
                        "address": "0x140017af0"
                    }, 
                    {
                        "name": "OpenSemaphoreW", 
                        "address": "0x140017af8"
                    }, 
                    {
                        "name": "CloseHandle", 
                        "address": "0x140017b00"
                    }, 
                    {
                        "name": "HeapSetInformation", 
                        "address": "0x140017b08"
                    }, 
                    {
                        "name": "HeapAlloc", 
                        "address": "0x140017b10"
                    }, 
                    {
                        "name": "GetErrorMode", 
                        "address": "0x140017b18"
                    }, 
                    {
                        "name": "GetProcAddress", 
                        "address": "0x140017b20"
                    }, 
                    {
                        "name": "CreateMutexExW", 
                        "address": "0x140017b28"
                    }, 
                    {
                        "name": "LocalFree", 
                        "address": "0x140017b30"
                    }, 
                    {
                        "name": "GetCurrentProcessId", 
                        "address": "0x140017b38"
                    }, 
                    {
                        "name": "GetProcessHeap", 
                        "address": "0x140017b40"
                    }, 
                    {
                        "name": "GetModuleHandleW", 
                        "address": "0x140017b48"
                    }, 
                    {
                        "name": "DebugBreak", 
                        "address": "0x140017b50"
                    }, 
                    {
                        "name": "IsDebuggerPresent", 
                        "address": "0x140017b58"
                    }, 
                    {
                        "name": "CloseThreadpool", 
                        "address": "0x140017b60"
                    }, 
                    {
                        "name": "SleepConditionVariableSRW", 
                        "address": "0x140017b68"
                    }, 
                    {
                        "name": "WakeAllConditionVariable", 
                        "address": "0x140017b70"
                    }, 
                    {
                        "name": "FormatMessageW", 
                        "address": "0x140017b78"
                    }, 
                    {
                        "name": "DeleteCriticalSection", 
                        "address": "0x140017b80"
                    }, 
                    {
                        "name": "InitializeCriticalSection", 
                        "address": "0x140017b88"
                    }, 
                    {
                        "name": "InitializeSRWLock", 
                        "address": "0x140017b90"
                    }, 
                    {
                        "name": "TlsGetValue", 
                        "address": "0x140017b98"
                    }, 
                    {
                        "name": "AcquireSRWLockShared", 
                        "address": "0x140017ba0"
                    }, 
                    {
                        "name": "ReleaseSRWLockShared", 
                        "address": "0x140017ba8"
                    }, 
                    {
                        "name": "TlsAlloc", 
                        "address": "0x140017bb0"
                    }, 
                    {
                        "name": "TlsFree", 
                        "address": "0x140017bb8"
                    }, 
                    {
                        "name": "TlsSetValue", 
                        "address": "0x140017bc0"
                    }, 
                    {
                        "name": "ConvertFiberToThread", 
                        "address": "0x140017bc8"
                    }, 
                    {
                        "name": "Sleep", 
                        "address": "0x140017bd0"
                    }, 
                    {
                        "name": "QueueUserAPC", 
                        "address": "0x140017bd8"
                    }, 
                    {
                        "name": "OpenThread", 
                        "address": "0x140017be0"
                    }, 
                    {
                        "name": "GetTickCount", 
                        "address": "0x140017be8"
                    }, 
                    {
                        "name": "ReleaseSRWLockExclusive", 
                        "address": "0x140017bf0"
                    }, 
                    {
                        "name": "InitOnceComplete", 
                        "address": "0x140017bf8"
                    }, 
                    {
                        "name": "InitOnceBeginInitialize", 
                        "address": "0x140017c00"
                    }, 
                    {
                        "name": "AcquireSRWLockExclusive", 
                        "address": "0x140017c08"
                    }, 
                    {
                        "name": "ReleaseMutex", 
                        "address": "0x140017c10"
                    }, 
                    {
                        "name": "GetCurrentThreadId", 
                        "address": "0x140017c18"
                    }, 
                    {
                        "name": "WaitForSingleObject", 
                        "address": "0x140017c20"
                    }, 
                    {
                        "name": "SetErrorMode", 
                        "address": "0x140017c28"
                    }, 
                    {
                        "name": "GetModuleHandleExW", 
                        "address": "0x140017c30"
                    }, 
                    {
                        "name": "ReleaseSemaphore", 
                        "address": "0x140017c38"
                    }, 
                    {
                        "name": "SetLastError", 
                        "address": "0x140017c40"
                    }, 
                    {
                        "name": "HeapFree", 
                        "address": "0x140017c48"
                    }, 
                    {
                        "name": "CreateSemaphoreExW", 
                        "address": "0x140017c50"
                    }, 
                    {
                        "name": "GetModuleFileNameA", 
                        "address": "0x140017c58"
                    }, 
                    {
                        "name": "GetLastError", 
                        "address": "0x140017c60"
                    }, 
                    {
                        "name": "OpenEventW", 
                        "address": "0x140017c68"
                    }, 
                    {
                        "name": "CreateEventExW", 
                        "address": "0x140017c70"
                    }
                ], 
                "dll": "KERNEL32.dll"
            }, 
            {
                "imports": [
                    {
                        "name": "?_Xlength_error@std@@YAXPEBD@Z", 
                        "address": "0x140017f50"
                    }, 
                    {
                        "name": "?_Xregex_error@std@@YAXW4error_type@regex_constants@1@@Z", 
                        "address": "0x140017f58"
                    }, 
                    {
                        "name": "?tolower@?$ctype@G@std@@QEBAPEBGPEAGPEBG@Z", 
                        "address": "0x140017f60"
                    }, 
                    {
                        "name": "?_Xbad_function_call@std@@YAXXZ", 
                        "address": "0x140017f68"
                    }, 
                    {
                        "name": "?_Xbad_alloc@std@@YAXXZ", 
                        "address": "0x140017f70"
                    }, 
                    {
                        "name": "??0facet@locale@std@@IEAA@_K@Z", 
                        "address": "0x140017f78"
                    }, 
                    {
                        "name": "??1facet@locale@std@@MEAA@XZ", 
                        "address": "0x140017f80"
                    }, 
                    {
                        "name": "_Wcsxfrm", 
                        "address": "0x140017f88"
                    }, 
                    {
                        "name": "_Wcscoll", 
                        "address": "0x140017f90"
                    }, 
                    {
                        "name": "?_Incref@facet@locale@std@@UEAAXXZ", 
                        "address": "0x140017f98"
                    }, 
                    {
                        "name": "?_Getcat@?$ctype@G@std@@SA_KPEAPEBVfacet@locale@2@PEBV42@@Z", 
                        "address": "0x140017fa0"
                    }, 
                    {
                        "name": "?is@?$ctype@G@std@@QEBA_NFG@Z", 
                        "address": "0x140017fa8"
                    }, 
                    {
                        "name": "?_Decref@facet@locale@std@@UEAAPEAV_Facet_base@3@XZ", 
                        "address": "0x140017fb0"
                    }, 
                    {
                        "name": "??1_Locinfo@std@@QEAA@XZ", 
                        "address": "0x140017fb8"
                    }, 
                    {
                        "name": "??1_Lockit@std@@QEAA@XZ", 
                        "address": "0x140017fc0"
                    }, 
                    {
                        "name": "??0_Locinfo@std@@QEAA@PEBD@Z", 
                        "address": "0x140017fc8"
                    }, 
                    {
                        "name": "??0_Lockit@std@@QEAA@H@Z", 
                        "address": "0x140017fd0"
                    }, 
                    {
                        "name": "?_Getgloballocale@locale@std@@CAPEAV_Locimp@12@XZ", 
                        "address": "0x140017fd8"
                    }, 
                    {
                        "name": "?id@?$ctype@G@std@@2V0locale@2@A", 
                        "address": "0x140017fe0"
                    }, 
                    {
                        "name": "??Bid@locale@std@@QEAA_KXZ", 
                        "address": "0x140017fe8"
                    }, 
                    {
                        "name": "?tolower@?$ctype@G@std@@QEBAGG@Z", 
                        "address": "0x140017ff0"
                    }, 
                    {
                        "name": "?_Init@locale@std@@CAPEAV_Locimp@12@_N@Z", 
                        "address": "0x140017ff8"
                    }, 
                    {
                        "name": "?id@?$collate@G@std@@2V0locale@2@A", 
                        "address": "0x140018000"
                    }, 
                    {
                        "name": "?_Getcoll@_Locinfo@std@@QEBA?AU_Collvec@@XZ", 
                        "address": "0x140018008"
                    }
                ], 
                "dll": "msvcp_win.dll"
            }, 
            {
                "imports": [
                    {
                        "name": "_initterm", 
                        "address": "0x140017ee8"
                    }, 
                    {
                        "name": "_initterm_e", 
                        "address": "0x140017ef0"
                    }, 
                    {
                        "name": "_c_exit", 
                        "address": "0x140017ef8"
                    }, 
                    {
                        "name": "_register_thread_local_exe_atexit_callback", 
                        "address": "0x140017f00"
                    }
                ], 
                "dll": "api-ms-win-crt-runtime-l1-1-0.dll"
            }, 
            {
                "imports": [
                    {
                        "name": "_o__errno", 
                        "address": "0x140017d88"
                    }, 
                    {
                        "name": "_o__exit", 
                        "address": "0x140017d90"
                    }, 
                    {
                        "name": "_o__get_wide_winmain_command_line", 
                        "address": "0x140017d98"
                    }, 
                    {
                        "name": "_o__initialize_onexit_table", 
                        "address": "0x140017da0"
                    }, 
                    {
                        "name": "_o__initialize_wide_environment", 
                        "address": "0x140017da8"
                    }, 
                    {
                        "name": "_o__invalid_parameter_noinfo", 
                        "address": "0x140017db0"
                    }, 
                    {
                        "name": "_o__invalid_parameter_noinfo_noreturn", 
                        "address": "0x140017db8"
                    }, 
                    {
                        "name": "_o__itoa_s", 
                        "address": "0x140017dc0"
                    }, 
                    {
                        "name": "_o__purecall", 
                        "address": "0x140017dc8"
                    }, 
                    {
                        "name": "_o__register_onexit_function", 
                        "address": "0x140017dd0"
                    }, 
                    {
                        "name": "_o__seh_filter_exe", 
                        "address": "0x140017dd8"
                    }, 
                    {
                        "name": "_o__set_app_type", 
                        "address": "0x140017de0"
                    }, 
                    {
                        "name": "_o__set_fmode", 
                        "address": "0x140017de8"
                    }, 
                    {
                        "name": "_o__set_new_mode", 
                        "address": "0x140017df0"
                    }, 
                    {
                        "name": "_o__cexit", 
                        "address": "0x140017df8"
                    }, 
                    {
                        "name": "_o_ceilf", 
                        "address": "0x140017e00"
                    }, 
                    {
                        "name": "_o_exit", 
                        "address": "0x140017e08"
                    }, 
                    {
                        "name": "_o_free", 
                        "address": "0x140017e10"
                    }, 
                    {
                        "name": "_o_iswascii", 
                        "address": "0x140017e18"
                    }, 
                    {
                        "name": "_o_malloc", 
                        "address": "0x140017e20"
                    }, 
                    {
                        "name": "_o_realloc", 
                        "address": "0x140017e28"
                    }, 
                    {
                        "name": "_o_terminate", 
                        "address": "0x140017e30"
                    }, 
                    {
                        "name": "_o_towlower", 
                        "address": "0x140017e38"
                    }, 
                    {
                        "name": "_o_wcscpy_s", 
                        "address": "0x140017e40"
                    }, 
                    {
                        "name": "__C_specific_handler", 
                        "address": "0x140017e48"
                    }, 
                    {
                        "name": "__current_exception", 
                        "address": "0x140017e50"
                    }, 
                    {
                        "name": "__current_exception_context", 
                        "address": "0x140017e58"
                    }, 
                    {
                        "name": "_CxxThrowException", 
                        "address": "0x140017e60"
                    }, 
                    {
                        "name": "_o__callnewh", 
                        "address": "0x140017e68"
                    }, 
                    {
                        "name": "_o__crt_atexit", 
                        "address": "0x140017e70"
                    }, 
                    {
                        "name": "_o__configure_wide_argv", 
                        "address": "0x140017e78"
                    }, 
                    {
                        "name": "_o__configthreadlocale", 
                        "address": "0x140017e80"
                    }, 
                    {
                        "name": "_o___stdio_common_vswprintf", 
                        "address": "0x140017e88"
                    }, 
                    {
                        "name": "_o___stdio_common_vsnprintf_s", 
                        "address": "0x140017e90"
                    }, 
                    {
                        "name": "_o___std_type_info_name", 
                        "address": "0x140017e98"
                    }, 
                    {
                        "name": "_o___std_exception_destroy", 
                        "address": "0x140017ea0"
                    }, 
                    {
                        "name": "_o___std_exception_copy", 
                        "address": "0x140017ea8"
                    }, 
                    {
                        "name": "_o___p__commode", 
                        "address": "0x140017eb0"
                    }, 
                    {
                        "name": "__std_terminate", 
                        "address": "0x140017eb8"
                    }, 
                    {
                        "name": "__CxxFrameHandler4", 
                        "address": "0x140017ec0"
                    }, 
                    {
                        "name": "strchr", 
                        "address": "0x140017ec8"
                    }, 
                    {
                        "name": "memcpy", 
                        "address": "0x140017ed0"
                    }, 
                    {
                        "name": "memmove", 
                        "address": "0x140017ed8"
                    }
                ], 
                "dll": "api-ms-win-crt-private-l1-1-0.dll"
            }, 
            {
                "imports": [
                    {
                        "name": "memset", 
                        "address": "0x140017f10"
                    }
                ], 
                "dll": "api-ms-win-crt-string-l1-1-0.dll"
            }, 
            {
                "imports": [
                    {
                        "name": "SysAllocString", 
                        "address": "0x140017c80"
                    }, 
                    {
                        "name": "SysFreeString", 
                        "address": "0x140017c88"
                    }, 
                    {
                        "name": "VariantClear", 
                        "address": "0x140017c90"
                    }
                ], 
                "dll": "OLEAUT32.dll"
            }, 
            {
                "imports": [
                    {
                        "name": "RtlLookupFunctionEntry", 
                        "address": "0x140017d28"
                    }, 
                    {
                        "name": "RtlCaptureContext", 
                        "address": "0x140017d30"
                    }, 
                    {
                        "name": "RtlVirtualUnwind", 
                        "address": "0x140017d38"
                    }
                ], 
                "dll": "api-ms-win-core-rtlsupport-l1-1-0.dll"
            }, 
            {
                "imports": [
                    {
                        "name": "UnhandledExceptionFilter", 
                        "address": "0x140017cc0"
                    }, 
                    {
                        "name": "SetUnhandledExceptionFilter", 
                        "address": "0x140017cc8"
                    }
                ], 
                "dll": "api-ms-win-core-errorhandling-l1-1-0.dll"
            }, 
            {
                "imports": [
                    {
                        "name": "GetCurrentProcess", 
                        "address": "0x140017ce8"
                    }, 
                    {
                        "name": "TerminateProcess", 
                        "address": "0x140017cf0"
                    }, 
                    {
                        "name": "GetStartupInfoW", 
                        "address": "0x140017cf8"
                    }
                ], 
                "dll": "api-ms-win-core-processthreads-l1-1-0.dll"
            }, 
            {
                "imports": [
                    {
                        "name": "IsProcessorFeaturePresent", 
                        "address": "0x140017d08"
                    }
                ], 
                "dll": "api-ms-win-core-processthreads-l1-1-1.dll"
            }, 
            {
                "imports": [
                    {
                        "name": "QueryPerformanceCounter", 
                        "address": "0x140017d18"
                    }
                ], 
                "dll": "api-ms-win-core-profile-l1-1-0.dll"
            }, 
            {
                "imports": [
                    {
                        "name": "GetSystemTimeAsFileTime", 
                        "address": "0x140017d60"
                    }
                ], 
                "dll": "api-ms-win-core-sysinfo-l1-1-0.dll"
            }, 
            {
                "imports": [
                    {
                        "name": "InitializeSListHead", 
                        "address": "0x140017cd8"
                    }
                ], 
                "dll": "api-ms-win-core-interlocked-l1-1-0.dll"
            }, 
            {
                "imports": [
                    {
                        "name": "EventRegister", 
                        "address": "0x140017f20"
                    }, 
                    {
                        "name": "EventUnregister", 
                        "address": "0x140017f28"
                    }, 
                    {
                        "name": "EventSetInformation", 
                        "address": "0x140017f30"
                    }
                ], 
                "dll": "api-ms-win-eventing-provider-l1-1-0.dll"
            }, 
            {
                "imports": [
                    {
                        "name": "EnterCriticalSection", 
                        "address": "0x140017d48"
                    }, 
                    {
                        "name": "LeaveCriticalSection", 
                        "address": "0x140017d50"
                    }
                ], 
                "dll": "api-ms-win-core-synch-l1-1-0.dll"
            }, 
            {
                "imports": [
                    {
                        "name": "CommandLineToArgvW", 
                        "address": "0x140017f40"
                    }
                ], 
                "dll": "api-ms-win-shcore-obsolete-l1-1-0.dll"
            }, 
            {
                "imports": [
                    {
                        "name": "CoUninitialize", 
                        "address": "0x140018028"
                    }, 
                    {
                        "name": "CoInitializeEx", 
                        "address": "0x140018030"
                    }
                ], 
                "dll": "ole32.dll"
            }, 
            {
                "imports": [
                    {
                        "name": "RoUninitialize", 
                        "address": "0x140017d70"
                    }, 
                    {
                        "name": "RoInitialize", 
                        "address": "0x140017d78"
                    }
                ], 
                "dll": "api-ms-win-core-winrt-l1-1-0.dll"
            }, 
            {
                "imports": [
                    {
                        "name": "PostThreadMessageW", 
                        "address": "0x140017ca0"
                    }
                ], 
                "dll": "USER32.dll"
            }, 
            {
                "imports": [
                    {
                        "name": "CoCreateInstance", 
                        "address": "0x140017cb0"
                    }
                ], 
                "dll": "api-ms-win-core-com-l1-1-0.dll"
            }, 
            {
                "imports": [
                    {
                        "name": "EtwTraceMessage", 
                        "address": "0x140018018"
                    }
                ], 
                "dll": "ntdll.dll"
            }
        ], 
        "peid_signatures": null, 
        "keys": [], 
        "signature": [], 
        "pe_timestamp": "2089-01-20 13:17:59", 
        "pe_exports": [], 
        "imported_dll_count": 22, 
        "pe_imphash": "334a1ef956dc8fefbb9d107317698ca8", 
        "pe_resources": [
            {
                "name": "MUI", 
                "language": "LANG_ENGLISH", 
                "filetype": "data", 
                "sublanguage": "SUBLANG_ENGLISH_US", 
                "offset": "0x0003c408", 
                "size": "0x000000d0"
            }, 
            {
                "name": "RT_ICON", 
                "language": "LANG_ENGLISH", 
                "filetype": "GLS_BINARY_LSB_FIRST", 
                "sublanguage": "SUBLANG_ENGLISH_US", 
                "offset": "0x0003bee0", 
                "size": "0x00000468"
            }, 
            {
                "name": "RT_ICON", 
                "language": "LANG_ENGLISH", 
                "filetype": "GLS_BINARY_LSB_FIRST", 
                "sublanguage": "SUBLANG_ENGLISH_US", 
                "offset": "0x0003bee0", 
                "size": "0x00000468"
            }, 
            {
                "name": "RT_ICON", 
                "language": "LANG_ENGLISH", 
                "filetype": "GLS_BINARY_LSB_FIRST", 
                "sublanguage": "SUBLANG_ENGLISH_US", 
                "offset": "0x0003bee0", 
                "size": "0x00000468"
            }, 
            {
                "name": "RT_ICON", 
                "language": "LANG_ENGLISH", 
                "filetype": "GLS_BINARY_LSB_FIRST", 
                "sublanguage": "SUBLANG_ENGLISH_US", 
                "offset": "0x0003bee0", 
                "size": "0x00000468"
            }, 
            {
                "name": "RT_ICON", 
                "language": "LANG_ENGLISH", 
                "filetype": "GLS_BINARY_LSB_FIRST", 
                "sublanguage": "SUBLANG_ENGLISH_US", 
                "offset": "0x0003bee0", 
                "size": "0x00000468"
            }, 
            {
                "name": "RT_ICON", 
                "language": "LANG_ENGLISH", 
                "filetype": "GLS_BINARY_LSB_FIRST", 
                "sublanguage": "SUBLANG_ENGLISH_US", 
                "offset": "0x0003bee0", 
                "size": "0x00000468"
            }, 
            {
                "name": "RT_ICON", 
                "language": "LANG_ENGLISH", 
                "filetype": "GLS_BINARY_LSB_FIRST", 
                "sublanguage": "SUBLANG_ENGLISH_US", 
                "offset": "0x0003bee0", 
                "size": "0x00000468"
            }, 
            {
                "name": "RT_ICON", 
                "language": "LANG_ENGLISH", 
                "filetype": "GLS_BINARY_LSB_FIRST", 
                "sublanguage": "SUBLANG_ENGLISH_US", 
                "offset": "0x0003bee0", 
                "size": "0x00000468"
            }, 
            {
                "name": "RT_ICON", 
                "language": "LANG_ENGLISH", 
                "filetype": "GLS_BINARY_LSB_FIRST", 
                "sublanguage": "SUBLANG_ENGLISH_US", 
                "offset": "0x0003bee0", 
                "size": "0x00000468"
            }, 
            {
                "name": "RT_ICON", 
                "language": "LANG_ENGLISH", 
                "filetype": "GLS_BINARY_LSB_FIRST", 
                "sublanguage": "SUBLANG_ENGLISH_US", 
                "offset": "0x0003bee0", 
                "size": "0x00000468"
            }, 
            {
                "name": "RT_ICON", 
                "language": "LANG_ENGLISH", 
                "filetype": "GLS_BINARY_LSB_FIRST", 
                "sublanguage": "SUBLANG_ENGLISH_US", 
                "offset": "0x0003bee0", 
                "size": "0x00000468"
            }, 
            {
                "name": "RT_ICON", 
                "language": "LANG_ENGLISH", 
                "filetype": "GLS_BINARY_LSB_FIRST", 
                "sublanguage": "SUBLANG_ENGLISH_US", 
                "offset": "0x0003bee0", 
                "size": "0x00000468"
            }, 
            {
                "name": "RT_ICON", 
                "language": "LANG_ENGLISH", 
                "filetype": "GLS_BINARY_LSB_FIRST", 
                "sublanguage": "SUBLANG_ENGLISH_US", 
                "offset": "0x0003bee0", 
                "size": "0x00000468"
            }, 
            {
                "name": "RT_GROUP_ICON", 
                "language": "LANG_ENGLISH", 
                "filetype": "data", 
                "sublanguage": "SUBLANG_ENGLISH_US", 
                "offset": "0x0003c348", 
                "size": "0x000000bc"
            }, 
            {
                "name": "RT_VERSION", 
                "language": "LANG_ENGLISH", 
                "filetype": "data", 
                "sublanguage": "SUBLANG_ENGLISH_US", 
                "offset": "0x00025380", 
                "size": "0x000003cc"
            }
        ], 
        "pe_versioninfo": [
            {
                "name": "LegalCopyright", 
                "value": "\\xa9 Microsoft Corporation. All rights reserved."
            }, 
            {
                "name": "InternalName", 
                "value": "ApproveChildRequest.exe"
            }, 
            {
                "name": "FileVersion", 
                "value": "10.0.22621.3527 (WinBuild.160101.0800)"
            }, 
            {
                "name": "CompanyName", 
                "value": "Microsoft Corporation"
            }, 
            {
                "name": "ProductName", 
                "value": "Microsoft\\xae Windows\\xae Operating System"
            }, 
            {
                "name": "ProductVersion", 
                "value": "10.0.22621.3527"
            }, 
            {
                "name": "FileDescription", 
                "value": "Grant more screen time"
            }, 
            {
                "name": "OriginalFilename", 
                "value": "ApproveChildRequest.exe"
            }, 
            {
                "name": "Translation", 
                "value": "0x0409 0x04b0"
            }
        ], 
        "pe_sections": [
            {
                "size_of_data": "0x00016000", 
                "virtual_address": "0x00001000", 
                "entropy": 6.159644987286626, 
                "name": ".text", 
                "virtual_size": "0x000158dc"
            }, 
            {
                "size_of_data": "0x00009000", 
                "virtual_address": "0x00017000", 
                "entropy": 4.5967922814755795, 
                "name": ".rdata", 
                "virtual_size": "0x000089c8"
            }, 
            {
                "size_of_data": "0x00003000", 
                "virtual_address": "0x00020000", 
                "entropy": 3.5776186964744987, 
                "name": ".data", 
                "virtual_size": "0x00002e20"
            }, 
            {
                "size_of_data": "0x00002000", 
                "virtual_address": "0x00023000", 
                "entropy": 3.4214735645649488, 
                "name": ".pdata", 
                "virtual_size": "0x0000132c"
            }, 
            {
                "size_of_data": "0x00018000", 
                "virtual_address": "0x00025000", 
                "entropy": 7.291377786597785, 
                "name": ".rsrc", 
                "virtual_size": "0x000174d8"
            }, 
            {
                "size_of_data": "0x00001000", 
                "virtual_address": "0x0003d000", 
                "entropy": 1.8251733845502665, 
                "name": ".reloc", 
                "virtual_size": "0x0000038c"
            }
        ]
    }, 
    "debug": {
        "action": [], 
        "dbgview": [], 
        "errors": [], 
        "log": [
            "2025-03-22 06:37:05,000 [analyzer] DEBUG: Starting analyzer from: C:\\tmpql7zol\n", 
            "2025-03-22 06:37:05,015 [analyzer] DEBUG: Pipe server name: \\??\\PIPE\\POHOrHHdwQfLoOIVGe\n", 
            "2025-03-22 06:37:05,015 [analyzer] DEBUG: Log pipe server name: \\??\\PIPE\\eeVicVMWUPEpwWdKs\n", 
            "2025-03-22 06:37:05,203 [analyzer] DEBUG: Started auxiliary module DbgView\n", 
            "2025-03-22 06:37:05,717 [analyzer] DEBUG: Started auxiliary module Disguise\n", 
            "2025-03-22 06:37:06,046 [analyzer] DEBUG: Loaded monitor into process with pid 508\n", 
            "2025-03-22 06:37:06,046 [analyzer] DEBUG: Started auxiliary module DumpTLSMasterSecrets\n", 
            "2025-03-22 06:37:06,046 [analyzer] DEBUG: Started auxiliary module Human\n", 
            "2025-03-22 06:37:06,046 [analyzer] DEBUG: Started auxiliary module InstallCertificate\n", 
            "2025-03-22 06:37:06,046 [analyzer] DEBUG: Started auxiliary module Reboot\n", 
            "2025-03-22 06:37:06,217 [analyzer] DEBUG: Started auxiliary module RecentFiles\n", 
            "2025-03-22 06:37:06,217 [analyzer] DEBUG: Started auxiliary module Screenshots\n", 
            "2025-03-22 06:37:06,217 [analyzer] DEBUG: Started auxiliary module LoadZer0m0n\n", 
            "2025-03-22 06:37:06,217 [modules.auxiliary.screenshots] INFO: Python Image Library (either PIL or Pillow) is not installed, screenshots are disabled.\n", 
            "2025-03-22 06:37:06,265 [lib.api.process] ERROR: Failed to execute process from path u'C:\\\\Users\\\\ADMINI~1\\\\AppData\\\\Local\\\\Temp\\\\ApproveChildRequest.exe' with arguments ['bin\\\\inject-x64.exe', '--app', u'C:\\\\Users\\\\ADMINI~1\\\\AppData\\\\Local\\\\Temp\\\\ApproveChildRequest.exe', '--only-start', '--curdir', 'C:\\\\Users\\\\ADMINI~1\\\\AppData\\\\Local\\\\Temp'] (Error: Command '['bin\\\\inject-x64.exe', '--app', u'C:\\\\Users\\\\ADMINI~1\\\\AppData\\\\Local\\\\Temp\\\\ApproveChildRequest.exe', '--only-start', '--curdir', 'C:\\\\Users\\\\ADMINI~1\\\\AppData\\\\Local\\\\Temp']' returned non-zero exit status 1)\n"
        ], 
        "cuckoo": [
            "2025-03-22 06:37:05,824 [cuckoo.core.scheduler] INFO: Task #273: acquired machine 192.168.56.1011 (label=192.168.56.1011)\n", 
            "2025-03-22 06:37:05,824 [cuckoo.core.resultserver] DEBUG: Now tracking machine 192.168.56.101 for task #273\n", 
            "2025-03-22 06:37:05,824 [cuckoo.core.plugins] DEBUG: Started auxiliary module: Replay\n", 
            "2025-03-22 06:37:05,846 [cuckoo.auxiliary.sniffer] INFO: Started sniffer with PID 22903 (interface=vboxnet0, host=192.168.56.101)\n", 
            "2025-03-22 06:37:05,847 [cuckoo.core.plugins] DEBUG: Started auxiliary module: Sniffer\n", 
            "2025-03-22 06:37:05,906 [cuckoo.machinery.virtualbox] DEBUG: Starting vm 192.168.56.1011\n", 
            "2025-03-22 06:37:06,020 [cuckoo.machinery.virtualbox] DEBUG: Restoring virtual machine 192.168.56.1011 to its current snapshot\n", 
            "2025-03-22 06:37:08,175 [cuckoo.core.guest] INFO: Starting analysis #273 on guest (id=192.168.56.1011, ip=192.168.56.101)\n", 
            "2025-03-22 06:37:09,178 [cuckoo.core.guest] DEBUG: 192.168.56.1011: not ready yet\n", 
            "2025-03-22 06:37:10,181 [cuckoo.core.guest] DEBUG: 192.168.56.1011: not ready yet\n", 
            "2025-03-22 06:37:11,184 [cuckoo.core.guest] DEBUG: 192.168.56.1011: not ready yet\n", 
            "2025-03-22 06:37:11,198 [cuckoo.core.guest] INFO: Guest is running Cuckoo Agent 0.10 (id=192.168.56.1011, ip=192.168.56.101)\n", 
            "2025-03-22 06:37:11,239 [cuckoo.core.guest] DEBUG: Uploading analyzer to guest (id=192.168.56.1011, ip=192.168.56.101, monitor=latest, size=3884763)\n", 
            "2025-03-22 06:37:11,932 [cuckoo.core.resultserver] DEBUG: Task #273: live log analysis.log initialized.\n", 
            "2025-03-22 06:37:13,669 [cuckoo.core.guest] WARNING: 192.168.56.1011: analysis #273 caught an exception\n", 
            "Traceback (most recent call last):\n", 
            "  File \"C:/tmpql7zol/analyzer.py\", line 808, in <module>\n", 
            "    success = analyzer.run()\n", 
            "  File \"C:/tmpql7zol/analyzer.py\", line 657, in run\n", 
            "    pids = self.package.start(self.target)\n", 
            "  File \"C:\\tmpql7zol\\modules\\packages\\exe.py\", line 23, in start\n", 
            "    return self.execute(path, args=shlex.split(args))\n", 
            "  File \"C:\\tmpql7zol\\lib\\common\\abstracts.py\", line 166, in execute\n", 
            "    \"Unable to execute the initial process, analysis aborted.\"\n", 
            "CuckooPackageError: Unable to execute the initial process, analysis aborted.\n", 
            "\n", 
            "2025-03-22 06:37:13,674 [cuckoo.core.plugins] DEBUG: Stopped auxiliary module: Replay\n", 
            "2025-03-22 06:37:13,710 [cuckoo.core.plugins] DEBUG: Stopped auxiliary module: Sniffer\n", 
            "2025-03-22 06:37:15,375 [cuckoo.machinery.virtualbox] INFO: Successfully generated memory dump for virtual machine with label 192.168.56.1011 to path /home/tesst/.cuckoo/storage/analyses/273/memory.dmp\n", 
            "2025-03-22 06:37:15,377 [cuckoo.machinery.virtualbox] DEBUG: Stopping vm 192.168.56.1011\n", 
            "2025-03-22 06:37:16,643 [cuckoo.core.resultserver] DEBUG: Stopped tracking machine 192.168.56.101 for task #273\n", 
            "2025-03-22 06:37:16,643 [cuckoo.core.resultserver] DEBUG: Cancel <Context for LOG> for task 273\n", 
            "2025-03-22 06:37:16,646 [cuckoo.core.scheduler] DEBUG: Released database task #273\n", 
            "2025-03-22 06:37:16,666 [cuckoo.core.plugins] DEBUG: Executed processing module \"AnalysisInfo\" for task #273\n", 
            "2025-03-22 06:37:16,667 [cuckoo.processing.behavior] WARNING: Analysis results folder does not contain any behavior log files.\n", 
            "2025-03-22 06:37:16,667 [cuckoo.core.plugins] DEBUG: Executed processing module \"BehaviorAnalysis\" for task #273\n", 
            "2025-03-22 06:37:16,667 [cuckoo.core.plugins] DEBUG: Executed processing module \"Dropped\" for task #273\n", 
            "2025-03-22 06:37:16,667 [cuckoo.core.plugins] DEBUG: Executed processing module \"DroppedBuffer\" for task #273\n", 
            "2025-03-22 06:37:16,668 [cuckoo.core.plugins] DEBUG: Executed processing module \"MetaInfo\" for task #273\n", 
            "2025-03-22 06:37:16,668 [cuckoo.core.plugins] DEBUG: Executed processing module \"ProcessMemory\" for task #273\n", 
            "2025-03-22 06:37:16,668 [cuckoo.core.plugins] DEBUG: Executed processing module \"Procmon\" for task #273\n", 
            "2025-03-22 06:37:16,668 [cuckoo.core.plugins] DEBUG: Executed processing module \"Screenshots\" for task #273\n", 
            "2025-03-22 06:37:16,897 [cuckoo.core.plugins] DEBUG: Executed processing module \"Static\" for task #273\n", 
            "2025-03-22 06:37:16,905 [cuckoo.core.plugins] DEBUG: Executed processing module \"Strings\" for task #273\n", 
            "2"
        ]
    }, 
    "strings": [
        "!This program cannot be run in DOS mode.", 
        "`.rdata", 
        "@.data", 
        ".pdata", 
        "@.rsrc", 
        "@.reloc", 
        "\\$ UVWAVAWH", 
        "fA94@u", 
        "fA94@u", 
        "A_A^_^]", 
        "\\$ UVWATAVH", 
        "A^A\\_^]", 
        "\\$ UVWAVAWH", 
        "fA94@u", 
        "fA94@u", 
        "A_A^_^]", 
        "\\$ UVWAVAWH", 
        "fA94@u", 
        "fA94@u", 
        "fA94@u", 
        "A_A^_^]", 
        "L$ SVWAVH", 
        "(A^_^[", 
        "L$ SUVWH", 
        "\\$ UVWAVAWH", 
        "A_A^_^]", 
        "\\$ UVWH", 
        "L$ SVWH", 
        "t$ WATAUAVAWH", 
        "fD94Ou", 
        "t4E88t/H", 
        " A_A^A]A\\_", 
        "SVWAVAWH", 
        "`A_A^_^[", 
        "UVWATAUAVAWH", 
        "@A_A^A]A\\_^]", 
        "x UAVAWH", 
        "t/HcL$$A", 
        "HcD$ H", 
        "UVWATAUAVAWH", 
        "}HL9M@t", 
        "L97sKI", 
        " A_A^A]A\\_^]", 
        "u%H!\\$8H", 
        "x UATAUAVAWH", 
        "fD9,Ou", 
        "A_A^A]A\\]", 
        "UVWATAUAVAWH", 
        "fD9,Su", 
        "fD9,su", 
        "A_A^A]A\\_^]", 
        "fA94Qu", 
        "t$ UWAVH", 
        "UVWATAUAVAWH", 
        "A_A^A]A\\_^]", 
        "t:fA9(t4H", 
        "fA9,@u", 
        "\\$ UVWATAUAVAWH", 
        "D9l$(|", 
        "D$,D8-l", 
        "WAVAWH", 
        " A_A^_", 
        "WAVAWH", 
        " A_A^_", 
        "@USVWATAVAWH", 
        "A_A^A\\_^[]", 
        "UVWATAUAVAWH", 
        "0A_A^A]A\\_^]", 
        "x ATAVAWH", 
        " A_A^A\\", 
        "@USVWAVH", 
        "A^_^[]", 
        "fD94Cu", 
        "D9w u@H", 
        "u[L95'", 
        "@USVWH", 
        "UWAUAVAWH", 
        "A_A^A]_]", 
        "WAVAWH", 
        " A_A^_", 
        "WATAUAVAWH", 
        "0A_A^A]A\\_", 
        "|$ AVH", 
        "UVWATAUAVAWH", 
        "H;\\$xt0H;", 
        "H9l$pu", 
        " A_A^A]A\\_^]", 
        "H9l$pu", 
        "H;\\$pt", 
        "x ATAVAWH", 
        " A_A^A\\", 
        "u_H;{ uY", 
        "@USVWATAVAWH", 
        " A_A^A\\_^[]", 
        "VWAUAVAWH", 
        " A_A^A]_^", 
        "WAVAWH", 
        " A_A^_", 
        "VWATAVAWH", 
        "A_A^A\\_^", 
        "T$8y\"H", 
        "T$8y&I", 
        "T$0H;|$ u", 
        "L;T$(tBI", 
        "{|-ugH", 
        "WATAUAVAWH", 
        " A_A^A]A\\_", 
        "VWATAVAWH", 
        " A_A^A\\_^", 
        "/w5t.A", 
        "F;~ sEL", 
        "t$ WAVAWH", 
        " A_A^_", 
        "UVWATAUAVAWH", 
        " A_A^A]A\\_^]", 
        "x ATAVAWH", 
        ".u H;3tpH", 
        "{|]u&H", 
        "0A_A^A\\", 
        "\\$ UVWATAUAVAWH", 
        "D8T$0H", 
        "A_A^A]A\\_^]", 
        "WAVAWH", 
        " A_A^_", 
        "t49T$0u.H", 
        "@USVWAVH", 
        "A^_^[]", 
        "9w u?H", 
        "USVWAVH", 
        "A^_^[]", 
        "EpH!ExH", 
        "q0R^G'", 
        "q0R^G'", 
        "q0R^G'", 
        "q0R^G'", 
        " H3E H3E", 
        "u/HcH<H", 
        "Unknown exception", 
        "bad array new length", 
        "string too long", 
        "Exception", 
        "ReturnNt", 
        "ReturnHr", 
        "FailFast", 
        "RaiseFailFastException", 
        "onecore\\internal\\sdk\\inc\\wil\\opensource\\wil\\resource.h", 
        "WilError_03", 
        "RtlDllShutdownInProgress", 
        "RtlDisownModuleHeapAllocation", 
        "WilFailureNotifyWatchers", 
        "vector too long", 
        "onecore\\internal\\sdk\\inc\\wil\\opensource\\wil\\result.h", 
        "NamedCallContextActivity", 
        "ounordered_map/set too long", 
        "invalid hash bucket count", 
        "deque<T> too long", 
        "vector<bool> too long", 
        "xdigit", 
        "()$^.*+?[]|\\-{},:=!", 
        "map/set too long", 
        "bad cast", 
        "bad allocation", 
        "CoCreateInstanceAsSystem", 
        "shell\\lib\\comtaskserverutil.cpp", 
        "CoCreateCOMTaskServerObject", 
        "LocalScreenTimeExtensionGranted", 
        "ChildSID", 
        "__TlgCV__", 
        "ActivityStoppedAutomatically", 
        "ActivityFailure", 
        "PartA_PrivTags", 
        "wilActivity", 
        "hresult", 
        "threadId", 
        "currentContextName", 
        "currentContextMessage", 
        "ActivityFailure", 
        "PartA_PrivTags", 
        "wilActivity", 
        "hresult", 
        "fileName", 
        "lineNumber", 
        "module", 
        "failureType", 
        "message", 
        "threadId", 
        "callContext", 
        "originatingContextId", 
        "originatingContextName", 
        "originatingContextMessage", 
        "currentContextId", 
        "currentContextName", 
        "currentContextMessage", 
        "ActivityIntermediateStop", 
        "PartA_PrivTags", 
        "wilActivity", 
        "hresult", 
        "threadId", 
        "ActivityError", 
        "PartA_PrivTags", 
        "wilActivity", 
        "hresult", 
        "fileName", 
        "lineNumber", 
        "module", 
        "failureType", 
        "message", 
        "threadId", 
        "callContext", 
        "originatingContextId", 
        "originatingContextName", 
        "originatingContextMessage", 
        "currentContextId", 
        "currentContextName", 
        "currentContextMessage", 
        "failureId", 
        "failureCount", 
        "function", 
        "ActivityError", 
        "PartA_PrivTags", 
        "wilActivity", 
        "hresult", 
        "fileName", 
        "lineNumber", 
        "module", 
        "failureType", 
        "message", 
        "threadId", 
        "callContext", 
        "originatingContextId", 
        "originatingContextName", 
        "originatingContextMessage", 
        "currentContextId", 
        "currentContextName", 
        "currentContextMessage", 
        "NamedCallContextActivity", 
        "PartA_PrivTags", 
        "wilActivity", 
        "threadId", 
        "InternalName", 
        "NamedCallContextActivity", 
        "PartA_PrivTags", 
        "wilActivity", 
        "hresult", 
        "threadId", 
        "NamedCallContextActivity", 
        "PartA_PrivTags", 
        "PartA_PrivTags", 
        "wilActivity", 
        "hresult", 
        "fileName", 
        "lineNumber", 
        "module", 
        "failureType", 
        "message", 
        "threadId", 
        "callContext", 
        "originatingContextId", 
        "originatingContextName", 
        "originatingContextMessage", 
        "currentContextId", 
        "currentContextName", 
        "currentContextMessage", 
        "failureId", 
        "failureCount", 
        "function", 
        "FallbackError", 
        "PartA_PrivTags", 
        "wilResult", 
        "hresult", 
        "fileName", 
        "lineNumber", 
        "module", 
        "failureType", 
        "message", 
        "threadId", 
        "callContext", 
        "originatingContextId", 
        "originatingContextName", 
        "originatingContextMessage", 
        "currentContextId", 
        "currentContextName", 
        "currentContextMessage", 
        "failureId", 
        "failureCount", 
        "function", 
        "FallbackError", 
        "PartA_PrivTags", 
        "wilResult", 
        "hresult", 
        "fileName", 
        "lineNumber", 
        "module", 
        "failureType", 
        "message", 
        "threadId", 
        "callContext", 
        "originatingContextId", 
        "originatingContextName", 
        "originatingContextMessage", 
        "currentContextId", 
        "currentContextName", 
        "currentContextMessage", 
        "ActivityStoppedAutomatically", 
        "ActivityIntermediateStop", 
        "PartA_PrivTags", 
        "wilActivity", 
        "hresult", 
        "threadId", 
        "ActivityError", 
        "PartA_PrivTags", 
        "wilActivity", 
        "hresult", 
        "fileName", 
        "lineNumber", 
        "module", 
        "failureType", 
        "message", 
        "threadId", 
        "callContext", 
        "originatingContextId", 
        "originatingContextName", 
        "originatingContextMessage", 
        "currentContextId", 
        "currentContextName", 
        "currentContextMessage", 
        "failureId", 
        "failureCount", 
        "function", 
        "CoCreateInstanceAsSystem", 
        "PartA_PrivTags", 
        "wilActivity", 
        "threadId", 
        "CoCreateInstanceAsSystem", 
        "PartA_PrivTags", 
        "wilActivity", 
        "hresult", 
        "threadId", 
        "CoCreateInstanceAsSystem", 
        "PartA_PrivTags", 
        "PartA_PrivTags", 
        "wilActivity", 
        "hresult", 
        "fileName", 
        "lineNumber", 
        "module", 
        "failureType", 
        "message", 
        "threadId", 
        "callContext", 
        "originatingContextId", 
        "originatingContextName", 
        "originatingContextMessage", 
        "currentContextId", 
        "currentContextName", 
        "currentContextMessage", 
        "Microsoft.FamilySafety.Monitor", 
        "Microsoft.FamilySafety", 
        "lRHQ!g", 
        "Microsoft.FamilySafety.Dev", 
        "Microsoft.Windows.FamilySafety.Reliability", 
        "Microsoft.Windows.Shell.CoCreateInstanceAsSystem", 
        "RSDSL+", 
        "ApproveChildRequest.pdb", 
        ".text$di", 
        ".text$mn", 
        ".text$mn$00", 
        ".text$x", 
        ".text$yd", 
        ".rdata$brc", 
        ".idata$5", 
        ".00cfg", 
        ".CRT$XCA", 
        ".CRT$XCAA", 
        ".CRT$XCL", 
        ".CRT$XCU", 
        ".CRT$XCZ", 
        ".CRT$XIA", 
        ".CRT$XIAA", 
        ".CRT$XIAC", 
        ".CRT$XIC", 
        ".CRT$XIZ", 
        ".CRT$XPA", 
        ".CRT$XPZ", 
        ".CRT$XTA", 
        ".CRT$XTZ", 
        ".gehcont", 
        ".gfids", 
        ".rdata", 
        ".rdata$r", 
        ".rdata$voltmd", 
        ".rdata$zETW0", 
        ".rdata$zETW1", 
        ".rdata$zETW2", 
        ".rdata$zETW9", 
        ".rdata$zzzdbg", 
        ".rtc$IAA", 
        ".rtc$IZZ", 
        ".rtc$TAA", 
        ".rtc$TZZ", 
        ".xdata", 
        ".xdata$x", 
        ".idata$2", 
        ".idata$3", 
        ".idata$4", 
        ".idata$6", 
        ".data$brc", 
        ".data$r$brc", 
        ".data$rs$brc", 
        ".pdata", 
        ".rsrc$01", 
        ".rsrc$02", 
        "N H\"B$B&B(B*B,B. ,E", 
        " 022F4D6 4p", 
        "UnregisterTraceGuids", 
        "RegisterTraceGuidsW", 
        "GetTraceEnableLevel", 
        "GetTraceEnableFlags", 
        "GetTraceLoggerHandle", 
        "TraceMessage", 
        "EventWriteTransfer", 
        "ADVAPI32.dll", 
        "GetModuleFileNameA", 
        "CreateSemaphoreExW", 
        "HeapFree", 
        "SetLastError", 
        "ReleaseSemaphore", 
        "GetModuleHandleExW", 
        "SetErrorMode", 
        "WaitForSingleObject", 
        "GetCurrentThreadId", 
        "ReleaseMutex", 
        "FormatMessageW", 
        "GetLastError", 
        "OutputDebugStringW", 
        "WaitForSingleObjectEx", 
        "OpenSemaphoreW", 
        "CloseHandle", 
        "HeapSetInformation", 
        "HeapAlloc", 
        "GetErrorMode", 
        "GetProcAddress", 
        "CreateMutexExW", 
        "LocalFree", 
        "GetCurrentProcessId", 
        "GetProcessHeap", 
        "GetModuleHandleW", 
        "DebugBreak", 
        "IsDebuggerPresent", 
        "KERNEL32.dll", 
        "?_Xlength_error@std@@YAXPEBD@Z", 
        "msvcp_win.dll", 
        "_initterm", 
        "_initterm_e", 
        "_c_exit", 
        "_register_thread_local_exe_atexit_callback", 
        "api-ms-win-crt-runtime-l1-1-0.dll", 
        "__CxxFrameHandler4", 
        "__std_terminate", 
        "_o___p__commode", 
        "_o___std_exception_copy", 
        "_o___std_exception_destroy", 
        "_o___std_type_info_name", 
        "_o___stdio_common_vsnprintf_s", 
        "_o___stdio_common_vswprintf", 
        "_o__callnewh", 
        "_o__cexit", 
        "_o__configthreadlocale", 
        "_o__configure_wide_argv", 
        "_o__crt_atexit", 
        "_o__errno", 
        "_o__exit", 
        "_o__get_wide_winmain_command_line", 
        "_o__initialize_onexit_table", 
        "_o__initialize_wide_environment", 
        "_o__invalid_parameter_noinfo", 
        "_o__invalid_parameter_noinfo_noreturn", 
        "_o__itoa_s", 
        "_o__purecall", 
        "_o__register_onexit_function", 
        "_o__seh_filter_exe", 
        "_o__set_app_type", 
        "_o__set_fmode", 
        "_o__set_new_mode", 
        "_o_ceilf", 
        "_o_exit", 
        "_o_free", 
        "_o_iswascii", 
        "_o_malloc", 
        "_o_realloc", 
        "_o_terminate", 
        "_o_towlower", 
        "_o_wcscpy_s", 
        "__C_specific_handler", 
        "__current_exception", 
        "__current_exception_context", 
        "memset", 
        "_CxxThrowException", 
        "api-ms-win-crt-private-l1-1-0.dll", 
        "api-ms-win-crt-string-l1-1-0.dll", 
        "RtlCaptureContext", 
        "RtlLookupFunctionEntry", 
        "RtlVirtualUnwind", 
        "UnhandledExceptionFilter", 
        "SetUnhandledExceptionFilter", 
        "GetCurrentProcess", 
        "TerminateProcess", 
        "IsProcessorFeaturePresent", 
        "QueryPerformanceCounter", 
        "GetSystemTimeAsFileTime", 
        "InitializeSListHead", 
        "GetStartupInfoW", 
        "EventUnregister", 
        "EventRegister", 
        "EventSetInformation", 
        "LeaveCriticalSection", 
        "EnterCriticalSection", 
        "OLEAUT32.dll", 
        "api-ms-win-core-rtlsupport-l1-1-0.dll", 
        "api-ms-win-core-errorhandling-l1-1-0.dll", 
        "api-ms-win-core-processthreads-l1-1-0.dll", 
        "api-ms-win-core-processthreads-l1-1-1.dll", 
        "api-ms-win-core-profile-l1-1-0.dll", 
        "api-ms-win-core-sysinfo-l1-1-0.dll", 
        "api-ms-win-core-interlocked-l1-1-0.dll", 
        "api-ms-win-eventing-provider-l1-1-0.dll", 
        "api-ms-win-core-synch-l1-1-0.dll", 
        "CommandLineToArgvW", 
        "api-ms-win-shcore-obsolete-l1-1-0.dll", 
        "CoInitializeEx", 
        "CoUninitialize", 
        "ole32.dll", 
        "RoInitialize", 
        "RoUninitialize", 
        "api-ms-win-core-winrt-l1-1-0.dll", 
        "EventActivityIdControl", 
        "AcquireSRWLockExclusive", 
        "InitOnceBeginInitialize", 
        "InitOnceComplete", 
        "ReleaseSRWLockExclusive", 
        "GetTickCount", 
        "OpenThread", 
        "QueueUserAPC", 
        "ConvertFiberToThread", 
        "TlsSetValue", 
        "TlsFree", 
        "TlsAlloc", 
        "ReleaseSRWLockShared", 
        "AcquireSRWLockShared", 
        "TlsGetValue", 
        "InitializeSRWLock", 
        "InitializeCriticalSection", 
        "DeleteCriticalSection", 
        "WakeAllConditionVariable", 
        "SleepConditionVariableSRW", 
        "CloseThreadpool", 
        "OpenEventW", 
        "CreateEventExW", 
        "PostThreadMessageW", 
        "USER32.dll", 
        "?_Xbad_function_call@std@@YAXXZ", 
        "?_Xbad_alloc@std@@YAXXZ", 
        "??0facet@locale@std@@IEAA@_K@Z", 
        "??1facet@locale@std@@MEAA@XZ", 
        "_Wcsxfrm", 
        "_Wcscoll", 
        "?_Incref@facet@locale@std@@UEAAXXZ", 
        "?_Getcat@?$ctype@G@std@@SA_KPEAPEBVfacet@locale@2@PEBV42@@Z", 
        "?is@?$ctype@G@std@@QEBA_NFG@Z", 
        "?_Decref@facet@locale@std@@UEAAPEAV_Facet_base@3@XZ", 
        "??1_Locinfo@std@@QEAA@XZ", 
        "??1_Lockit@std@@QEAA@XZ", 
        "??0_Locinfo@std@@QEAA@PEBD@Z", 
        "??0_Lockit@std@@QEAA@H@Z", 
        "?_Getgloballocale@locale@std@@CAPEAV_Locimp@12@XZ", 
        "?id@?$ctype@G@std@@2V0locale@2@A", 
        "??Bid@locale@std@@QEAA_KXZ", 
        "?tolower@?$ctype@G@std@@QEBAGG@Z", 
        "?_Init@locale@std@@CAPEAV_Locimp@12@_N@Z", 
        "?id@?$collate@G@std@@2V0locale@2@A", 
        "?_Getcoll@_Locinfo@std@@QEBA?AU_Collvec@@XZ", 
        "?_Xregex_error@std@@YAXW4error_type@regex_constants@1@@Z", 
        "?tolower@?$ctype@G@std@@QEBAPEBGPEAGPEBG@Z", 
        "strchr", 
        "CoCreateInstance", 
        "api-ms-win-core-com-l1-1-0.dll", 
        "EtwTraceMessage", 
        "ntdll.dll", 
        "memcpy", 
        "memmove", 
        ".?AVbad_alloc@std@@", 
        ".?AVResultException@wil@@", 
        ".?AVErrorCodeException@@", 
        ".?AV<lambda_a3ab3ecd6a6d9dd97cf4c85977445028>@@", 
        ".?AVexception@std@@", 
        ".?AVbad_array_new_length@std@@", 
        ".?AV<lambda_16afa3d1a4d34d64d9dda9b0501a49f0>@@", 
        ".?AV<lambda_47b2ae5cbdfb2e9610e94e050bdbc50f>@@", 
        ".?AV<lambda_c218d9dd7d99561266db3ffbcf8cf157>@@", 
        ".?AV<lambda_b0350ebcdc7eb893c3844f80e6bd5c5d>@@", 
        ".?AV<lambda_88d5445d7d072409ad32609d38e4465e>@@", 
        ".?AV<lambda_8e64e7a2d4bb994235c70357aa87bf30>@@", 
        ".?AV<lambda_c902ac4cc34ce1f029a52352e901adc8>@@", 
        ".?AV<lambda_c1c26e8cb096142407ddce7a22655b09>@@", 
        ".?AV<lambda_b5684c0ca8ef1609fe4e4d0299f3b0e8>@@", 
        ".?AV<lambda_6f3db37b64316ef4e298bc0608939a64>@@", 
        ".?AV<lambda_564bdc77af0e838ce3d5bbc53f4fe1f7>@@", 
        ".?AV<lambda_3fc878d310207c05809a71f9a30f1868>@@", 
        ".?AV<lambda_ee6ee1532d4758d794f867962a13dd75>@@", 
        ".?AV<lambda_276158f7dbe29485619e0d956e5456ee>@@", 
        ".?AV?$HrException@$0?HPPPLPPM@@@", 
        ".?AVThreadCancelledException@@", 
        ".PEBVGlobals@@", 
        ".?AV<lambda_a1c2406f5c16e502b49ca69bfda8a072>@@", 
        ".?AVbad_cast@std@@", 
        ".?AV<lambda_701992cd54336967b334c5b58053aba8>@@", 
        ".?AVtype_info@@", 
        ".?AV?$_Func_impl_no_alloc@V<lambda_a3ab3ecd6a6d9dd97cf4c85977445028>@@X$$V@std@@", 
        ".?AV?$_Func_base@X$$V@std@@", 
        ".?AV?$_Func_impl_no_alloc@V<lambda_c218d9dd7d99561266db3ffbcf8cf157>@@X$$V@std@@", 
        ".?AV?$_Func_impl_no_alloc@V<lambda_47b2ae5cbdfb2e9610e94e050bdbc50f>@@X$$V@std@@", 
        ".?AV?$_Func_impl_no_alloc@V<lambda_16afa3d1a4d34d64d9dda9b0501a49f0>@@X$$V@std@@", 
        ".?AV?$_Func_impl_no_alloc@V<lambda_8e64e7a2d4bb994235c70357aa87bf30>@@XAEAV?$Optional@PEBU_tlgProvider_t@@@@@std@@", 
        ".?AV?$_Func_impl_no_alloc@V<lambda_88d5445d7d072409ad32609d38e4465e>@@XAEAV?$Optional@PEBU_tlgProvider_t@@@@@std@@", 
        ".?AV?$_Func_impl_no_alloc@V<lambda_b0350ebcdc7eb893c3844f80e6bd5c5d>@@XAEAV?$Optional@PEBU_tlgProvider_t@@@@@std@@", 
        ".?AV?$_Func_impl_no_alloc@V<lambda_b5684c0ca8ef1609fe4e4d0299f3b0e8>@@XAEAPEBU_tlgProvider_t@@@std@@", 
        ".?AV?$_Func_impl_no_alloc@V<lambda_c1c26e8cb096142407ddce7a22655b09>@@XAEAPEBU_tlgProvider_t@@@std@@", 
        ".?AV?$_Func_impl_no_alloc@V<lambda_c902ac4cc34ce1f029a52352e901adc8>@@XAEAPEBU_tlgProvider_t@@@std@@", 
        ".?AV?$_Func_base@XAEAPEBU_tlgProvider_t@@@std@@", 
        ".?AV?$_Func_base@XAEAV?$Optional@PEBU_tlgProvider_t@@@@@std@@", 
        ".?AV?$Global@PEBU_tlgProvider_t@@@@", 
        ".?AVGlobals@@", 
        ".?AVNonCopyable@@", 
        ".?AV?$_Func_impl_no_alloc@V<lambda_6f3db37b64316ef4e298bc0608939a64>@@X$$V@std@@", 
        ".?AV_Ref_count_base@std@@", 
        ".?AV?$_Ref_count_obj2@VModule@Com@@@std@@", 
        ".?AVModule@Com@@", 
        ".?AUIModule@Com@@", 
        ".?AV?$ActivityBase@VReliability@Providers@TraceLog@@$00$0A@$03$0BAAAAAA@U_TlgReflectorTag_Param0IsProviderType@@@wil@@", 
        ".?AVNamedCallContextActivity@Reliability@Providers@TraceLog@@", 
        ".?AVReliability@Providers@TraceLog@@", 
        ".?AVTraceLoggingProvider@wil@@", 
        ".?AUIFailureCallback@details@wil@@", 
        ".?AV?$_Func_impl_no_alloc@V<lambda_ee6ee1532d4758d794f867962a13dd75>@@X$$V@std@@", 
        ".?AV?$_Func_impl_no_alloc@V<lambda_3fc878d310207c05809a71f9a30f1868>@@X$$V@std@@", 
        ".?AV?$_Func_impl_no_alloc@V<lambda_564bdc77af0e838ce3d5bbc53f4fe1f7>@@X$$V@std@@", 
        ".?AV?$_Func_impl_no_alloc@V<lambda_276158f7dbe29485619e0d956e5456ee>@@XAEAV?$Optional@V?$LockBox@V?$unordered_map@_KPEAUThreadInfo@Private@@U?$hash@_K@std@@U?$equal_to@_K@4@V?$allocator@U?$pair@$$CB_KPEAUThreadInfo@Private@@@std@@@4@@std@@$0PPPPPPPP@@@@@@std@@", 
        ".?AV?$_Func_base@XAEAV?$Optional@V?$LockBox@V?$unordered_map@_KPEAUThreadInfo@Private@@U?$hash@_K@std@@U?$equal_to@_K@4@V?$allocator@U?$pair@$$CB_KPEAUThreadInfo@Private@@@std@@@4@@std@@$0PPPPPPPP@@@@@@std@@", 
        ".?AV?$Global@V?$LockBox@V?$unordered_map@_KPEAUThreadInfo@Private@@U?$hash@_K@std@@U?$equal_to@_K@4@V?$allocator@U?$pair@$$CB_KPEAUThreadInfo@Private@@@std@@@4@@std@@$0PPPPPPPP@@@@@", 
        ".?AU?$ILockableT@V?$unordered_map@_KPEAUThreadInfo@Private@@U?$hash@_K@std@@U?$equal_to@_K@4@V?$allocator@U?$pair@$$CB_KPEAUThreadInfo@Private@@@std@@@4@@std@@@@", 
        ".?AV?$LockBox@V?$unordered_map@_KPEAUThreadInfo@Private@@U?$hash@_K@std@@U?$equal_to@_K@4@V?$allocator@U?$pair@$$CB_KPEAUThreadInfo@Private@@@std@@@4@@std@@$0PPPPPPPP@@@", 
        ".?AU?$ILockableT@PEAX@@", 
        ".?AV?$LockBox@PEAX$0PPPPPPPP@@@", 
        ".?AUILockable@@", 
        ".?AU?$ILockableT@V?$Optional@V?$stack@PEAVGlobals@@V?$deque@PEAVGlobals@@V?$allocator@PEAVGlobals@@@std@@@std@@@std@@@@@@", 
        ".?AV?$LockBox@V?$Optional@V?$stack@PEAVGlobals@@V?$deque@PEAVGlobals@@V?$allocator@PEAVGlobals@@@std@@@std@@@std@@@@$0PPPPPPPP@@@", 
        ".?AV?$_Node_str@G@std@@", 
        ".?AV?$_Func_impl_no_alloc@V<lambda_a1c2406f5c16e502b49ca69bfda8a072>@@XAEAV?$Optional@V?$map@V?$basic_string@GU?$char_traits@G@std@@V?$allocator@G@2@@std@@VDay@@ULessNoCase@StringAlgo@@V?$allocator@U?$pair@$$CBV?$basic_string@GU?$char_traits@G@std@@V?$allocator@G@2@@std@@VDay@@@std@@@2@@std@@@@@std@@", 
        ".?AV?$_Node_class@GV?$regex_traits@G@std@@@std@@", 
        ".?AV?$_Func_base@XAEAV?$Optional@V?$map@V?$basic_string@GU?$char_traits@G@std@@V?$allocator@G@2@@std@@VDay@@ULessNoCase@StringAlgo@@V?$allocator@U?$pair@$$CBV?$basic_string@GU?$char_traits@G@std@@V?$allocator@G@2@@std@@VDay@@@std@@@2@@std@@@@@std@@", 
        ".?AV?$Global@V?$map@V?$basic_string@GU?$char_traits@G@std@@V?$allocator@G@2@@std@@VDay@@ULessNoCase@StringAlgo@@V?$allocator@U?$pair@$$CBV?$basic_string@GU?$char_traits@G@std@@V?$allocator@G@2@@std@@VDay@@@std@@@2@@std@@@@", 
        ".?AV_Node_end_rep@std@@", 
        ".?AV_Node_rep@std@@", 
        ".?AV_Node_if@std@@", 
        ".?AV_Node_endif@std@@", 
        ".?AV_Node_back@std@@", 
        ".?AV_Node_capture@std@@", 
        ".?AV_Node_assert@std@@", 
        ".?AV_Node_end_group@std@@", 
        ".?AV_Root_node@std@@", 
        ".?AV_Node_base@std@@", 
        ".?AV?$collate@G@std@@", 
        ".?AVfacet@locale@std@@", 
        ".?AV_Facet_base@std@@", 
        ".?AU_Crt_new_delete@std@@", 
        ".?AV?$_Func_impl_no_alloc@V<lambda_701992cd54336967b334c5b58053aba8>@@X$$V@std@@", 
        "ssssss", 
        "{wx{ss", 
        "{{w7sx8", 
        "sww7r78", 
        "sw3x1s01ww", 
        "ssqLllv", 
        "tLt|lv", 
        "TGWWVLg", 
        "sVGDDL", 
        "w1qs5dD", 
        "u{w5L|lx", 
        "dDWLl||", 
        "7ssxxs", 
        "``___G", 
        "::::::::>g", 
        ":nnnABBB<=A=", 
        "cc`_NN", 
        "noBBBnBBBBB<n", 
        "USSRRSaa__M", 
        "pnnnnononnAs", 
        "lkTRRa`bk", 
        "ponoooooonA", 
        "rpprrrrponB", 
        "rrrrrrrpoo", 
        "~}]YIH", 
        "rpnB86uYYIHH", 
        "ssssssop", 
        "poB:6W^^YYH", 
        "sssssp", 
        "jponB87ux^^^Y", 
        "|?9=nB:{", 
        "}}u^^^", 
        "~}u^YZ", 
        "sso=}~}}x", 
        "rn7e}x[^[", 
        "W^^^^^", 
        "    \"  '", 
        "'\"\"\"*'*''", 
        ",,..,!", 
        ")**1**1**", 
        "'11112333*", 
        "'444334353", 
        "*5555F5F53", 
        "####$3", 
        "##%%$&", 
        "###%%&+", 
        "##%&$3", 
        "###%&$F", 
        "##%%&&", 
        "##%$$$", 
        "## )4E", 
        "jiggeVXa", 
        "EFFIIFFz", 
        "xwJwwIJI", 
        "mZWeedv", 
        "|}xxy{{J{", 
        "}}}}{x", 
        "}wFCcb]]", 
        ";K9<&9", 
        "#&##$<", 
        "#'''11<", 
        "()) \"&22344=", 
        "!!\"'>>????", 
        "\"\"$4AAALLL", 
        "\u001f!\"$+.M", 
        "!$+,-5", 
        "7#$++--B", 
        ":!$+,-/", 
        "9;hg;;", 
        "phkkhk", 
        "l<6KNA", 
        "jh7avQ", 
        "&0031?", 
        "_c]\\>9", 
        "G3E-IE/", 
        "J+s=:mll", 
        "_\"( ! ", 
        "Vk&vIeWX", 
        ";\"rr~~", 
        "W%8d\u001fC9", 
        "7X]aXa", 
        "KO)!J.", 
        "!LAbZjl[", 
        ",%`kPR>F", 
        ">^8K{\\e[-]", 
        ",@\u001f<gg", 
        "Uvvu],", 
        "!\\3\"S)", 
        "-B@GS8", 
        "Y.RT/T", 
        "Tq;SHM/", 
        "fcXmbbP", 
        ";Zk9??", 
        "0vBegT", 
        "K PcqxH}", 
        "IDAT/$", 
        "9d1&(>", 
        ",gm`wC_ro", 
        "K x0\"8", 
        "`c5 E)", 
        "smF>ws", 
        "PXyF.&", 
        "Gj#RMH", 
        "^LCo=4`", 
        "1FVceJ", 
        "^'x'Ik1", 
        "44DDUU1", 
        "cwoG'VBj", 
        "]SS-2\"", 
        "@+J!5r/H", 
        "[7.cwo", 
        "A~\u001f@WB", 
        ":N+Rq&", 
        "A^h:C6", 
        "o`PUhg3E", 
        "IX1eaw", 
        "#7cnaGp", 
        "SA-qE6C", 
        "$us~dY", 
        "Y6c6(M", 
        "8bc\u001fo2", 
        "riW6Lk", 
        "e`fh_{", 
        "|Y\"/mQ", 
        "!R<wR#M", 
        "X3O_mGk", 
        "9cfffzZ", 
        "o5bc\\`^", 
        "nT`XT0Q#", 
        "p$A4JIw\"", 
        ">1zde`/@", 
        "*rME.#L", 
        "G/a?YV", 
        ";v\\~y.", 
        "44K5)R", 
        "}#ZK7#", 
        ">Pl@U}", 
        "F{.RY_{", 
        "cE&V9.", 
        "2:Ff-*", 
        "6d[P'id", 
        "@`u\"2l", 
        "{t\u001f9Ta", 
        "Fu@`Jf", 
        "iG&[#A+'", 
        "kkjP_^]", 
        "PPOisrq", 
        "PPPzQRRx", 
        ">[c\"U}", 
        "PzzzKzzz(", 
        "%(q3ah", 
        "8IN2Kgr\\Ru}|Ms{", 
        "nml[__^", 
        "%B5v>pj", 
        "'#y.K`", 
        "%hs(%u)\\%hs!%p: ", 
        "%hs!%p: ", 
        "(caller: %p) ", 
        "%hs(%d) tid(%x) %08X %ws", 
        "Msg:[%ws] ", 
        "CallContext:[%hs] ", 
        "[%hs(%hs)]", 
        "kernelbase.dll", 
        "lstd::exception: %hs", 
        "ntdll.dll", 
        "Main Thread", 
        "ApproveChildRequestExe", 
        "Local\\SM0:%lu:%lu:%hs", 
        "xdigit", 
        "P(?:([0-9]+)D)?(?:T(?:([0-9]+)H)?(?:([0-9]+)M)?(?:([0-9]+)(?:\\.([0-9]+))?S)?)?", 
        "!x-sys-default-locale", 
        "Global\\ShellCreateObjectTaskReadyEvent", 
        "\\Microsoft\\Windows\\Shell\\CreateObjectTask", 
        "VS_VERSION_INFO", 
        "StringFileInfo", 
        "040904B0", 
        "CompanyName", 
        "Microsoft Corporation", 
        "FileDescription", 
        "Grant more screen time", 
        "FileVersion", 
        "10.0.22621.3527 (WinBuild.160101.0800)", 
        "InternalName", 
        "ApproveChildRequest.exe", 
        "LegalCopyright", 
        " Microsoft Corporation. All rights reserved.", 
        "OriginalFilename", 
        "ApproveChildRequest.exe", 
        "ProductName", 
        "Microsoft", 
        " Windows", 
        " Operating System", 
        "ProductVersion", 
        "10.0.22621.3527", 
        "VarFileInfo", 
        "Translation"
    ], 
    "metadata": {
        "output": {
            "pcap": {
                "basename": "dump.pcap", 
                "sha256": "158b787e75ca6afbafc87d14db306ab8532f0e269779185108d65b0f1a815e63", 
                "dirname": ""
            }
        }
    }
}