{
    "info": {
        "added": 1742625714.194016, 
        "started": 1742625714.599894, 
        "duration": 10, 
        "ended": 1742625725.168177, 
        "owner": null, 
        "score": 0.4, 
        "id": 278, 
        "category": "file", 
        "git": {
            "head": "13cbe0d9e457be3673304533043e992ead1ea9b2", 
            "fetch_head": "13cbe0d9e457be3673304533043e992ead1ea9b2"
        }, 
        "monitor": "2deb9ccd75d5a7a3fe05b2625b03a8639d6ee36b", 
        "package": "exe", 
        "route": "none", 
        "custom": null, 
        "machine": {
            "status": "stopped", 
            "name": "192.168.56.1011", 
            "label": "192.168.56.1011", 
            "manager": "VirtualBox", 
            "started_on": "2025-03-22 06:41:54", 
            "shutdown_on": "2025-03-22 06:42:05"
        }, 
        "platform": "windows", 
        "version": "2.0.7", 
        "options": "procmemdump=yes,route=none"
    }, 
    "signatures": [
        {
            "families": [], 
            "description": "This executable has a PDB path", 
            "severity": 1, 
            "ttp": {}, 
            "markcount": 1, 
            "references": [], 
            "marks": [
                {
                    "category": "pdb_path", 
                    "ioc": "arp.pdb", 
                    "type": "ioc", 
                    "description": null
                }
            ], 
            "name": "has_pdb"
        }, 
        {
            "families": [], 
            "description": "The file contains an unknown PE resource name possibly indicative of a packer", 
            "severity": 1, 
            "ttp": {
                "T1045": {
                    "short": "Software Packing", 
                    "long": "Software packing is a method of compressing or encrypting an executable. Packing an executable changes the file signature in an attempt to avoid signature-based detection. Most decompression techniques decompress the executable code in memory."
                }
            }, 
            "markcount": 1, 
            "references": [], 
            "marks": [
                {
                    "category": "resource name", 
                    "ioc": "MUI", 
                    "type": "ioc", 
                    "description": null
                }
            ], 
            "name": "pe_unknown_resource_name"
        }
    ], 
    "target": {
        "category": "file", 
        "file": {
            "yara": [], 
            "sha1": "648c88bd33c287ad57420fc2ee4f673092c75651", 
            "name": "ARP.EXE", 
            "type": "PE32 executable (console) Intel 80386, for MS Windows", 
            "sha256": "fda8f5a168cd37ec773655269ebc4b5de5cce3d64493794de7d86cf58c0470fa", 
            "urls": [], 
            "crc32": "0BB18E66", 
            "path": "/home/tesst/.cuckoo/storage/binaries/fda8f5a168cd37ec773655269ebc4b5de5cce3d64493794de7d86cf58c0470fa", 
            "ssdeep": null, 
            "size": 23040, 
            "sha512": "2168b789805a85545784642032a5c654bdb61b29785cc7c2db043544d4f47df431c0f29b40efcbaeca3d69e1051b4effd5989f78607d3a7a5e543e895d034c01", 
            "md5": "955aac2034f3a384262ee7cf1d82f76d"
        }
    }, 
    "network": {
        "tls": [], 
        "udp": [
            {
                "src": "192.168.56.101", 
                "dst": "224.0.0.252", 
                "offset": 1272, 
                "time": 5.582853078842163, 
                "dport": 5355, 
                "sport": 64614
            }, 
            {
                "src": "192.168.56.101", 
                "dst": "224.0.0.252", 
                "offset": 1592, 
                "time": 5.905120134353638, 
                "dport": 5355, 
                "sport": 65517
            }, 
            {
                "src": "192.168.56.101", 
                "dst": "239.255.255.250", 
                "offset": 1920, 
                "time": 5.761768102645874, 
                "dport": 1900, 
                "sport": 64617
            }
        ], 
        "dns_servers": [], 
        "http": [], 
        "icmp": [], 
        "smtp": [], 
        "tcp": [], 
        "smtp_ex": [], 
        "mitm": [], 
        "hosts": [], 
        "pcap_sha256": "8c7ff1a255a3b32a7bbeb486c4d100ca9cd06c42c64db39118c0082f96a7a8a2", 
        "dns": [], 
        "http_ex": [], 
        "domains": [], 
        "dead_hosts": [], 
        "sorted_pcap_sha256": "fa46d4b5a6115cfbdd384b0b8704b76a29540c810aae5ce205e93f280b16a38d", 
        "irc": [], 
        "https_ex": []
    }, 
    "static": {
        "pdb_path": "arp.pdb", 
        "pe_imports": [
            {
                "imports": [
                    {
                        "name": "__setusermatherr", 
                        "address": "0x4060c0"
                    }, 
                    {
                        "name": "?terminate@@YAXXZ", 
                        "address": "0x4060c4"
                    }, 
                    {
                        "name": "exit", 
                        "address": "0x4060c8"
                    }, 
                    {
                        "name": "_initterm", 
                        "address": "0x4060cc"
                    }, 
                    {
                        "name": "_cexit", 
                        "address": "0x4060d0"
                    }, 
                    {
                        "name": "fprintf", 
                        "address": "0x4060d4"
                    }, 
                    {
                        "name": "_setmode", 
                        "address": "0x4060d8"
                    }, 
                    {
                        "name": "_fileno", 
                        "address": "0x4060dc"
                    }, 
                    {
                        "name": "_wsetlocale", 
                        "address": "0x4060e0"
                    }, 
                    {
                        "name": "_exit", 
                        "address": "0x4060e4"
                    }, 
                    {
                        "name": "__set_app_type", 
                        "address": "0x4060e8"
                    }, 
                    {
                        "name": "_controlfp", 
                        "address": "0x4060ec"
                    }, 
                    {
                        "name": "_except_handler4_common", 
                        "address": "0x4060f0"
                    }, 
                    {
                        "name": "__p__fmode", 
                        "address": "0x4060f4"
                    }, 
                    {
                        "name": "__getmainargs", 
                        "address": "0x4060f8"
                    }, 
                    {
                        "name": "_amsg_exit", 
                        "address": "0x4060fc"
                    }, 
                    {
                        "name": "__p__commode", 
                        "address": "0x406100"
                    }, 
                    {
                        "name": "_XcptFilter", 
                        "address": "0x406104"
                    }, 
                    {
                        "name": "islower", 
                        "address": "0x406108"
                    }, 
                    {
                        "name": "isdigit", 
                        "address": "0x40610c"
                    }, 
                    {
                        "name": "isspace", 
                        "address": "0x406110"
                    }, 
                    {
                        "name": "isxdigit", 
                        "address": "0x406114"
                    }, 
                    {
                        "name": "_vsnprintf", 
                        "address": "0x406118"
                    }, 
                    {
                        "name": "sscanf_s", 
                        "address": "0x40611c"
                    }, 
                    {
                        "name": "toupper", 
                        "address": "0x406120"
                    }, 
                    {
                        "name": "_vsnwprintf", 
                        "address": "0x406124"
                    }, 
                    {
                        "name": "time", 
                        "address": "0x406128"
                    }, 
                    {
                        "name": "__iob_func", 
                        "address": "0x40612c"
                    }
                ], 
                "dll": "msvcrt.dll"
            }, 
            {
                "imports": [
                    {
                        "name": "RtlIpv4AddressToStringW", 
                        "address": "0x406134"
                    }
                ], 
                "dll": "ntdll.dll"
            }, 
            {
                "imports": [
                    {
                        "name": "ntohl", 
                        "address": "0x406018"
                    }, 
                    {
                        "name": "gethostbyname", 
                        "address": "0x40601c"
                    }, 
                    {
                        "name": "WSAStartup", 
                        "address": "0x406020"
                    }, 
                    {
                        "name": "inet_addr", 
                        "address": "0x406024"
                    }
                ], 
                "dll": "WS2_32.dll"
            }, 
            {
                "imports": [
                    {
                        "name": "HeapSetInformation", 
                        "address": "0x406044"
                    }
                ], 
                "dll": "api-ms-win-core-heap-l1-1-0.dll"
            }, 
            {
                "imports": [
                    {
                        "name": "LocalAlloc", 
                        "address": "0x40604c"
                    }, 
                    {
                        "name": "LocalFree", 
                        "address": "0x406050"
                    }
                ], 
                "dll": "api-ms-win-core-heap-l2-1-0.dll"
            }, 
            {
                "imports": [
                    {
                        "name": "Sleep", 
                        "address": "0x406098"
                    }
                ], 
                "dll": "api-ms-win-core-synch-l1-2-0.dll"
            }, 
            {
                "imports": [
                    {
                        "name": "SetUnhandledExceptionFilter", 
                        "address": "0x406034"
                    }, 
                    {
                        "name": "GetLastError", 
                        "address": "0x406038"
                    }, 
                    {
                        "name": "UnhandledExceptionFilter", 
                        "address": "0x40603c"
                    }
                ], 
                "dll": "api-ms-win-core-errorhandling-l1-1-0.dll"
            }, 
            {
                "imports": [
                    {
                        "name": "GetCurrentThreadId", 
                        "address": "0x406074"
                    }, 
                    {
                        "name": "GetCurrentProcessId", 
                        "address": "0x406078"
                    }, 
                    {
                        "name": "GetCurrentProcess", 
                        "address": "0x40607c"
                    }, 
                    {
                        "name": "TerminateProcess", 
                        "address": "0x406080"
                    }
                ], 
                "dll": "api-ms-win-core-processthreads-l1-1-0.dll"
            }, 
            {
                "imports": [
                    {
                        "name": "GetProcAddress", 
                        "address": "0x406058"
                    }, 
                    {
                        "name": "LoadLibraryExA", 
                        "address": "0x40605c"
                    }, 
                    {
                        "name": "GetModuleHandleW", 
                        "address": "0x406060"
                    }
                ], 
                "dll": "api-ms-win-core-libraryloader-l1-2-0.dll"
            }, 
            {
                "imports": [
                    {
                        "name": "QueryPerformanceCounter", 
                        "address": "0x406088"
                    }
                ], 
                "dll": "api-ms-win-core-profile-l1-1-0.dll"
            }, 
            {
                "imports": [
                    {
                        "name": "GetTickCount", 
                        "address": "0x4060a0"
                    }, 
                    {
                        "name": "GetSystemTimeAsFileTime", 
                        "address": "0x4060a4"
                    }, 
                    {
                        "name": "GetSystemDirectoryA", 
                        "address": "0x4060a8"
                    }
                ], 
                "dll": "api-ms-win-core-sysinfo-l1-1-0.dll"
            }, 
            {
                "imports": [
                    {
                        "name": "SnmpUtilMemAlloc", 
                        "address": "0x40613c"
                    }, 
                    {
                        "name": "SnmpUtilOidCpy", 
                        "address": "0x406140"
                    }, 
                    {
                        "name": "SnmpUtilVarBindFree", 
                        "address": "0x406144"
                    }, 
                    {
                        "name": "SnmpUtilMemFree", 
                        "address": "0x406148"
                    }
                ], 
                "dll": "snmpapi.dll"
            }, 
            {
                "imports": [
                    {
                        "name": "AllocateAndInitializeSid", 
                        "address": "0x4060b0"
                    }, 
                    {
                        "name": "CheckTokenMembership", 
                        "address": "0x4060b4"
                    }, 
                    {
                        "name": "FreeSid", 
                        "address": "0x4060b8"
                    }
                ], 
                "dll": "api-ms-win-security-base-l1-1-0.dll"
            }, 
            {
                "imports": [
                    {
                        "name": "GetIpForwardTable", 
                        "address": "0x406000"
                    }, 
                    {
                        "name": "GetUdpStatisticsEx", 
                        "address": "0x406004"
                    }, 
                    {
                        "name": "GetIpStatisticsEx", 
                        "address": "0x406008"
                    }, 
                    {
                        "name": "GetIcmpStatisticsEx", 
                        "address": "0x40600c"
                    }, 
                    {
                        "name": "GetTcpStatisticsEx", 
                        "address": "0x406010"
                    }
                ], 
                "dll": "IPHLPAPI.DLL"
            }, 
            {
                "imports": [
                    {
                        "name": "GetConsoleOutputCP", 
                        "address": "0x40602c"
                    }
                ], 
                "dll": "api-ms-win-core-console-l1-1-0.dll"
            }, 
            {
                "imports": [
                    {
                        "name": "FormatMessageW", 
                        "address": "0x406068"
                    }, 
                    {
                        "name": "SetThreadPreferredUILanguages", 
                        "address": "0x40606c"
                    }
                ], 
                "dll": "api-ms-win-core-localization-l1-2-0.dll"
            }, 
            {
                "imports": [
                    {
                        "name": "WideCharToMultiByte", 
                        "address": "0x406090"
                    }
                ], 
                "dll": "api-ms-win-core-string-l1-1-0.dll"
            }
        ], 
        "peid_signatures": null, 
        "keys": [], 
        "signature": [], 
        "pe_timestamp": "2071-05-01 22:51:40", 
        "pe_exports": [], 
        "imported_dll_count": 17, 
        "pe_imphash": "7b5be93b3ee823a6c20b62aeba53062f", 
        "pe_resources": [
            {
                "name": "MUI", 
                "language": "LANG_ENGLISH", 
                "filetype": "data", 
                "sublanguage": "SUBLANG_ENGLISH_US", 
                "offset": "0x00007760", 
                "size": "0x000000c8"
            }, 
            {
                "name": "RT_VERSION", 
                "language": "LANG_ENGLISH", 
                "filetype": "data", 
                "sublanguage": "SUBLANG_ENGLISH_US", 
                "offset": "0x000073d8", 
                "size": "0x00000384"
            }, 
            {
                "name": "RT_MANIFEST", 
                "language": "LANG_ENGLISH", 
                "filetype": "XML 1.0 document, ASCII text, with CRLF line terminators", 
                "sublanguage": "SUBLANG_ENGLISH_US", 
                "offset": "0x000070f0", 
                "size": "0x000002e3"
            }
        ], 
        "pe_versioninfo": [
            {
                "name": "LegalCopyright", 
                "value": "\\xa9 Microsoft Corporation. All rights reserved."
            }, 
            {
                "name": "InternalName", 
                "value": "arp.exe"
            }, 
            {
                "name": "FileVersion", 
                "value": "10.0.22621.4111 (WinBuild.160101.0800)"
            }, 
            {
                "name": "CompanyName", 
                "value": "Microsoft Corporation"
            }, 
            {
                "name": "ProductName", 
                "value": "Microsoft\\xae Windows\\xae Operating System"
            }, 
            {
                "name": "ProductVersion", 
                "value": "10.0.22621.4111"
            }, 
            {
                "name": "FileDescription", 
                "value": "TCP/IP Arp Command"
            }, 
            {
                "name": "OriginalFilename", 
                "value": "arp.exe"
            }, 
            {
                "name": "Translation", 
                "value": "0x0409 0x04b0"
            }
        ], 
        "pe_sections": [
            {
                "size_of_data": "0x00003200", 
                "virtual_address": "0x00001000", 
                "entropy": 6.266335135515864, 
                "name": ".text", 
                "virtual_size": "0x0000303c"
            }, 
            {
                "size_of_data": "0x00000a00", 
                "virtual_address": "0x00005000", 
                "entropy": 0.2957194246590719, 
                "name": ".data", 
                "virtual_size": "0x00000c40"
            }, 
            {
                "size_of_data": "0x00000c00", 
                "virtual_address": "0x00006000", 
                "entropy": 4.304688040516508, 
                "name": ".idata", 
                "virtual_size": "0x00000a4e"
            }, 
            {
                "size_of_data": "0x00000a00", 
                "virtual_address": "0x00007000", 
                "entropy": 3.8261658806214953, 
                "name": ".rsrc", 
                "virtual_size": "0x00000828"
            }, 
            {
                "size_of_data": "0x00000400", 
                "virtual_address": "0x00008000", 
                "entropy": 5.91778476477457, 
                "name": ".reloc", 
                "virtual_size": "0x0000034c"
            }
        ]
    }, 
    "behavior": {
        "generic": [
            {
                "process_path": "C:\\Windows\\System32\\lsass.exe", 
                "process_name": "lsass.exe", 
                "pid": 508, 
                "summary": {}, 
                "first_seen": 1742629314.953125, 
                "ppid": 400
            }
        ], 
        "processes": [
            {
                "process_path": "C:\\Windows\\System32\\lsass.exe", 
                "calls": [], 
                "track": false, 
                "pid": 508, 
                "process_name": "lsass.exe", 
                "command_line": "C:\\Windows\\system32\\lsass.exe", 
                "modules": [
                    {
                        "basename": "lsass.exe", 
                        "imgsize": 49152, 
                        "baseaddr": "0xffc70000", 
                        "filepath": "C:\\Windows\\system32\\lsass.exe"
                    }, 
                    {
                        "basename": "ntdll.dll", 
                        "imgsize": 1740800, 
                        "baseaddr": "0x76dd0000", 
                        "filepath": "C:\\Windows\\SYSTEM32\\ntdll.dll"
                    }, 
                    {
                        "basename": "kernel32.dll", 
                        "imgsize": 1175552, 
                        "baseaddr": "0x76bb0000", 
                        "filepath": "C:\\Windows\\system32\\kernel32.dll"
                    }, 
                    {
                        "basename": "KERNELBASE.dll", 
                        "imgsize": 438272, 
                        "baseaddr": "0x7fefcf80000", 
                        "filepath": "C:\\Windows\\system32\\KERNELBASE.dll"
                    }, 
                    {
                        "basename": "msvcrt.dll", 
                        "imgsize": 651264, 
                        "baseaddr": "0x7fefec80000", 
                        "filepath": "C:\\Windows\\system32\\msvcrt.dll"
                    }, 
                    {
                        "basename": "RPCRT4.dll", 
                        "imgsize": 1232896, 
                        "baseaddr": "0x7fefd2c0000", 
                        "filepath": "C:\\Windows\\system32\\RPCRT4.dll"
                    }, 
                    {
                        "basename": "SspiSrv.dll", 
                        "imgsize": 45056, 
                        "baseaddr": "0x7fefcb60000", 
                        "filepath": "C:\\Windows\\system32\\SspiSrv.dll"
                    }, 
                    {
                        "basename": "lsasrv.dll", 
                        "imgsize": 1470464, 
                        "baseaddr": "0x7fefc9e0000", 
                        "filepath": "C:\\Windows\\system32\\lsasrv.dll"
                    }, 
                    {
                        "basename": "sechost.dll", 
                        "imgsize": 126976, 
                        "baseaddr": "0x7fefea00000", 
                        "filepath": "C:\\Windows\\SYSTEM32\\sechost.dll"
                    }, 
                    {
                        "basename": "SspiCli.dll", 
                        "imgsize": 151552, 
                        "baseaddr": "0x7fefcb80000", 
                        "filepath": "C:\\Windows\\system32\\SspiCli.dll"
                    }, 
                    {
                        "basename": "ADVAPI32.dll", 
                        "imgsize": 897024, 
                        "baseaddr": "0x7fefd480000", 
                        "filepath": "C:\\Windows\\system32\\ADVAPI32.dll"
                    }, 
                    {
                        "basename": "USER32.dll", 
                        "imgsize": 1024000, 
                        "baseaddr": "0x76cd0000", 
                        "filepath": "C:\\Windows\\system32\\USER32.dll"
                    }, 
                    {
                        "basename": "GDI32.dll", 
                        "imgsize": 421888, 
                        "baseaddr": "0x7fefd560000", 
                        "filepath": "C:\\Windows\\system32\\GDI32.dll"
                    }, 
                    {
                        "basename": "LPK.dll", 
                        "imgsize": 57344, 
                        "baseaddr": "0x7fefd830000", 
                        "filepath": "C:\\Windows\\system32\\LPK.dll"
                    }, 
                    {
                        "basename": "USP10.dll", 
                        "imgsize": 823296, 
                        "baseaddr": "0x7feff010000", 
                        "filepath": "C:\\Windows\\system32\\USP10.dll"
                    }, 
                    {
                        "basename": "SAMSRV.dll", 
                        "imgsize": 774144, 
                        "baseaddr": "0x7fefc880000", 
                        "filepath": "C:\\Windows\\system32\\SAMSRV.dll"
                    }, 
                    {
                        "basename": "cryptdll.dll", 
                        "imgsize": 81920, 
                        "baseaddr": "0x7fefc860000", 
                        "filepath": "C:\\Windows\\system32\\cryptdll.dll"
                    }, 
                    {
                        "basename": "MSASN1.dll", 
                        "imgsize": 61440, 
                        "baseaddr": "0x7fefcdc0000", 
                        "filepath": "C:\\Windows\\system32\\MSASN1.dll"
                    }, 
                    {
                        "basename": "wevtapi.dll", 
                        "imgsize": 446464, 
                        "baseaddr": "0x7fefc7f0000", 
                        "filepath": "C:\\Windows\\system32\\wevtapi.dll"
                    }, 
                    {
                        "basename": "IMM32.DLL", 
                        "imgsize": 188416, 
                        "baseaddr": "0x7fefea20000", 
                        "filepath": "C:\\Windows\\system32\\IMM32.DLL"
                    }, 
                    {
                        "basename": "MSCTF.dll", 
                        "imgsize": 1085440, 
                        "baseaddr": "0x7fefed20000", 
                        "filepath": "C:\\Windows\\system32\\MSCTF.dll"
                    }, 
                    {
                        "basename": "cngaudit.dll", 
                        "imgsize": 36864, 
                        "baseaddr": "0x7fefc7b0000", 
                        "filepath": "C:\\Windows\\system32\\cngaudit.dll"
                    }, 
                    {
                        "basename": "AUTHZ.dll", 
                        "imgsize": 192512, 
                        "baseaddr": "0x7fefc780000", 
                        "filepath": "C:\\Windows\\system32\\AUTHZ.dll"
                    }, 
                    {
                        "basename": "ncrypt.dll", 
                        "imgsize": 319488, 
                        "baseaddr": "0x7fefc730000", 
                        "filepath": "C:\\Windows\\system32\\ncrypt.dll"
                    }, 
                    {
                        "basename": "bcrypt.dll", 
                        "imgsize": 139264, 
                        "baseaddr": "0x7fefc700000", 
                        "filepath": "C:\\Windows\\system32\\bcrypt.dll"
                    }, 
                    {
                        "basename": "msprivs.DLL", 
                        "imgsize": 8192, 
                        "baseaddr": "0x74af0000", 
                        "filepath": "C:\\Windows\\system32\\msprivs.DLL"
                    }, 
                    {
                        "basename": "netjoin.dll", 
                        "imgsize": 204800, 
                        "baseaddr": "0x7fefc6c0000", 
                        "filepath": "C:\\Windows\\system32\\netjoin.dll"
                    }, 
                    {
                        "basename": "negoexts.DLL", 
                        "imgsize": 147456, 
                        "baseaddr": "0x7fefc690000", 
                        "filepath": "C:\\Windows\\system32\\negoexts.DLL"
                    }, 
                    {
                        "basename": "Secur32.dll", 
                        "imgsize": 45056, 
                        "baseaddr": "0x7fefc9b0000", 
                        "filepath": "C:\\Windows\\system32\\Secur32.dll"
                    }, 
                    {
                        "basename": "cryptbase.dll", 
                        "imgsize": 61440, 
                        "baseaddr": "0x7fefcc50000", 
                        "filepath": "C:\\Windows\\system32\\cryptbase.dll"
                    }, 
                    {
                        "basename": "kerberos.DLL", 
                        "imgsize": 737280, 
                        "baseaddr": "0x7fefc5d0000", 
                        "filepath": "C:\\Windows\\system32\\kerberos.DLL"
                    }, 
                    {
                        "basename": "CRYPTSP.dll", 
                        "imgsize": 94208, 
                        "baseaddr": "0x7fefc5b0000", 
                        "filepath": "C:\\Windows\\system32\\CRYPTSP.dll"
                    }, 
                    {
                        "basename": "WS2_32.dll", 
                        "imgsize": 315392, 
                        "baseaddr": "0x7fefec30000", 
                        "filepath": "C:\\Windows\\system32\\WS2_32.dll"
                    }, 
                    {
                        "basename": "NSI.dll", 
                        "imgsize": 32768, 
                        "baseaddr": "0x7fefd3f0000", 
                        "filepath": "C:\\Windows\\system32\\NSI.dll"
                    }, 
                    {
                        "basename": "mswsock.dll", 
                        "imgsize": 348160, 
                        "baseaddr": "0x7fefc550000", 
                        "filepath": "C:\\Windows\\system32\\mswsock.dll"
                    }, 
                    {
                        "basename": "wship6.dll", 
                        "imgsize": 28672, 
                        "baseaddr": "0x7fefc540000", 
                        "filepath": "C:\\Windows\\System32\\wship6.dll"
                    }, 
                    {
                        "basename": "msv1_0.DLL", 
                        "imgsize": 331776, 
                        "baseaddr": "0x7fefc4e0000", 
                        "filepath": "C:\\Windows\\system32\\msv1_0.DLL"
                    }, 
                    {
                        "basename": "netlogon.DLL", 
                        "imgsize": 712704, 
                        "baseaddr": "0x7fefc430000", 
                        "filepath": "C:\\Windows\\system32\\netlogon.DLL"
                    }, 
                    {
                        "basename": "DNSAPI.dll", 
                        "imgsize": 372736, 
                        "baseaddr": "0x7fefc3d0000", 
                        "filepath": "C:\\Windows\\system32\\DNSAPI.dll"
                    }, 
                    {
                        "basename": "logoncli.dll", 
                        "imgsize": 196608, 
                        "baseaddr": "0x7fefc3a0000", 
                        "filepath": "C:\\Windows\\system32\\logoncli.dll"
                    }, 
                    {
                        "basename": "schannel.DLL", 
                        "imgsize": 356352, 
                        "baseaddr": "0x7fefc340000", 
                        "filepath": "C:\\Windows\\system32\\schannel.DLL"
                    }, 
                    {
                        "basename": "CRYPT32.dll", 
                        "imgsize": 1470464, 
                        "baseaddr": "0x7fefcdd0000", 
                        "filepath": "C:\\Windows\\system32\\CRYPT32.dll"
                    }, 
                    {
                        "basename": "wdigest.DLL", 
                        "imgsize": 221184, 
                        "baseaddr": "0x7fefc300000", 
                        "filepath": "C:\\Windows\\system32\\wdigest.DLL"
                    }, 
                    {
                        "basename": "rsaenh.dll", 
                        "imgsize": 290816, 
                        "baseaddr": "0x7fefc2b0000", 
                        "filepath": "C:\\Windows\\system32\\rsaenh.dll"
                    }, 
                    {
                        "basename": "tspkg.DLL", 
                        "imgsize": 98304, 
                        "baseaddr": "0x7fefc290000", 
                        "filepath": "C:\\Windows\\system32\\tspkg.DLL"
                    }, 
                    {
                        "basename": "pku2u.DLL", 
                        "imgsize": 282624, 
                        "baseaddr": "0x7fefc240000", 
                        "filepath": "C:\\Windows\\system32\\pku2u.DLL"
                    }, 
                    {
                        "basename": "bcryptprimitives.dll", 
                        "imgsize": 311296, 
                        "baseaddr": "0x7fefc1f0000", 
                        "filepath": "C:\\Windows\\system32\\bcryptprimitives.dll"
                    }, 
                    {
                        "basename": "RpcRtRemote.dll", 
                        "imgsize": 81920, 
                        "baseaddr": "0x7fefcd00000", 
                        "filepath": "C:\\Windows\\system32\\RpcRtRemote.dll"
                    }, 
                    {
                        "basename": "efslsaext.dll", 
                        "imgsize": 73728, 
                        "baseaddr": "0x7fefc1d0000", 
                        "filepath": "C:\\Windows\\system32\\efslsaext.dll"
                    }, 
                    {
                        "basename": "scecli.DLL", 
                        "imgsize": 253952, 
                        "baseaddr": "0x7fefc130000", 
                        "filepath": "C:\\Windows\\system32\\scecli.DLL"
                    }, 
                    {
                        "basename": "credssp.dll", 
                        "imgsize": 40960, 
                        "baseaddr": "0x7fefc1b0000", 
                        "filepath": "C:\\Windows\\system32\\credssp.dll"
                    }, 
                    {
                        "basename": "WINSTA.dll", 
                        "imgsize": 249856, 
                        "baseaddr": "0x7fefcc10000", 
                        "filepath": "C:\\Windows\\system32\\WINSTA.dll"
                    }, 
                    {
                        "basename": "IPHLPAPI.DLL", 
                        "imgsize": 159744, 
                        "baseaddr": "0x7fefbfd0000", 
                        "filepath": "C:\\Windows\\system32\\IPHLPAPI.DLL"
                    }, 
                    {
                        "basename": "WINNSI.DLL", 
                        "imgsize": 45056, 
                        "baseaddr": "0x7fefbfc0000", 
                        "filepath": "C:\\Windows\\system32\\WINNSI.DLL"
                    }, 
                    {
                        "basename": "netutils.dll", 
                        "imgsize": 49152, 
                        "baseaddr": "0x7fefa790000", 
                        "filepath": "C:\\Windows\\system32\\netutils.dll"
                    }, 
                    {
                        "basename": "USERENV.dll", 
                        "imgsize": 122880, 
                        "baseaddr": "0x7fefc060000", 
                        "filepath": "C:\\Windows\\system32\\USERENV.dll"
                    }, 
                    {
                        "basename": "profapi.dll", 
                        "imgsize": 61440, 
                        "baseaddr": "0x7fefcd20000", 
                        "filepath": "C:\\Windows\\system32\\profapi.dll"
                    }, 
                    {
                        "basename": "wshtcpip.dll", 
                        "imgsize": 28672, 
                        "baseaddr": "0x7fefbed0000", 
                        "filepath": "C:\\Windows\\System32\\wshtcpip.dll"
                    }, 
                    {
                        "basename": "monitor-x64.dll", 
                        "imgsize": 2269184, 
                        "baseaddr": "0x744c0000", 
                        "filepath": "C:\\tmpql7zol\\bin\\monitor-x64.dll"
                    }
                ], 
                "time": 0, 
                "tid": 2408, 
                "first_seen": 1742629314.953125, 
                "ppid": 400, 
                "type": "process"
            }
        ], 
        "processtree": [
            {
                "track": false, 
                "pid": 508, 
                "process_name": "lsass.exe", 
                "command_line": "C:\\Windows\\system32\\lsass.exe", 
                "first_seen": 1742629314.953125, 
                "ppid": 400, 
                "children": []
            }
        ]
    }, 
    "debug": {
        "action": [], 
        "dbgview": [], 
        "errors": [], 
        "log": [
            "2025-03-22 06:41:54,015 [analyzer] DEBUG: Starting analyzer from: C:\\tmpql7zol\n", 
            "2025-03-22 06:41:54,015 [analyzer] DEBUG: Pipe server name: \\??\\PIPE\\HkFInnucvEHCRYmueDsq\n", 
            "2025-03-22 06:41:54,015 [analyzer] DEBUG: Log pipe server name: \\??\\PIPE\\YUmRWgFDupIuzEiYaAJRSTLBkFiCXiWJ\n", 
            "2025-03-22 06:41:54,171 [analyzer] DEBUG: Started auxiliary module DbgView\n", 
            "2025-03-22 06:41:54,687 [analyzer] DEBUG: Started auxiliary module Disguise\n", 
            "2025-03-22 06:41:55,015 [analyzer] DEBUG: Loaded monitor into process with pid 508\n", 
            "2025-03-22 06:41:55,015 [analyzer] DEBUG: Started auxiliary module DumpTLSMasterSecrets\n", 
            "2025-03-22 06:41:55,015 [analyzer] DEBUG: Started auxiliary module Human\n", 
            "2025-03-22 06:41:55,015 [analyzer] DEBUG: Started auxiliary module InstallCertificate\n", 
            "2025-03-22 06:41:55,015 [analyzer] DEBUG: Started auxiliary module Reboot\n", 
            "2025-03-22 06:41:55,187 [analyzer] DEBUG: Started auxiliary module RecentFiles\n", 
            "2025-03-22 06:41:55,187 [modules.auxiliary.screenshots] INFO: Python Image Library (either PIL or Pillow) is not installed, screenshots are disabled.\n", 
            "2025-03-22 06:41:55,187 [analyzer] DEBUG: Started auxiliary module Screenshots\n", 
            "2025-03-22 06:41:55,203 [analyzer] DEBUG: Started auxiliary module LoadZer0m0n\n", 
            "2025-03-22 06:41:55,250 [lib.api.process] ERROR: Failed to execute process from path u'C:\\\\Users\\\\ADMINI~1\\\\AppData\\\\Local\\\\Temp\\\\ARP.EXE' with arguments ['bin\\\\inject-x86.exe', '--app', u'C:\\\\Users\\\\ADMINI~1\\\\AppData\\\\Local\\\\Temp\\\\ARP.EXE', '--only-start', '--curdir', 'C:\\\\Users\\\\ADMINI~1\\\\AppData\\\\Local\\\\Temp'] (Error: Command '['bin\\\\inject-x86.exe', '--app', u'C:\\\\Users\\\\ADMINI~1\\\\AppData\\\\Local\\\\Temp\\\\ARP.EXE', '--only-start', '--curdir', 'C:\\\\Users\\\\ADMINI~1\\\\AppData\\\\Local\\\\Temp']' returned non-zero exit status 1)\n"
        ], 
        "cuckoo": [
            "2025-03-22 06:41:54,637 [cuckoo.core.scheduler] INFO: Task #278: acquired machine 192.168.56.1011 (label=192.168.56.1011)\n", 
            "2025-03-22 06:41:54,637 [cuckoo.core.resultserver] DEBUG: Now tracking machine 192.168.56.101 for task #278\n", 
            "2025-03-22 06:41:54,637 [cuckoo.core.plugins] DEBUG: Started auxiliary module: Replay\n", 
            "2025-03-22 06:41:54,657 [cuckoo.auxiliary.sniffer] INFO: Started sniffer with PID 24707 (interface=vboxnet0, host=192.168.56.101)\n", 
            "2025-03-22 06:41:54,658 [cuckoo.core.plugins] DEBUG: Started auxiliary module: Sniffer\n", 
            "2025-03-22 06:41:54,694 [cuckoo.machinery.virtualbox] DEBUG: Starting vm 192.168.56.1011\n", 
            "2025-03-22 06:41:54,827 [cuckoo.machinery.virtualbox] DEBUG: Restoring virtual machine 192.168.56.1011 to its current snapshot\n", 
            "2025-03-22 06:41:56,845 [cuckoo.core.guest] INFO: Starting analysis #278 on guest (id=192.168.56.1011, ip=192.168.56.101)\n", 
            "2025-03-22 06:41:57,633 [cuckoo.core.guest] DEBUG: 192.168.56.1011: not ready yet\n", 
            "2025-03-22 06:41:59,637 [cuckoo.core.guest] DEBUG: 192.168.56.1011: not ready yet\n", 
            "2025-03-22 06:41:59,970 [cuckoo.core.guest] INFO: Guest is running Cuckoo Agent 0.10 (id=192.168.56.1011, ip=192.168.56.101)\n", 
            "2025-03-22 06:42:00,015 [cuckoo.core.guest] DEBUG: Uploading analyzer to guest (id=192.168.56.1011, ip=192.168.56.101, monitor=latest, size=3884763)\n", 
            "2025-03-22 06:42:00,732 [cuckoo.core.resultserver] DEBUG: Task #278: live log analysis.log initialized.\n", 
            "2025-03-22 06:42:01,755 [cuckoo.core.resultserver] DEBUG: Task #278 is sending a BSON stream\n", 
            "2025-03-22 06:42:02,411 [cuckoo.core.guest] WARNING: 192.168.56.1011: analysis #278 caught an exception\n", 
            "Traceback (most recent call last):\n", 
            "  File \"C:/tmpql7zol/analyzer.py\", line 808, in <module>\n", 
            "    success = analyzer.run()\n", 
            "  File \"C:/tmpql7zol/analyzer.py\", line 657, in run\n", 
            "    pids = self.package.start(self.target)\n", 
            "  File \"C:\\tmpql7zol\\modules\\packages\\exe.py\", line 23, in start\n", 
            "    return self.execute(path, args=shlex.split(args))\n", 
            "  File \"C:\\tmpql7zol\\lib\\common\\abstracts.py\", line 166, in execute\n", 
            "    \"Unable to execute the initial process, analysis aborted.\"\n", 
            "CuckooPackageError: Unable to execute the initial process, analysis aborted.\n", 
            "\n", 
            "2025-03-22 06:42:02,417 [cuckoo.core.plugins] DEBUG: Stopped auxiliary module: Replay\n", 
            "2025-03-22 06:42:02,461 [cuckoo.core.plugins] DEBUG: Stopped auxiliary module: Sniffer\n", 
            "2025-03-22 06:42:03,881 [cuckoo.machinery.virtualbox] INFO: Successfully generated memory dump for virtual machine with label 192.168.56.1011 to path /home/tesst/.cuckoo/storage/analyses/278/memory.dmp\n", 
            "2025-03-22 06:42:03,882 [cuckoo.machinery.virtualbox] DEBUG: Stopping vm 192.168.56.1011\n", 
            "2025-03-22 06:42:05,159 [cuckoo.core.resultserver] DEBUG: Stopped tracking machine 192.168.56.101 for task #278\n", 
            "2025-03-22 06:42:05,159 [cuckoo.core.resultserver] DEBUG: Cancel <Context for LOG> for task 278\n", 
            "2025-03-22 06:42:05,162 [cuckoo.core.scheduler] DEBUG: Released database task #278\n", 
            "2025-03-22 06:42:05,183 [cuckoo.core.plugins] DEBUG: Executed processing module \"AnalysisInfo\" for task #278\n", 
            "2025-03-22 06:42:05,185 [cuckoo.core.plugins] DEBUG: Executed processing module \"BehaviorAnalysis\" for task #278\n", 
            "2025-03-22 06:42:05,185 [cuckoo.core.plugins] DEBUG: Executed processing module \"Dropped\" for task #278\n", 
            "2025-03-22 06:42:05,185 [cuckoo.core.plugins] DEBUG: Executed processing module \"DroppedBuffer\" for task #278\n", 
            "2025-03-22 06:42:05,185 [cuckoo.core.plugins] DEBUG: Executed processing module \"MetaInfo\" for task #278\n", 
            "2025-03-22 06:42:05,185 [cuckoo.core.plugins] DEBUG: Executed processing module \"ProcessMemory\" for task #278\n", 
            "2025-03-22 06:42:05,186 [cuckoo.core.plugins] DEBUG: Executed processing module \"Procmon\" for task #278\n", 
            "2025-03-22 06:42:05,186 [cuckoo.core.plugins] DEBUG: Executed processing module \"Screenshots\" for task #278\n", 
            "2025-03-22 06:42:05,396 [cuckoo.core.plugins] DEBUG: Executed processing module \"Static\" for task #278\n", 
            "2025-03-22 06:42:05,398 [cuckoo.core.plugins] DEBUG: Executed processing module \"Strings\" for task #278\n", 
            "2025-03-22 06:42:05,399 [cuckoo.core.plugins] DEBUG: Executed processing module \"TargetInfo\" for task #278\n", 
            "2025-03-22"
        ]
    }, 
    "strings": [
        "!This program cannot be run in DOS mode.", 
        "`.data", 
        ".idata", 
        "@.rsrc", 
        "@.reloc", 
        "%u.%u.%u.%u --- 0x%x", 
        "%2x-%2x-%2x-%2x-%2x-%2x", 
        "SnmpMgrOidToStr", 
        "\\inetmib1.dll", 
        "SnmpExtensionInit", 
        "SnmpExtensionQuery", 
        "GetTable: type = %d", 
        "ReadTable: type = %d", 
        "value=%8d oid= ", 
        "arp.pdb", 
        ".rdata$brc", 
        ".CRT$XCA", 
        ".CRT$XCAA", 
        ".CRT$XCZ", 
        ".CRT$XIA", 
        ".CRT$XIAA", 
        ".CRT$XIY", 
        ".CRT$XIZ", 
        ".gfids", 
        ".rdata", 
        ".rdata$sxdata", 
        ".rdata$voltmd", 
        ".rdata$zzzdbg", 
        ".text$mn", 
        ".xdata$x", 
        ".idata$5", 
        ".00cfg", 
        ".idata$2", 
        ".idata$3", 
        ".idata$4", 
        ".idata$6", 
        ".rsrc$01", 
        ".rsrc$02", 
        "t,<@t(<", 
        "PSSSSSSQj j", 
        "dB;Q`r", 
        "?QQPVW", 
        "_vsnwprintf", 
        "toupper", 
        "sscanf_s", 
        "_vsnprintf", 
        "isxdigit", 
        "isspace", 
        "isdigit", 
        "islower", 
        "_XcptFilter", 
        "__p__commode", 
        "_amsg_exit", 
        "__getmainargs", 
        "__set_app_type", 
        "_cexit", 
        "__p__fmode", 
        "__setusermatherr", 
        "_initterm", 
        "msvcrt.dll", 
        "?terminate@@YAXXZ", 
        "_controlfp", 
        "_except_handler4_common", 
        "RtlIpv4AddressToStringW", 
        "HeapSetInformation", 
        "LocalFree", 
        "UnhandledExceptionFilter", 
        "SetUnhandledExceptionFilter", 
        "GetCurrentProcess", 
        "TerminateProcess", 
        "GetModuleHandleW", 
        "QueryPerformanceCounter", 
        "GetCurrentProcessId", 
        "GetCurrentThreadId", 
        "GetSystemTimeAsFileTime", 
        "GetTickCount", 
        "ntdll.dll", 
        "WS2_32.dll", 
        "api-ms-win-core-heap-l1-1-0.dll", 
        "api-ms-win-core-heap-l2-1-0.dll", 
        "api-ms-win-core-synch-l1-2-0.dll", 
        "api-ms-win-core-errorhandling-l1-1-0.dll", 
        "api-ms-win-core-processthreads-l1-1-0.dll", 
        "api-ms-win-core-libraryloader-l1-2-0.dll", 
        "api-ms-win-core-profile-l1-1-0.dll", 
        "api-ms-win-core-sysinfo-l1-1-0.dll", 
        "SnmpUtilMemFree", 
        "SnmpUtilMemAlloc", 
        "snmpapi.dll", 
        "fprintf", 
        "_setmode", 
        "_fileno", 
        "_wsetlocale", 
        "CheckTokenMembership", 
        "FreeSid", 
        "AllocateAndInitializeSid", 
        "LoadLibraryExA", 
        "GetLastError", 
        "GetIcmpStatisticsEx", 
        "GetSystemDirectoryA", 
        "GetProcAddress", 
        "GetTcpStatisticsEx", 
        "GetUdpStatisticsEx", 
        "GetIpStatisticsEx", 
        "GetIpForwardTable", 
        "GetConsoleOutputCP", 
        "LocalAlloc", 
        "FormatMessageW", 
        "WideCharToMultiByte", 
        "SetThreadPreferredUILanguages", 
        "api-ms-win-security-base-l1-1-0.dll", 
        "IPHLPAPI.DLL", 
        "api-ms-win-core-console-l1-1-0.dll", 
        "api-ms-win-core-localization-l1-2-0.dll", 
        "api-ms-win-core-string-l1-1-0.dll", 
        "SnmpUtilOidCpy", 
        "SnmpUtilVarBindFree", 
        "__iob_func", 
        "<?xml version=\"1.0\" encoding=\"UTF-8\" standalone=\"yes\"?>", 
        "<!-- Copyright (c) Microsoft Corporation -->", 
        "<assembly xmlns=\"urn:schemas-microsoft-com:asm.v1\"", 
        " manifestVersion=\"1.0\"> ", 
        "  <assemblyIdentity version=\"5.1.0.0\"", 
        "     processorArchitecture=\"x86\"", 
        "     name=\"Microsoft.Windows.Net.arp\"", 
        "     type=\"win32\"/> ", 
        "  <description>arp - address resolve protocol command line tool.</description> ", 
        "  <!-- Identify the application security requirements. -->", 
        "  <trustInfo xmlns=\"urn:schemas-microsoft-com:asm.v3\">", 
        "    <security>", 
        "      <requestedPrivileges>", 
        "        <requestedExecutionLevel", 
        "          level=\"asInvoker\"", 
        "          uiAccess=\"false\"/>", 
        "        </requestedPrivileges>", 
        "       </security>", 
        "  </trustInfo>", 
        "</assembly>", 
        "0D0H0P0X0", 
        "6@6F6L6q6", 
        "7\"929|9", 
        "=#>->l>", 
        "2)3J3X3", 
        "5J6Z6p6z6", 
        "7\"7'717H7~7", 
        "8\"8&8*8.82868:8>8B8F8J8N8s8", 
        ": :B:R:k:s:", 
        ";&;4;C;W;'<g<", 
        ">3>H>V>Z>^>b>f>j>n>r>v>z>~>", 
        "1f2j2n2r2v2z2~2", 
        "536h6p6", 
        "7K7h7t7z7", 
        "8&8H8S8e8m8r8w8", 
        "9$9C9I9S9Y9b9g9", 
        ":B:_:h:s:z:", 
        ";#;-;=;M;S;^;d;p;", 
        "<H=M=_=}=", 
        "VS_VERSION_INFO", 
        "StringFileInfo", 
        "040904B0", 
        "CompanyName", 
        "Microsoft Corporation", 
        "FileDescription", 
        "TCP/IP Arp Command", 
        "FileVersion", 
        "10.0.22621.4111 (WinBuild.160101.0800)", 
        "InternalName", 
        "arp.exe", 
        "LegalCopyright", 
        " Microsoft Corporation. All rights reserved.", 
        "OriginalFilename", 
        "arp.exe", 
        "ProductName", 
        "Microsoft", 
        " Windows", 
        " Operating System", 
        "ProductVersion", 
        "10.0.22621.4111", 
        "VarFileInfo", 
        "Translation"
    ], 
    "metadata": {
        "output": {
            "pcap": {
                "basename": "dump.pcap", 
                "sha256": "8c7ff1a255a3b32a7bbeb486c4d100ca9cd06c42c64db39118c0082f96a7a8a2", 
                "dirname": ""
            }
        }
    }
}