{
    "info": {
        "added": 1742626778.172174, 
        "started": 1742626933.536618, 
        "duration": 24, 
        "ended": 1742626958.48423, 
        "owner": null, 
        "score": 0.4, 
        "id": 311, 
        "category": "file", 
        "git": {
            "head": "13cbe0d9e457be3673304533043e992ead1ea9b2", 
            "fetch_head": "13cbe0d9e457be3673304533043e992ead1ea9b2"
        }, 
        "monitor": "2deb9ccd75d5a7a3fe05b2625b03a8639d6ee36b", 
        "package": "exe", 
        "route": "none", 
        "custom": null, 
        "machine": {
            "status": "stopped", 
            "name": "192.168.56.1011", 
            "label": "192.168.56.1011", 
            "manager": "VirtualBox", 
            "started_on": "2025-03-22 07:02:13", 
            "shutdown_on": "2025-03-22 07:02:38"
        }, 
        "platform": "windows", 
        "version": "2.0.7", 
        "options": "procmemdump=yes,route=none"
    }, 
    "signatures": [
        {
            "families": [], 
            "description": "This executable has a PDB path", 
            "severity": 1, 
            "ttp": {}, 
            "markcount": 1, 
            "references": [], 
            "marks": [
                {
                    "category": "pdb_path", 
                    "ioc": "CameraSettingsUIHost.pdb", 
                    "type": "ioc", 
                    "description": null
                }
            ], 
            "name": "has_pdb"
        }, 
        {
            "families": [], 
            "description": "The executable contains unknown PE section names indicative of a packer (could be a false positive)", 
            "severity": 1, 
            "ttp": {
                "T1045": {
                    "short": "Software Packing", 
                    "long": "Software packing is a method of compressing or encrypting an executable. Packing an executable changes the file signature in an attempt to avoid signature-based detection. Most decompression techniques decompress the executable code in memory."
                }
            }, 
            "markcount": 1, 
            "references": [], 
            "marks": [
                {
                    "category": "section", 
                    "ioc": ".imrsiv", 
                    "type": "ioc", 
                    "description": null
                }
            ], 
            "name": "pe_features"
        }
    ], 
    "target": {
        "category": "file", 
        "file": {
            "yara": [], 
            "sha1": "0d6eb594bd199e38c8ab199296710ec7aa36c175", 
            "name": "CameraSettingsUIHost.exe", 
            "type": "PE32 executable (GUI) Intel 80386, for MS Windows", 
            "sha256": "049023f4fbeeb374480c7902f461a33c72c2a7dd675efe854a4473c06a4a8664", 
            "urls": [
                "http://www.microsoft.com/pki/certs/MicRooCerAut_2010-06-23.crt0", 
                "http://www.microsoft.com/pkiops/certs/MicWinProPCA2011_2011-10-19.crt0", 
                "http://www.microsoft.com/pkiops/Docs/Repository.htm0", 
                "http://www.microsoft.com/windows0", 
                "http://www.microsoft.com/pkiops/crl/Microsoft%20Time-Stamp%20PCA%202010(1).crl0l", 
                "http://www.microsoft.com/pkiops/certs/Microsoft%20Time-Stamp%20PCA%202010(1).crt0", 
                "http://www.microsoft.com/pkiops/crl/MicWinProPCA2011_2011-10-19.crl0a"
            ], 
            "crc32": "E85E0CBE", 
            "path": "/home/tesst/.cuckoo/storage/binaries/049023f4fbeeb374480c7902f461a33c72c2a7dd675efe854a4473c06a4a8664", 
            "ssdeep": null, 
            "size": 34064, 
            "sha512": "6c40561a45cc7112c87ad01d5f494514c31b9c28b7381783bf2d9a01367db04aa27e86545c0d74eec965b4520645b154a8136d2590ab5e3361a4ee5e4574351a", 
            "md5": "055ab7f5b45d1b473acf27a72840dbbd"
        }
    }, 
    "network": {
        "tls": [], 
        "udp": [
            {
                "src": "192.168.56.101", 
                "dst": "224.0.0.252", 
                "offset": 1214, 
                "time": 1.8191649913787842, 
                "dport": 5355, 
                "sport": 64412
            }, 
            {
                "src": "192.168.56.101", 
                "dst": "224.0.0.252", 
                "offset": 1542, 
                "time": 0.12042808532714844, 
                "dport": 5355, 
                "sport": 64614
            }, 
            {
                "src": "192.168.56.101", 
                "dst": "224.0.0.252", 
                "offset": 1870, 
                "time": 1.2946159839630127, 
                "dport": 5355, 
                "sport": 65517
            }, 
            {
                "src": "192.168.56.101", 
                "dst": "239.255.255.250", 
                "offset": 2190, 
                "time": 1.4844660758972168, 
                "dport": 1900, 
                "sport": 65520
            }
        ], 
        "dns_servers": [], 
        "http": [], 
        "icmp": [], 
        "smtp": [], 
        "tcp": [], 
        "smtp_ex": [], 
        "mitm": [], 
        "hosts": [], 
        "pcap_sha256": "0293c75453836ab444ff88e44ca0013920190a755e9c14ffa4bf303253441d99", 
        "dns": [], 
        "http_ex": [], 
        "domains": [], 
        "dead_hosts": [], 
        "sorted_pcap_sha256": "7c95ab432c500b856f5b413bee3717e94f78cdc46c7e1239b1930889ecb20045", 
        "irc": [], 
        "https_ex": []
    }, 
    "static": {
        "pdb_path": "CameraSettingsUIHost.pdb", 
        "pe_imports": [
            {
                "imports": [
                    {
                        "name": "RegisterTraceGuidsW", 
                        "address": "0x407000"
                    }, 
                    {
                        "name": "GetTraceEnableLevel", 
                        "address": "0x407004"
                    }, 
                    {
                        "name": "GetTraceEnableFlags", 
                        "address": "0x407008"
                    }, 
                    {
                        "name": "GetTraceLoggerHandle", 
                        "address": "0x40700c"
                    }, 
                    {
                        "name": "TraceMessage", 
                        "address": "0x407010"
                    }, 
                    {
                        "name": "UnregisterTraceGuids", 
                        "address": "0x407014"
                    }
                ], 
                "dll": "ADVAPI32.dll"
            }, 
            {
                "imports": [
                    {
                        "name": "AcquireSRWLockShared", 
                        "address": "0x407038"
                    }, 
                    {
                        "name": "GetCurrentProcess", 
                        "address": "0x40703c"
                    }, 
                    {
                        "name": "ReleaseSRWLockExclusive", 
                        "address": "0x407040"
                    }, 
                    {
                        "name": "IsProcessorFeaturePresent", 
                        "address": "0x407044"
                    }, 
                    {
                        "name": "GetStartupInfoW", 
                        "address": "0x407048"
                    }, 
                    {
                        "name": "ReleaseSRWLockShared", 
                        "address": "0x40704c"
                    }, 
                    {
                        "name": "UnhandledExceptionFilter", 
                        "address": "0x407050"
                    }, 
                    {
                        "name": "IsDebuggerPresent", 
                        "address": "0x407054"
                    }, 
                    {
                        "name": "InitializeSListHead", 
                        "address": "0x407058"
                    }, 
                    {
                        "name": "GetSystemTimeAsFileTime", 
                        "address": "0x40705c"
                    }, 
                    {
                        "name": "GetCurrentProcessId", 
                        "address": "0x407060"
                    }, 
                    {
                        "name": "QueryPerformanceCounter", 
                        "address": "0x407064"
                    }, 
                    {
                        "name": "DecodePointer", 
                        "address": "0x407068"
                    }, 
                    {
                        "name": "SetUnhandledExceptionFilter", 
                        "address": "0x40706c"
                    }, 
                    {
                        "name": "AcquireSRWLockExclusive", 
                        "address": "0x407070"
                    }, 
                    {
                        "name": "GetCurrentThreadId", 
                        "address": "0x407074"
                    }, 
                    {
                        "name": "EncodePointer", 
                        "address": "0x407078"
                    }, 
                    {
                        "name": "InitOnceExecuteOnce", 
                        "address": "0x40707c"
                    }, 
                    {
                        "name": "GetModuleHandleW", 
                        "address": "0x407080"
                    }, 
                    {
                        "name": "TerminateProcess", 
                        "address": "0x407084"
                    }
                ], 
                "dll": "KERNEL32.dll"
            }, 
            {
                "imports": [
                    {
                        "name": "TranslateMessage", 
                        "address": "0x40708c"
                    }, 
                    {
                        "name": "PostThreadMessageW", 
                        "address": "0x407090"
                    }, 
                    {
                        "name": "DispatchMessageW", 
                        "address": "0x407094"
                    }, 
                    {
                        "name": "GetMessageW", 
                        "address": "0x407098"
                    }
                ], 
                "dll": "USER32.dll"
            }, 
            {
                "imports": [
                    {
                        "name": "_register_thread_local_exe_atexit_callback", 
                        "address": "0x407174"
                    }, 
                    {
                        "name": "_c_exit", 
                        "address": "0x407178"
                    }, 
                    {
                        "name": "_initterm", 
                        "address": "0x40717c"
                    }, 
                    {
                        "name": "_initterm_e", 
                        "address": "0x407180"
                    }
                ], 
                "dll": "api-ms-win-crt-runtime-l1-1-0.dll"
            }, 
            {
                "imports": [
                    {
                        "name": "_o___p__commode", 
                        "address": "0x407100"
                    }, 
                    {
                        "name": "_o___std_exception_copy", 
                        "address": "0x407104"
                    }, 
                    {
                        "name": "_o___std_exception_destroy", 
                        "address": "0x407108"
                    }, 
                    {
                        "name": "_o__callnewh", 
                        "address": "0x40710c"
                    }, 
                    {
                        "name": "_o__cexit", 
                        "address": "0x407110"
                    }, 
                    {
                        "name": "_o__configthreadlocale", 
                        "address": "0x407114"
                    }, 
                    {
                        "name": "_o__configure_wide_argv", 
                        "address": "0x407118"
                    }, 
                    {
                        "name": "_o__controlfp_s", 
                        "address": "0x40711c"
                    }, 
                    {
                        "name": "_o__crt_atexit", 
                        "address": "0x407120"
                    }, 
                    {
                        "name": "_o__exit", 
                        "address": "0x407124"
                    }, 
                    {
                        "name": "_o__get_wide_winmain_command_line", 
                        "address": "0x407128"
                    }, 
                    {
                        "name": "_o__initialize_onexit_table", 
                        "address": "0x40712c"
                    }, 
                    {
                        "name": "_o__initialize_wide_environment", 
                        "address": "0x407130"
                    }, 
                    {
                        "name": "_o__purecall", 
                        "address": "0x407134"
                    }, 
                    {
                        "name": "_o__register_onexit_function", 
                        "address": "0x407138"
                    }, 
                    {
                        "name": "_o__seh_filter_exe", 
                        "address": "0x40713c"
                    }, 
                    {
                        "name": "_o__set_app_type", 
                        "address": "0x407140"
                    }, 
                    {
                        "name": "_o__set_fmode", 
                        "address": "0x407144"
                    }, 
                    {
                        "name": "_o__set_new_mode", 
                        "address": "0x407148"
                    }, 
                    {
                        "name": "_o_exit", 
                        "address": "0x40714c"
                    }, 
                    {
                        "name": "_o_free", 
                        "address": "0x407150"
                    }, 
                    {
                        "name": "_o_malloc", 
                        "address": "0x407154"
                    }, 
                    {
                        "name": "_o_terminate", 
                        "address": "0x407158"
                    }, 
                    {
                        "name": "__CxxFrameHandler3", 
                        "address": "0x40715c"
                    }, 
                    {
                        "name": "__current_exception", 
                        "address": "0x407160"
                    }, 
                    {
                        "name": "__current_exception_context", 
                        "address": "0x407164"
                    }, 
                    {
                        "name": "_except_handler4_common", 
                        "address": "0x407168"
                    }, 
                    {
                        "name": "_CxxThrowException", 
                        "address": "0x40716c"
                    }
                ], 
                "dll": "api-ms-win-crt-private-l1-1-0.dll"
            }, 
            {
                "imports": [
                    {
                        "name": "memset", 
                        "address": "0x407188"
                    }
                ], 
                "dll": "api-ms-win-crt-string-l1-1-0.dll"
            }, 
            {
                "imports": [
                    {
                        "name": "InitThread", 
                        "address": "0x40701c"
                    }, 
                    {
                        "name": "UnInitProcessPriv", 
                        "address": "0x407020"
                    }, 
                    {
                        "name": "UnInitThread", 
                        "address": "0x407024"
                    }, 
                    {
                        "name": "InitProcessPriv", 
                        "address": "0x407028"
                    }
                ], 
                "dll": "DUI70.dll"
            }, 
            {
                "imports": [
                    {
                        "name": "CoInitializeEx", 
                        "address": "0x4070a0"
                    }, 
                    {
                        "name": "CoReleaseServerProcess", 
                        "address": "0x4070a4"
                    }, 
                    {
                        "name": "CoUninitialize", 
                        "address": "0x4070a8"
                    }, 
                    {
                        "name": "CoCreateInstance", 
                        "address": "0x4070ac"
                    }, 
                    {
                        "name": "CoRegisterClassObject", 
                        "address": "0x4070b0"
                    }, 
                    {
                        "name": "CoResumeClassObjects", 
                        "address": "0x4070b4"
                    }, 
                    {
                        "name": "CoRevokeClassObject", 
                        "address": "0x4070b8"
                    }, 
                    {
                        "name": "CoAddRefServerProcess", 
                        "address": "0x4070bc"
                    }
                ], 
                "dll": "api-ms-win-core-com-l1-1-0.dll"
            }, 
            {
                "imports": [
                    {
                        "name": "RoRevokeActivationFactories", 
                        "address": "0x4070dc"
                    }, 
                    {
                        "name": "RoRegisterActivationFactories", 
                        "address": "0x4070e0"
                    }
                ], 
                "dll": "api-ms-win-core-winrt-l1-1-0.dll"
            }, 
            {
                "imports": [
                    {
                        "name": "WindowsCreateString", 
                        "address": "0x4070e8"
                    }, 
                    {
                        "name": "WindowsStringHasEmbeddedNull", 
                        "address": "0x4070ec"
                    }, 
                    {
                        "name": "WindowsIsStringEmpty", 
                        "address": "0x4070f0"
                    }, 
                    {
                        "name": "WindowsDeleteString", 
                        "address": "0x4070f4"
                    }, 
                    {
                        "name": "WindowsGetStringRawBuffer", 
                        "address": "0x4070f8"
                    }
                ], 
                "dll": "api-ms-win-core-winrt-string-l1-1-0.dll"
            }, 
            {
                "imports": [
                    {
                        "name": "RoOriginateErrorW", 
                        "address": "0x4070c4"
                    }, 
                    {
                        "name": "RoOriginateError", 
                        "address": "0x4070c8"
                    }, 
                    {
                        "name": "SetRestrictedErrorInfo", 
                        "address": "0x4070cc"
                    }
                ], 
                "dll": "api-ms-win-core-winrt-error-l1-1-0.dll"
            }, 
            {
                "imports": [
                    {
                        "name": "RoGetMatchingRestrictedErrorInfo", 
                        "address": "0x4070d4"
                    }
                ], 
                "dll": "api-ms-win-core-winrt-error-l1-1-1.dll"
            }, 
            {
                "imports": [
                    {
                        "name": "ImmDisableIME", 
                        "address": "0x407030"
                    }
                ], 
                "dll": "IMM32.dll"
            }
        ], 
        "peid_signatures": null, 
        "keys": [], 
        "signature": [], 
        "pe_timestamp": "2002-05-02 11:46:02", 
        "pe_exports": [], 
        "imported_dll_count": 13, 
        "pe_imphash": "f3d7ee4441d6e0b9d144542a4cb6194e", 
        "pe_resources": [
            {
                "name": "RT_VERSION", 
                "language": "LANG_ENGLISH", 
                "filetype": "data", 
                "sublanguage": "SUBLANG_ENGLISH_US", 
                "offset": "0x00008430", 
                "size": "0x000003cc"
            }, 
            {
                "name": "RT_MANIFEST", 
                "language": "LANG_ENGLISH", 
                "filetype": "XML 1.0 document text", 
                "sublanguage": "SUBLANG_ENGLISH_US", 
                "offset": "0x000080a0", 
                "size": "0x0000038d"
            }
        ], 
        "pe_versioninfo": [
            {
                "name": "LegalCopyright", 
                "value": "\\xa9 Microsoft Corporation. All rights reserved."
            }, 
            {
                "name": "InternalName", 
                "value": "CameraSettingsUIHost"
            }, 
            {
                "name": "FileVersion", 
                "value": "10.0.22621.1 (WinBuild.160101.0800)"
            }, 
            {
                "name": "CompanyName", 
                "value": "Microsoft Corporation"
            }, 
            {
                "name": "ProductName", 
                "value": "Microsoft\\xae Windows\\xae Operating System"
            }, 
            {
                "name": "ProductVersion", 
                "value": "10.0.22621.1"
            }, 
            {
                "name": "FileDescription", 
                "value": "Camera Settings UI Host"
            }, 
            {
                "name": "OriginalFilename", 
                "value": "CameraSettingsUIHost.exe"
            }, 
            {
                "name": "Translation", 
                "value": "0x0409 0x04b0"
            }
        ], 
        "pe_sections": [
            {
                "size_of_data": "0x00003c00", 
                "virtual_address": "0x00001000", 
                "entropy": 5.884527100488482, 
                "name": ".text", 
                "virtual_size": "0x00003a24"
            }, 
            {
                "size_of_data": "0x00000000", 
                "virtual_address": "0x00005000", 
                "entropy": 0.0, 
                "name": ".imrsiv", 
                "virtual_size": "0x00000004"
            }, 
            {
                "size_of_data": "0x00000200", 
                "virtual_address": "0x00006000", 
                "entropy": 1.727109380258838, 
                "name": ".data", 
                "virtual_size": "0x000004c0"
            }, 
            {
                "size_of_data": "0x00000e00", 
                "virtual_address": "0x00007000", 
                "entropy": 4.848818991607349, 
                "name": ".idata", 
                "virtual_size": "0x00000d0c"
            }, 
            {
                "size_of_data": "0x00000800", 
                "virtual_address": "0x00008000", 
                "entropy": 4.580707754677664, 
                "name": ".rsrc", 
                "virtual_size": "0x00000800"
            }, 
            {
                "size_of_data": "0x00000600", 
                "virtual_address": "0x00009000", 
                "entropy": 5.634787635742877, 
                "name": ".reloc", 
                "virtual_size": "0x00000494"
            }
        ]
    }, 
    "behavior": {
        "generic": [
            {
                "process_path": "C:\\Windows\\System32\\lsass.exe", 
                "process_name": "lsass.exe", 
                "pid": 508, 
                "summary": {}, 
                "first_seen": 1742630379.046875, 
                "ppid": 400
            }
        ], 
        "processes": [
            {
                "process_path": "C:\\Windows\\System32\\lsass.exe", 
                "calls": [], 
                "track": false, 
                "pid": 508, 
                "process_name": "lsass.exe", 
                "command_line": "C:\\Windows\\system32\\lsass.exe", 
                "modules": [
                    {
                        "basename": "lsass.exe", 
                        "imgsize": 49152, 
                        "baseaddr": "0xffc70000", 
                        "filepath": "C:\\Windows\\system32\\lsass.exe"
                    }, 
                    {
                        "basename": "ntdll.dll", 
                        "imgsize": 1740800, 
                        "baseaddr": "0x76dd0000", 
                        "filepath": "C:\\Windows\\SYSTEM32\\ntdll.dll"
                    }, 
                    {
                        "basename": "kernel32.dll", 
                        "imgsize": 1175552, 
                        "baseaddr": "0x76bb0000", 
                        "filepath": "C:\\Windows\\system32\\kernel32.dll"
                    }, 
                    {
                        "basename": "KERNELBASE.dll", 
                        "imgsize": 438272, 
                        "baseaddr": "0x7fefcf80000", 
                        "filepath": "C:\\Windows\\system32\\KERNELBASE.dll"
                    }, 
                    {
                        "basename": "msvcrt.dll", 
                        "imgsize": 651264, 
                        "baseaddr": "0x7fefec80000", 
                        "filepath": "C:\\Windows\\system32\\msvcrt.dll"
                    }, 
                    {
                        "basename": "RPCRT4.dll", 
                        "imgsize": 1232896, 
                        "baseaddr": "0x7fefd2c0000", 
                        "filepath": "C:\\Windows\\system32\\RPCRT4.dll"
                    }, 
                    {
                        "basename": "SspiSrv.dll", 
                        "imgsize": 45056, 
                        "baseaddr": "0x7fefcb60000", 
                        "filepath": "C:\\Windows\\system32\\SspiSrv.dll"
                    }, 
                    {
                        "basename": "lsasrv.dll", 
                        "imgsize": 1470464, 
                        "baseaddr": "0x7fefc9e0000", 
                        "filepath": "C:\\Windows\\system32\\lsasrv.dll"
                    }, 
                    {
                        "basename": "sechost.dll", 
                        "imgsize": 126976, 
                        "baseaddr": "0x7fefea00000", 
                        "filepath": "C:\\Windows\\SYSTEM32\\sechost.dll"
                    }, 
                    {
                        "basename": "SspiCli.dll", 
                        "imgsize": 151552, 
                        "baseaddr": "0x7fefcb80000", 
                        "filepath": "C:\\Windows\\system32\\SspiCli.dll"
                    }, 
                    {
                        "basename": "ADVAPI32.dll", 
                        "imgsize": 897024, 
                        "baseaddr": "0x7fefd480000", 
                        "filepath": "C:\\Windows\\system32\\ADVAPI32.dll"
                    }, 
                    {
                        "basename": "USER32.dll", 
                        "imgsize": 1024000, 
                        "baseaddr": "0x76cd0000", 
                        "filepath": "C:\\Windows\\system32\\USER32.dll"
                    }, 
                    {
                        "basename": "GDI32.dll", 
                        "imgsize": 421888, 
                        "baseaddr": "0x7fefd560000", 
                        "filepath": "C:\\Windows\\system32\\GDI32.dll"
                    }, 
                    {
                        "basename": "LPK.dll", 
                        "imgsize": 57344, 
                        "baseaddr": "0x7fefd830000", 
                        "filepath": "C:\\Windows\\system32\\LPK.dll"
                    }, 
                    {
                        "basename": "USP10.dll", 
                        "imgsize": 823296, 
                        "baseaddr": "0x7feff010000", 
                        "filepath": "C:\\Windows\\system32\\USP10.dll"
                    }, 
                    {
                        "basename": "SAMSRV.dll", 
                        "imgsize": 774144, 
                        "baseaddr": "0x7fefc880000", 
                        "filepath": "C:\\Windows\\system32\\SAMSRV.dll"
                    }, 
                    {
                        "basename": "cryptdll.dll", 
                        "imgsize": 81920, 
                        "baseaddr": "0x7fefc860000", 
                        "filepath": "C:\\Windows\\system32\\cryptdll.dll"
                    }, 
                    {
                        "basename": "MSASN1.dll", 
                        "imgsize": 61440, 
                        "baseaddr": "0x7fefcdc0000", 
                        "filepath": "C:\\Windows\\system32\\MSASN1.dll"
                    }, 
                    {
                        "basename": "wevtapi.dll", 
                        "imgsize": 446464, 
                        "baseaddr": "0x7fefc7f0000", 
                        "filepath": "C:\\Windows\\system32\\wevtapi.dll"
                    }, 
                    {
                        "basename": "IMM32.DLL", 
                        "imgsize": 188416, 
                        "baseaddr": "0x7fefea20000", 
                        "filepath": "C:\\Windows\\system32\\IMM32.DLL"
                    }, 
                    {
                        "basename": "MSCTF.dll", 
                        "imgsize": 1085440, 
                        "baseaddr": "0x7fefed20000", 
                        "filepath": "C:\\Windows\\system32\\MSCTF.dll"
                    }, 
                    {
                        "basename": "cngaudit.dll", 
                        "imgsize": 36864, 
                        "baseaddr": "0x7fefc7b0000", 
                        "filepath": "C:\\Windows\\system32\\cngaudit.dll"
                    }, 
                    {
                        "basename": "AUTHZ.dll", 
                        "imgsize": 192512, 
                        "baseaddr": "0x7fefc780000", 
                        "filepath": "C:\\Windows\\system32\\AUTHZ.dll"
                    }, 
                    {
                        "basename": "ncrypt.dll", 
                        "imgsize": 319488, 
                        "baseaddr": "0x7fefc730000", 
                        "filepath": "C:\\Windows\\system32\\ncrypt.dll"
                    }, 
                    {
                        "basename": "bcrypt.dll", 
                        "imgsize": 139264, 
                        "baseaddr": "0x7fefc700000", 
                        "filepath": "C:\\Windows\\system32\\bcrypt.dll"
                    }, 
                    {
                        "basename": "msprivs.DLL", 
                        "imgsize": 8192, 
                        "baseaddr": "0x74af0000", 
                        "filepath": "C:\\Windows\\system32\\msprivs.DLL"
                    }, 
                    {
                        "basename": "netjoin.dll", 
                        "imgsize": 204800, 
                        "baseaddr": "0x7fefc6c0000", 
                        "filepath": "C:\\Windows\\system32\\netjoin.dll"
                    }, 
                    {
                        "basename": "negoexts.DLL", 
                        "imgsize": 147456, 
                        "baseaddr": "0x7fefc690000", 
                        "filepath": "C:\\Windows\\system32\\negoexts.DLL"
                    }, 
                    {
                        "basename": "Secur32.dll", 
                        "imgsize": 45056, 
                        "baseaddr": "0x7fefc9b0000", 
                        "filepath": "C:\\Windows\\system32\\Secur32.dll"
                    }, 
                    {
                        "basename": "cryptbase.dll", 
                        "imgsize": 61440, 
                        "baseaddr": "0x7fefcc50000", 
                        "filepath": "C:\\Windows\\system32\\cryptbase.dll"
                    }, 
                    {
                        "basename": "kerberos.DLL", 
                        "imgsize": 737280, 
                        "baseaddr": "0x7fefc5d0000", 
                        "filepath": "C:\\Windows\\system32\\kerberos.DLL"
                    }, 
                    {
                        "basename": "CRYPTSP.dll", 
                        "imgsize": 94208, 
                        "baseaddr": "0x7fefc5b0000", 
                        "filepath": "C:\\Windows\\system32\\CRYPTSP.dll"
                    }, 
                    {
                        "basename": "WS2_32.dll", 
                        "imgsize": 315392, 
                        "baseaddr": "0x7fefec30000", 
                        "filepath": "C:\\Windows\\system32\\WS2_32.dll"
                    }, 
                    {
                        "basename": "NSI.dll", 
                        "imgsize": 32768, 
                        "baseaddr": "0x7fefd3f0000", 
                        "filepath": "C:\\Windows\\system32\\NSI.dll"
                    }, 
                    {
                        "basename": "mswsock.dll", 
                        "imgsize": 348160, 
                        "baseaddr": "0x7fefc550000", 
                        "filepath": "C:\\Windows\\system32\\mswsock.dll"
                    }, 
                    {
                        "basename": "wship6.dll", 
                        "imgsize": 28672, 
                        "baseaddr": "0x7fefc540000", 
                        "filepath": "C:\\Windows\\System32\\wship6.dll"
                    }, 
                    {
                        "basename": "msv1_0.DLL", 
                        "imgsize": 331776, 
                        "baseaddr": "0x7fefc4e0000", 
                        "filepath": "C:\\Windows\\system32\\msv1_0.DLL"
                    }, 
                    {
                        "basename": "netlogon.DLL", 
                        "imgsize": 712704, 
                        "baseaddr": "0x7fefc430000", 
                        "filepath": "C:\\Windows\\system32\\netlogon.DLL"
                    }, 
                    {
                        "basename": "DNSAPI.dll", 
                        "imgsize": 372736, 
                        "baseaddr": "0x7fefc3d0000", 
                        "filepath": "C:\\Windows\\system32\\DNSAPI.dll"
                    }, 
                    {
                        "basename": "logoncli.dll", 
                        "imgsize": 196608, 
                        "baseaddr": "0x7fefc3a0000", 
                        "filepath": "C:\\Windows\\system32\\logoncli.dll"
                    }, 
                    {
                        "basename": "schannel.DLL", 
                        "imgsize": 356352, 
                        "baseaddr": "0x7fefc340000", 
                        "filepath": "C:\\Windows\\system32\\schannel.DLL"
                    }, 
                    {
                        "basename": "CRYPT32.dll", 
                        "imgsize": 1470464, 
                        "baseaddr": "0x7fefcdd0000", 
                        "filepath": "C:\\Windows\\system32\\CRYPT32.dll"
                    }, 
                    {
                        "basename": "wdigest.DLL", 
                        "imgsize": 221184, 
                        "baseaddr": "0x7fefc300000", 
                        "filepath": "C:\\Windows\\system32\\wdigest.DLL"
                    }, 
                    {
                        "basename": "rsaenh.dll", 
                        "imgsize": 290816, 
                        "baseaddr": "0x7fefc2b0000", 
                        "filepath": "C:\\Windows\\system32\\rsaenh.dll"
                    }, 
                    {
                        "basename": "tspkg.DLL", 
                        "imgsize": 98304, 
                        "baseaddr": "0x7fefc290000", 
                        "filepath": "C:\\Windows\\system32\\tspkg.DLL"
                    }, 
                    {
                        "basename": "pku2u.DLL", 
                        "imgsize": 282624, 
                        "baseaddr": "0x7fefc240000", 
                        "filepath": "C:\\Windows\\system32\\pku2u.DLL"
                    }, 
                    {
                        "basename": "bcryptprimitives.dll", 
                        "imgsize": 311296, 
                        "baseaddr": "0x7fefc1f0000", 
                        "filepath": "C:\\Windows\\system32\\bcryptprimitives.dll"
                    }, 
                    {
                        "basename": "RpcRtRemote.dll", 
                        "imgsize": 81920, 
                        "baseaddr": "0x7fefcd00000", 
                        "filepath": "C:\\Windows\\system32\\RpcRtRemote.dll"
                    }, 
                    {
                        "basename": "efslsaext.dll", 
                        "imgsize": 73728, 
                        "baseaddr": "0x7fefc1d0000", 
                        "filepath": "C:\\Windows\\system32\\efslsaext.dll"
                    }, 
                    {
                        "basename": "scecli.DLL", 
                        "imgsize": 253952, 
                        "baseaddr": "0x7fefc130000", 
                        "filepath": "C:\\Windows\\system32\\scecli.DLL"
                    }, 
                    {
                        "basename": "credssp.dll", 
                        "imgsize": 40960, 
                        "baseaddr": "0x7fefc1b0000", 
                        "filepath": "C:\\Windows\\system32\\credssp.dll"
                    }, 
                    {
                        "basename": "WINSTA.dll", 
                        "imgsize": 249856, 
                        "baseaddr": "0x7fefcc10000", 
                        "filepath": "C:\\Windows\\system32\\WINSTA.dll"
                    }, 
                    {
                        "basename": "IPHLPAPI.DLL", 
                        "imgsize": 159744, 
                        "baseaddr": "0x7fefbfd0000", 
                        "filepath": "C:\\Windows\\system32\\IPHLPAPI.DLL"
                    }, 
                    {
                        "basename": "WINNSI.DLL", 
                        "imgsize": 45056, 
                        "baseaddr": "0x7fefbfc0000", 
                        "filepath": "C:\\Windows\\system32\\WINNSI.DLL"
                    }, 
                    {
                        "basename": "netutils.dll", 
                        "imgsize": 49152, 
                        "baseaddr": "0x7fefa790000", 
                        "filepath": "C:\\Windows\\system32\\netutils.dll"
                    }, 
                    {
                        "basename": "USERENV.dll", 
                        "imgsize": 122880, 
                        "baseaddr": "0x7fefc060000", 
                        "filepath": "C:\\Windows\\system32\\USERENV.dll"
                    }, 
                    {
                        "basename": "profapi.dll", 
                        "imgsize": 61440, 
                        "baseaddr": "0x7fefcd20000", 
                        "filepath": "C:\\Windows\\system32\\profapi.dll"
                    }, 
                    {
                        "basename": "wshtcpip.dll", 
                        "imgsize": 28672, 
                        "baseaddr": "0x7fefbed0000", 
                        "filepath": "C:\\Windows\\System32\\wshtcpip.dll"
                    }, 
                    {
                        "basename": "monitor-x64.dll", 
                        "imgsize": 2269184, 
                        "baseaddr": "0x744c0000", 
                        "filepath": "C:\\tmpql7zol\\bin\\monitor-x64.dll"
                    }
                ], 
                "time": 0, 
                "tid": 2408, 
                "first_seen": 1742630379.046875, 
                "ppid": 400, 
                "type": "process"
            }
        ], 
        "processtree": [
            {
                "track": false, 
                "pid": 508, 
                "process_name": "lsass.exe", 
                "command_line": "C:\\Windows\\system32\\lsass.exe", 
                "first_seen": 1742630379.046875, 
                "ppid": 400, 
                "children": []
            }
        ]
    }, 
    "debug": {
        "action": [], 
        "dbgview": [], 
        "errors": [], 
        "log": [
            "2025-03-22 06:59:38,000 [analyzer] DEBUG: Starting analyzer from: C:\\tmpql7zol\n", 
            "2025-03-22 06:59:38,000 [analyzer] DEBUG: Pipe server name: \\??\\PIPE\\YTJrEJSZUeIrprgIiPDYsoSxctHnXnej\n", 
            "2025-03-22 06:59:38,000 [analyzer] DEBUG: Log pipe server name: \\??\\PIPE\\sdujvgTlVoWXvUIXQMDfE\n", 
            "2025-03-22 06:59:38,312 [analyzer] DEBUG: Started auxiliary module DbgView\n", 
            "2025-03-22 06:59:38,828 [analyzer] DEBUG: Started auxiliary module Disguise\n", 
            "2025-03-22 06:59:39,108 [analyzer] DEBUG: Loaded monitor into process with pid 508\n", 
            "2025-03-22 06:59:39,125 [analyzer] DEBUG: Started auxiliary module DumpTLSMasterSecrets\n", 
            "2025-03-22 06:59:39,125 [analyzer] DEBUG: Started auxiliary module Human\n", 
            "2025-03-22 06:59:39,125 [analyzer] DEBUG: Started auxiliary module InstallCertificate\n", 
            "2025-03-22 06:59:39,125 [analyzer] DEBUG: Started auxiliary module Reboot\n", 
            "2025-03-22 06:59:39,421 [analyzer] DEBUG: Started auxiliary module RecentFiles\n", 
            "2025-03-22 06:59:39,421 [analyzer] DEBUG: Started auxiliary module Screenshots\n", 
            "2025-03-22 06:59:39,421 [analyzer] DEBUG: Started auxiliary module LoadZer0m0n\n", 
            "2025-03-22 06:59:39,421 [modules.auxiliary.screenshots] INFO: Python Image Library (either PIL or Pillow) is not installed, screenshots are disabled.\n", 
            "2025-03-22 06:59:39,483 [lib.api.process] ERROR: Failed to execute process from path u'C:\\\\Users\\\\ADMINI~1\\\\AppData\\\\Local\\\\Temp\\\\CameraSettingsUIHost.exe' with arguments ['bin\\\\inject-x86.exe', '--app', u'C:\\\\Users\\\\ADMINI~1\\\\AppData\\\\Local\\\\Temp\\\\CameraSettingsUIHost.exe', '--only-start', '--curdir', 'C:\\\\Users\\\\ADMINI~1\\\\AppData\\\\Local\\\\Temp'] (Error: Command '['bin\\\\inject-x86.exe', '--app', u'C:\\\\Users\\\\ADMINI~1\\\\AppData\\\\Local\\\\Temp\\\\CameraSettingsUIHost.exe', '--only-start', '--curdir', 'C:\\\\Users\\\\ADMINI~1\\\\AppData\\\\Local\\\\Temp']' returned non-zero exit status 1)\n"
        ], 
        "cuckoo": [
            "2025-03-22 07:02:13,567 [cuckoo.core.scheduler] INFO: Task #311: acquired machine 192.168.56.1011 (label=192.168.56.1011)\n", 
            "2025-03-22 07:02:13,567 [cuckoo.core.resultserver] DEBUG: Now tracking machine 192.168.56.101 for task #311\n", 
            "2025-03-22 07:02:13,567 [cuckoo.core.plugins] DEBUG: Started auxiliary module: Replay\n", 
            "2025-03-22 07:02:13,578 [cuckoo.auxiliary.sniffer] INFO: Started sniffer with PID 32701 (interface=vboxnet0, host=192.168.56.101)\n", 
            "2025-03-22 07:02:13,579 [cuckoo.core.plugins] DEBUG: Started auxiliary module: Sniffer\n", 
            "2025-03-22 07:02:13,605 [cuckoo.machinery.virtualbox] DEBUG: Starting vm 192.168.56.1011\n", 
            "2025-03-22 07:02:13,706 [cuckoo.machinery.virtualbox] DEBUG: Restoring virtual machine 192.168.56.1011 to its current snapshot\n", 
            "2025-03-22 07:02:15,711 [cuckoo.core.guest] INFO: Starting analysis #311 on guest (id=192.168.56.1011, ip=192.168.56.101)\n", 
            "2025-03-22 07:02:16,714 [cuckoo.core.guest] DEBUG: 192.168.56.1011: not ready yet\n", 
            "2025-03-22 07:02:17,717 [cuckoo.core.guest] DEBUG: 192.168.56.1011: not ready yet\n", 
            "2025-03-22 07:02:18,720 [cuckoo.core.guest] DEBUG: 192.168.56.1011: not ready yet\n", 
            "2025-03-22 07:02:18,732 [cuckoo.core.guest] INFO: Guest is running Cuckoo Agent 0.10 (id=192.168.56.1011, ip=192.168.56.101)\n", 
            "2025-03-22 07:02:18,770 [cuckoo.core.guest] DEBUG: Uploading analyzer to guest (id=192.168.56.1011, ip=192.168.56.101, monitor=latest, size=3884763)\n", 
            "2025-03-22 07:02:19,415 [cuckoo.core.resultserver] DEBUG: Task #311: live log analysis.log initialized.\n", 
            "2025-03-22 07:02:20,491 [cuckoo.core.resultserver] DEBUG: Task #311 is sending a BSON stream\n", 
            "2025-03-22 07:02:21,158 [cuckoo.core.guest] WARNING: 192.168.56.1011: analysis #311 caught an exception\n", 
            "Traceback (most recent call last):\n", 
            "  File \"C:/tmpql7zol/analyzer.py\", line 808, in <module>\n", 
            "    success = analyzer.run()\n", 
            "  File \"C:/tmpql7zol/analyzer.py\", line 657, in run\n", 
            "    pids = self.package.start(self.target)\n", 
            "  File \"C:\\tmpql7zol\\modules\\packages\\exe.py\", line 23, in start\n", 
            "    return self.execute(path, args=shlex.split(args))\n", 
            "  File \"C:\\tmpql7zol\\lib\\common\\abstracts.py\", line 166, in execute\n", 
            "    \"Unable to execute the initial process, analysis aborted.\"\n", 
            "CuckooPackageError: Unable to execute the initial process, analysis aborted.\n", 
            "\n", 
            "2025-03-22 07:02:21,162 [cuckoo.core.plugins] DEBUG: Stopped auxiliary module: Replay\n", 
            "2025-03-22 07:02:21,209 [cuckoo.core.plugins] DEBUG: Stopped auxiliary module: Sniffer\n", 
            "2025-03-22 07:02:35,469 [cuckoo.machinery.virtualbox] INFO: Successfully generated memory dump for virtual machine with label 192.168.56.1011 to path /home/tesst/.cuckoo/storage/analyses/311/memory.dmp\n", 
            "2025-03-22 07:02:35,470 [cuckoo.machinery.virtualbox] DEBUG: Stopping vm 192.168.56.1011\n", 
            "2025-03-22 07:02:38,471 [cuckoo.core.resultserver] DEBUG: Stopped tracking machine 192.168.56.101 for task #311\n", 
            "2025-03-22 07:02:38,471 [cuckoo.core.resultserver] DEBUG: Cancel <Context for LOG> for task 311\n", 
            "2025-03-22 07:02:38,477 [cuckoo.core.scheduler] DEBUG: Released database task #311\n", 
            "2025-03-22 07:02:38,562 [cuckoo.core.plugins] DEBUG: Executed processing module \"AnalysisInfo\" for task #311\n", 
            "2025-03-22 07:02:38,592 [cuckoo.core.plugins] DEBUG: Executed processing module \"BehaviorAnalysis\" for task #311\n", 
            "2025-03-22 07:02:38,593 [cuckoo.core.plugins] DEBUG: Executed processing module \"Dropped\" for task #311\n", 
            "2025-03-22 07:02:38,593 [cuckoo.core.plugins] DEBUG: Executed processing module \"DroppedBuffer\" for task #311\n", 
            "2025-03-22 07:02:38,593 [cuckoo.core.plugins] DEBUG: Executed processing module \"MetaInfo\" for task #311\n", 
            "2025-03-22 07:02:38,593 [cuckoo.core.plugins] DEBUG: Executed processing module \"ProcessMemory\" for task #311\n", 
            "2025-03-22 07:02:38,593 [cuckoo.core.plugins] DEBUG: Executed processing module \"Procmon\" for task #311\n", 
            "2025-03-22 07:02:38,594 [cuckoo.core.plugins] DEBUG: Executed processing module \"Screenshots\" for task #311\n", 
            "2025-03-22 07:02:38,878 [cuckoo.processing.static] CRITICAL: You do not have the m2crypto library installed preventing certificate extraction. Please read the Cuckoo documentation on installing m2crypto (you need SWIG installed and then `pip "
        ]
    }, 
    "strings": [
        "!This program cannot be run in DOS mode.", 
        " Richb", 
        "`.imrsiv", 
        ".idata", 
        "@.rsrc", 
        "@.reloc", 
        "Unknown exception", 
        "bad allocation", 
        "bad array new length", 
        "CameraSettingsUIHost.pdb", 
        ".rdata$brc", 
        ".rdata$r$brc", 
        ".CRT$XCA", 
        ".CRT$XCAA", 
        ".CRT$XCU", 
        ".CRT$XCZ", 
        ".CRT$XIA", 
        ".CRT$XIAA", 
        ".CRT$XIAC", 
        ".CRT$XIC", 
        ".CRT$XIZ", 
        ".CRT$XPA", 
        ".CRT$XPZ", 
        ".CRT$XTA", 
        ".CRT$XTZ", 
        ".gfids", 
        ".rdata", 
        ".rdata$sxdata", 
        ".rdata$voltmd", 
        ".rdata$zzzdbg", 
        ".rtc$IAA", 
        ".rtc$IZZ", 
        ".rtc$TAA", 
        ".rtc$TZZ", 
        ".text$di", 
        ".text$mn", 
        ".text$x", 
        ".text$yd", 
        ".xdata$x", 
        "minATL$__a", 
        "minATL$__f", 
        "minATL$__m", 
        "minATL$__z", 
        ".imrsiv", 
        ".data$brc", 
        ".data$r$brc", 
        ".data$rs$brc", 
        ".idata$5", 
        ".00cfg", 
        ".idata$2", 
        ".idata$3", 
        ".idata$4", 
        ".idata$6", 
        ".rsrc$01", 
        ".rsrc$02", 
        ".?AVbad_alloc@std@@", 
        ".?AVexception@std@@", 
        ".?AVbad_array_new_length@std@@", 
        ".?AVtype_info@@", 
        "UnregisterTraceGuids", 
        "RegisterTraceGuidsW", 
        "GetTraceEnableLevel", 
        "GetTraceEnableFlags", 
        "GetTraceLoggerHandle", 
        "TraceMessage", 
        "ADVAPI32.dll", 
        "InitOnceExecuteOnce", 
        "EncodePointer", 
        "GetCurrentThreadId", 
        "ReleaseSRWLockExclusive", 
        "AcquireSRWLockExclusive", 
        "ReleaseSRWLockShared", 
        "DecodePointer", 
        "AcquireSRWLockShared", 
        "KERNEL32.dll", 
        "PostThreadMessageW", 
        "TranslateMessage", 
        "DispatchMessageW", 
        "GetMessageW", 
        "USER32.dll", 
        "_initterm", 
        "_initterm_e", 
        "_c_exit", 
        "_register_thread_local_exe_atexit_callback", 
        "api-ms-win-crt-runtime-l1-1-0.dll", 
        "_o___p__commode", 
        "_o___std_exception_copy", 
        "_o___std_exception_destroy", 
        "_o__callnewh", 
        "_o__cexit", 
        "_o__configthreadlocale", 
        "_o__configure_wide_argv", 
        "_o__controlfp_s", 
        "_o__crt_atexit", 
        "_o__exit", 
        "_o__get_wide_winmain_command_line", 
        "_o__initialize_onexit_table", 
        "_o__initialize_wide_environment", 
        "_o__purecall", 
        "_o__register_onexit_function", 
        "_o__seh_filter_exe", 
        "_o__set_app_type", 
        "_o__set_fmode", 
        "_o__set_new_mode", 
        "_o_exit", 
        "_o_free", 
        "_o_malloc", 
        "_o_terminate", 
        "__CxxFrameHandler3", 
        "__current_exception", 
        "__current_exception_context", 
        "memset", 
        "_except_handler4_common", 
        "_CxxThrowException", 
        "api-ms-win-crt-private-l1-1-0.dll", 
        "api-ms-win-crt-string-l1-1-0.dll", 
        "InitProcessPriv", 
        "InitThread", 
        "UnInitProcessPriv", 
        "UnInitThread", 
        "DUI70.dll", 
        "CoAddRefServerProcess", 
        "CoReleaseServerProcess", 
        "CoUninitialize", 
        "CoCreateInstance", 
        "CoRegisterClassObject", 
        "CoResumeClassObjects", 
        "CoInitializeEx", 
        "CoRevokeClassObject", 
        "api-ms-win-core-com-l1-1-0.dll", 
        "RoRegisterActivationFactories", 
        "RoRevokeActivationFactories", 
        "api-ms-win-core-winrt-l1-1-0.dll", 
        "WindowsCreateString", 
        "WindowsStringHasEmbeddedNull", 
        "WindowsIsStringEmpty", 
        "WindowsDeleteString", 
        "WindowsGetStringRawBuffer", 
        "api-ms-win-core-winrt-string-l1-1-0.dll", 
        "SetRestrictedErrorInfo", 
        "RoOriginateErrorW", 
        "RoGetMatchingRestrictedErrorInfo", 
        "RoOriginateError", 
        "api-ms-win-core-winrt-error-l1-1-0.dll", 
        "api-ms-win-core-winrt-error-l1-1-1.dll", 
        "ImmDisableIME", 
        "IMM32.dll", 
        "QueryPerformanceCounter", 
        "GetCurrentProcessId", 
        "GetSystemTimeAsFileTime", 
        "InitializeSListHead", 
        "IsDebuggerPresent", 
        "UnhandledExceptionFilter", 
        "SetUnhandledExceptionFilter", 
        "GetStartupInfoW", 
        "IsProcessorFeaturePresent", 
        "GetModuleHandleW", 
        "GetCurrentProcess", 
        "TerminateProcess", 
        "<?xml version='1.0' encoding='utf-8' standalone='yes'?>", 
        "<!-- Copyright (c) Microsoft Corporation -->", 
        "<assembly", 
        "    xmlns=\"urn:schemas-microsoft-com:asm.v1\"", 
        "    xmlns:asmv3=\"urn:schemas-microsoft-com:asm.v3\"", 
        "    manifestVersion=\"1.0\" ", 
        "  <assemblyIdentity", 
        "    version=\"5.1.0.0\"", 
        "    processorArchitecture=\"x86\"", 
        "    name=\"Microsoft-Windows-WebcamExperience-CameraSettingsUIHost\"", 
        "    type=\"win32\"", 
        "    />", 
        "  <asmv3:application>", 
        "    <asmv3:windowsSettings xmlns=\"http://schemas.microsoft.com/SMI/2005/WindowsSettings\">", 
        "      <dpiAware>true</dpiAware>", 
        "    </asmv3:windowsSettings>", 
        "  </asmv3:application>", 
        "  <trustInfo xmlns=\"urn:schemas-microsoft-com:asm.v3\">", 
        "    <security>", 
        "      <requestedPrivileges>", 
        "        <requestedExecutionLevel", 
        "            level=\"asInvoker\"", 
        "            uiAccess=\"false\"", 
        "            />", 
        "      </requestedPrivileges>", 
        "    </security>", 
        "  </trustInfo>", 
        "</assembly>", 
        "<0@0H0P0", 
        "1 1$1(1,1014181<1@1D1H1L1P1T1X1\\1`1d1h1l1p1t1x1|1", 
        "2$2(282<2D2\\2l2p2", 
        "3 3(3@3H3L3P3T3`3d3h3l3", 
        ";A;Q;a;q;", 
        "<2<Z<e<~<", 
        "=-=8=E=T=f=x=", 
        ">!>[>m>", 
        "0(0r0~0", 
        "0a1f1k1", 
        "122B2K2X2]2", 
        "3%3*3T3", 
        "3+4r4{4", 
        "5#5,515Q5Y5c5i5", 
        "6\u001f6-6B6G6M6U6[6a6y6", 
        "8=8W8w8", 
        "<&<A<}<", 
        "161H1^1l1", 
        "1 292K2", 
        "4-4K4k4~4", 
        "4#5G5`5", 
        "6)6@6p6", 
        "8F8[8`8e8", 
        ";$;;;A;G;M;S;Y;_;z;", 
        ";(<=<m<", 
        "=$=@=z=", 
        "?'?1?l?", 
        "P0a0f0y0", 
        "0M1R1p1y1", 
        "2'20252;2E2O2_2o2", 
        "4J4S4\\4j4s4", 
        "4\"5@5F5m5", 
        "6(6H6n6", 
        "7&727>7J7b7n7z7", 
        "9<9H9P9|9", 
        "0 0<0d0", 
        ";[bfnR", 
        "Washington1", 
        "Redmond1", 
        "Microsoft Corporation1.0,", 
        "%Microsoft Windows Production PCA 20110", 
        "210902182341Z", 
        "220901182341Z0p1", 
        "Washington1", 
        "Redmond1", 
        "Microsoft Corporation1", 
        "Microsoft Windows0", 
        "I0G1-0+", 
        "$Microsoft Ireland Operations Limited1", 
        "229879+4675800\u001f", 
        "Chttp://www.microsoft.com/pkiops/crl/MicWinProPCA2011_2011-10-19.crl0a", 
        "Ehttp://www.microsoft.com/pkiops/certs/MicWinProPCA2011_2011-10-19.crt0", 
        "Washington1", 
        "Redmond1", 
        "Microsoft Corporation1200", 
        ")Microsoft Root Certificate Authority 20100", 
        "111019184142Z", 
        "261019185142Z0", 
        "Washington1", 
        "Redmond1", 
        "Microsoft Corporation1.0,", 
        "%Microsoft Windows Production PCA 20110", 
        "i\u001f%(\\6", 
        "Ehttp://crl.microsoft.com/pki/crl/products/MicRooCerAut_2010-06-23.crl0Z", 
        ">http://www.microsoft.com/pki/certs/MicRooCerAut_2010-06-23.crt0", 
        "Washington1", 
        "Redmond1", 
        "Microsoft Corporation1.0,", 
        "%Microsoft Windows Production PCA 2011", 
        ",Sn1YdvJsV7L3BuRvXjK46Um5GXqYm9XQLDzMGrWQcp8=0Z", 
        " http://www.microsoft.com/windows0", 
        "%_6ClD", 
        "20220507022302.03Z0", 
        "Washington1", 
        "Redmond1", 
        "Microsoft Corporation1-0+", 
        "$Microsoft Ireland Operations Limited1&0$", 
        "Thales TSS ESN:2AD4-4B92-FA011%0#", 
        "Microsoft Time-Stamp Service", 
        "Washington1", 
        "Redmond1", 
        "Microsoft Corporation1&0$", 
        "Microsoft Time-Stamp PCA 20100", 
        "211028192739Z", 
        "230126192739Z0", 
        "Washington1", 
        "Redmond1", 
        "Microsoft Corporation1-0+", 
        "$Microsoft Ireland Operations Limited1&0$", 
        "Thales TSS ESN:2AD4-4B92-FA011%0#", 
        "Microsoft Time-Stamp Service0", 
        "Nhttp://www.microsoft.com/pkiops/crl/Microsoft%20Time-Stamp%20PCA%202010(1).crl0l", 
        "Phttp://www.microsoft.com/pkiops/certs/Microsoft%20Time-Stamp%20PCA%202010(1).crt0", 
        "n{(aM0", 
        "Washington1", 
        "Redmond1", 
        "Microsoft Corporation1200", 
        ")Microsoft Root Certificate Authority 20100", 
        "210930182225Z", 
        "300930183225Z0|1", 
        "Washington1", 
        "Redmond1", 
        "Microsoft Corporation1&0$", 
        "Microsoft Time-Stamp PCA 20100", 
        "3http://www.microsoft.com/pkiops/Docs/Repository.htm0", 
        "Ehttp://crl.microsoft.com/pki/crl/products/MicRooCerAut_2010-06-23.crl0Z", 
        ">http://www.microsoft.com/pki/certs/MicRooCerAut_2010-06-23.crt0", 
        "as.,k{n?,", 
        "Washington1", 
        "Redmond1", 
        "Microsoft Corporation1-0+", 
        "$Microsoft Ireland Operations Limited1&0$", 
        "Thales TSS ESN:2AD4-4B92-FA011%0#", 
        "Microsoft Time-Stamp Service", 
        "Washington1", 
        "Redmond1", 
        "Microsoft Corporation1&0$", 
        "Microsoft Time-Stamp PCA 20100", 
        "20220507035814Z", 
        "20220508035814Z0t0:", 
        "Wc6H%`", 
        "*BBdsa$", 
        "Washington1", 
        "Redmond1", 
        "Microsoft Corporation1&0$", 
        "Microsoft Time-Stamp PCA 2010", 
        "Washington1", 
        "Redmond1", 
        "Microsoft Corporation1&0$", 
        "Microsoft Time-Stamp PCA 2010", 
        "activatibleClassId", 
        "VS_VERSION_INFO", 
        "StringFileInfo", 
        "040904B0", 
        "CompanyName", 
        "Microsoft Corporation", 
        "FileDescription", 
        "Camera Settings UI Host", 
        "FileVersion", 
        "10.0.22621.1 (WinBuild.160101.0800)", 
        "InternalName", 
        "CameraSettingsUIHost", 
        "LegalCopyright", 
        " Microsoft Corporation. All rights reserved.", 
        "OriginalFilename", 
        "CameraSettingsUIHost.exe", 
        "ProductName", 
        "Microsoft", 
        " Windows", 
        " Operating System", 
        "ProductVersion", 
        "10.0.22621.1", 
        "VarFileInfo", 
        "Translation", 
        "\"Microsoft Window"
    ], 
    "metadata": {
        "output": {
            "pcap": {
                "basename": "dump.pcap", 
                "sha256": "0293c75453836ab444ff88e44ca0013920190a755e9c14ffa4bf303253441d99", 
                "dirname": ""
            }
        }
    }
}