{
    "info": {
        "added": 1742627213.867135, 
        "started": 1742627290.843221, 
        "duration": 19, 
        "ended": 1742627310.419061, 
        "owner": null, 
        "score": 0.6, 
        "id": 317, 
        "category": "file", 
        "git": {
            "head": "13cbe0d9e457be3673304533043e992ead1ea9b2", 
            "fetch_head": "13cbe0d9e457be3673304533043e992ead1ea9b2"
        }, 
        "monitor": "2deb9ccd75d5a7a3fe05b2625b03a8639d6ee36b", 
        "package": "exe", 
        "route": "none", 
        "custom": null, 
        "machine": {
            "status": "stopped", 
            "name": "192.168.56.1011", 
            "label": "192.168.56.1011", 
            "manager": "VirtualBox", 
            "started_on": "2025-03-22 07:08:10", 
            "shutdown_on": "2025-03-22 07:08:30"
        }, 
        "platform": "windows", 
        "version": "2.0.7", 
        "options": "procmemdump=yes,route=none"
    }, 
    "signatures": [
        {
            "families": [], 
            "description": "This executable has a PDB path", 
            "severity": 1, 
            "ttp": {}, 
            "markcount": 1, 
            "references": [], 
            "marks": [
                {
                    "category": "pdb_path", 
                    "ioc": "changepk.pdb", 
                    "type": "ioc", 
                    "description": null
                }
            ], 
            "name": "has_pdb"
        }, 
        {
            "families": [], 
            "description": "The executable contains unknown PE section names indicative of a packer (could be a false positive)", 
            "severity": 1, 
            "ttp": {
                "T1045": {
                    "short": "Software Packing", 
                    "long": "Software packing is a method of compressing or encrypting an executable. Packing an executable changes the file signature in an attempt to avoid signature-based detection. Most decompression techniques decompress the executable code in memory."
                }
            }, 
            "markcount": 1, 
            "references": [], 
            "marks": [
                {
                    "category": "section", 
                    "ioc": ".imrsiv", 
                    "type": "ioc", 
                    "description": null
                }
            ], 
            "name": "pe_features"
        }, 
        {
            "families": [], 
            "description": "The file contains an unknown PE resource name possibly indicative of a packer", 
            "severity": 1, 
            "ttp": {
                "T1045": {
                    "short": "Software Packing", 
                    "long": "Software packing is a method of compressing or encrypting an executable. Packing an executable changes the file signature in an attempt to avoid signature-based detection. Most decompression techniques decompress the executable code in memory."
                }
            }, 
            "markcount": 1, 
            "references": [], 
            "marks": [
                {
                    "category": "resource name", 
                    "ioc": "MUI", 
                    "type": "ioc", 
                    "description": null
                }
            ], 
            "name": "pe_unknown_resource_name"
        }
    ], 
    "target": {
        "category": "file", 
        "file": {
            "yara": [], 
            "sha1": "b5326c3987519ef2a5e8aca31b845c6bbca5f992", 
            "name": "changepk.exe", 
            "type": "PE32+ executable (GUI) x86-64, for MS Windows", 
            "sha256": "ab0d5ed15194ec127628595786e38a43f22238a330c2a444fbf3dc4af4cc6bf3", 
            "urls": [
                "http://www.microsoft.com/pki/certs/MicRooCerAut_2010-06-23.crt0", 
                "http://www.microsoft.com/pkiops/certs/MicWinProPCA2011_2011-10-19.crt0", 
                "http://www.microsoft.com/pkiops/crl/MicWinProPCA2011_2011-10-19.crl%200a", 
                "http://www.microsoft.com/pkiops/Docs/Repository.htm0", 
                "http://www.microsoft.com/windows0", 
                "http://www.microsoft.com/pkiops/crl/Microsoft%20Time-Stamp%20PCA%202010(1).crl0l", 
                "http://www.microsoft.com/pkiops/certs/Microsoft%20Time-Stamp%20PCA%202010(1).crt0"
            ], 
            "crc32": "E601BB51", 
            "path": "/home/tesst/.cuckoo/storage/binaries/ab0d5ed15194ec127628595786e38a43f22238a330c2a444fbf3dc4af4cc6bf3", 
            "ssdeep": null, 
            "size": 125488, 
            "sha512": "ad1426c2928455bcd5d50b772b3951d46202a2a79073f7f967c8595ee87dd2c26d48e342ad91f339b3ab8ba486f9aa59b0b9b7f70973778888e5158fb9eb670f", 
            "md5": "17768be79e1cd332a13d0a94a6f476e0"
        }
    }, 
    "network": {
        "tls": [], 
        "udp": [
            {
                "src": "192.168.56.101", 
                "dst": "224.0.0.252", 
                "offset": 1214, 
                "time": 1.253330945968628, 
                "dport": 5355, 
                "sport": 64614
            }, 
            {
                "src": "192.168.56.101", 
                "dst": "224.0.0.252", 
                "offset": 1534, 
                "time": 1.6229639053344727, 
                "dport": 5355, 
                "sport": 65517
            }, 
            {
                "src": "192.168.56.101", 
                "dst": "239.255.255.250", 
                "offset": 1862, 
                "time": 1.4368269443511963, 
                "dport": 1900, 
                "sport": 64617
            }
        ], 
        "dns_servers": [], 
        "http": [], 
        "icmp": [], 
        "smtp": [], 
        "tcp": [], 
        "smtp_ex": [], 
        "mitm": [], 
        "hosts": [], 
        "pcap_sha256": "2ab8804e80bfa696747a6cdc675588ed52840a4a4495f6ecd901f484f4474149", 
        "dns": [], 
        "http_ex": [], 
        "domains": [], 
        "dead_hosts": [], 
        "sorted_pcap_sha256": "b84efc10dbf6da176bfe8673e0d5aa515a25083050e3131541ebbc347cd67af1", 
        "irc": [], 
        "https_ex": []
    }, 
    "static": {
        "pdb_path": "changepk.pdb", 
        "pe_imports": [
            {
                "imports": [
                    {
                        "name": "EventSetInformation", 
                        "address": "0x140008150"
                    }, 
                    {
                        "name": "EventRegister", 
                        "address": "0x140008158"
                    }, 
                    {
                        "name": "EventUnregister", 
                        "address": "0x140008160"
                    }, 
                    {
                        "name": "RegCloseKey", 
                        "address": "0x140008168"
                    }, 
                    {
                        "name": "RegDeleteValueW", 
                        "address": "0x140008170"
                    }, 
                    {
                        "name": "RegSetValueExW", 
                        "address": "0x140008178"
                    }, 
                    {
                        "name": "RegOpenKeyExW", 
                        "address": "0x140008180"
                    }, 
                    {
                        "name": "RegQueryValueExW", 
                        "address": "0x140008188"
                    }, 
                    {
                        "name": "RegCreateKeyExW", 
                        "address": "0x140008190"
                    }, 
                    {
                        "name": "EventWriteTransfer", 
                        "address": "0x140008198"
                    }, 
                    {
                        "name": "EventActivityIdControl", 
                        "address": "0x1400081a0"
                    }
                ], 
                "dll": "ADVAPI32.dll"
            }, 
            {
                "imports": [
                    {
                        "name": "GetModuleFileNameA", 
                        "address": "0x1400081b0"
                    }, 
                    {
                        "name": "CreateSemaphoreExW", 
                        "address": "0x1400081b8"
                    }, 
                    {
                        "name": "HeapFree", 
                        "address": "0x1400081c0"
                    }, 
                    {
                        "name": "SetLastError", 
                        "address": "0x1400081c8"
                    }, 
                    {
                        "name": "ReleaseSemaphore", 
                        "address": "0x1400081d0"
                    }, 
                    {
                        "name": "GetModuleHandleExW", 
                        "address": "0x1400081d8"
                    }, 
                    {
                        "name": "WaitForSingleObject", 
                        "address": "0x1400081e0"
                    }, 
                    {
                        "name": "GetCurrentThreadId", 
                        "address": "0x1400081e8"
                    }, 
                    {
                        "name": "ReleaseMutex", 
                        "address": "0x1400081f0"
                    }, 
                    {
                        "name": "FormatMessageW", 
                        "address": "0x1400081f8"
                    }, 
                    {
                        "name": "GetLastError", 
                        "address": "0x140008200"
                    }, 
                    {
                        "name": "OutputDebugStringW", 
                        "address": "0x140008208"
                    }, 
                    {
                        "name": "WaitForSingleObjectEx", 
                        "address": "0x140008210"
                    }, 
                    {
                        "name": "OpenSemaphoreW", 
                        "address": "0x140008218"
                    }, 
                    {
                        "name": "CloseHandle", 
                        "address": "0x140008220"
                    }, 
                    {
                        "name": "HeapAlloc", 
                        "address": "0x140008228"
                    }, 
                    {
                        "name": "GetProcAddress", 
                        "address": "0x140008230"
                    }, 
                    {
                        "name": "CreateMutexExW", 
                        "address": "0x140008238"
                    }, 
                    {
                        "name": "GetCurrentProcessId", 
                        "address": "0x140008240"
                    }, 
                    {
                        "name": "GetProcessHeap", 
                        "address": "0x140008248"
                    }, 
                    {
                        "name": "GetModuleHandleW", 
                        "address": "0x140008250"
                    }, 
                    {
                        "name": "DebugBreak", 
                        "address": "0x140008258"
                    }, 
                    {
                        "name": "IsDebuggerPresent", 
                        "address": "0x140008260"
                    }, 
                    {
                        "name": "CompareStringW", 
                        "address": "0x140008268"
                    }, 
                    {
                        "name": "LocalFree", 
                        "address": "0x140008270"
                    }
                ], 
                "dll": "KERNEL32.dll"
            }, 
            {
                "imports": [
                    {
                        "name": "_initterm", 
                        "address": "0x140008410"
                    }, 
                    {
                        "name": "_initterm_e", 
                        "address": "0x140008418"
                    }, 
                    {
                        "name": "_register_thread_local_exe_atexit_callback", 
                        "address": "0x140008420"
                    }, 
                    {
                        "name": "_c_exit", 
                        "address": "0x140008428"
                    }
                ], 
                "dll": "api-ms-win-crt-runtime-l1-1-0.dll"
            }, 
            {
                "imports": [
                    {
                        "name": "_o___p__commode", 
                        "address": "0x140008350"
                    }, 
                    {
                        "name": "_o___stdio_common_vswprintf", 
                        "address": "0x140008358"
                    }, 
                    {
                        "name": "_o__cexit", 
                        "address": "0x140008360"
                    }, 
                    {
                        "name": "_o__configthreadlocale", 
                        "address": "0x140008368"
                    }, 
                    {
                        "name": "_o__configure_wide_argv", 
                        "address": "0x140008370"
                    }, 
                    {
                        "name": "_o__crt_atexit", 
                        "address": "0x140008378"
                    }, 
                    {
                        "name": "_o__errno", 
                        "address": "0x140008380"
                    }, 
                    {
                        "name": "_o__exit", 
                        "address": "0x140008388"
                    }, 
                    {
                        "name": "_o__get_wide_winmain_command_line", 
                        "address": "0x140008390"
                    }, 
                    {
                        "name": "_o__initialize_onexit_table", 
                        "address": "0x140008398"
                    }, 
                    {
                        "name": "_o__initialize_wide_environment", 
                        "address": "0x1400083a0"
                    }, 
                    {
                        "name": "_o__invalid_parameter_noinfo", 
                        "address": "0x1400083a8"
                    }, 
                    {
                        "name": "_o__register_onexit_function", 
                        "address": "0x1400083b0"
                    }, 
                    {
                        "name": "_o__seh_filter_exe", 
                        "address": "0x1400083b8"
                    }, 
                    {
                        "name": "_o__set_app_type", 
                        "address": "0x1400083c0"
                    }, 
                    {
                        "name": "_o__set_fmode", 
                        "address": "0x1400083c8"
                    }, 
                    {
                        "name": "_o__set_new_mode", 
                        "address": "0x1400083d0"
                    }, 
                    {
                        "name": "_o_exit", 
                        "address": "0x1400083d8"
                    }, 
                    {
                        "name": "_o_terminate", 
                        "address": "0x1400083e0"
                    }, 
                    {
                        "name": "__C_specific_handler", 
                        "address": "0x1400083e8"
                    }, 
                    {
                        "name": "__current_exception", 
                        "address": "0x1400083f0"
                    }, 
                    {
                        "name": "__current_exception_context", 
                        "address": "0x1400083f8"
                    }, 
                    {
                        "name": "memcpy", 
                        "address": "0x140008400"
                    }
                ], 
                "dll": "api-ms-win-crt-private-l1-1-0.dll"
            }, 
            {
                "imports": [
                    {
                        "name": "memset", 
                        "address": "0x140008438"
                    }
                ], 
                "dll": "api-ms-win-crt-string-l1-1-0.dll"
            }, 
            {
                "imports": [
                    {
                        "name": "RoUninitialize", 
                        "address": "0x140008338"
                    }, 
                    {
                        "name": "RoInitialize", 
                        "address": "0x140008340"
                    }
                ], 
                "dll": "api-ms-win-core-winrt-l1-1-0.dll"
            }, 
            {
                "imports": [
                    {
                        "name": "CommandLineToArgvW", 
                        "address": "0x140008290"
                    }
                ], 
                "dll": "api-ms-win-core-commandlinetoargv-l1-1-0.dll"
            }, 
            {
                "imports": [
                    {
                        "name": "CoCreateInstance", 
                        "address": "0x140008280"
                    }
                ], 
                "dll": "api-ms-win-core-com-l1-1-0.dll"
            }, 
            {
                "imports": [
                    {
                        "name": "RtlCaptureContext", 
                        "address": "0x140008308"
                    }, 
                    {
                        "name": "RtlLookupFunctionEntry", 
                        "address": "0x140008310"
                    }, 
                    {
                        "name": "RtlVirtualUnwind", 
                        "address": "0x140008318"
                    }
                ], 
                "dll": "api-ms-win-core-rtlsupport-l1-1-0.dll"
            }, 
            {
                "imports": [
                    {
                        "name": "UnhandledExceptionFilter", 
                        "address": "0x1400082a0"
                    }, 
                    {
                        "name": "SetUnhandledExceptionFilter", 
                        "address": "0x1400082a8"
                    }
                ], 
                "dll": "api-ms-win-core-errorhandling-l1-1-0.dll"
            }, 
            {
                "imports": [
                    {
                        "name": "GetStartupInfoW", 
                        "address": "0x1400082c8"
                    }, 
                    {
                        "name": "GetCurrentProcess", 
                        "address": "0x1400082d0"
                    }, 
                    {
                        "name": "TerminateProcess", 
                        "address": "0x1400082d8"
                    }
                ], 
                "dll": "api-ms-win-core-processthreads-l1-1-0.dll"
            }, 
            {
                "imports": [
                    {
                        "name": "IsProcessorFeaturePresent", 
                        "address": "0x1400082e8"
                    }
                ], 
                "dll": "api-ms-win-core-processthreads-l1-1-1.dll"
            }, 
            {
                "imports": [
                    {
                        "name": "QueryPerformanceCounter", 
                        "address": "0x1400082f8"
                    }
                ], 
                "dll": "api-ms-win-core-profile-l1-1-0.dll"
            }, 
            {
                "imports": [
                    {
                        "name": "GetSystemTimeAsFileTime", 
                        "address": "0x140008328"
                    }
                ], 
                "dll": "api-ms-win-core-sysinfo-l1-1-0.dll"
            }, 
            {
                "imports": [
                    {
                        "name": "InitializeSListHead", 
                        "address": "0x1400082b8"
                    }
                ], 
                "dll": "api-ms-win-core-interlocked-l1-1-0.dll"
            }
        ], 
        "peid_signatures": null, 
        "keys": [], 
        "signature": [], 
        "pe_timestamp": "2031-03-26 09:12:50", 
        "pe_exports": [], 
        "imported_dll_count": 15, 
        "pe_imphash": "3355c9f07ccd675cc3347c47324fd1f8", 
        "pe_resources": [
            {
                "name": "MUI", 
                "language": "LANG_ENGLISH", 
                "filetype": "data", 
                "sublanguage": "SUBLANG_ENGLISH_US", 
                "offset": "0x0001bdc8", 
                "size": "0x000000d0"
            }, 
            {
                "name": "RT_ICON", 
                "language": "LANG_ENGLISH", 
                "filetype": "GLS_BINARY_LSB_FIRST", 
                "sublanguage": "SUBLANG_ENGLISH_US", 
                "offset": "0x0001b550", 
                "size": "0x00000468"
            }, 
            {
                "name": "RT_ICON", 
                "language": "LANG_ENGLISH", 
                "filetype": "GLS_BINARY_LSB_FIRST", 
                "sublanguage": "SUBLANG_ENGLISH_US", 
                "offset": "0x0001b550", 
                "size": "0x00000468"
            }, 
            {
                "name": "RT_ICON", 
                "language": "LANG_ENGLISH", 
                "filetype": "GLS_BINARY_LSB_FIRST", 
                "sublanguage": "SUBLANG_ENGLISH_US", 
                "offset": "0x0001b550", 
                "size": "0x00000468"
            }, 
            {
                "name": "RT_ICON", 
                "language": "LANG_ENGLISH", 
                "filetype": "GLS_BINARY_LSB_FIRST", 
                "sublanguage": "SUBLANG_ENGLISH_US", 
                "offset": "0x0001b550", 
                "size": "0x00000468"
            }, 
            {
                "name": "RT_ICON", 
                "language": "LANG_ENGLISH", 
                "filetype": "GLS_BINARY_LSB_FIRST", 
                "sublanguage": "SUBLANG_ENGLISH_US", 
                "offset": "0x0001b550", 
                "size": "0x00000468"
            }, 
            {
                "name": "RT_ICON", 
                "language": "LANG_ENGLISH", 
                "filetype": "GLS_BINARY_LSB_FIRST", 
                "sublanguage": "SUBLANG_ENGLISH_US", 
                "offset": "0x0001b550", 
                "size": "0x00000468"
            }, 
            {
                "name": "RT_ICON", 
                "language": "LANG_ENGLISH", 
                "filetype": "GLS_BINARY_LSB_FIRST", 
                "sublanguage": "SUBLANG_ENGLISH_US", 
                "offset": "0x0001b550", 
                "size": "0x00000468"
            }, 
            {
                "name": "RT_ICON", 
                "language": "LANG_ENGLISH", 
                "filetype": "GLS_BINARY_LSB_FIRST", 
                "sublanguage": "SUBLANG_ENGLISH_US", 
                "offset": "0x0001b550", 
                "size": "0x00000468"
            }, 
            {
                "name": "RT_GROUP_ICON", 
                "language": "LANG_ENGLISH", 
                "filetype": "data", 
                "sublanguage": "SUBLANG_ENGLISH_US", 
                "offset": "0x0001b9b8", 
                "size": "0x00000076"
            }, 
            {
                "name": "RT_VERSION", 
                "language": "LANG_ENGLISH", 
                "filetype": "data", 
                "sublanguage": "SUBLANG_ENGLISH_US", 
                "offset": "0x0001ba30", 
                "size": "0x00000394"
            }, 
            {
                "name": "RT_MANIFEST", 
                "language": "LANG_ENGLISH", 
                "filetype": "XML 1.0 document, ASCII text, with CRLF line terminators", 
                "sublanguage": "SUBLANG_ENGLISH_US", 
                "offset": "0x0000d2d0", 
                "size": "0x000003cd"
            }
        ], 
        "pe_versioninfo": [
            {
                "name": "LegalCopyright", 
                "value": "\\xa9 Microsoft Corporation. All rights reserved."
            }, 
            {
                "name": "InternalName", 
                "value": "changepk"
            }, 
            {
                "name": "FileVersion", 
                "value": "10.0.22621.3527 (WinBuild.160101.0800)"
            }, 
            {
                "name": "CompanyName", 
                "value": "Microsoft Corporation"
            }, 
            {
                "name": "ProductName", 
                "value": "Microsoft\\xae Windows\\xae Operating System"
            }, 
            {
                "name": "ProductVersion", 
                "value": "10.0.22621.3527"
            }, 
            {
                "name": "FileDescription", 
                "value": "Windows Activation"
            }, 
            {
                "name": "OriginalFilename", 
                "value": "changepk.exe"
            }, 
            {
                "name": "Translation", 
                "value": "0x0409 0x04b0"
            }
        ], 
        "pe_sections": [
            {
                "size_of_data": "0x00006000", 
                "virtual_address": "0x00001000", 
                "entropy": 6.04723129479875, 
                "name": ".text", 
                "virtual_size": "0x00005ada"
            }, 
            {
                "size_of_data": "0x00000000", 
                "virtual_address": "0x00007000", 
                "entropy": 0.0, 
                "name": ".imrsiv", 
                "virtual_size": "0x00000004"
            }, 
            {
                "size_of_data": "0x00003000", 
                "virtual_address": "0x00008000", 
                "entropy": 3.644129196215171, 
                "name": ".rdata", 
                "virtual_size": "0x000021d8"
            }, 
            {
                "size_of_data": "0x00001000", 
                "virtual_address": "0x0000b000", 
                "entropy": 0.09215587870530143, 
                "name": ".data", 
                "virtual_size": "0x00000920"
            }, 
            {
                "size_of_data": "0x00001000", 
                "virtual_address": "0x0000c000", 
                "entropy": 1.6405366254925078, 
                "name": ".pdata", 
                "virtual_size": "0x000004ec"
            }, 
            {
                "size_of_data": "0x0000f000", 
                "virtual_address": "0x0000d000", 
                "entropy": 4.734605228826148, 
                "name": ".rsrc", 
                "virtual_size": "0x0000ee98"
            }, 
            {
                "size_of_data": "0x00001000", 
                "virtual_address": "0x0001c000", 
                "entropy": 0.17524572102106073, 
                "name": ".reloc", 
                "virtual_size": "0x0000004c"
            }
        ]
    }, 
    "behavior": {
        "generic": [
            {
                "process_path": "C:\\Windows\\System32\\lsass.exe", 
                "process_name": "lsass.exe", 
                "pid": 508, 
                "summary": {}, 
                "first_seen": 1742630814.046875, 
                "ppid": 400
            }
        ], 
        "processes": [
            {
                "process_path": "C:\\Windows\\System32\\lsass.exe", 
                "calls": [], 
                "track": false, 
                "pid": 508, 
                "process_name": "lsass.exe", 
                "command_line": "C:\\Windows\\system32\\lsass.exe", 
                "modules": [
                    {
                        "basename": "lsass.exe", 
                        "imgsize": 49152, 
                        "baseaddr": "0xffc70000", 
                        "filepath": "C:\\Windows\\system32\\lsass.exe"
                    }, 
                    {
                        "basename": "ntdll.dll", 
                        "imgsize": 1740800, 
                        "baseaddr": "0x76dd0000", 
                        "filepath": "C:\\Windows\\SYSTEM32\\ntdll.dll"
                    }, 
                    {
                        "basename": "kernel32.dll", 
                        "imgsize": 1175552, 
                        "baseaddr": "0x76bb0000", 
                        "filepath": "C:\\Windows\\system32\\kernel32.dll"
                    }, 
                    {
                        "basename": "KERNELBASE.dll", 
                        "imgsize": 438272, 
                        "baseaddr": "0x7fefcf80000", 
                        "filepath": "C:\\Windows\\system32\\KERNELBASE.dll"
                    }, 
                    {
                        "basename": "msvcrt.dll", 
                        "imgsize": 651264, 
                        "baseaddr": "0x7fefec80000", 
                        "filepath": "C:\\Windows\\system32\\msvcrt.dll"
                    }, 
                    {
                        "basename": "RPCRT4.dll", 
                        "imgsize": 1232896, 
                        "baseaddr": "0x7fefd2c0000", 
                        "filepath": "C:\\Windows\\system32\\RPCRT4.dll"
                    }, 
                    {
                        "basename": "SspiSrv.dll", 
                        "imgsize": 45056, 
                        "baseaddr": "0x7fefcb60000", 
                        "filepath": "C:\\Windows\\system32\\SspiSrv.dll"
                    }, 
                    {
                        "basename": "lsasrv.dll", 
                        "imgsize": 1470464, 
                        "baseaddr": "0x7fefc9e0000", 
                        "filepath": "C:\\Windows\\system32\\lsasrv.dll"
                    }, 
                    {
                        "basename": "sechost.dll", 
                        "imgsize": 126976, 
                        "baseaddr": "0x7fefea00000", 
                        "filepath": "C:\\Windows\\SYSTEM32\\sechost.dll"
                    }, 
                    {
                        "basename": "SspiCli.dll", 
                        "imgsize": 151552, 
                        "baseaddr": "0x7fefcb80000", 
                        "filepath": "C:\\Windows\\system32\\SspiCli.dll"
                    }, 
                    {
                        "basename": "ADVAPI32.dll", 
                        "imgsize": 897024, 
                        "baseaddr": "0x7fefd480000", 
                        "filepath": "C:\\Windows\\system32\\ADVAPI32.dll"
                    }, 
                    {
                        "basename": "USER32.dll", 
                        "imgsize": 1024000, 
                        "baseaddr": "0x76cd0000", 
                        "filepath": "C:\\Windows\\system32\\USER32.dll"
                    }, 
                    {
                        "basename": "GDI32.dll", 
                        "imgsize": 421888, 
                        "baseaddr": "0x7fefd560000", 
                        "filepath": "C:\\Windows\\system32\\GDI32.dll"
                    }, 
                    {
                        "basename": "LPK.dll", 
                        "imgsize": 57344, 
                        "baseaddr": "0x7fefd830000", 
                        "filepath": "C:\\Windows\\system32\\LPK.dll"
                    }, 
                    {
                        "basename": "USP10.dll", 
                        "imgsize": 823296, 
                        "baseaddr": "0x7feff010000", 
                        "filepath": "C:\\Windows\\system32\\USP10.dll"
                    }, 
                    {
                        "basename": "SAMSRV.dll", 
                        "imgsize": 774144, 
                        "baseaddr": "0x7fefc880000", 
                        "filepath": "C:\\Windows\\system32\\SAMSRV.dll"
                    }, 
                    {
                        "basename": "cryptdll.dll", 
                        "imgsize": 81920, 
                        "baseaddr": "0x7fefc860000", 
                        "filepath": "C:\\Windows\\system32\\cryptdll.dll"
                    }, 
                    {
                        "basename": "MSASN1.dll", 
                        "imgsize": 61440, 
                        "baseaddr": "0x7fefcdc0000", 
                        "filepath": "C:\\Windows\\system32\\MSASN1.dll"
                    }, 
                    {
                        "basename": "wevtapi.dll", 
                        "imgsize": 446464, 
                        "baseaddr": "0x7fefc7f0000", 
                        "filepath": "C:\\Windows\\system32\\wevtapi.dll"
                    }, 
                    {
                        "basename": "IMM32.DLL", 
                        "imgsize": 188416, 
                        "baseaddr": "0x7fefea20000", 
                        "filepath": "C:\\Windows\\system32\\IMM32.DLL"
                    }, 
                    {
                        "basename": "MSCTF.dll", 
                        "imgsize": 1085440, 
                        "baseaddr": "0x7fefed20000", 
                        "filepath": "C:\\Windows\\system32\\MSCTF.dll"
                    }, 
                    {
                        "basename": "cngaudit.dll", 
                        "imgsize": 36864, 
                        "baseaddr": "0x7fefc7b0000", 
                        "filepath": "C:\\Windows\\system32\\cngaudit.dll"
                    }, 
                    {
                        "basename": "AUTHZ.dll", 
                        "imgsize": 192512, 
                        "baseaddr": "0x7fefc780000", 
                        "filepath": "C:\\Windows\\system32\\AUTHZ.dll"
                    }, 
                    {
                        "basename": "ncrypt.dll", 
                        "imgsize": 319488, 
                        "baseaddr": "0x7fefc730000", 
                        "filepath": "C:\\Windows\\system32\\ncrypt.dll"
                    }, 
                    {
                        "basename": "bcrypt.dll", 
                        "imgsize": 139264, 
                        "baseaddr": "0x7fefc700000", 
                        "filepath": "C:\\Windows\\system32\\bcrypt.dll"
                    }, 
                    {
                        "basename": "msprivs.DLL", 
                        "imgsize": 8192, 
                        "baseaddr": "0x74af0000", 
                        "filepath": "C:\\Windows\\system32\\msprivs.DLL"
                    }, 
                    {
                        "basename": "netjoin.dll", 
                        "imgsize": 204800, 
                        "baseaddr": "0x7fefc6c0000", 
                        "filepath": "C:\\Windows\\system32\\netjoin.dll"
                    }, 
                    {
                        "basename": "negoexts.DLL", 
                        "imgsize": 147456, 
                        "baseaddr": "0x7fefc690000", 
                        "filepath": "C:\\Windows\\system32\\negoexts.DLL"
                    }, 
                    {
                        "basename": "Secur32.dll", 
                        "imgsize": 45056, 
                        "baseaddr": "0x7fefc9b0000", 
                        "filepath": "C:\\Windows\\system32\\Secur32.dll"
                    }, 
                    {
                        "basename": "cryptbase.dll", 
                        "imgsize": 61440, 
                        "baseaddr": "0x7fefcc50000", 
                        "filepath": "C:\\Windows\\system32\\cryptbase.dll"
                    }, 
                    {
                        "basename": "kerberos.DLL", 
                        "imgsize": 737280, 
                        "baseaddr": "0x7fefc5d0000", 
                        "filepath": "C:\\Windows\\system32\\kerberos.DLL"
                    }, 
                    {
                        "basename": "CRYPTSP.dll", 
                        "imgsize": 94208, 
                        "baseaddr": "0x7fefc5b0000", 
                        "filepath": "C:\\Windows\\system32\\CRYPTSP.dll"
                    }, 
                    {
                        "basename": "WS2_32.dll", 
                        "imgsize": 315392, 
                        "baseaddr": "0x7fefec30000", 
                        "filepath": "C:\\Windows\\system32\\WS2_32.dll"
                    }, 
                    {
                        "basename": "NSI.dll", 
                        "imgsize": 32768, 
                        "baseaddr": "0x7fefd3f0000", 
                        "filepath": "C:\\Windows\\system32\\NSI.dll"
                    }, 
                    {
                        "basename": "mswsock.dll", 
                        "imgsize": 348160, 
                        "baseaddr": "0x7fefc550000", 
                        "filepath": "C:\\Windows\\system32\\mswsock.dll"
                    }, 
                    {
                        "basename": "wship6.dll", 
                        "imgsize": 28672, 
                        "baseaddr": "0x7fefc540000", 
                        "filepath": "C:\\Windows\\System32\\wship6.dll"
                    }, 
                    {
                        "basename": "msv1_0.DLL", 
                        "imgsize": 331776, 
                        "baseaddr": "0x7fefc4e0000", 
                        "filepath": "C:\\Windows\\system32\\msv1_0.DLL"
                    }, 
                    {
                        "basename": "netlogon.DLL", 
                        "imgsize": 712704, 
                        "baseaddr": "0x7fefc430000", 
                        "filepath": "C:\\Windows\\system32\\netlogon.DLL"
                    }, 
                    {
                        "basename": "DNSAPI.dll", 
                        "imgsize": 372736, 
                        "baseaddr": "0x7fefc3d0000", 
                        "filepath": "C:\\Windows\\system32\\DNSAPI.dll"
                    }, 
                    {
                        "basename": "logoncli.dll", 
                        "imgsize": 196608, 
                        "baseaddr": "0x7fefc3a0000", 
                        "filepath": "C:\\Windows\\system32\\logoncli.dll"
                    }, 
                    {
                        "basename": "schannel.DLL", 
                        "imgsize": 356352, 
                        "baseaddr": "0x7fefc340000", 
                        "filepath": "C:\\Windows\\system32\\schannel.DLL"
                    }, 
                    {
                        "basename": "CRYPT32.dll", 
                        "imgsize": 1470464, 
                        "baseaddr": "0x7fefcdd0000", 
                        "filepath": "C:\\Windows\\system32\\CRYPT32.dll"
                    }, 
                    {
                        "basename": "wdigest.DLL", 
                        "imgsize": 221184, 
                        "baseaddr": "0x7fefc300000", 
                        "filepath": "C:\\Windows\\system32\\wdigest.DLL"
                    }, 
                    {
                        "basename": "rsaenh.dll", 
                        "imgsize": 290816, 
                        "baseaddr": "0x7fefc2b0000", 
                        "filepath": "C:\\Windows\\system32\\rsaenh.dll"
                    }, 
                    {
                        "basename": "tspkg.DLL", 
                        "imgsize": 98304, 
                        "baseaddr": "0x7fefc290000", 
                        "filepath": "C:\\Windows\\system32\\tspkg.DLL"
                    }, 
                    {
                        "basename": "pku2u.DLL", 
                        "imgsize": 282624, 
                        "baseaddr": "0x7fefc240000", 
                        "filepath": "C:\\Windows\\system32\\pku2u.DLL"
                    }, 
                    {
                        "basename": "bcryptprimitives.dll", 
                        "imgsize": 311296, 
                        "baseaddr": "0x7fefc1f0000", 
                        "filepath": "C:\\Windows\\system32\\bcryptprimitives.dll"
                    }, 
                    {
                        "basename": "RpcRtRemote.dll", 
                        "imgsize": 81920, 
                        "baseaddr": "0x7fefcd00000", 
                        "filepath": "C:\\Windows\\system32\\RpcRtRemote.dll"
                    }, 
                    {
                        "basename": "efslsaext.dll", 
                        "imgsize": 73728, 
                        "baseaddr": "0x7fefc1d0000", 
                        "filepath": "C:\\Windows\\system32\\efslsaext.dll"
                    }, 
                    {
                        "basename": "scecli.DLL", 
                        "imgsize": 253952, 
                        "baseaddr": "0x7fefc130000", 
                        "filepath": "C:\\Windows\\system32\\scecli.DLL"
                    }, 
                    {
                        "basename": "credssp.dll", 
                        "imgsize": 40960, 
                        "baseaddr": "0x7fefc1b0000", 
                        "filepath": "C:\\Windows\\system32\\credssp.dll"
                    }, 
                    {
                        "basename": "WINSTA.dll", 
                        "imgsize": 249856, 
                        "baseaddr": "0x7fefcc10000", 
                        "filepath": "C:\\Windows\\system32\\WINSTA.dll"
                    }, 
                    {
                        "basename": "IPHLPAPI.DLL", 
                        "imgsize": 159744, 
                        "baseaddr": "0x7fefbfd0000", 
                        "filepath": "C:\\Windows\\system32\\IPHLPAPI.DLL"
                    }, 
                    {
                        "basename": "WINNSI.DLL", 
                        "imgsize": 45056, 
                        "baseaddr": "0x7fefbfc0000", 
                        "filepath": "C:\\Windows\\system32\\WINNSI.DLL"
                    }, 
                    {
                        "basename": "netutils.dll", 
                        "imgsize": 49152, 
                        "baseaddr": "0x7fefa790000", 
                        "filepath": "C:\\Windows\\system32\\netutils.dll"
                    }, 
                    {
                        "basename": "USERENV.dll", 
                        "imgsize": 122880, 
                        "baseaddr": "0x7fefc060000", 
                        "filepath": "C:\\Windows\\system32\\USERENV.dll"
                    }, 
                    {
                        "basename": "profapi.dll", 
                        "imgsize": 61440, 
                        "baseaddr": "0x7fefcd20000", 
                        "filepath": "C:\\Windows\\system32\\profapi.dll"
                    }, 
                    {
                        "basename": "wshtcpip.dll", 
                        "imgsize": 28672, 
                        "baseaddr": "0x7fefbed0000", 
                        "filepath": "C:\\Windows\\System32\\wshtcpip.dll"
                    }, 
                    {
                        "basename": "monitor-x64.dll", 
                        "imgsize": 2269184, 
                        "baseaddr": "0x744c0000", 
                        "filepath": "C:\\tmpql7zol\\bin\\monitor-x64.dll"
                    }
                ], 
                "time": 0, 
                "tid": 1068, 
                "first_seen": 1742630814.046875, 
                "ppid": 400, 
                "type": "process"
            }
        ], 
        "processtree": [
            {
                "track": false, 
                "pid": 508, 
                "process_name": "lsass.exe", 
                "command_line": "C:\\Windows\\system32\\lsass.exe", 
                "first_seen": 1742630814.046875, 
                "ppid": 400, 
                "children": []
            }
        ]
    }, 
    "debug": {
        "action": [], 
        "dbgview": [], 
        "errors": [], 
        "log": [
            "2025-03-22 07:06:53,000 [analyzer] DEBUG: Starting analyzer from: C:\\tmpql7zol\n", 
            "2025-03-22 07:06:53,000 [analyzer] DEBUG: Pipe server name: \\??\\PIPE\\PnubqLHuTszmzpqbgsIohaerZhg\n", 
            "2025-03-22 07:06:53,000 [analyzer] DEBUG: Log pipe server name: \\??\\PIPE\\lordJpxGKXYTpsWsJAAisjOaioJxBW\n", 
            "2025-03-22 07:06:53,155 [analyzer] DEBUG: Started auxiliary module DbgView\n", 
            "2025-03-22 07:06:53,671 [analyzer] DEBUG: Started auxiliary module Disguise\n", 
            "2025-03-22 07:06:54,108 [analyzer] DEBUG: Loaded monitor into process with pid 508\n", 
            "2025-03-22 07:06:54,108 [analyzer] DEBUG: Started auxiliary module DumpTLSMasterSecrets\n", 
            "2025-03-22 07:06:54,108 [analyzer] DEBUG: Started auxiliary module Human\n", 
            "2025-03-22 07:06:54,108 [analyzer] DEBUG: Started auxiliary module InstallCertificate\n", 
            "2025-03-22 07:06:54,108 [analyzer] DEBUG: Started auxiliary module Reboot\n", 
            "2025-03-22 07:06:54,265 [analyzer] DEBUG: Started auxiliary module RecentFiles\n", 
            "2025-03-22 07:06:54,265 [modules.auxiliary.screenshots] INFO: Python Image Library (either PIL or Pillow) is not installed, screenshots are disabled.\n", 
            "2025-03-22 07:06:54,265 [analyzer] DEBUG: Started auxiliary module Screenshots\n", 
            "2025-03-22 07:06:54,265 [analyzer] DEBUG: Started auxiliary module LoadZer0m0n\n", 
            "2025-03-22 07:06:54,312 [lib.api.process] ERROR: Failed to execute process from path u'C:\\\\Users\\\\ADMINI~1\\\\AppData\\\\Local\\\\Temp\\\\changepk.exe' with arguments ['bin\\\\inject-x64.exe', '--app', u'C:\\\\Users\\\\ADMINI~1\\\\AppData\\\\Local\\\\Temp\\\\changepk.exe', '--only-start', '--curdir', 'C:\\\\Users\\\\ADMINI~1\\\\AppData\\\\Local\\\\Temp'] (Error: Command '['bin\\\\inject-x64.exe', '--app', u'C:\\\\Users\\\\ADMINI~1\\\\AppData\\\\Local\\\\Temp\\\\changepk.exe', '--only-start', '--curdir', 'C:\\\\Users\\\\ADMINI~1\\\\AppData\\\\Local\\\\Temp']' returned non-zero exit status 1)\n"
        ], 
        "cuckoo": [
            "2025-03-22 07:08:10,885 [cuckoo.core.scheduler] INFO: Task #317: acquired machine 192.168.56.1011 (label=192.168.56.1011)\n", 
            "2025-03-22 07:08:10,886 [cuckoo.core.resultserver] DEBUG: Now tracking machine 192.168.56.101 for task #317\n", 
            "2025-03-22 07:08:10,886 [cuckoo.core.plugins] DEBUG: Started auxiliary module: Replay\n", 
            "2025-03-22 07:08:10,898 [cuckoo.auxiliary.sniffer] INFO: Started sniffer with PID 34378 (interface=vboxnet0, host=192.168.56.101)\n", 
            "2025-03-22 07:08:10,899 [cuckoo.core.plugins] DEBUG: Started auxiliary module: Sniffer\n", 
            "2025-03-22 07:08:10,942 [cuckoo.machinery.virtualbox] DEBUG: Starting vm 192.168.56.1011\n", 
            "2025-03-22 07:08:11,037 [cuckoo.machinery.virtualbox] DEBUG: Restoring virtual machine 192.168.56.1011 to its current snapshot\n", 
            "2025-03-22 07:08:13,096 [cuckoo.core.guest] INFO: Starting analysis #317 on guest (id=192.168.56.1011, ip=192.168.56.101)\n", 
            "2025-03-22 07:08:14,100 [cuckoo.core.guest] DEBUG: 192.168.56.1011: not ready yet\n", 
            "2025-03-22 07:08:15,104 [cuckoo.core.guest] DEBUG: 192.168.56.1011: not ready yet\n", 
            "2025-03-22 07:08:16,107 [cuckoo.core.guest] DEBUG: 192.168.56.1011: not ready yet\n", 
            "2025-03-22 07:08:16,121 [cuckoo.core.guest] INFO: Guest is running Cuckoo Agent 0.10 (id=192.168.56.1011, ip=192.168.56.101)\n", 
            "2025-03-22 07:08:16,174 [cuckoo.core.guest] DEBUG: Uploading analyzer to guest (id=192.168.56.1011, ip=192.168.56.101, monitor=latest, size=3884763)\n", 
            "2025-03-22 07:08:17,083 [cuckoo.core.resultserver] DEBUG: Task #317: live log analysis.log initialized.\n", 
            "2025-03-22 07:08:18,163 [cuckoo.core.resultserver] DEBUG: Task #317 is sending a BSON stream\n", 
            "2025-03-22 07:08:18,597 [cuckoo.core.guest] WARNING: 192.168.56.1011: analysis #317 caught an exception\n", 
            "Traceback (most recent call last):\n", 
            "  File \"C:/tmpql7zol/analyzer.py\", line 808, in <module>\n", 
            "    success = analyzer.run()\n", 
            "  File \"C:/tmpql7zol/analyzer.py\", line 657, in run\n", 
            "    pids = self.package.start(self.target)\n", 
            "  File \"C:\\tmpql7zol\\modules\\packages\\exe.py\", line 23, in start\n", 
            "    return self.execute(path, args=shlex.split(args))\n", 
            "  File \"C:\\tmpql7zol\\lib\\common\\abstracts.py\", line 166, in execute\n", 
            "    \"Unable to execute the initial process, analysis aborted.\"\n", 
            "CuckooPackageError: Unable to execute the initial process, analysis aborted.\n", 
            "\n", 
            "2025-03-22 07:08:18,602 [cuckoo.core.plugins] DEBUG: Stopped auxiliary module: Replay\n", 
            "2025-03-22 07:08:18,645 [cuckoo.core.plugins] DEBUG: Stopped auxiliary module: Sniffer\n", 
            "2025-03-22 07:08:29,136 [cuckoo.machinery.virtualbox] INFO: Successfully generated memory dump for virtual machine with label 192.168.56.1011 to path /home/tesst/.cuckoo/storage/analyses/317/memory.dmp\n", 
            "2025-03-22 07:08:29,138 [cuckoo.machinery.virtualbox] DEBUG: Stopping vm 192.168.56.1011\n", 
            "2025-03-22 07:08:30,409 [cuckoo.core.resultserver] DEBUG: Stopped tracking machine 192.168.56.101 for task #317\n", 
            "2025-03-22 07:08:30,409 [cuckoo.core.resultserver] DEBUG: Cancel <Context for LOG> for task 317\n", 
            "2025-03-22 07:08:30,413 [cuckoo.core.scheduler] DEBUG: Released database task #317\n", 
            "2025-03-22 07:08:30,433 [cuckoo.core.plugins] DEBUG: Executed processing module \"AnalysisInfo\" for task #317\n", 
            "2025-03-22 07:08:30,434 [cuckoo.core.plugins] DEBUG: Executed processing module \"BehaviorAnalysis\" for task #317\n", 
            "2025-03-22 07:08:30,434 [cuckoo.core.plugins] DEBUG: Executed processing module \"Dropped\" for task #317\n", 
            "2025-03-22 07:08:30,435 [cuckoo.core.plugins] DEBUG: Executed processing module \"DroppedBuffer\" for task #317\n", 
            "2025-03-22 07:08:30,435 [cuckoo.core.plugins] DEBUG: Executed processing module \"MetaInfo\" for task #317\n", 
            "2025-03-22 07:08:30,435 [cuckoo.core.plugins] DEBUG: Executed processing module \"ProcessMemory\" for task #317\n", 
            "2025-03-22 07:08:30,435 [cuckoo.core.plugins] DEBUG: Executed processing module \"Procmon\" for task #317\n", 
            "2025-03-22 07:08:30,435 [cuckoo.core.plugins] DEBUG: Executed processing module \"Screenshots\" for task #317\n", 
            "2025-03-22 07:08:30,610 [cuckoo.processing.static] CRITICAL: You do not have the m2crypto library installed preventing certificate extraction. Please read the Cuckoo documentation on installing m2crypto (you need SWIG installed and then `pip "
        ]
    }, 
    "strings": [
        "!This program cannot be run in DOS mode.", 
        "`.imrsiv", 
        ".rdata", 
        "@.data", 
        ".pdata", 
        "@.rsrc", 
        "@.reloc", 
        "L$ SVWAVH", 
        "(A^_^[", 
        "L$ SUVWH", 
        "\\$ UVWAVAWH", 
        "A_A^_^]", 
        "\\$ UVWH", 
        "UVWATAUAVAWH", 
        "ty@8=y", 
        "t\"@8=E", 
        "@A_A^A]A\\_^]", 
        "x UAVAWH", 
        "t/HcL$$A", 
        "HcD$ H", 
        "UVWATAUAVAWH", 
        "~HL9V@t", 
        "H9/sRH", 
        " A_A^A]A\\_^]", 
        "T$8H!|$8", 
        "t$ UWAVH", 
        "UVWATAUAVAWH", 
        "A_A^A]A\\_^]", 
        "t$ UWATAVAWH", 
        "D9d$(|", 
        "D$,D8%", 
        "UVWAVAWH", 
        "t(D8=Jt", 
        "A_A^_^]", 
        "UWATAVAWH", 
        "@0!t$ ", 
        "A_A^A\\_]", 
        "WATAUAVAWH", 
        "0A_A^A]A\\_", 
        "USVWAVH", 
        "@A^_^[]", 
        "WATAUAVAWH", 
        " A_A^A]A\\_", 
        "t$ WATAUAVAWH", 
        " A_A^A]A\\_", 
        "VWATAVAWH", 
        "fD9$Qu", 
        "0A_A^A\\_^", 
        "L$8tUH", 
        "q0R^G'", 
        "q0R^G'", 
        "q0R^G'", 
        "q0R^G'", 
        " H3E H3E", 
        "u/HcH<H", 
        "Exception", 
        "ReturnNt", 
        "ReturnHr", 
        "FailFast", 
        "RaiseFailFastException", 
        "onecore\\internal\\sdk\\inc\\wil\\opensource\\wil\\resource.h", 
        "RtlDllShutdownInProgress", 
        "RtlDisownModuleHeapAllocation", 
        "WilFailureNotifyWatchers", 
        "WilError_03", 
        "EtwEventRegister", 
        "EtwEventUnregister", 
        "EtwEventEnabled", 
        "EtwEventWrite", 
        "ActivityStoppedAutomatically", 
        "ChangePK_ProductKeyRegistry", 
        "ChangePK_ProductKeyCommandLine", 
        "ChangePK_Stop", 
        "ChangePK_Start", 
        "Microsoft.Windows.Licensing.ChangePK", 
        "changepk.pdb", 
        ".text$di", 
        ".text$mn", 
        ".text$mn$00", 
        ".text$x", 
        ".text$yd", 
        ".imrsiv", 
        ".rdata$brc", 
        ".idata$5", 
        ".00cfg", 
        ".CRT$XCA", 
        ".CRT$XCAA", 
        ".CRT$XCU", 
        ".CRT$XCZ", 
        ".CRT$XIA", 
        ".CRT$XIAA", 
        ".CRT$XIAC", 
        ".CRT$XIC", 
        ".CRT$XIZ", 
        ".CRT$XPA", 
        ".CRT$XPZ", 
        ".CRT$XTA", 
        ".CRT$XTZ", 
        ".gehcont", 
        ".gfids", 
        ".rdata", 
        ".rdata$voltmd", 
        ".rdata$zETW0", 
        ".rdata$zETW1", 
        ".rdata$zETW2", 
        ".rdata$zETW9", 
        ".rdata$zzzdbg", 
        ".rtc$IAA", 
        ".rtc$IZZ", 
        ".rtc$TAA", 
        ".rtc$TZZ", 
        ".xdata", 
        ".idata$2", 
        ".idata$3", 
        ".idata$4", 
        ".idata$6", 
        ".data$brc", 
        ".pdata", 
        ".rsrc$01", 
        ".rsrc$02", 
        "EventSetInformation", 
        "EventRegister", 
        "EventUnregister", 
        "RegCloseKey", 
        "RegDeleteValueW", 
        "RegSetValueExW", 
        "RegOpenKeyExW", 
        "RegQueryValueExW", 
        "RegCreateKeyExW", 
        "EventWriteTransfer", 
        "EventActivityIdControl", 
        "ADVAPI32.dll", 
        "GetModuleFileNameA", 
        "CreateSemaphoreExW", 
        "HeapFree", 
        "SetLastError", 
        "ReleaseSemaphore", 
        "GetModuleHandleExW", 
        "WaitForSingleObject", 
        "GetCurrentThreadId", 
        "ReleaseMutex", 
        "FormatMessageW", 
        "GetLastError", 
        "OutputDebugStringW", 
        "WaitForSingleObjectEx", 
        "OpenSemaphoreW", 
        "CloseHandle", 
        "HeapAlloc", 
        "GetProcAddress", 
        "CreateMutexExW", 
        "GetCurrentProcessId", 
        "GetProcessHeap", 
        "GetModuleHandleW", 
        "DebugBreak", 
        "IsDebuggerPresent", 
        "CompareStringW", 
        "LocalFree", 
        "KERNEL32.dll", 
        "_initterm", 
        "_initterm_e", 
        "_c_exit", 
        "_register_thread_local_exe_atexit_callback", 
        "api-ms-win-crt-runtime-l1-1-0.dll", 
        "_o___p__commode", 
        "_o___stdio_common_vswprintf", 
        "_o__cexit", 
        "_o__configthreadlocale", 
        "_o__configure_wide_argv", 
        "_o__crt_atexit", 
        "_o__errno", 
        "_o__exit", 
        "_o__get_wide_winmain_command_line", 
        "_o__initialize_onexit_table", 
        "_o__initialize_wide_environment", 
        "_o__invalid_parameter_noinfo", 
        "_o__register_onexit_function", 
        "_o__seh_filter_exe", 
        "_o__set_app_type", 
        "_o__set_fmode", 
        "_o__set_new_mode", 
        "_o_exit", 
        "_o_terminate", 
        "__C_specific_handler", 
        "__current_exception", 
        "__current_exception_context", 
        "memset", 
        "api-ms-win-crt-private-l1-1-0.dll", 
        "api-ms-win-crt-string-l1-1-0.dll", 
        "RoInitialize", 
        "RoUninitialize", 
        "CommandLineToArgvW", 
        "CoCreateInstance", 
        "RtlCaptureContext", 
        "RtlLookupFunctionEntry", 
        "RtlVirtualUnwind", 
        "UnhandledExceptionFilter", 
        "SetUnhandledExceptionFilter", 
        "GetCurrentProcess", 
        "TerminateProcess", 
        "IsProcessorFeaturePresent", 
        "QueryPerformanceCounter", 
        "GetSystemTimeAsFileTime", 
        "InitializeSListHead", 
        "GetStartupInfoW", 
        "api-ms-win-core-winrt-l1-1-0.dll", 
        "api-ms-win-core-commandlinetoargv-l1-1-0.dll", 
        "api-ms-win-core-com-l1-1-0.dll", 
        "api-ms-win-core-rtlsupport-l1-1-0.dll", 
        "api-ms-win-core-errorhandling-l1-1-0.dll", 
        "api-ms-win-core-processthreads-l1-1-0.dll", 
        "api-ms-win-core-processthreads-l1-1-1.dll", 
        "api-ms-win-core-profile-l1-1-0.dll", 
        "api-ms-win-core-sysinfo-l1-1-0.dll", 
        "api-ms-win-core-interlocked-l1-1-0.dll", 
        "memcpy", 
        "<?xml version=\"1.0\" encoding=\"UTF-8\" standalone=\"yes\"?> ", 
        "<!-- Copyright (c) Microsoft Corporation -->", 
        "<assembly xmlns=\"urn:schemas-microsoft-com:asm.v1\" manifestVersion=\"1.0\"> ", 
        "<assemblyIdentity type=\"win32\" publicKeyToken=\"6595b64144ccf1df\" name=\"Microsoft.Windows.SoftwareLicensing.ChangePK\" version=\"6.0.0.0\" processorArchitecture=\"amd64\" />", 
        "<description>Change ProductKey</description>  ", 
        "<trustInfo xmlns=\"urn:schemas-microsoft-com:asm.v3\">", 
        "        <security>", 
        "            <requestedPrivileges>", 
        "                <requestedExecutionLevel", 
        "                    level=\"requireAdministrator\"", 
        "                />", 
        "            </requestedPrivileges>", 
        "        </security>", 
        "    </trustInfo>", 
        "    <asmv3:application>", 
        "        <asmv3:windowsSettings xmlns=\"http://schemas.microsoft.com/SMI/2005/WindowsSettings\">", 
        "            <dpiAware>true</dpiAware>", 
        "            <autoElevate>true</autoElevate>", 
        "        </asmv3:windowsSettings>", 
        "    </asmv3:application>", 
        "</assembly> ", 
        ",.,$sZ", 
        "mh+$I\\", 
        "\\r)v_vY", 
        "F\"Hg2e", 
        "sIujk\"<", 
        "1PZNGD", 
        "$zz14<", 
        "\u001f310hC", 
        "&)|AYb", 
        "twucii", 
        "KIDAT*", 
        "nyvb>i", 
        "KrQ',[!", 
        "xt)c_}", 
        "ggrxy*", 
        "<^ZqmC`)m", 
        "/%^q\\r", 
        "57NL]D", 
        "E@(A@#", 
        "/]&]M8", 
        "jxF*k!", 
        "@xwv@onm@", 
        "}@kki ", 
        "~phge0", 
        "~0_^] ", 
        "Washington1", 
        "Redmond1", 
        "Microsoft Corporation1.0,", 
        "%Microsoft Windows Production PCA 20110", 
        "231116192009Z", 
        "241114192009Z0p1", 
        "Washington1", 
        "Redmond1", 
        "Microsoft Corporation1", 
        "Microsoft Windows0", 
        "Microsoft Corporation1", 
        "229879+5018250\u001f", 
        "Fhttp://www.microsoft.com/pkiops/crl/MicWinProPCA2011_2011-10-19.crl%200a", 
        "Ehttp://www.microsoft.com/pkiops/certs/MicWinProPCA2011_2011-10-19.crt0", 
        "+:Cf;@", 
        "Washington1", 
        "Redmond1", 
        "Microsoft Corporation1200", 
        ")Microsoft Root Certificate Authority 20100", 
        "111019184142Z", 
        "261019185142Z0", 
        "Washington1", 
        "Redmond1", 
        "Microsoft Corporation1.0,", 
        "%Microsoft Windows Production PCA 20110", 
        "i\u001f%(\\6", 
        "Ehttp://crl.microsoft.com/pki/crl/products/MicRooCerAut_2010-06-23.crl0Z", 
        ">http://www.microsoft.com/pki/certs/MicRooCerAut_2010-06-23.crt0", 
        "Washington1", 
        "Redmond1", 
        "Microsoft Corporation1.0,", 
        "%Microsoft Windows Production PCA 2011", 
        ",oRmudbEXtWlCFrOf51k/WEmpMAxF2gHyoMcH0RRwtVc=0Z", 
        " http://www.microsoft.com/windows0", 
        "h0@t#H", 
        "W<=|m5", 
        "L!n(&^", 
        "20240417084141.869Z0", 
        "Washington1", 
        "Redmond1", 
        "Microsoft Corporation1%0#", 
        "Microsoft America Operations1'0%", 
        "nShield TSS ESN:9600-05E0-D9471%0#", 
        "Microsoft Time-Stamp Service", 
        "Washington1", 
        "Redmond1", 
        "Microsoft Corporation1&0$", 
        "Microsoft Time-Stamp PCA 20100", 
        "231206184548Z", 
        "250305184548Z0", 
        "Washington1", 
        "Redmond1", 
        "Microsoft Corporation1%0#", 
        "Microsoft America Operations1'0%", 
        "nShield TSS ESN:9600-05E0-D9471%0#", 
        "Microsoft Time-Stamp Service0", 
        "=!:I^-/", 
        "ylm>!x", 
        "Nhttp://www.microsoft.com/pkiops/crl/Microsoft%20Time-Stamp%20PCA%202010(1).crl0l", 
        "Phttp://www.microsoft.com/pkiops/certs/Microsoft%20Time-Stamp%20PCA%202010(1).crt0", 
        "Washington1", 
        "Redmond1", 
        "Microsoft Corporation1200", 
        ")Microsoft Root Certificate Authority 20100", 
        "210930182225Z", 
        "300930183225Z0|1", 
        "Washington1", 
        "Redmond1", 
        "Microsoft Corporation1&0$", 
        "Microsoft Time-Stamp PCA 20100", 
        "3http://www.microsoft.com/pkiops/Docs/Repository.htm0", 
        "Ehttp://crl.microsoft.com/pki/crl/products/MicRooCerAut_2010-06-23.crl0Z", 
        ">http://www.microsoft.com/pki/certs/MicRooCerAut_2010-06-23.crt0", 
        "as.,k{n?,", 
        "Washington1", 
        "Redmond1", 
        "Microsoft Corporation1%0#", 
        "Microsoft America Operations1'0%", 
        "nShield TSS ESN:9600-05E0-D9471%0#", 
        "Microsoft Time-Stamp Service", 
        "Washington1", 
        "Redmond1", 
        "Microsoft Corporation1&0$", 
        "Microsoft Time-Stamp PCA 20100", 
        "20240417044726Z", 
        "20240418044726Z0t0:", 
        "Washington1", 
        "Redmond1", 
        "Microsoft Corporation1&0$", 
        "Microsoft Time-Stamp PCA 2010", 
        "Washington1", 
        "Redmond1", 
        "Microsoft Corporation1&0$", 
        "Microsoft Time-Stamp PCA 2010", 
        "%hs(%u)\\%hs!%p: ", 
        "%hs!%p: ", 
        "(caller: %p) ", 
        "%hs(%d) tid(%x) %08X %ws", 
        "Msg:[%ws] ", 
        "CallContext:[%hs] ", 
        "[%hs(%hs)]", 
        "kernelbase.dll", 
        "ntdll.dll", 
        "Local\\SM0:%lu:%lu:%hs", 
        "/ParentWindowHandle", 
        "/NoReboot", 
        "CspProductKey", 
        "Software\\Microsoft\\Windows\\CurrentVersion\\WindowsAnytimeUpgrade", 
        "UpgradeStatusHresult", 
        "/ProductKey", 
        "VS_VERSION_INFO", 
        "StringFileInfo", 
        "040904B0", 
        "CompanyName", 
        "Microsoft Corporation", 
        "FileDescription", 
        "Windows Activation", 
        "FileVersion", 
        "10.0.22621.3527 (WinBuild.160101.0800)", 
        "InternalName", 
        "changepk", 
        "LegalCopyright", 
        " Microsoft Corporation. All rights reserved.", 
        "OriginalFilename", 
        "changepk.exe", 
        "ProductName", 
        "Microsoft", 
        " Windows", 
        " Operating System", 
        "ProductVersion", 
        "10.0.22621.3527", 
        "VarFileInfo", 
        "Translation", 
        "\"Microsoft Window"
    ], 
    "metadata": {
        "output": {
            "pcap": {
                "basename": "dump.pcap", 
                "sha256": "2ab8804e80bfa696747a6cdc675588ed52840a4a4495f6ecd901f484f4474149", 
                "dirname": ""
            }
        }
    }
}