{
    "info": {
        "added": 1742627561.879562, 
        "started": 1742627655.049761, 
        "duration": 18, 
        "ended": 1742627673.797074, 
        "owner": null, 
        "score": 0.6, 
        "id": 327, 
        "category": "file", 
        "git": {
            "head": "13cbe0d9e457be3673304533043e992ead1ea9b2", 
            "fetch_head": "13cbe0d9e457be3673304533043e992ead1ea9b2"
        }, 
        "monitor": "2deb9ccd75d5a7a3fe05b2625b03a8639d6ee36b", 
        "package": "exe", 
        "route": "none", 
        "custom": null, 
        "machine": {
            "status": "stopped", 
            "name": "192.168.56.1011", 
            "label": "192.168.56.1011", 
            "manager": "VirtualBox", 
            "started_on": "2025-03-22 07:14:15", 
            "shutdown_on": "2025-03-22 07:14:33"
        }, 
        "platform": "windows", 
        "version": "2.0.7", 
        "options": "procmemdump=yes,route=none"
    }, 
    "signatures": [
        {
            "families": [], 
            "description": "This executable has a PDB path", 
            "severity": 1, 
            "ttp": {}, 
            "markcount": 1, 
            "references": [], 
            "marks": [
                {
                    "category": "pdb_path", 
                    "ioc": "cipher.pdb", 
                    "type": "ioc", 
                    "description": null
                }
            ], 
            "name": "has_pdb"
        }, 
        {
            "families": [], 
            "description": "The executable contains unknown PE section names indicative of a packer (could be a false positive)", 
            "severity": 1, 
            "ttp": {
                "T1045": {
                    "short": "Software Packing", 
                    "long": "Software packing is a method of compressing or encrypting an executable. Packing an executable changes the file signature in an attempt to avoid signature-based detection. Most decompression techniques decompress the executable code in memory."
                }
            }, 
            "markcount": 1, 
            "references": [], 
            "marks": [
                {
                    "category": "section", 
                    "ioc": ".didat", 
                    "type": "ioc", 
                    "description": null
                }
            ], 
            "name": "pe_features"
        }, 
        {
            "families": [], 
            "description": "The file contains an unknown PE resource name possibly indicative of a packer", 
            "severity": 1, 
            "ttp": {
                "T1045": {
                    "short": "Software Packing", 
                    "long": "Software packing is a method of compressing or encrypting an executable. Packing an executable changes the file signature in an attempt to avoid signature-based detection. Most decompression techniques decompress the executable code in memory."
                }
            }, 
            "markcount": 1, 
            "references": [], 
            "marks": [
                {
                    "category": "resource name", 
                    "ioc": "MUI", 
                    "type": "ioc", 
                    "description": null
                }
            ], 
            "name": "pe_unknown_resource_name"
        }
    ], 
    "target": {
        "category": "file", 
        "file": {
            "yara": [], 
            "sha1": "1a161ca5999f6baf8f8eedc50a19eebf5a6b566a", 
            "name": "cipher.exe", 
            "type": "PE32 executable (console) Intel 80386, for MS Windows", 
            "sha256": "2c50f48cec77aa017b8431b30e4c6cfb0738a52a1cc7162fa9ea55ef44acafd4", 
            "urls": [], 
            "crc32": "4E9EF829", 
            "path": "/home/tesst/.cuckoo/storage/binaries/2c50f48cec77aa017b8431b30e4c6cfb0738a52a1cc7162fa9ea55ef44acafd4", 
            "ssdeep": null, 
            "size": 41472, 
            "sha512": "0e1000595c95ab5273755b6fb384c4094619d1e96802df0c2cc261fdc1e630b5421efc7133afc985b6938f8f3e9d2a4c75efd43dfbb68f89be7aa1beedc6a1ab", 
            "md5": "965087c7b7d54155eed01196c88c0a55"
        }
    }, 
    "network": {
        "tls": [], 
        "udp": [
            {
                "src": "192.168.56.101", 
                "dst": "224.0.0.252", 
                "offset": 1214, 
                "time": 1.6605629920959473, 
                "dport": 5355, 
                "sport": 64412
            }, 
            {
                "src": "192.168.56.101", 
                "dst": "224.0.0.252", 
                "offset": 1542, 
                "time": 0.133436918258667, 
                "dport": 5355, 
                "sport": 64614
            }, 
            {
                "src": "192.168.56.101", 
                "dst": "224.0.0.252", 
                "offset": 1870, 
                "time": 1.3007550239562988, 
                "dport": 5355, 
                "sport": 65517
            }, 
            {
                "src": "192.168.56.101", 
                "dst": "239.255.255.250", 
                "offset": 2190, 
                "time": 1.4730579853057861, 
                "dport": 1900, 
                "sport": 65520
            }
        ], 
        "dns_servers": [], 
        "http": [], 
        "icmp": [], 
        "smtp": [], 
        "tcp": [], 
        "smtp_ex": [], 
        "mitm": [], 
        "hosts": [], 
        "pcap_sha256": "2854b2a9be74860e1e0ac9abe2f6f638bf90cb61f6b3ea762e45916d4aadaccb", 
        "dns": [], 
        "http_ex": [], 
        "domains": [], 
        "dead_hosts": [], 
        "sorted_pcap_sha256": "448a6468bd080551d9df6176cfbc82ff4269777e6705f05d4d792801a9f279f5", 
        "irc": [], 
        "https_ex": []
    }, 
    "static": {
        "pdb_path": "cipher.pdb", 
        "pe_imports": [
            {
                "imports": [
                    {
                        "name": "EncryptFileW", 
                        "address": "0x40c000"
                    }, 
                    {
                        "name": "CryptReleaseContext", 
                        "address": "0x40c004"
                    }, 
                    {
                        "name": "RegQueryValueExW", 
                        "address": "0x40c008"
                    }, 
                    {
                        "name": "LookupAccountSidW", 
                        "address": "0x40c00c"
                    }, 
                    {
                        "name": "ConvertSidToStringSidW", 
                        "address": "0x40c010"
                    }, 
                    {
                        "name": "RemoveUsersFromEncryptedFile", 
                        "address": "0x40c014"
                    }, 
                    {
                        "name": "RegOpenKeyExW", 
                        "address": "0x40c018"
                    }, 
                    {
                        "name": "QueryUsersOnEncryptedFile", 
                        "address": "0x40c01c"
                    }, 
                    {
                        "name": "AddUsersToEncryptedFile", 
                        "address": "0x40c020"
                    }, 
                    {
                        "name": "AddUsersToEncryptedFileEx", 
                        "address": "0x40c024"
                    }, 
                    {
                        "name": "ConvertStringSidToSidW", 
                        "address": "0x40c028"
                    }, 
                    {
                        "name": "QueryRecoveryAgentsOnEncryptedFile", 
                        "address": "0x40c02c"
                    }, 
                    {
                        "name": "EncryptedFileKeyInfo", 
                        "address": "0x40c030"
                    }, 
                    {
                        "name": "FlushEfsCache", 
                        "address": "0x40c034"
                    }, 
                    {
                        "name": "FreeEncryptionCertificateHashList", 
                        "address": "0x40c038"
                    }, 
                    {
                        "name": "EqualSid", 
                        "address": "0x40c03c"
                    }, 
                    {
                        "name": "CryptAcquireContextW", 
                        "address": "0x40c040"
                    }, 
                    {
                        "name": "RegCloseKey", 
                        "address": "0x40c044"
                    }, 
                    {
                        "name": "SetUserFileEncryptionKey", 
                        "address": "0x40c048"
                    }, 
                    {
                        "name": "FreeEncryptedFileKeyInfo", 
                        "address": "0x40c04c"
                    }, 
                    {
                        "name": "DecryptFileW", 
                        "address": "0x40c050"
                    }, 
                    {
                        "name": "CryptGetUserKey", 
                        "address": "0x40c054"
                    }, 
                    {
                        "name": "CryptDestroyKey", 
                        "address": "0x40c058"
                    }
                ], 
                "dll": "ADVAPI32.dll"
            }, 
            {
                "imports": [
                    {
                        "name": "SetLastError", 
                        "address": "0x40c0b0"
                    }, 
                    {
                        "name": "VirtualFree", 
                        "address": "0x40c0b4"
                    }, 
                    {
                        "name": "GetFullPathNameW", 
                        "address": "0x40c0b8"
                    }, 
                    {
                        "name": "FindNextFileW", 
                        "address": "0x40c0bc"
                    }, 
                    {
                        "name": "GetDiskFreeSpaceW", 
                        "address": "0x40c0c0"
                    }, 
                    {
                        "name": "SetConsoleMode", 
                        "address": "0x40c0c4"
                    }, 
                    {
                        "name": "DeviceIoControl", 
                        "address": "0x40c0c8"
                    }, 
                    {
                        "name": "VirtualAlloc", 
                        "address": "0x40c0cc"
                    }, 
                    {
                        "name": "RemoveDirectoryW", 
                        "address": "0x40c0d0"
                    }, 
                    {
                        "name": "GetProcessHeap", 
                        "address": "0x40c0d4"
                    }, 
                    {
                        "name": "SetFilePointer", 
                        "address": "0x40c0d8"
                    }, 
                    {
                        "name": "SetEndOfFile", 
                        "address": "0x40c0dc"
                    }, 
                    {
                        "name": "FindClose", 
                        "address": "0x40c0e0"
                    }, 
                    {
                        "name": "GetVolumePathNameW", 
                        "address": "0x40c0e4"
                    }, 
                    {
                        "name": "CreateFileW", 
                        "address": "0x40c0e8"
                    }, 
                    {
                        "name": "GetFileAttributesW", 
                        "address": "0x40c0ec"
                    }, 
                    {
                        "name": "GetVolumeNameForVolumeMountPointW", 
                        "address": "0x40c0f0"
                    }, 
                    {
                        "name": "GetDiskFreeSpaceExW", 
                        "address": "0x40c0f4"
                    }, 
                    {
                        "name": "ReadConsoleW", 
                        "address": "0x40c0f8"
                    }, 
                    {
                        "name": "CloseHandle", 
                        "address": "0x40c0fc"
                    }, 
                    {
                        "name": "HeapSetInformation", 
                        "address": "0x40c100"
                    }, 
                    {
                        "name": "FindFirstFileW", 
                        "address": "0x40c104"
                    }, 
                    {
                        "name": "SetCurrentDirectoryW", 
                        "address": "0x40c108"
                    }, 
                    {
                        "name": "VerSetConditionMask", 
                        "address": "0x40c10c"
                    }, 
                    {
                        "name": "GetComputerNameW", 
                        "address": "0x40c110"
                    }, 
                    {
                        "name": "FindVolumeClose", 
                        "address": "0x40c114"
                    }, 
                    {
                        "name": "VerifyVersionInfoW", 
                        "address": "0x40c118"
                    }, 
                    {
                        "name": "GetTempFileNameW", 
                        "address": "0x40c11c"
                    }, 
                    {
                        "name": "FindNextVolumeW", 
                        "address": "0x40c120"
                    }, 
                    {
                        "name": "lstrcmpW", 
                        "address": "0x40c124"
                    }, 
                    {
                        "name": "GetDriveTypeW", 
                        "address": "0x40c128"
                    }, 
                    {
                        "name": "FlushFileBuffers", 
                        "address": "0x40c12c"
                    }, 
                    {
                        "name": "ResolveDelayLoadedAPI", 
                        "address": "0x40c130"
                    }, 
                    {
                        "name": "GetTickCount", 
                        "address": "0x40c134"
                    }, 
                    {
                        "name": "DelayLoadFailureHook", 
                        "address": "0x40c138"
                    }, 
                    {
                        "name": "GetSystemTimeAsFileTime", 
                        "address": "0x40c13c"
                    }, 
                    {
                        "name": "GetCurrentThreadId", 
                        "address": "0x40c140"
                    }, 
                    {
                        "name": "GetCurrentProcessId", 
                        "address": "0x40c144"
                    }, 
                    {
                        "name": "QueryPerformanceCounter", 
                        "address": "0x40c148"
                    }, 
                    {
                        "name": "TerminateProcess", 
                        "address": "0x40c14c"
                    }, 
                    {
                        "name": "GetCurrentProcess", 
                        "address": "0x40c150"
                    }, 
                    {
                        "name": "SetUnhandledExceptionFilter", 
                        "address": "0x40c154"
                    }, 
                    {
                        "name": "UnhandledExceptionFilter", 
                        "address": "0x40c158"
                    }, 
                    {
                        "name": "Sleep", 
                        "address": "0x40c15c"
                    }, 
                    {
                        "name": "GetVolumeInformationW", 
                        "address": "0x40c160"
                    }, 
                    {
                        "name": "QueryDosDeviceW", 
                        "address": "0x40c164"
                    }, 
                    {
                        "name": "CreateDirectoryW", 
                        "address": "0x40c168"
                    }, 
                    {
                        "name": "FindFirstVolumeW", 
                        "address": "0x40c16c"
                    }, 
                    {
                        "name": "GetFileType", 
                        "address": "0x40c170"
                    }, 
                    {
                        "name": "WideCharToMultiByte", 
                        "address": "0x40c174"
                    }, 
                    {
                        "name": "GetCurrentDirectoryW", 
                        "address": "0x40c178"
                    }, 
                    {
                        "name": "GetModuleHandleW", 
                        "address": "0x40c17c"
                    }, 
                    {
                        "name": "LocalFree", 
                        "address": "0x40c180"
                    }, 
                    {
                        "name": "GetProcAddress", 
                        "address": "0x40c184"
                    }, 
                    {
                        "name": "WriteConsoleW", 
                        "address": "0x40c188"
                    }, 
                    {
                        "name": "HeapAlloc", 
                        "address": "0x40c18c"
                    }, 
                    {
                        "name": "GetLastError", 
                        "address": "0x40c190"
                    }, 
                    {
                        "name": "FormatMessageW", 
                        "address": "0x40c194"
                    }, 
                    {
                        "name": "GetConsoleMode", 
                        "address": "0x40c198"
                    }, 
                    {
                        "name": "WriteFile", 
                        "address": "0x40c19c"
                    }, 
                    {
                        "name": "GetStdHandle", 
                        "address": "0x40c1a0"
                    }, 
                    {
                        "name": "lstrlenW", 
                        "address": "0x40c1a4"
                    }, 
                    {
                        "name": "HeapFree", 
                        "address": "0x40c1a8"
                    }, 
                    {
                        "name": "SetErrorMode", 
                        "address": "0x40c1ac"
                    }
                ], 
                "dll": "KERNEL32.dll"
            }, 
            {
                "imports": [
                    {
                        "name": "_initterm", 
                        "address": "0x40c200"
                    }, 
                    {
                        "name": "__setusermatherr", 
                        "address": "0x40c204"
                    }, 
                    {
                        "name": "__p__fmode", 
                        "address": "0x40c208"
                    }, 
                    {
                        "name": "_controlfp", 
                        "address": "0x40c20c"
                    }, 
                    {
                        "name": "_except_handler4_common", 
                        "address": "0x40c210"
                    }, 
                    {
                        "name": "memcpy", 
                        "address": "0x40c214"
                    }, 
                    {
                        "name": "?terminate@@YAXXZ", 
                        "address": "0x40c218"
                    }, 
                    {
                        "name": "_cexit", 
                        "address": "0x40c21c"
                    }, 
                    {
                        "name": "_exit", 
                        "address": "0x40c220"
                    }, 
                    {
                        "name": "exit", 
                        "address": "0x40c224"
                    }, 
                    {
                        "name": "__set_app_type", 
                        "address": "0x40c228"
                    }, 
                    {
                        "name": "__wgetmainargs", 
                        "address": "0x40c22c"
                    }, 
                    {
                        "name": "_amsg_exit", 
                        "address": "0x40c230"
                    }, 
                    {
                        "name": "__p__commode", 
                        "address": "0x40c234"
                    }, 
                    {
                        "name": "_XcptFilter", 
                        "address": "0x40c238"
                    }, 
                    {
                        "name": "towupper", 
                        "address": "0x40c23c"
                    }, 
                    {
                        "name": "_wcsnicmp", 
                        "address": "0x40c240"
                    }, 
                    {
                        "name": "_putws", 
                        "address": "0x40c244"
                    }, 
                    {
                        "name": "getchar", 
                        "address": "0x40c248"
                    }, 
                    {
                        "name": "printf", 
                        "address": "0x40c24c"
                    }, 
                    {
                        "name": "fgetws", 
                        "address": "0x40c250"
                    }, 
                    {
                        "name": "wcschr", 
                        "address": "0x40c254"
                    }, 
                    {
                        "name": "_wcsicmp", 
                        "address": "0x40c258"
                    }, 
                    {
                        "name": "_vsnwprintf", 
                        "address": "0x40c25c"
                    }, 
                    {
                        "name": "__iob_func", 
                        "address": "0x40c260"
                    }, 
                    {
                        "name": "_get_osfhandle", 
                        "address": "0x40c264"
                    }, 
                    {
                        "name": "memset", 
                        "address": "0x40c268"
                    }
                ], 
                "dll": "msvcrt.dll"
            }, 
            {
                "imports": [
                    {
                        "name": "RtlNtStatusToDosError", 
                        "address": "0x40c270"
                    }
                ], 
                "dll": "ntdll.dll"
            }, 
            {
                "imports": [
                    {
                        "name": "UuidToStringW", 
                        "address": "0x40c1c8"
                    }, 
                    {
                        "name": "UuidCreate", 
                        "address": "0x40c1cc"
                    }, 
                    {
                        "name": "RpcStringFreeW", 
                        "address": "0x40c1d0"
                    }
                ], 
                "dll": "RPCRT4.dll"
            }, 
            {
                "imports": [
                    {
                        "name": "MessageBoxW", 
                        "address": "0x40c1d8"
                    }
                ], 
                "dll": "USER32.dll"
            }, 
            {
                "imports": [
                    {
                        "name": "DsFreeNameResultW", 
                        "address": "0x40c1b4"
                    }, 
                    {
                        "name": "DsUnBindW", 
                        "address": "0x40c1b8"
                    }, 
                    {
                        "name": "DsBindW", 
                        "address": "0x40c1bc"
                    }, 
                    {
                        "name": "DsCrackNamesW", 
                        "address": "0x40c1c0"
                    }
                ], 
                "dll": "NTDSAPI.dll"
            }, 
            {
                "imports": [
                    {
                        "name": "CertGetEnhancedKeyUsage", 
                        "address": "0x40c060"
                    }, 
                    {
                        "name": "CertFreeCertificateContext", 
                        "address": "0x40c064"
                    }, 
                    {
                        "name": "CertAddCertificateContextToStore", 
                        "address": "0x40c068"
                    }, 
                    {
                        "name": "CertEnumCertificatesInStore", 
                        "address": "0x40c06c"
                    }, 
                    {
                        "name": "CryptQueryObject", 
                        "address": "0x40c070"
                    }, 
                    {
                        "name": "CertCloseStore", 
                        "address": "0x40c074"
                    }, 
                    {
                        "name": "PFXExportCertStoreEx", 
                        "address": "0x40c078"
                    }, 
                    {
                        "name": "CertFindCertificateInStore", 
                        "address": "0x40c07c"
                    }, 
                    {
                        "name": "CertOpenStore", 
                        "address": "0x40c080"
                    }, 
                    {
                        "name": "CryptStringToBinaryW", 
                        "address": "0x40c084"
                    }, 
                    {
                        "name": "CertGetCertificateContextProperty", 
                        "address": "0x40c088"
                    }, 
                    {
                        "name": "CryptBinaryToStringW", 
                        "address": "0x40c08c"
                    }
                ], 
                "dll": "CRYPT32.dll"
            }, 
            {
                "imports": [
                    {
                        "name": "BCryptGenerateSymmetricKey", 
                        "address": "0x40c1e0"
                    }, 
                    {
                        "name": "BCryptCloseAlgorithmProvider", 
                        "address": "0x40c1e4"
                    }, 
                    {
                        "name": "BCryptGenRandom", 
                        "address": "0x40c1e8"
                    }, 
                    {
                        "name": "BCryptOpenAlgorithmProvider", 
                        "address": "0x40c1ec"
                    }, 
                    {
                        "name": "BCryptGetProperty", 
                        "address": "0x40c1f0"
                    }, 
                    {
                        "name": "BCryptDestroyKey", 
                        "address": "0x40c1f4"
                    }, 
                    {
                        "name": "BCryptEncrypt", 
                        "address": "0x40c1f8"
                    }
                ], 
                "dll": "bcrypt.dll"
            }, 
            {
                "imports": [
                    {
                        "name": "EfsUtilGetSmartcardProviderName", 
                        "address": "0x40c0a0"
                    }, 
                    {
                        "name": "EfsUtilCreateSelfSignedCertificate", 
                        "address": "0x40c0a4"
                    }, 
                    {
                        "name": "EfsUtilGetCurrentUserInformation", 
                        "address": "0x40c0a8"
                    }
                ], 
                "dll": "EFSUTIL.dll"
            }, 
            {
                "imports": [
                    {
                        "name": "DsRoleGetPrimaryDomainInformation", 
                        "address": "0x40c094"
                    }, 
                    {
                        "name": "DsRoleFreeMemory", 
                        "address": "0x40c098"
                    }
                ], 
                "dll": "DSROLE.dll"
            }
        ], 
        "peid_signatures": null, 
        "keys": [], 
        "signature": [], 
        "pe_timestamp": "2059-09-24 17:00:28", 
        "pe_exports": [], 
        "imported_dll_count": 11, 
        "pe_imphash": "2119b2a038fa67fb7336f5b02e7761b5", 
        "pe_resources": [
            {
                "name": "MUI", 
                "language": "LANG_ENGLISH", 
                "filetype": "data", 
                "sublanguage": "SUBLANG_ENGLISH_US", 
                "offset": "0x0000f730", 
                "size": "0x000000c8"
            }, 
            {
                "name": "RT_VERSION", 
                "language": "LANG_ENGLISH", 
                "filetype": "data", 
                "sublanguage": "SUBLANG_ENGLISH_US", 
                "offset": "0x0000f398", 
                "size": "0x00000394"
            }, 
            {
                "name": "RT_MANIFEST", 
                "language": "LANG_ENGLISH", 
                "filetype": "XML 1.0 document, ASCII text, with CRLF line terminators", 
                "sublanguage": "SUBLANG_ENGLISH_US", 
                "offset": "0x0000f0f0", 
                "size": "0x000002a7"
            }
        ], 
        "pe_versioninfo": [
            {
                "name": "LegalCopyright", 
                "value": "\\xa9 Microsoft Corporation. All rights reserved."
            }, 
            {
                "name": "InternalName", 
                "value": "cipher"
            }, 
            {
                "name": "FileVersion", 
                "value": "10.0.22621.1 (WinBuild.160101.0800)"
            }, 
            {
                "name": "CompanyName", 
                "value": "Microsoft Corporation"
            }, 
            {
                "name": "ProductName", 
                "value": "Microsoft\\xae Windows\\xae Operating System"
            }, 
            {
                "name": "ProductVersion", 
                "value": "10.0.22621.1"
            }, 
            {
                "name": "FileDescription", 
                "value": "File Encryption Utility"
            }, 
            {
                "name": "OriginalFilename", 
                "value": "CIPHER.EXE"
            }, 
            {
                "name": "Translation", 
                "value": "0x0409 0x04b0"
            }
        ], 
        "pe_sections": [
            {
                "size_of_data": "0x00007800", 
                "virtual_address": "0x00001000", 
                "entropy": 6.3403003874091395, 
                "name": ".text", 
                "virtual_size": "0x000077ac"
            }, 
            {
                "size_of_data": "0x00000200", 
                "virtual_address": "0x00009000", 
                "entropy": 0.19977565608732903, 
                "name": ".data", 
                "virtual_size": "0x00002880"
            }, 
            {
                "size_of_data": "0x00001200", 
                "virtual_address": "0x0000c000", 
                "entropy": 5.277230996561686, 
                "name": ".idata", 
                "virtual_size": "0x000011b8"
            }, 
            {
                "size_of_data": "0x00000200", 
                "virtual_address": "0x0000e000", 
                "entropy": 0.4533460117175803, 
                "name": ".didat", 
                "virtual_size": "0x00000034"
            }, 
            {
                "size_of_data": "0x00000800", 
                "virtual_address": "0x0000f000", 
                "entropy": 4.344323206780419, 
                "name": ".rsrc", 
                "virtual_size": "0x000007f8"
            }, 
            {
                "size_of_data": "0x00000800", 
                "virtual_address": "0x00010000", 
                "entropy": 6.607724476545501, 
                "name": ".reloc", 
                "virtual_size": "0x000007c4"
            }
        ]
    }, 
    "behavior": {
        "generic": [
            {
                "process_path": "C:\\Windows\\System32\\lsass.exe", 
                "process_name": "lsass.exe", 
                "pid": 508, 
                "summary": {}, 
                "first_seen": 1742631162.015625, 
                "ppid": 400
            }
        ], 
        "processes": [
            {
                "process_path": "C:\\Windows\\System32\\lsass.exe", 
                "calls": [], 
                "track": false, 
                "pid": 508, 
                "process_name": "lsass.exe", 
                "command_line": "C:\\Windows\\system32\\lsass.exe", 
                "modules": [
                    {
                        "basename": "lsass.exe", 
                        "imgsize": 49152, 
                        "baseaddr": "0xffc70000", 
                        "filepath": "C:\\Windows\\system32\\lsass.exe"
                    }, 
                    {
                        "basename": "ntdll.dll", 
                        "imgsize": 1740800, 
                        "baseaddr": "0x76dd0000", 
                        "filepath": "C:\\Windows\\SYSTEM32\\ntdll.dll"
                    }, 
                    {
                        "basename": "kernel32.dll", 
                        "imgsize": 1175552, 
                        "baseaddr": "0x76bb0000", 
                        "filepath": "C:\\Windows\\system32\\kernel32.dll"
                    }, 
                    {
                        "basename": "KERNELBASE.dll", 
                        "imgsize": 438272, 
                        "baseaddr": "0x7fefcf80000", 
                        "filepath": "C:\\Windows\\system32\\KERNELBASE.dll"
                    }, 
                    {
                        "basename": "msvcrt.dll", 
                        "imgsize": 651264, 
                        "baseaddr": "0x7fefec80000", 
                        "filepath": "C:\\Windows\\system32\\msvcrt.dll"
                    }, 
                    {
                        "basename": "RPCRT4.dll", 
                        "imgsize": 1232896, 
                        "baseaddr": "0x7fefd2c0000", 
                        "filepath": "C:\\Windows\\system32\\RPCRT4.dll"
                    }, 
                    {
                        "basename": "SspiSrv.dll", 
                        "imgsize": 45056, 
                        "baseaddr": "0x7fefcb60000", 
                        "filepath": "C:\\Windows\\system32\\SspiSrv.dll"
                    }, 
                    {
                        "basename": "lsasrv.dll", 
                        "imgsize": 1470464, 
                        "baseaddr": "0x7fefc9e0000", 
                        "filepath": "C:\\Windows\\system32\\lsasrv.dll"
                    }, 
                    {
                        "basename": "sechost.dll", 
                        "imgsize": 126976, 
                        "baseaddr": "0x7fefea00000", 
                        "filepath": "C:\\Windows\\SYSTEM32\\sechost.dll"
                    }, 
                    {
                        "basename": "SspiCli.dll", 
                        "imgsize": 151552, 
                        "baseaddr": "0x7fefcb80000", 
                        "filepath": "C:\\Windows\\system32\\SspiCli.dll"
                    }, 
                    {
                        "basename": "ADVAPI32.dll", 
                        "imgsize": 897024, 
                        "baseaddr": "0x7fefd480000", 
                        "filepath": "C:\\Windows\\system32\\ADVAPI32.dll"
                    }, 
                    {
                        "basename": "USER32.dll", 
                        "imgsize": 1024000, 
                        "baseaddr": "0x76cd0000", 
                        "filepath": "C:\\Windows\\system32\\USER32.dll"
                    }, 
                    {
                        "basename": "GDI32.dll", 
                        "imgsize": 421888, 
                        "baseaddr": "0x7fefd560000", 
                        "filepath": "C:\\Windows\\system32\\GDI32.dll"
                    }, 
                    {
                        "basename": "LPK.dll", 
                        "imgsize": 57344, 
                        "baseaddr": "0x7fefd830000", 
                        "filepath": "C:\\Windows\\system32\\LPK.dll"
                    }, 
                    {
                        "basename": "USP10.dll", 
                        "imgsize": 823296, 
                        "baseaddr": "0x7feff010000", 
                        "filepath": "C:\\Windows\\system32\\USP10.dll"
                    }, 
                    {
                        "basename": "SAMSRV.dll", 
                        "imgsize": 774144, 
                        "baseaddr": "0x7fefc880000", 
                        "filepath": "C:\\Windows\\system32\\SAMSRV.dll"
                    }, 
                    {
                        "basename": "cryptdll.dll", 
                        "imgsize": 81920, 
                        "baseaddr": "0x7fefc860000", 
                        "filepath": "C:\\Windows\\system32\\cryptdll.dll"
                    }, 
                    {
                        "basename": "MSASN1.dll", 
                        "imgsize": 61440, 
                        "baseaddr": "0x7fefcdc0000", 
                        "filepath": "C:\\Windows\\system32\\MSASN1.dll"
                    }, 
                    {
                        "basename": "wevtapi.dll", 
                        "imgsize": 446464, 
                        "baseaddr": "0x7fefc7f0000", 
                        "filepath": "C:\\Windows\\system32\\wevtapi.dll"
                    }, 
                    {
                        "basename": "IMM32.DLL", 
                        "imgsize": 188416, 
                        "baseaddr": "0x7fefea20000", 
                        "filepath": "C:\\Windows\\system32\\IMM32.DLL"
                    }, 
                    {
                        "basename": "MSCTF.dll", 
                        "imgsize": 1085440, 
                        "baseaddr": "0x7fefed20000", 
                        "filepath": "C:\\Windows\\system32\\MSCTF.dll"
                    }, 
                    {
                        "basename": "cngaudit.dll", 
                        "imgsize": 36864, 
                        "baseaddr": "0x7fefc7b0000", 
                        "filepath": "C:\\Windows\\system32\\cngaudit.dll"
                    }, 
                    {
                        "basename": "AUTHZ.dll", 
                        "imgsize": 192512, 
                        "baseaddr": "0x7fefc780000", 
                        "filepath": "C:\\Windows\\system32\\AUTHZ.dll"
                    }, 
                    {
                        "basename": "ncrypt.dll", 
                        "imgsize": 319488, 
                        "baseaddr": "0x7fefc730000", 
                        "filepath": "C:\\Windows\\system32\\ncrypt.dll"
                    }, 
                    {
                        "basename": "bcrypt.dll", 
                        "imgsize": 139264, 
                        "baseaddr": "0x7fefc700000", 
                        "filepath": "C:\\Windows\\system32\\bcrypt.dll"
                    }, 
                    {
                        "basename": "msprivs.DLL", 
                        "imgsize": 8192, 
                        "baseaddr": "0x74af0000", 
                        "filepath": "C:\\Windows\\system32\\msprivs.DLL"
                    }, 
                    {
                        "basename": "netjoin.dll", 
                        "imgsize": 204800, 
                        "baseaddr": "0x7fefc6c0000", 
                        "filepath": "C:\\Windows\\system32\\netjoin.dll"
                    }, 
                    {
                        "basename": "negoexts.DLL", 
                        "imgsize": 147456, 
                        "baseaddr": "0x7fefc690000", 
                        "filepath": "C:\\Windows\\system32\\negoexts.DLL"
                    }, 
                    {
                        "basename": "Secur32.dll", 
                        "imgsize": 45056, 
                        "baseaddr": "0x7fefc9b0000", 
                        "filepath": "C:\\Windows\\system32\\Secur32.dll"
                    }, 
                    {
                        "basename": "cryptbase.dll", 
                        "imgsize": 61440, 
                        "baseaddr": "0x7fefcc50000", 
                        "filepath": "C:\\Windows\\system32\\cryptbase.dll"
                    }, 
                    {
                        "basename": "kerberos.DLL", 
                        "imgsize": 737280, 
                        "baseaddr": "0x7fefc5d0000", 
                        "filepath": "C:\\Windows\\system32\\kerberos.DLL"
                    }, 
                    {
                        "basename": "CRYPTSP.dll", 
                        "imgsize": 94208, 
                        "baseaddr": "0x7fefc5b0000", 
                        "filepath": "C:\\Windows\\system32\\CRYPTSP.dll"
                    }, 
                    {
                        "basename": "WS2_32.dll", 
                        "imgsize": 315392, 
                        "baseaddr": "0x7fefec30000", 
                        "filepath": "C:\\Windows\\system32\\WS2_32.dll"
                    }, 
                    {
                        "basename": "NSI.dll", 
                        "imgsize": 32768, 
                        "baseaddr": "0x7fefd3f0000", 
                        "filepath": "C:\\Windows\\system32\\NSI.dll"
                    }, 
                    {
                        "basename": "mswsock.dll", 
                        "imgsize": 348160, 
                        "baseaddr": "0x7fefc550000", 
                        "filepath": "C:\\Windows\\system32\\mswsock.dll"
                    }, 
                    {
                        "basename": "wship6.dll", 
                        "imgsize": 28672, 
                        "baseaddr": "0x7fefc540000", 
                        "filepath": "C:\\Windows\\System32\\wship6.dll"
                    }, 
                    {
                        "basename": "msv1_0.DLL", 
                        "imgsize": 331776, 
                        "baseaddr": "0x7fefc4e0000", 
                        "filepath": "C:\\Windows\\system32\\msv1_0.DLL"
                    }, 
                    {
                        "basename": "netlogon.DLL", 
                        "imgsize": 712704, 
                        "baseaddr": "0x7fefc430000", 
                        "filepath": "C:\\Windows\\system32\\netlogon.DLL"
                    }, 
                    {
                        "basename": "DNSAPI.dll", 
                        "imgsize": 372736, 
                        "baseaddr": "0x7fefc3d0000", 
                        "filepath": "C:\\Windows\\system32\\DNSAPI.dll"
                    }, 
                    {
                        "basename": "logoncli.dll", 
                        "imgsize": 196608, 
                        "baseaddr": "0x7fefc3a0000", 
                        "filepath": "C:\\Windows\\system32\\logoncli.dll"
                    }, 
                    {
                        "basename": "schannel.DLL", 
                        "imgsize": 356352, 
                        "baseaddr": "0x7fefc340000", 
                        "filepath": "C:\\Windows\\system32\\schannel.DLL"
                    }, 
                    {
                        "basename": "CRYPT32.dll", 
                        "imgsize": 1470464, 
                        "baseaddr": "0x7fefcdd0000", 
                        "filepath": "C:\\Windows\\system32\\CRYPT32.dll"
                    }, 
                    {
                        "basename": "wdigest.DLL", 
                        "imgsize": 221184, 
                        "baseaddr": "0x7fefc300000", 
                        "filepath": "C:\\Windows\\system32\\wdigest.DLL"
                    }, 
                    {
                        "basename": "rsaenh.dll", 
                        "imgsize": 290816, 
                        "baseaddr": "0x7fefc2b0000", 
                        "filepath": "C:\\Windows\\system32\\rsaenh.dll"
                    }, 
                    {
                        "basename": "tspkg.DLL", 
                        "imgsize": 98304, 
                        "baseaddr": "0x7fefc290000", 
                        "filepath": "C:\\Windows\\system32\\tspkg.DLL"
                    }, 
                    {
                        "basename": "pku2u.DLL", 
                        "imgsize": 282624, 
                        "baseaddr": "0x7fefc240000", 
                        "filepath": "C:\\Windows\\system32\\pku2u.DLL"
                    }, 
                    {
                        "basename": "bcryptprimitives.dll", 
                        "imgsize": 311296, 
                        "baseaddr": "0x7fefc1f0000", 
                        "filepath": "C:\\Windows\\system32\\bcryptprimitives.dll"
                    }, 
                    {
                        "basename": "RpcRtRemote.dll", 
                        "imgsize": 81920, 
                        "baseaddr": "0x7fefcd00000", 
                        "filepath": "C:\\Windows\\system32\\RpcRtRemote.dll"
                    }, 
                    {
                        "basename": "efslsaext.dll", 
                        "imgsize": 73728, 
                        "baseaddr": "0x7fefc1d0000", 
                        "filepath": "C:\\Windows\\system32\\efslsaext.dll"
                    }, 
                    {
                        "basename": "scecli.DLL", 
                        "imgsize": 253952, 
                        "baseaddr": "0x7fefc130000", 
                        "filepath": "C:\\Windows\\system32\\scecli.DLL"
                    }, 
                    {
                        "basename": "credssp.dll", 
                        "imgsize": 40960, 
                        "baseaddr": "0x7fefc1b0000", 
                        "filepath": "C:\\Windows\\system32\\credssp.dll"
                    }, 
                    {
                        "basename": "WINSTA.dll", 
                        "imgsize": 249856, 
                        "baseaddr": "0x7fefcc10000", 
                        "filepath": "C:\\Windows\\system32\\WINSTA.dll"
                    }, 
                    {
                        "basename": "IPHLPAPI.DLL", 
                        "imgsize": 159744, 
                        "baseaddr": "0x7fefbfd0000", 
                        "filepath": "C:\\Windows\\system32\\IPHLPAPI.DLL"
                    }, 
                    {
                        "basename": "WINNSI.DLL", 
                        "imgsize": 45056, 
                        "baseaddr": "0x7fefbfc0000", 
                        "filepath": "C:\\Windows\\system32\\WINNSI.DLL"
                    }, 
                    {
                        "basename": "netutils.dll", 
                        "imgsize": 49152, 
                        "baseaddr": "0x7fefa790000", 
                        "filepath": "C:\\Windows\\system32\\netutils.dll"
                    }, 
                    {
                        "basename": "USERENV.dll", 
                        "imgsize": 122880, 
                        "baseaddr": "0x7fefc060000", 
                        "filepath": "C:\\Windows\\system32\\USERENV.dll"
                    }, 
                    {
                        "basename": "profapi.dll", 
                        "imgsize": 61440, 
                        "baseaddr": "0x7fefcd20000", 
                        "filepath": "C:\\Windows\\system32\\profapi.dll"
                    }, 
                    {
                        "basename": "wshtcpip.dll", 
                        "imgsize": 28672, 
                        "baseaddr": "0x7fefbed0000", 
                        "filepath": "C:\\Windows\\System32\\wshtcpip.dll"
                    }, 
                    {
                        "basename": "monitor-x64.dll", 
                        "imgsize": 2269184, 
                        "baseaddr": "0x744c0000", 
                        "filepath": "C:\\tmpql7zol\\bin\\monitor-x64.dll"
                    }
                ], 
                "time": 0, 
                "tid": 1144, 
                "first_seen": 1742631162.015625, 
                "ppid": 400, 
                "type": "process"
            }
        ], 
        "processtree": [
            {
                "track": false, 
                "pid": 508, 
                "process_name": "lsass.exe", 
                "command_line": "C:\\Windows\\system32\\lsass.exe", 
                "first_seen": 1742631162.015625, 
                "ppid": 400, 
                "children": []
            }
        ]
    }, 
    "debug": {
        "action": [], 
        "dbgview": [], 
        "errors": [], 
        "log": [
            "2025-03-22 07:12:41,000 [analyzer] DEBUG: Starting analyzer from: C:\\tmpql7zol\n", 
            "2025-03-22 07:12:41,015 [analyzer] DEBUG: Pipe server name: \\??\\PIPE\\kWmGMnCjJVcvTDpZygui\n", 
            "2025-03-22 07:12:41,015 [analyzer] DEBUG: Log pipe server name: \\??\\PIPE\\myWruLVAZuTVxbfDWJLXM\n", 
            "2025-03-22 07:12:41,296 [analyzer] DEBUG: Started auxiliary module DbgView\n", 
            "2025-03-22 07:12:41,812 [analyzer] DEBUG: Started auxiliary module Disguise\n", 
            "2025-03-22 07:12:42,078 [analyzer] DEBUG: Loaded monitor into process with pid 508\n", 
            "2025-03-22 07:12:42,078 [analyzer] DEBUG: Started auxiliary module DumpTLSMasterSecrets\n", 
            "2025-03-22 07:12:42,078 [analyzer] DEBUG: Started auxiliary module Human\n", 
            "2025-03-22 07:12:42,078 [analyzer] DEBUG: Started auxiliary module InstallCertificate\n", 
            "2025-03-22 07:12:42,078 [analyzer] DEBUG: Started auxiliary module Reboot\n", 
            "2025-03-22 07:12:42,390 [analyzer] DEBUG: Started auxiliary module RecentFiles\n", 
            "2025-03-22 07:12:42,390 [modules.auxiliary.screenshots] INFO: Python Image Library (either PIL or Pillow) is not installed, screenshots are disabled.\n", 
            "2025-03-22 07:12:42,390 [analyzer] DEBUG: Started auxiliary module Screenshots\n", 
            "2025-03-22 07:12:42,390 [analyzer] DEBUG: Started auxiliary module LoadZer0m0n\n", 
            "2025-03-22 07:12:42,437 [lib.api.process] ERROR: Failed to execute process from path u'C:\\\\Users\\\\ADMINI~1\\\\AppData\\\\Local\\\\Temp\\\\cipher.exe' with arguments ['bin\\\\inject-x86.exe', '--app', u'C:\\\\Users\\\\ADMINI~1\\\\AppData\\\\Local\\\\Temp\\\\cipher.exe', '--only-start', '--curdir', 'C:\\\\Users\\\\ADMINI~1\\\\AppData\\\\Local\\\\Temp'] (Error: Command '['bin\\\\inject-x86.exe', '--app', u'C:\\\\Users\\\\ADMINI~1\\\\AppData\\\\Local\\\\Temp\\\\cipher.exe', '--only-start', '--curdir', 'C:\\\\Users\\\\ADMINI~1\\\\AppData\\\\Local\\\\Temp']' returned non-zero exit status 1)\n"
        ], 
        "cuckoo": [
            "2025-03-22 07:14:15,078 [cuckoo.core.scheduler] INFO: Task #327: acquired machine 192.168.56.1011 (label=192.168.56.1011)\n", 
            "2025-03-22 07:14:15,079 [cuckoo.core.resultserver] DEBUG: Now tracking machine 192.168.56.101 for task #327\n", 
            "2025-03-22 07:14:15,079 [cuckoo.core.plugins] DEBUG: Started auxiliary module: Replay\n", 
            "2025-03-22 07:14:15,089 [cuckoo.auxiliary.sniffer] INFO: Started sniffer with PID 36636 (interface=vboxnet0, host=192.168.56.101)\n", 
            "2025-03-22 07:14:15,090 [cuckoo.core.plugins] DEBUG: Started auxiliary module: Sniffer\n", 
            "2025-03-22 07:14:15,126 [cuckoo.machinery.virtualbox] DEBUG: Starting vm 192.168.56.1011\n", 
            "2025-03-22 07:14:15,229 [cuckoo.machinery.virtualbox] DEBUG: Restoring virtual machine 192.168.56.1011 to its current snapshot\n", 
            "2025-03-22 07:14:17,315 [cuckoo.core.guest] INFO: Starting analysis #327 on guest (id=192.168.56.1011, ip=192.168.56.101)\n", 
            "2025-03-22 07:14:18,317 [cuckoo.core.guest] DEBUG: 192.168.56.1011: not ready yet\n", 
            "2025-03-22 07:14:19,320 [cuckoo.core.guest] DEBUG: 192.168.56.1011: not ready yet\n", 
            "2025-03-22 07:14:20,324 [cuckoo.core.guest] DEBUG: 192.168.56.1011: not ready yet\n", 
            "2025-03-22 07:14:20,336 [cuckoo.core.guest] INFO: Guest is running Cuckoo Agent 0.10 (id=192.168.56.1011, ip=192.168.56.101)\n", 
            "2025-03-22 07:14:20,380 [cuckoo.core.guest] DEBUG: Uploading analyzer to guest (id=192.168.56.1011, ip=192.168.56.101, monitor=latest, size=3884763)\n", 
            "2025-03-22 07:14:21,034 [cuckoo.core.resultserver] DEBUG: Task #327: live log analysis.log initialized.\n", 
            "2025-03-22 07:14:22,072 [cuckoo.core.resultserver] DEBUG: Task #327 is sending a BSON stream\n", 
            "2025-03-22 07:14:22,766 [cuckoo.core.guest] WARNING: 192.168.56.1011: analysis #327 caught an exception\n", 
            "Traceback (most recent call last):\n", 
            "  File \"C:/tmpql7zol/analyzer.py\", line 808, in <module>\n", 
            "    success = analyzer.run()\n", 
            "  File \"C:/tmpql7zol/analyzer.py\", line 657, in run\n", 
            "    pids = self.package.start(self.target)\n", 
            "  File \"C:\\tmpql7zol\\modules\\packages\\exe.py\", line 23, in start\n", 
            "    return self.execute(path, args=shlex.split(args))\n", 
            "  File \"C:\\tmpql7zol\\lib\\common\\abstracts.py\", line 166, in execute\n", 
            "    \"Unable to execute the initial process, analysis aborted.\"\n", 
            "CuckooPackageError: Unable to execute the initial process, analysis aborted.\n", 
            "\n", 
            "2025-03-22 07:14:22,771 [cuckoo.core.plugins] DEBUG: Stopped auxiliary module: Replay\n", 
            "2025-03-22 07:14:22,813 [cuckoo.core.plugins] DEBUG: Stopped auxiliary module: Sniffer\n", 
            "2025-03-22 07:14:32,550 [cuckoo.machinery.virtualbox] INFO: Successfully generated memory dump for virtual machine with label 192.168.56.1011 to path /home/tesst/.cuckoo/storage/analyses/327/memory.dmp\n", 
            "2025-03-22 07:14:32,551 [cuckoo.machinery.virtualbox] DEBUG: Stopping vm 192.168.56.1011\n", 
            "2025-03-22 07:14:33,787 [cuckoo.core.resultserver] DEBUG: Stopped tracking machine 192.168.56.101 for task #327\n", 
            "2025-03-22 07:14:33,787 [cuckoo.core.resultserver] DEBUG: Cancel <Context for LOG> for task 327\n", 
            "2025-03-22 07:14:33,791 [cuckoo.core.scheduler] DEBUG: Released database task #327\n", 
            "2025-03-22 07:14:33,811 [cuckoo.core.plugins] DEBUG: Executed processing module \"AnalysisInfo\" for task #327\n", 
            "2025-03-22 07:14:33,813 [cuckoo.core.plugins] DEBUG: Executed processing module \"BehaviorAnalysis\" for task #327\n", 
            "2025-03-22 07:14:33,813 [cuckoo.core.plugins] DEBUG: Executed processing module \"Dropped\" for task #327\n", 
            "2025-03-22 07:14:33,813 [cuckoo.core.plugins] DEBUG: Executed processing module \"DroppedBuffer\" for task #327\n", 
            "2025-03-22 07:14:33,814 [cuckoo.core.plugins] DEBUG: Executed processing module \"MetaInfo\" for task #327\n", 
            "2025-03-22 07:14:33,814 [cuckoo.core.plugins] DEBUG: Executed processing module \"ProcessMemory\" for task #327\n", 
            "2025-03-22 07:14:33,814 [cuckoo.core.plugins] DEBUG: Executed processing module \"Procmon\" for task #327\n", 
            "2025-03-22 07:14:33,814 [cuckoo.core.plugins] DEBUG: Executed processing module \"Screenshots\" for task #327\n", 
            "2025-03-22 07:14:33,991 [cuckoo.core.plugins] DEBUG: Executed processing module \"Static\" for task #327\n", 
            "2025-03-22 07:14:33,992 [cuckoo.core.plugins] DEBUG: Executed processing module \"Strings\" for task #327\n", 
            "2025-03-22 07:14:33,994 [cuckoo.cor"
        ]
    }, 
    "strings": [
        "!This program cannot be run in DOS mode.", 
        "`.data", 
        ".idata", 
        "@.didat", 
        "@.reloc", 
        "SHELL32.dll", 
        "FeClient.dll", 
        "edputil.dll", 
        "efswrt.dll", 
        "SetThreadUILanguage", 
        "1.3.6.1.4.1.311.10.3.4", 
        "cipher.pdb", 
        ".rdata$brc", 
        ".CRT$XCA", 
        ".CRT$XCAA", 
        ".CRT$XCZ", 
        ".CRT$XIA", 
        ".CRT$XIAA", 
        ".CRT$XIY", 
        ".CRT$XIZ", 
        ".gfids", 
        ".giats", 
        ".rdata", 
        ".rdata$sxdata", 
        ".rdata$voltmd", 
        ".rdata$zzzdbg", 
        ".text$mn", 
        ".xdata$x", 
        ".didat$2", 
        ".didat$3", 
        ".didat$4", 
        ".didat$6", 
        ".didat$7", 
        ".idata$5", 
        ".00cfg", 
        ".idata$2", 
        ".idata$3", 
        ".idata$4", 
        ".idata$6", 
        ".didat$5", 
        ".rsrc$01", 
        ".rsrc$02", 
        "SSSS@PWSj", 
        "@QQQQPVQj", 
        "tWj\\[f;", 
        "SSPSj'Sh", 
        "PVVVVVVj", 
        "SVWjd3", 
        "QPRRRQP", 
        "QQSVWQR3", 
        "t:97v,S", 
        "t)97t%", 
        "QVVVVVVj", 
        "jWX_^[", 
        "\\$PSSj", 
        "t$ Y9u", 
        "uF9\\$ t", 
        "uA9\\$ t", 
        "D$DPhL", 
        "|$ `7@", 
        "|$ @6@", 
        "|$ `7@", 
        "YY9\\$@", 
        "D$XPQQ", 
        "D$ `7@", 
        "D$,`5@", 
        "D$ @6@", 
        "D$,P4@", 
        "D$PPh0", 
        "D$DPhL", 
        "v.j:Xf9B", 
        "9\\$ u ", 
        "D$,@-@", 
        "D$|PVhx", 
        "j/YF;u", 
        "j.Yf;LB", 
        "SHChangeNotifySuspendResume", 
        "EfsClientGetEncryptedFileVersion", 
        "EdpIsConsumerDataProtectionEnforced", 
        "EfsClientQueryProtectors", 
        "EfsClientFreeProtectorList", 
        "EdpConvertProtectorToExternalId", 
        "CdplGetFileProtectionLevelAndUser", 
        "EncryptFileW", 
        "CryptReleaseContext", 
        "RegQueryValueExW", 
        "LookupAccountSidW", 
        "ConvertSidToStringSidW", 
        "RemoveUsersFromEncryptedFile", 
        "RegOpenKeyExW", 
        "QueryUsersOnEncryptedFile", 
        "AddUsersToEncryptedFile", 
        "AddUsersToEncryptedFileEx", 
        "ConvertStringSidToSidW", 
        "QueryRecoveryAgentsOnEncryptedFile", 
        "EncryptedFileKeyInfo", 
        "FlushEfsCache", 
        "FreeEncryptionCertificateHashList", 
        "EqualSid", 
        "CryptAcquireContextW", 
        "RegCloseKey", 
        "SetUserFileEncryptionKey", 
        "FreeEncryptedFileKeyInfo", 
        "DecryptFileW", 
        "CryptGetUserKey", 
        "CryptDestroyKey", 
        "ADVAPI32.dll", 
        "HeapFree", 
        "lstrlenW", 
        "GetStdHandle", 
        "WriteFile", 
        "GetConsoleMode", 
        "FormatMessageW", 
        "GetLastError", 
        "HeapAlloc", 
        "WriteConsoleW", 
        "GetProcAddress", 
        "LocalFree", 
        "GetProcessHeap", 
        "GetModuleHandleW", 
        "WideCharToMultiByte", 
        "GetFileType", 
        "CreateDirectoryW", 
        "QueryDosDeviceW", 
        "GetVolumeInformationW", 
        "FindFirstFileW", 
        "FindFirstVolumeW", 
        "SetLastError", 
        "VirtualFree", 
        "GetFullPathNameW", 
        "FindNextFileW", 
        "GetDiskFreeSpaceW", 
        "SetConsoleMode", 
        "DeviceIoControl", 
        "VirtualAlloc", 
        "RemoveDirectoryW", 
        "SetErrorMode", 
        "SetFilePointer", 
        "SetEndOfFile", 
        "FindClose", 
        "GetVolumePathNameW", 
        "CreateFileW", 
        "GetFileAttributesW", 
        "GetVolumeNameForVolumeMountPointW", 
        "GetDiskFreeSpaceExW", 
        "ReadConsoleW", 
        "CloseHandle", 
        "HeapSetInformation", 
        "GetCurrentDirectoryW", 
        "SetCurrentDirectoryW", 
        "VerSetConditionMask", 
        "GetComputerNameW", 
        "FindVolumeClose", 
        "VerifyVersionInfoW", 
        "GetTempFileNameW", 
        "FindNextVolumeW", 
        "lstrcmpW", 
        "GetDriveTypeW", 
        "FlushFileBuffers", 
        "KERNEL32.dll", 
        "_vsnwprintf", 
        "_get_osfhandle", 
        "_wcsicmp", 
        "wcschr", 
        "fgetws", 
        "printf", 
        "getchar", 
        "_putws", 
        "_wcsnicmp", 
        "towupper", 
        "_XcptFilter", 
        "__p__commode", 
        "_amsg_exit", 
        "__wgetmainargs", 
        "__set_app_type", 
        "_cexit", 
        "__p__fmode", 
        "__setusermatherr", 
        "_initterm", 
        "msvcrt.dll", 
        "?terminate@@YAXXZ", 
        "_controlfp", 
        "_except_handler4_common", 
        "RtlNtStatusToDosError", 
        "ntdll.dll", 
        "UuidToStringW", 
        "RpcStringFreeW", 
        "UuidCreate", 
        "RPCRT4.dll", 
        "MessageBoxW", 
        "USER32.dll", 
        "DsCrackNamesW", 
        "DsBindW", 
        "DsUnBindW", 
        "DsFreeNameResultW", 
        "NTDSAPI.dll", 
        "CryptBinaryToStringW", 
        "CertGetEnhancedKeyUsage", 
        "CertFreeCertificateContext", 
        "CertAddCertificateContextToStore", 
        "CertEnumCertificatesInStore", 
        "CryptQueryObject", 
        "CertCloseStore", 
        "PFXExportCertStoreEx", 
        "CertFindCertificateInStore", 
        "CertOpenStore", 
        "CryptStringToBinaryW", 
        "CertGetCertificateContextProperty", 
        "CRYPT32.dll", 
        "BCryptEncrypt", 
        "BCryptDestroyKey", 
        "BCryptGetProperty", 
        "BCryptOpenAlgorithmProvider", 
        "BCryptGenRandom", 
        "BCryptCloseAlgorithmProvider", 
        "BCryptGenerateSymmetricKey", 
        "bcrypt.dll", 
        "EfsUtilGetCurrentUserInformation", 
        "EfsUtilCreateSelfSignedCertificate", 
        "EfsUtilGetSmartcardProviderName", 
        "EFSUTIL.dll", 
        "DsRoleFreeMemory", 
        "DsRoleGetPrimaryDomainInformation", 
        "DSROLE.dll", 
        "UnhandledExceptionFilter", 
        "SetUnhandledExceptionFilter", 
        "GetCurrentProcess", 
        "TerminateProcess", 
        "QueryPerformanceCounter", 
        "GetCurrentProcessId", 
        "GetCurrentThreadId", 
        "GetSystemTimeAsFileTime", 
        "GetTickCount", 
        "ResolveDelayLoadedAPI", 
        "DelayLoadFailureHook", 
        "__iob_func", 
        "memcpy", 
        "memset", 
        "<?xml version=\"1.0\" encoding=\"UTF-8\" standalone=\"yes\"?>", 
        "<!-- Copyright (c) Microsoft Corporation -->", 
        "<assembly xmlns=\"urn:schemas-microsoft-com:asm.v1\" manifestVersion=\"1.0\">", 
        "<assemblyIdentity", 
        "    version=\"5.1.0.0\"", 
        "    processorArchitecture=\"x86\"", 
        "    name=\"Microsoft.Windows.Filesystem.Cipher\"", 
        "    type=\"win32\"", 
        "<description>File Encryption Utility</description>", 
        "<trustInfo xmlns=\"urn:schemas-microsoft-com:asm.v3\">", 
        "    <security>", 
        "        <requestedPrivileges>", 
        "            <requestedExecutionLevel", 
        "                level=\"asInvoker\"", 
        "                uiAccess=\"false\"", 
        "            />", 
        "        </requestedPrivileges>", 
        "    </security>", 
        "</trustInfo>", 
        "</assembly>", 
        "0D0H0P0X0p0", 
        "<9<H<O<\\<b<j<t<", 
        ">\">3>9>P>v>", 
        ">W?^?i?p?", 
        "0!0(0<0C0", 
        "2J3*4=4G4U4f4u4", 
        "60696E6U6g6m6", 
        ";#;G;e;", 
        ";\"<(<3<Y<h<w<", 
        ">E>O>j>}>", 
        "0#0?0m0", 
        "2)2D2X2e2r2", 
        "353P3d3q3z3", 
        "444\\4r4", 
        "=/=9=N=Y=r={=", 
        "?B?b?n?", 
        "0<0K0X0s0", 
        "021A1h1", 
        "3&3d3m3", 
        "5K5Y5c5", 
        "667=7T7[7o7v7", 
        "70878F8M8y8", 
        "<_<d<{<", 
        "<:=X=b=w=", 
        "=\u001f>9>C>V>^>u>", 
        "?>?D?P?v?", 
        "\u001f0/080I0T0[0j0", 
        "4$4+4R4", 
        "7<8B8L8Z8", 
        "9.9O9n9{9", 
        "9):/:Z:c:r:", 
        ";';.;;;u;", 
        "<5<L<y<", 
        "=#=J=V=g=", 
        "?\"?.???I?T?", 
        "\"0B0L0g0s0", 
        "2!2.2I2X2", 
        "2+3l3v3", 
        "3?4J4n4", 
        "5\"5,5?5I5[5e5v5", 
        "6.676c6l6", 
        "7+757G7Q7b7m7~7", 
        "979P9Z9q9y9", 
        ":H;R;e;l;", 
        "<$<F<O<^<g<t<y<", 
        "=%=1=>=G=T=]=f=s=", 
        ">!>0>9>E>P>Y>e>r>{>", 
        "0.0:0^0g0{0", 
        "10171M1T1", 
        "242=2F2\\2c2", 
        "3$474Z4", 
        "525M5\\5", 
        "6+676A6S6m6y6", 
        "6L7S7_7w7~7", 
        "9$949^9g9m9u9{9", 
        ": :&:.:<:V:x:", 
        ";#;+;1;7;D;J;T;s;y;", 
        "<,<7<A<L<r<", 
        "=!=)=5=>=C=I=S=]=m=}=", 
        ">\u001f>%>1><>A>F>L>V>`>p>y>", 
        "80=0O0m0", 
        "0J1h1w1", 
        "3&363F3V3c3w3", 
        "3M5Y5t5x5", 
        "kernel32.dll", 
        "%s%s%s", 
        "\\ntldr", 
        "\\bootmgr", 
        "UNKNOWN", 
        "AddressBook", 
        "%s [%s]", 
        "Software\\Microsoft\\Windows NT\\CurrentVersion\\EFS\\CurrentKeys", 
        "CertificateHash", 
        "Microsoft Software Key Storage Provider", 
        "Microsoft Enhanced Cryptographic Provider v1.0", 
        "%s.PFX", 
        "%s.CER", 
        "ObjectLength", 
        "BlockLength", 
        "EFSTMPWP\\", 
        "ldap:///%s?userCertificate", 
        "TRUSTEDPEOPLE", 
        "ADDRESSBOOK", 
        "/SMARTCARD", 
        "/CERTHASH", 
        "/CERTFILE", 
        "/ADDUSER", 
        "/REKEY", 
        "/REMOVEUSER", 
        "/FLUSHCACHE", 
        "/SERVER", 
        "ECDH_P256", 
        "ECDH_P384", 
        "ECDH_P521", 
        "VS_VERSION_INFO", 
        "StringFileInfo", 
        "040904B0", 
        "CompanyName", 
        "Microsoft Corporation", 
        "FileDescription", 
        "File Encryption Utility", 
        "FileVersion", 
        "10.0.22621.1 (WinBuild.160101.0800)", 
        "InternalName", 
        "cipher", 
        "LegalCopyright", 
        " Microsoft Corporation. All rights reserved.", 
        "OriginalFilename", 
        "CIPHER.EXE", 
        "ProductName", 
        "Microsoft", 
        " Windows", 
        " Operating System", 
        "ProductVersion", 
        "10.0.22621.1", 
        "VarFileInfo", 
        "Translation"
    ], 
    "metadata": {
        "output": {
            "pcap": {
                "basename": "dump.pcap", 
                "sha256": "2854b2a9be74860e1e0ac9abe2f6f638bf90cb61f6b3ea762e45916d4aadaccb", 
                "dirname": ""
            }
        }
    }
}