{
    "info": {
        "added": 1742627972.838009, 
        "started": 1742628066.45293, 
        "duration": 18, 
        "ended": 1742628085.29354, 
        "owner": null, 
        "score": 0.6, 
        "id": 338, 
        "category": "file", 
        "git": {
            "head": "13cbe0d9e457be3673304533043e992ead1ea9b2", 
            "fetch_head": "13cbe0d9e457be3673304533043e992ead1ea9b2"
        }, 
        "monitor": "2deb9ccd75d5a7a3fe05b2625b03a8639d6ee36b", 
        "package": "exe", 
        "route": "none", 
        "custom": null, 
        "machine": {
            "status": "stopped", 
            "name": "192.168.56.1011", 
            "label": "192.168.56.1011", 
            "manager": "VirtualBox", 
            "started_on": "2025-03-22 07:21:06", 
            "shutdown_on": "2025-03-22 07:21:25"
        }, 
        "platform": "windows", 
        "version": "2.0.7", 
        "options": "procmemdump=yes,route=none"
    }, 
    "signatures": [
        {
            "families": [], 
            "description": "This executable has a PDB path", 
            "severity": 1, 
            "ttp": {}, 
            "markcount": 1, 
            "references": [], 
            "marks": [
                {
                    "category": "pdb_path", 
                    "ioc": "cmdkey.pdb", 
                    "type": "ioc", 
                    "description": null
                }
            ], 
            "name": "has_pdb"
        }, 
        {
            "families": [], 
            "description": "The executable contains unknown PE section names indicative of a packer (could be a false positive)", 
            "severity": 1, 
            "ttp": {
                "T1045": {
                    "short": "Software Packing", 
                    "long": "Software packing is a method of compressing or encrypting an executable. Packing an executable changes the file signature in an attempt to avoid signature-based detection. Most decompression techniques decompress the executable code in memory."
                }
            }, 
            "markcount": 1, 
            "references": [], 
            "marks": [
                {
                    "category": "section", 
                    "ioc": ".didat", 
                    "type": "ioc", 
                    "description": null
                }
            ], 
            "name": "pe_features"
        }, 
        {
            "families": [], 
            "description": "The file contains an unknown PE resource name possibly indicative of a packer", 
            "severity": 1, 
            "ttp": {
                "T1045": {
                    "short": "Software Packing", 
                    "long": "Software packing is a method of compressing or encrypting an executable. Packing an executable changes the file signature in an attempt to avoid signature-based detection. Most decompression techniques decompress the executable code in memory."
                }
            }, 
            "markcount": 1, 
            "references": [], 
            "marks": [
                {
                    "category": "resource name", 
                    "ioc": "MUI", 
                    "type": "ioc", 
                    "description": null
                }
            ], 
            "name": "pe_unknown_resource_name"
        }
    ], 
    "target": {
        "category": "file", 
        "file": {
            "yara": [], 
            "sha1": "4b27f61e6ecfccbcf30737217d56bc36f661a43b", 
            "name": "cmdkey.exe", 
            "type": "PE32 executable (console) Intel 80386, for MS Windows", 
            "sha256": "ec5a0e91a179ca5a498641305db91b494cb78e327fd60d16061de20ba5a9262b", 
            "urls": [], 
            "crc32": "62EDB0CA", 
            "path": "/home/tesst/.cuckoo/storage/binaries/ec5a0e91a179ca5a498641305db91b494cb78e327fd60d16061de20ba5a9262b", 
            "ssdeep": null, 
            "size": 17920, 
            "sha512": "218a68b3297490e851cd771688b3bfe4a2180053747eb855b181246b0db05104a4b5a1c3ef4d99f1c9a2049d87c7170bdb17137ca3e7970f1dd37506f48932f7", 
            "md5": "f9297f6607fc96ce37608c008fb641dc"
        }
    }, 
    "network": {
        "tls": [], 
        "udp": [
            {
                "src": "192.168.56.101", 
                "dst": "224.0.0.252", 
                "offset": 1214, 
                "time": 1.6201210021972656, 
                "dport": 5355, 
                "sport": 64412
            }, 
            {
                "src": "192.168.56.101", 
                "dst": "224.0.0.252", 
                "offset": 1542, 
                "time": 0.1068270206451416, 
                "dport": 5355, 
                "sport": 64614
            }, 
            {
                "src": "192.168.56.101", 
                "dst": "224.0.0.252", 
                "offset": 1870, 
                "time": 1.2969181537628174, 
                "dport": 5355, 
                "sport": 65517
            }, 
            {
                "src": "192.168.56.101", 
                "dst": "239.255.255.250", 
                "offset": 2190, 
                "time": 1.4759280681610107, 
                "dport": 1900, 
                "sport": 65520
            }
        ], 
        "dns_servers": [], 
        "http": [], 
        "icmp": [], 
        "smtp": [], 
        "tcp": [], 
        "smtp_ex": [], 
        "mitm": [], 
        "hosts": [], 
        "pcap_sha256": "19d59f7dbd87102b7ec6f9766b315f27014e5d20f19eda7a52f9ef08780c375a", 
        "dns": [], 
        "http_ex": [], 
        "domains": [], 
        "dead_hosts": [], 
        "sorted_pcap_sha256": "546ac7d31d6c1f2b23d2143dd755d8f4c0147e58dac82c86e3fb81f2bea7e8c1", 
        "irc": [], 
        "https_ex": []
    }, 
    "static": {
        "pdb_path": "cmdkey.pdb", 
        "pe_imports": [
            {
                "imports": [
                    {
                        "name": "__setusermatherr", 
                        "address": "0x4050e0"
                    }, 
                    {
                        "name": "_except_handler4_common", 
                        "address": "0x4050e4"
                    }, 
                    {
                        "name": "_initterm", 
                        "address": "0x4050e8"
                    }, 
                    {
                        "name": "?terminate@@YAXXZ", 
                        "address": "0x4050ec"
                    }, 
                    {
                        "name": "free", 
                        "address": "0x4050f0"
                    }, 
                    {
                        "name": "_controlfp", 
                        "address": "0x4050f4"
                    }, 
                    {
                        "name": "_wcsicmp", 
                        "address": "0x4050f8"
                    }, 
                    {
                        "name": "malloc", 
                        "address": "0x4050fc"
                    }, 
                    {
                        "name": "__p__fmode", 
                        "address": "0x405100"
                    }, 
                    {
                        "name": "_resetstkoflw", 
                        "address": "0x405104"
                    }, 
                    {
                        "name": "_cexit", 
                        "address": "0x405108"
                    }, 
                    {
                        "name": "_XcptFilter", 
                        "address": "0x40510c"
                    }, 
                    {
                        "name": "_exit", 
                        "address": "0x405110"
                    }, 
                    {
                        "name": "exit", 
                        "address": "0x405114"
                    }, 
                    {
                        "name": "__set_app_type", 
                        "address": "0x405118"
                    }, 
                    {
                        "name": "__getmainargs", 
                        "address": "0x40511c"
                    }, 
                    {
                        "name": "_amsg_exit", 
                        "address": "0x405120"
                    }, 
                    {
                        "name": "__p__commode", 
                        "address": "0x405124"
                    }, 
                    {
                        "name": "memset", 
                        "address": "0x405128"
                    }
                ], 
                "dll": "msvcrt.dll"
            }, 
            {
                "imports": [
                    {
                        "name": "RegCloseKey", 
                        "address": "0x405090"
                    }, 
                    {
                        "name": "RegQueryValueExW", 
                        "address": "0x405094"
                    }, 
                    {
                        "name": "RegOpenKeyExW", 
                        "address": "0x405098"
                    }
                ], 
                "dll": "api-ms-win-core-registry-l1-1-0.dll"
            }, 
            {
                "imports": [
                    {
                        "name": "SetLastError", 
                        "address": "0x405024"
                    }, 
                    {
                        "name": "SetUnhandledExceptionFilter", 
                        "address": "0x405028"
                    }, 
                    {
                        "name": "UnhandledExceptionFilter", 
                        "address": "0x40502c"
                    }, 
                    {
                        "name": "GetLastError", 
                        "address": "0x405030"
                    }
                ], 
                "dll": "api-ms-win-core-errorhandling-l1-1-0.dll"
            }, 
            {
                "imports": [
                    {
                        "name": "CredGetSessionTypes", 
                        "address": "0x4050c0"
                    }, 
                    {
                        "name": "CredDeleteW", 
                        "address": "0x4050c4"
                    }, 
                    {
                        "name": "CredFree", 
                        "address": "0x4050c8"
                    }, 
                    {
                        "name": "CredEnumerateW", 
                        "address": "0x4050cc"
                    }, 
                    {
                        "name": "CredIsMarshaledCredentialW", 
                        "address": "0x4050d0"
                    }, 
                    {
                        "name": "CredUnmarshalCredentialW", 
                        "address": "0x4050d4"
                    }, 
                    {
                        "name": "CredWriteW", 
                        "address": "0x4050d8"
                    }
                ], 
                "dll": "api-ms-win-security-credentials-l1-1-0.dll"
            }, 
            {
                "imports": [
                    {
                        "name": "SetThreadUILanguage", 
                        "address": "0x40505c"
                    }, 
                    {
                        "name": "FormatMessageW", 
                        "address": "0x405060"
                    }
                ], 
                "dll": "api-ms-win-core-localization-l1-2-0.dll"
            }, 
            {
                "imports": [
                    {
                        "name": "GetSystemTimeAsFileTime", 
                        "address": "0x4050b0"
                    }, 
                    {
                        "name": "GetTickCount", 
                        "address": "0x4050b4"
                    }, 
                    {
                        "name": "GetVersionExW", 
                        "address": "0x4050b8"
                    }
                ], 
                "dll": "api-ms-win-core-sysinfo-l1-1-0.dll"
            }, 
            {
                "imports": [
                    {
                        "name": "HeapSetInformation", 
                        "address": "0x405044"
                    }
                ], 
                "dll": "api-ms-win-core-heap-l1-1-0.dll"
            }, 
            {
                "imports": [
                    {
                        "name": "LocalFree", 
                        "address": "0x40504c"
                    }
                ], 
                "dll": "api-ms-win-core-heap-l2-1-0.dll"
            }, 
            {
                "imports": [
                    {
                        "name": "GetStdHandle", 
                        "address": "0x405068"
                    }, 
                    {
                        "name": "GetCommandLineW", 
                        "address": "0x40506c"
                    }
                ], 
                "dll": "api-ms-win-core-processenvironment-l1-1-0.dll"
            }, 
            {
                "imports": [
                    {
                        "name": "GetConsoleOutputCP", 
                        "address": "0x405008"
                    }, 
                    {
                        "name": "WriteConsoleW", 
                        "address": "0x40500c"
                    }
                ], 
                "dll": "api-ms-win-core-console-l1-1-0.dll"
            }, 
            {
                "imports": [
                    {
                        "name": "GetFileType", 
                        "address": "0x405038"
                    }, 
                    {
                        "name": "WriteFile", 
                        "address": "0x40503c"
                    }
                ], 
                "dll": "api-ms-win-core-file-l1-1-0.dll"
            }, 
            {
                "imports": [
                    {
                        "name": "GetModuleHandleW", 
                        "address": "0x405054"
                    }
                ], 
                "dll": "api-ms-win-core-libraryloader-l1-2-0.dll"
            }, 
            {
                "imports": [
                    {
                        "name": "WideCharToMultiByte", 
                        "address": "0x4050a0"
                    }
                ], 
                "dll": "api-ms-win-core-string-l1-1-0.dll"
            }, 
            {
                "imports": [
                    {
                        "name": "Sleep", 
                        "address": "0x4050a8"
                    }
                ], 
                "dll": "api-ms-win-core-synch-l1-2-0.dll"
            }, 
            {
                "imports": [
                    {
                        "name": "TerminateProcess", 
                        "address": "0x405074"
                    }, 
                    {
                        "name": "GetCurrentProcess", 
                        "address": "0x405078"
                    }, 
                    {
                        "name": "GetCurrentProcessId", 
                        "address": "0x40507c"
                    }, 
                    {
                        "name": "GetCurrentThreadId", 
                        "address": "0x405080"
                    }
                ], 
                "dll": "api-ms-win-core-processthreads-l1-1-0.dll"
            }, 
            {
                "imports": [
                    {
                        "name": "QueryPerformanceCounter", 
                        "address": "0x405088"
                    }
                ], 
                "dll": "api-ms-win-core-profile-l1-1-0.dll"
            }, 
            {
                "imports": [
                    {
                        "name": "ResolveDelayLoadedAPI", 
                        "address": "0x40501c"
                    }
                ], 
                "dll": "api-ms-win-core-delayload-l1-1-1.dll"
            }, 
            {
                "imports": [
                    {
                        "name": "DelayLoadFailureHook", 
                        "address": "0x405014"
                    }
                ], 
                "dll": "api-ms-win-core-delayload-l1-1-0.dll"
            }, 
            {
                "imports": [
                    {
                        "name": "ApiSetQueryApiSetPresence", 
                        "address": "0x405000"
                    }
                ], 
                "dll": "api-ms-win-core-apiquery-l1-1-0.dll"
            }
        ], 
        "peid_signatures": null, 
        "keys": [], 
        "signature": [], 
        "pe_timestamp": "2072-09-05 02:32:20", 
        "pe_exports": [], 
        "imported_dll_count": 19, 
        "pe_imphash": "19caf11535b9ca1beb2ef45eb8724422", 
        "pe_resources": [
            {
                "name": "MUI", 
                "language": "LANG_ENGLISH", 
                "filetype": "data", 
                "sublanguage": "SUBLANG_ENGLISH_US", 
                "offset": "0x00007768", 
                "size": "0x000000c8"
            }, 
            {
                "name": "RT_VERSION", 
                "language": "LANG_ENGLISH", 
                "filetype": "data", 
                "sublanguage": "SUBLANG_ENGLISH_US", 
                "offset": "0x000073a8", 
                "size": "0x000003bc"
            }, 
            {
                "name": "RT_MANIFEST", 
                "language": "LANG_ENGLISH", 
                "filetype": "XML 1.0 document, ASCII text, with CRLF line terminators", 
                "sublanguage": "SUBLANG_ENGLISH_US", 
                "offset": "0x000070f0", 
                "size": "0x000002b5"
            }
        ], 
        "pe_versioninfo": [
            {
                "name": "LegalCopyright", 
                "value": "\\xa9 Microsoft Corporation. All rights reserved."
            }, 
            {
                "name": "InternalName", 
                "value": "cmdkey.exe"
            }, 
            {
                "name": "FileVersion", 
                "value": "10.0.22621.1 (WinBuild.160101.0800)"
            }, 
            {
                "name": "CompanyName", 
                "value": "Microsoft Corporation"
            }, 
            {
                "name": "ProductName", 
                "value": "Microsoft\\xae Windows\\xae Operating System"
            }, 
            {
                "name": "ProductVersion", 
                "value": "10.0.22621.1"
            }, 
            {
                "name": "FileDescription", 
                "value": "Credential Manager Command Line Utility"
            }, 
            {
                "name": "OriginalFilename", 
                "value": "cmdkey.exe"
            }, 
            {
                "name": "Translation", 
                "value": "0x0409 0x04b0"
            }
        ], 
        "pe_sections": [
            {
                "size_of_data": "0x00002400", 
                "virtual_address": "0x00001000", 
                "entropy": 5.88870939370666, 
                "name": ".text", 
                "virtual_size": "0x00002254"
            }, 
            {
                "size_of_data": "0x00000200", 
                "virtual_address": "0x00004000", 
                "entropy": 0.6340444888340601, 
                "name": ".data", 
                "virtual_size": "0x00000de0"
            }, 
            {
                "size_of_data": "0x00000c00", 
                "virtual_address": "0x00005000", 
                "entropy": 4.381322102443037, 
                "name": ".idata", 
                "virtual_size": "0x00000a9a"
            }, 
            {
                "size_of_data": "0x00000200", 
                "virtual_address": "0x00006000", 
                "entropy": 0.06116285224115448, 
                "name": ".didat", 
                "virtual_size": "0x00000008"
            }, 
            {
                "size_of_data": "0x00000a00", 
                "virtual_address": "0x00007000", 
                "entropy": 3.756096005958711, 
                "name": ".rsrc", 
                "virtual_size": "0x00000830"
            }, 
            {
                "size_of_data": "0x00000400", 
                "virtual_address": "0x00008000", 
                "entropy": 5.0033727420377785, 
                "name": ".reloc", 
                "virtual_size": "0x000002a8"
            }
        ]
    }, 
    "behavior": {
        "generic": [
            {
                "process_path": "C:\\Windows\\System32\\lsass.exe", 
                "process_name": "lsass.exe", 
                "pid": 508, 
                "summary": {}, 
                "first_seen": 1742631573.03125, 
                "ppid": 400
            }
        ], 
        "processes": [
            {
                "process_path": "C:\\Windows\\System32\\lsass.exe", 
                "calls": [], 
                "track": false, 
                "pid": 508, 
                "process_name": "lsass.exe", 
                "command_line": "C:\\Windows\\system32\\lsass.exe", 
                "modules": [
                    {
                        "basename": "lsass.exe", 
                        "imgsize": 49152, 
                        "baseaddr": "0xffc70000", 
                        "filepath": "C:\\Windows\\system32\\lsass.exe"
                    }, 
                    {
                        "basename": "ntdll.dll", 
                        "imgsize": 1740800, 
                        "baseaddr": "0x76dd0000", 
                        "filepath": "C:\\Windows\\SYSTEM32\\ntdll.dll"
                    }, 
                    {
                        "basename": "kernel32.dll", 
                        "imgsize": 1175552, 
                        "baseaddr": "0x76bb0000", 
                        "filepath": "C:\\Windows\\system32\\kernel32.dll"
                    }, 
                    {
                        "basename": "KERNELBASE.dll", 
                        "imgsize": 438272, 
                        "baseaddr": "0x7fefcf80000", 
                        "filepath": "C:\\Windows\\system32\\KERNELBASE.dll"
                    }, 
                    {
                        "basename": "msvcrt.dll", 
                        "imgsize": 651264, 
                        "baseaddr": "0x7fefec80000", 
                        "filepath": "C:\\Windows\\system32\\msvcrt.dll"
                    }, 
                    {
                        "basename": "RPCRT4.dll", 
                        "imgsize": 1232896, 
                        "baseaddr": "0x7fefd2c0000", 
                        "filepath": "C:\\Windows\\system32\\RPCRT4.dll"
                    }, 
                    {
                        "basename": "SspiSrv.dll", 
                        "imgsize": 45056, 
                        "baseaddr": "0x7fefcb60000", 
                        "filepath": "C:\\Windows\\system32\\SspiSrv.dll"
                    }, 
                    {
                        "basename": "lsasrv.dll", 
                        "imgsize": 1470464, 
                        "baseaddr": "0x7fefc9e0000", 
                        "filepath": "C:\\Windows\\system32\\lsasrv.dll"
                    }, 
                    {
                        "basename": "sechost.dll", 
                        "imgsize": 126976, 
                        "baseaddr": "0x7fefea00000", 
                        "filepath": "C:\\Windows\\SYSTEM32\\sechost.dll"
                    }, 
                    {
                        "basename": "SspiCli.dll", 
                        "imgsize": 151552, 
                        "baseaddr": "0x7fefcb80000", 
                        "filepath": "C:\\Windows\\system32\\SspiCli.dll"
                    }, 
                    {
                        "basename": "ADVAPI32.dll", 
                        "imgsize": 897024, 
                        "baseaddr": "0x7fefd480000", 
                        "filepath": "C:\\Windows\\system32\\ADVAPI32.dll"
                    }, 
                    {
                        "basename": "USER32.dll", 
                        "imgsize": 1024000, 
                        "baseaddr": "0x76cd0000", 
                        "filepath": "C:\\Windows\\system32\\USER32.dll"
                    }, 
                    {
                        "basename": "GDI32.dll", 
                        "imgsize": 421888, 
                        "baseaddr": "0x7fefd560000", 
                        "filepath": "C:\\Windows\\system32\\GDI32.dll"
                    }, 
                    {
                        "basename": "LPK.dll", 
                        "imgsize": 57344, 
                        "baseaddr": "0x7fefd830000", 
                        "filepath": "C:\\Windows\\system32\\LPK.dll"
                    }, 
                    {
                        "basename": "USP10.dll", 
                        "imgsize": 823296, 
                        "baseaddr": "0x7feff010000", 
                        "filepath": "C:\\Windows\\system32\\USP10.dll"
                    }, 
                    {
                        "basename": "SAMSRV.dll", 
                        "imgsize": 774144, 
                        "baseaddr": "0x7fefc880000", 
                        "filepath": "C:\\Windows\\system32\\SAMSRV.dll"
                    }, 
                    {
                        "basename": "cryptdll.dll", 
                        "imgsize": 81920, 
                        "baseaddr": "0x7fefc860000", 
                        "filepath": "C:\\Windows\\system32\\cryptdll.dll"
                    }, 
                    {
                        "basename": "MSASN1.dll", 
                        "imgsize": 61440, 
                        "baseaddr": "0x7fefcdc0000", 
                        "filepath": "C:\\Windows\\system32\\MSASN1.dll"
                    }, 
                    {
                        "basename": "wevtapi.dll", 
                        "imgsize": 446464, 
                        "baseaddr": "0x7fefc7f0000", 
                        "filepath": "C:\\Windows\\system32\\wevtapi.dll"
                    }, 
                    {
                        "basename": "IMM32.DLL", 
                        "imgsize": 188416, 
                        "baseaddr": "0x7fefea20000", 
                        "filepath": "C:\\Windows\\system32\\IMM32.DLL"
                    }, 
                    {
                        "basename": "MSCTF.dll", 
                        "imgsize": 1085440, 
                        "baseaddr": "0x7fefed20000", 
                        "filepath": "C:\\Windows\\system32\\MSCTF.dll"
                    }, 
                    {
                        "basename": "cngaudit.dll", 
                        "imgsize": 36864, 
                        "baseaddr": "0x7fefc7b0000", 
                        "filepath": "C:\\Windows\\system32\\cngaudit.dll"
                    }, 
                    {
                        "basename": "AUTHZ.dll", 
                        "imgsize": 192512, 
                        "baseaddr": "0x7fefc780000", 
                        "filepath": "C:\\Windows\\system32\\AUTHZ.dll"
                    }, 
                    {
                        "basename": "ncrypt.dll", 
                        "imgsize": 319488, 
                        "baseaddr": "0x7fefc730000", 
                        "filepath": "C:\\Windows\\system32\\ncrypt.dll"
                    }, 
                    {
                        "basename": "bcrypt.dll", 
                        "imgsize": 139264, 
                        "baseaddr": "0x7fefc700000", 
                        "filepath": "C:\\Windows\\system32\\bcrypt.dll"
                    }, 
                    {
                        "basename": "msprivs.DLL", 
                        "imgsize": 8192, 
                        "baseaddr": "0x74af0000", 
                        "filepath": "C:\\Windows\\system32\\msprivs.DLL"
                    }, 
                    {
                        "basename": "netjoin.dll", 
                        "imgsize": 204800, 
                        "baseaddr": "0x7fefc6c0000", 
                        "filepath": "C:\\Windows\\system32\\netjoin.dll"
                    }, 
                    {
                        "basename": "negoexts.DLL", 
                        "imgsize": 147456, 
                        "baseaddr": "0x7fefc690000", 
                        "filepath": "C:\\Windows\\system32\\negoexts.DLL"
                    }, 
                    {
                        "basename": "Secur32.dll", 
                        "imgsize": 45056, 
                        "baseaddr": "0x7fefc9b0000", 
                        "filepath": "C:\\Windows\\system32\\Secur32.dll"
                    }, 
                    {
                        "basename": "cryptbase.dll", 
                        "imgsize": 61440, 
                        "baseaddr": "0x7fefcc50000", 
                        "filepath": "C:\\Windows\\system32\\cryptbase.dll"
                    }, 
                    {
                        "basename": "kerberos.DLL", 
                        "imgsize": 737280, 
                        "baseaddr": "0x7fefc5d0000", 
                        "filepath": "C:\\Windows\\system32\\kerberos.DLL"
                    }, 
                    {
                        "basename": "CRYPTSP.dll", 
                        "imgsize": 94208, 
                        "baseaddr": "0x7fefc5b0000", 
                        "filepath": "C:\\Windows\\system32\\CRYPTSP.dll"
                    }, 
                    {
                        "basename": "WS2_32.dll", 
                        "imgsize": 315392, 
                        "baseaddr": "0x7fefec30000", 
                        "filepath": "C:\\Windows\\system32\\WS2_32.dll"
                    }, 
                    {
                        "basename": "NSI.dll", 
                        "imgsize": 32768, 
                        "baseaddr": "0x7fefd3f0000", 
                        "filepath": "C:\\Windows\\system32\\NSI.dll"
                    }, 
                    {
                        "basename": "mswsock.dll", 
                        "imgsize": 348160, 
                        "baseaddr": "0x7fefc550000", 
                        "filepath": "C:\\Windows\\system32\\mswsock.dll"
                    }, 
                    {
                        "basename": "wship6.dll", 
                        "imgsize": 28672, 
                        "baseaddr": "0x7fefc540000", 
                        "filepath": "C:\\Windows\\System32\\wship6.dll"
                    }, 
                    {
                        "basename": "msv1_0.DLL", 
                        "imgsize": 331776, 
                        "baseaddr": "0x7fefc4e0000", 
                        "filepath": "C:\\Windows\\system32\\msv1_0.DLL"
                    }, 
                    {
                        "basename": "netlogon.DLL", 
                        "imgsize": 712704, 
                        "baseaddr": "0x7fefc430000", 
                        "filepath": "C:\\Windows\\system32\\netlogon.DLL"
                    }, 
                    {
                        "basename": "DNSAPI.dll", 
                        "imgsize": 372736, 
                        "baseaddr": "0x7fefc3d0000", 
                        "filepath": "C:\\Windows\\system32\\DNSAPI.dll"
                    }, 
                    {
                        "basename": "logoncli.dll", 
                        "imgsize": 196608, 
                        "baseaddr": "0x7fefc3a0000", 
                        "filepath": "C:\\Windows\\system32\\logoncli.dll"
                    }, 
                    {
                        "basename": "schannel.DLL", 
                        "imgsize": 356352, 
                        "baseaddr": "0x7fefc340000", 
                        "filepath": "C:\\Windows\\system32\\schannel.DLL"
                    }, 
                    {
                        "basename": "CRYPT32.dll", 
                        "imgsize": 1470464, 
                        "baseaddr": "0x7fefcdd0000", 
                        "filepath": "C:\\Windows\\system32\\CRYPT32.dll"
                    }, 
                    {
                        "basename": "wdigest.DLL", 
                        "imgsize": 221184, 
                        "baseaddr": "0x7fefc300000", 
                        "filepath": "C:\\Windows\\system32\\wdigest.DLL"
                    }, 
                    {
                        "basename": "rsaenh.dll", 
                        "imgsize": 290816, 
                        "baseaddr": "0x7fefc2b0000", 
                        "filepath": "C:\\Windows\\system32\\rsaenh.dll"
                    }, 
                    {
                        "basename": "tspkg.DLL", 
                        "imgsize": 98304, 
                        "baseaddr": "0x7fefc290000", 
                        "filepath": "C:\\Windows\\system32\\tspkg.DLL"
                    }, 
                    {
                        "basename": "pku2u.DLL", 
                        "imgsize": 282624, 
                        "baseaddr": "0x7fefc240000", 
                        "filepath": "C:\\Windows\\system32\\pku2u.DLL"
                    }, 
                    {
                        "basename": "bcryptprimitives.dll", 
                        "imgsize": 311296, 
                        "baseaddr": "0x7fefc1f0000", 
                        "filepath": "C:\\Windows\\system32\\bcryptprimitives.dll"
                    }, 
                    {
                        "basename": "RpcRtRemote.dll", 
                        "imgsize": 81920, 
                        "baseaddr": "0x7fefcd00000", 
                        "filepath": "C:\\Windows\\system32\\RpcRtRemote.dll"
                    }, 
                    {
                        "basename": "efslsaext.dll", 
                        "imgsize": 73728, 
                        "baseaddr": "0x7fefc1d0000", 
                        "filepath": "C:\\Windows\\system32\\efslsaext.dll"
                    }, 
                    {
                        "basename": "scecli.DLL", 
                        "imgsize": 253952, 
                        "baseaddr": "0x7fefc130000", 
                        "filepath": "C:\\Windows\\system32\\scecli.DLL"
                    }, 
                    {
                        "basename": "credssp.dll", 
                        "imgsize": 40960, 
                        "baseaddr": "0x7fefc1b0000", 
                        "filepath": "C:\\Windows\\system32\\credssp.dll"
                    }, 
                    {
                        "basename": "WINSTA.dll", 
                        "imgsize": 249856, 
                        "baseaddr": "0x7fefcc10000", 
                        "filepath": "C:\\Windows\\system32\\WINSTA.dll"
                    }, 
                    {
                        "basename": "IPHLPAPI.DLL", 
                        "imgsize": 159744, 
                        "baseaddr": "0x7fefbfd0000", 
                        "filepath": "C:\\Windows\\system32\\IPHLPAPI.DLL"
                    }, 
                    {
                        "basename": "WINNSI.DLL", 
                        "imgsize": 45056, 
                        "baseaddr": "0x7fefbfc0000", 
                        "filepath": "C:\\Windows\\system32\\WINNSI.DLL"
                    }, 
                    {
                        "basename": "netutils.dll", 
                        "imgsize": 49152, 
                        "baseaddr": "0x7fefa790000", 
                        "filepath": "C:\\Windows\\system32\\netutils.dll"
                    }, 
                    {
                        "basename": "USERENV.dll", 
                        "imgsize": 122880, 
                        "baseaddr": "0x7fefc060000", 
                        "filepath": "C:\\Windows\\system32\\USERENV.dll"
                    }, 
                    {
                        "basename": "profapi.dll", 
                        "imgsize": 61440, 
                        "baseaddr": "0x7fefcd20000", 
                        "filepath": "C:\\Windows\\system32\\profapi.dll"
                    }, 
                    {
                        "basename": "wshtcpip.dll", 
                        "imgsize": 28672, 
                        "baseaddr": "0x7fefbed0000", 
                        "filepath": "C:\\Windows\\System32\\wshtcpip.dll"
                    }, 
                    {
                        "basename": "monitor-x64.dll", 
                        "imgsize": 2269184, 
                        "baseaddr": "0x744c0000", 
                        "filepath": "C:\\tmpql7zol\\bin\\monitor-x64.dll"
                    }
                ], 
                "time": 0, 
                "tid": 1648, 
                "first_seen": 1742631573.03125, 
                "ppid": 400, 
                "type": "process"
            }
        ], 
        "processtree": [
            {
                "track": false, 
                "pid": 508, 
                "process_name": "lsass.exe", 
                "command_line": "C:\\Windows\\system32\\lsass.exe", 
                "first_seen": 1742631573.03125, 
                "ppid": 400, 
                "children": []
            }
        ]
    }, 
    "debug": {
        "action": [], 
        "dbgview": [], 
        "errors": [], 
        "log": [
            "2025-03-22 07:19:32,000 [analyzer] DEBUG: Starting analyzer from: C:\\tmpql7zol\n", 
            "2025-03-22 07:19:32,000 [analyzer] DEBUG: Pipe server name: \\??\\PIPE\\qcirlMSLvQIQeSxBVTHLp\n", 
            "2025-03-22 07:19:32,000 [analyzer] DEBUG: Log pipe server name: \\??\\PIPE\\gDzazWNadZtNNMjzmRpEyzvLaaUaYcL\n", 
            "2025-03-22 07:19:32,296 [analyzer] DEBUG: Started auxiliary module DbgView\n", 
            "2025-03-22 07:19:32,796 [analyzer] DEBUG: Started auxiliary module Disguise\n", 
            "2025-03-22 07:19:33,092 [analyzer] DEBUG: Loaded monitor into process with pid 508\n", 
            "2025-03-22 07:19:33,108 [analyzer] DEBUG: Started auxiliary module DumpTLSMasterSecrets\n", 
            "2025-03-22 07:19:33,108 [analyzer] DEBUG: Started auxiliary module Human\n", 
            "2025-03-22 07:19:33,108 [analyzer] DEBUG: Started auxiliary module InstallCertificate\n", 
            "2025-03-22 07:19:33,108 [analyzer] DEBUG: Started auxiliary module Reboot\n", 
            "2025-03-22 07:19:33,328 [analyzer] DEBUG: Started auxiliary module RecentFiles\n", 
            "2025-03-22 07:19:33,342 [analyzer] DEBUG: Started auxiliary module Screenshots\n", 
            "2025-03-22 07:19:33,342 [analyzer] DEBUG: Started auxiliary module LoadZer0m0n\n", 
            "2025-03-22 07:19:33,342 [modules.auxiliary.screenshots] INFO: Python Image Library (either PIL or Pillow) is not installed, screenshots are disabled.\n", 
            "2025-03-22 07:19:33,405 [lib.api.process] ERROR: Failed to execute process from path u'C:\\\\Users\\\\ADMINI~1\\\\AppData\\\\Local\\\\Temp\\\\cmdkey.exe' with arguments ['bin\\\\inject-x86.exe', '--app', u'C:\\\\Users\\\\ADMINI~1\\\\AppData\\\\Local\\\\Temp\\\\cmdkey.exe', '--only-start', '--curdir', 'C:\\\\Users\\\\ADMINI~1\\\\AppData\\\\Local\\\\Temp'] (Error: Command '['bin\\\\inject-x86.exe', '--app', u'C:\\\\Users\\\\ADMINI~1\\\\AppData\\\\Local\\\\Temp\\\\cmdkey.exe', '--only-start', '--curdir', 'C:\\\\Users\\\\ADMINI~1\\\\AppData\\\\Local\\\\Temp']' returned non-zero exit status 1)\n"
        ], 
        "cuckoo": [
            "2025-03-22 07:21:06,485 [cuckoo.core.scheduler] INFO: Task #338: acquired machine 192.168.56.1011 (label=192.168.56.1011)\n", 
            "2025-03-22 07:21:06,485 [cuckoo.core.resultserver] DEBUG: Now tracking machine 192.168.56.101 for task #338\n", 
            "2025-03-22 07:21:06,485 [cuckoo.core.plugins] DEBUG: Started auxiliary module: Replay\n", 
            "2025-03-22 07:21:06,497 [cuckoo.auxiliary.sniffer] INFO: Started sniffer with PID 39143 (interface=vboxnet0, host=192.168.56.101)\n", 
            "2025-03-22 07:21:06,497 [cuckoo.core.plugins] DEBUG: Started auxiliary module: Sniffer\n", 
            "2025-03-22 07:21:06,522 [cuckoo.machinery.virtualbox] DEBUG: Starting vm 192.168.56.1011\n", 
            "2025-03-22 07:21:06,615 [cuckoo.machinery.virtualbox] DEBUG: Restoring virtual machine 192.168.56.1011 to its current snapshot\n", 
            "2025-03-22 07:21:08,664 [cuckoo.core.guest] INFO: Starting analysis #338 on guest (id=192.168.56.1011, ip=192.168.56.101)\n", 
            "2025-03-22 07:21:09,667 [cuckoo.core.guest] DEBUG: 192.168.56.1011: not ready yet\n", 
            "2025-03-22 07:21:10,670 [cuckoo.core.guest] DEBUG: 192.168.56.1011: not ready yet\n", 
            "2025-03-22 07:21:11,673 [cuckoo.core.guest] DEBUG: 192.168.56.1011: not ready yet\n", 
            "2025-03-22 07:21:11,682 [cuckoo.core.guest] INFO: Guest is running Cuckoo Agent 0.10 (id=192.168.56.1011, ip=192.168.56.101)\n", 
            "2025-03-22 07:21:11,721 [cuckoo.core.guest] DEBUG: Uploading analyzer to guest (id=192.168.56.1011, ip=192.168.56.101, monitor=latest, size=3884763)\n", 
            "2025-03-22 07:21:12,381 [cuckoo.core.resultserver] DEBUG: Task #338: live log analysis.log initialized.\n", 
            "2025-03-22 07:21:13,436 [cuckoo.core.resultserver] DEBUG: Task #338 is sending a BSON stream\n", 
            "2025-03-22 07:21:14,122 [cuckoo.core.guest] WARNING: 192.168.56.1011: analysis #338 caught an exception\n", 
            "Traceback (most recent call last):\n", 
            "  File \"C:/tmpql7zol/analyzer.py\", line 808, in <module>\n", 
            "    success = analyzer.run()\n", 
            "  File \"C:/tmpql7zol/analyzer.py\", line 657, in run\n", 
            "    pids = self.package.start(self.target)\n", 
            "  File \"C:\\tmpql7zol\\modules\\packages\\exe.py\", line 23, in start\n", 
            "    return self.execute(path, args=shlex.split(args))\n", 
            "  File \"C:\\tmpql7zol\\lib\\common\\abstracts.py\", line 166, in execute\n", 
            "    \"Unable to execute the initial process, analysis aborted.\"\n", 
            "CuckooPackageError: Unable to execute the initial process, analysis aborted.\n", 
            "\n", 
            "2025-03-22 07:21:14,127 [cuckoo.core.plugins] DEBUG: Stopped auxiliary module: Replay\n", 
            "2025-03-22 07:21:14,173 [cuckoo.core.plugins] DEBUG: Stopped auxiliary module: Sniffer\n", 
            "2025-03-22 07:21:23,799 [cuckoo.machinery.virtualbox] INFO: Successfully generated memory dump for virtual machine with label 192.168.56.1011 to path /home/tesst/.cuckoo/storage/analyses/338/memory.dmp\n", 
            "2025-03-22 07:21:23,914 [cuckoo.machinery.virtualbox] DEBUG: Stopping vm 192.168.56.1011\n", 
            "2025-03-22 07:21:25,284 [cuckoo.core.resultserver] DEBUG: Stopped tracking machine 192.168.56.101 for task #338\n", 
            "2025-03-22 07:21:25,285 [cuckoo.core.resultserver] DEBUG: Cancel <Context for LOG> for task 338\n", 
            "2025-03-22 07:21:25,288 [cuckoo.core.scheduler] DEBUG: Released database task #338\n", 
            "2025-03-22 07:21:25,308 [cuckoo.core.plugins] DEBUG: Executed processing module \"AnalysisInfo\" for task #338\n", 
            "2025-03-22 07:21:25,309 [cuckoo.core.plugins] DEBUG: Executed processing module \"BehaviorAnalysis\" for task #338\n", 
            "2025-03-22 07:21:25,309 [cuckoo.core.plugins] DEBUG: Executed processing module \"Dropped\" for task #338\n", 
            "2025-03-22 07:21:25,309 [cuckoo.core.plugins] DEBUG: Executed processing module \"DroppedBuffer\" for task #338\n", 
            "2025-03-22 07:21:25,310 [cuckoo.core.plugins] DEBUG: Executed processing module \"MetaInfo\" for task #338\n", 
            "2025-03-22 07:21:25,310 [cuckoo.core.plugins] DEBUG: Executed processing module \"ProcessMemory\" for task #338\n", 
            "2025-03-22 07:21:25,310 [cuckoo.core.plugins] DEBUG: Executed processing module \"Procmon\" for task #338\n", 
            "2025-03-22 07:21:25,310 [cuckoo.core.plugins] DEBUG: Executed processing module \"Screenshots\" for task #338\n", 
            "2025-03-22 07:21:25,514 [cuckoo.core.plugins] DEBUG: Executed processing module \"Static\" for task #338\n", 
            "2025-03-22 07:21:25,515 [cuckoo.core.plugins] DEBUG: Executed processing module \"Strings\" for task #338\n", 
            "2025-03-22 07:21:25,516 [cuckoo.cor"
        ]
    }, 
    "strings": [
        "!This program cannot be run in DOS mode.", 
        "_ Rich", 
        "`.data", 
        ".idata", 
        "@.didat", 
        "@.reloc", 
        "ext-ms-win-security-credui-l1-1-0.dll", 
        "cmdkey.pdb", 
        ".rdata$brc", 
        ".CRT$XCA", 
        ".CRT$XCAA", 
        ".CRT$XCZ", 
        ".CRT$XIA", 
        ".CRT$XIAA", 
        ".CRT$XIY", 
        ".CRT$XIZ", 
        ".gfids", 
        ".giats", 
        ".rdata", 
        ".rdata$sxdata", 
        ".rdata$voltmd", 
        ".rdata$zzzdbg", 
        ".text$mn", 
        ".xdata$x", 
        ".didat$2", 
        ".didat$3", 
        ".didat$4", 
        ".didat$6", 
        ".didat$7", 
        ".idata$5", 
        ".00cfg", 
        ".idata$2", 
        ".idata$3", 
        ".idata$4", 
        ".idata$6", 
        ".didat$5", 
        ".rsrc$01", 
        ".rsrc$02", 
        "VWj@_W", 
        "u(WWWWh<", 
        " f;4yt", 
        "t?j ^j", 
        "t$j/Yf;", 
        "SVWj\"[j 3", 
        "j h`1@", 
        "CredUICmdLinePromptForCredentialsW", 
        "_wcsicmp", 
        "malloc", 
        "_resetstkoflw", 
        "_XcptFilter", 
        "__p__commode", 
        "_amsg_exit", 
        "__getmainargs", 
        "__set_app_type", 
        "_cexit", 
        "__p__fmode", 
        "__setusermatherr", 
        "_initterm", 
        "msvcrt.dll", 
        "_except_handler4_common", 
        "?terminate@@YAXXZ", 
        "_controlfp", 
        "RegQueryValueExW", 
        "SetLastError", 
        "CredDeleteW", 
        "SetThreadUILanguage", 
        "RegOpenKeyExW", 
        "GetVersionExW", 
        "FormatMessageW", 
        "CredGetSessionTypes", 
        "GetLastError", 
        "CredFree", 
        "HeapSetInformation", 
        "CredEnumerateW", 
        "LocalFree", 
        "RegCloseKey", 
        "CredWriteW", 
        "GetCommandLineW", 
        "GetConsoleOutputCP", 
        "GetStdHandle", 
        "WriteFile", 
        "WriteConsoleW", 
        "GetModuleHandleW", 
        "WideCharToMultiByte", 
        "GetFileType", 
        "CredUnmarshalCredentialW", 
        "CredIsMarshaledCredentialW", 
        "UnhandledExceptionFilter", 
        "SetUnhandledExceptionFilter", 
        "GetCurrentProcess", 
        "TerminateProcess", 
        "QueryPerformanceCounter", 
        "GetCurrentProcessId", 
        "GetCurrentThreadId", 
        "GetSystemTimeAsFileTime", 
        "GetTickCount", 
        "api-ms-win-core-registry-l1-1-0.dll", 
        "api-ms-win-core-errorhandling-l1-1-0.dll", 
        "api-ms-win-security-credentials-l1-1-0.dll", 
        "api-ms-win-core-localization-l1-2-0.dll", 
        "api-ms-win-core-sysinfo-l1-1-0.dll", 
        "api-ms-win-core-heap-l1-1-0.dll", 
        "api-ms-win-core-heap-l2-1-0.dll", 
        "api-ms-win-core-processenvironment-l1-1-0.dll", 
        "api-ms-win-core-console-l1-1-0.dll", 
        "api-ms-win-core-file-l1-1-0.dll", 
        "api-ms-win-core-libraryloader-l1-2-0.dll", 
        "api-ms-win-core-string-l1-1-0.dll", 
        "api-ms-win-core-synch-l1-2-0.dll", 
        "api-ms-win-core-processthreads-l1-1-0.dll", 
        "api-ms-win-core-profile-l1-1-0.dll", 
        "ResolveDelayLoadedAPI", 
        "DelayLoadFailureHook", 
        "api-ms-win-core-delayload-l1-1-1.dll", 
        "api-ms-win-core-delayload-l1-1-0.dll", 
        "ApiSetQueryApiSetPresence", 
        "api-ms-win-core-apiquery-l1-1-0.dll", 
        "memset", 
        "<?xml version=\"1.0\" encoding=\"UTF-8\" standalone=\"yes\"?>", 
        "<!-- Copyright (c) Microsoft Corporation -->", 
        "<assembly xmlns=\"urn:schemas-microsoft-com:asm.v1\" manifestVersion=\"1.0\">", 
        "<assemblyIdentity", 
        "    version=\"5.1.0.0\"", 
        "    processorArchitecture=\"x86\"", 
        "    name=\"Microsoft.Windows.Security.CmdKey\"", 
        "    type=\"win32\"", 
        "<description>Credential Manager Command Line Utility</description>", 
        "<trustInfo xmlns=\"urn:schemas-microsoft-com:asm.v3\">", 
        "    <security>", 
        "        <requestedPrivileges>", 
        "            <requestedExecutionLevel", 
        "                level=\"asInvoker\"", 
        "                uiAccess=\"false\"", 
        "            />", 
        "        </requestedPrivileges>", 
        "    </security>", 
        "</trustInfo>", 
        "</assembly>", 
        "0T0X0`0h0", 
        "7(7;7H7[7h7{7", 
        "849B9T9j9", 
        "<K<W<~<", 
        "=.=j=t=", 
        "=9>J>Z>n>", 
        "?'?2?N?", 
        "1/2n2z2", 
        "3+353H3Y3_3m3F4", 
        "6H6m6t6", 
        "7'7:7U7x7", 
        "8!8&8,81868;8@8F8N8\\8v8", 
        "9\u001f9'9;9C9K9Q9W9d9j9t9", 
        ":\u001f:%:2:L:W:a:l:", 
        ";#;*;1;9;A;I;U;^;c;i;s;};", 
        "<Y<q<w<", 
        "?.?C?R?Z?s?", 
        "0*0D0U0b0w0", 
        "0$1t1x1", 
        "ext-ms-win-security-credui-l1-1-0", 
        "ext-ms-win-security-credui-l1-1-1", 
        "SYSTEM\\CurrentControlSet\\Control\\SafeBoot\\Option", 
        "OptionValue", 
        "agld?rups", 
        "*Session", 
        "VS_VERSION_INFO", 
        "StringFileInfo", 
        "040904B0", 
        "CompanyName", 
        "Microsoft Corporation", 
        "FileDescription", 
        "Credential Manager Command Line Utility", 
        "FileVersion", 
        "10.0.22621.1 (WinBuild.160101.0800)", 
        "InternalName", 
        "cmdkey.exe", 
        "LegalCopyright", 
        " Microsoft Corporation. All rights reserved.", 
        "OriginalFilename", 
        "cmdkey.exe", 
        "ProductName", 
        "Microsoft", 
        " Windows", 
        " Operating System", 
        "ProductVersion", 
        "10.0.22621.1", 
        "VarFileInfo", 
        "Translation"
    ], 
    "metadata": {
        "output": {
            "pcap": {
                "basename": "dump.pcap", 
                "sha256": "19d59f7dbd87102b7ec6f9766b315f27014e5d20f19eda7a52f9ef08780c375a", 
                "dirname": ""
            }
        }
    }
}