{
    "info": {
        "added": 1742627972.849443, 
        "started": 1742628085.588424, 
        "duration": 17, 
        "ended": 1742628102.992659, 
        "owner": null, 
        "score": 0.4, 
        "id": 339, 
        "category": "file", 
        "git": {
            "head": "13cbe0d9e457be3673304533043e992ead1ea9b2", 
            "fetch_head": "13cbe0d9e457be3673304533043e992ead1ea9b2"
        }, 
        "monitor": "2deb9ccd75d5a7a3fe05b2625b03a8639d6ee36b", 
        "package": "exe", 
        "route": "none", 
        "custom": null, 
        "machine": {
            "status": "stopped", 
            "name": "192.168.56.1011", 
            "label": "192.168.56.1011", 
            "manager": "VirtualBox", 
            "started_on": "2025-03-22 07:21:25", 
            "shutdown_on": "2025-03-22 07:21:42"
        }, 
        "platform": "windows", 
        "version": "2.0.7", 
        "options": "procmemdump=yes,route=none"
    }, 
    "signatures": [
        {
            "families": [], 
            "description": "This executable has a PDB path", 
            "severity": 1, 
            "ttp": {}, 
            "markcount": 1, 
            "references": [], 
            "marks": [
                {
                    "category": "pdb_path", 
                    "ioc": "cmdl32.pdb", 
                    "type": "ioc", 
                    "description": null
                }
            ], 
            "name": "has_pdb"
        }, 
        {
            "families": [], 
            "description": "The file contains an unknown PE resource name possibly indicative of a packer", 
            "severity": 1, 
            "ttp": {
                "T1045": {
                    "short": "Software Packing", 
                    "long": "Software packing is a method of compressing or encrypting an executable. Packing an executable changes the file signature in an attempt to avoid signature-based detection. Most decompression techniques decompress the executable code in memory."
                }
            }, 
            "markcount": 1, 
            "references": [], 
            "marks": [
                {
                    "category": "resource name", 
                    "ioc": "MUI", 
                    "type": "ioc", 
                    "description": null
                }
            ], 
            "name": "pe_unknown_resource_name"
        }
    ], 
    "target": {
        "category": "file", 
        "file": {
            "yara": [], 
            "sha1": "c0bb486218f3b31382387d4020e3caf59b627bfa", 
            "name": "cmdl32.exe", 
            "type": "PE32 executable (GUI) Intel 80386, for MS Windows", 
            "sha256": "4bd3358467a16ec7baeb4c78f87a6dc7deb0656df2cb6e5ff248863d1a73cdf2", 
            "urls": [], 
            "crc32": "DD63531F", 
            "path": "/home/tesst/.cuckoo/storage/binaries/4bd3358467a16ec7baeb4c78f87a6dc7deb0656df2cb6e5ff248863d1a73cdf2", 
            "ssdeep": null, 
            "size": 47616, 
            "sha512": "7ec958092c429776f72d8c8935e2045307c8c96f1319e804740af6c17797432d0b4f2ca8e1de5cd69fc4af4753edb869d0d47a1ba443b19a7f1c70f7126451d2", 
            "md5": "2eb8adc9c4cb854be17507d7bbb6f850"
        }
    }, 
    "network": {
        "tls": [], 
        "udp": [
            {
                "src": "192.168.56.101", 
                "dst": "224.0.0.252", 
                "offset": 1214, 
                "time": 1.2701780796051025, 
                "dport": 5355, 
                "sport": 64614
            }, 
            {
                "src": "192.168.56.101", 
                "dst": "224.0.0.252", 
                "offset": 1534, 
                "time": 1.6090939044952393, 
                "dport": 5355, 
                "sport": 65517
            }, 
            {
                "src": "192.168.56.101", 
                "dst": "239.255.255.250", 
                "offset": 1862, 
                "time": 1.4647250175476074, 
                "dport": 1900, 
                "sport": 64617
            }
        ], 
        "dns_servers": [], 
        "http": [], 
        "icmp": [], 
        "smtp": [], 
        "tcp": [], 
        "smtp_ex": [], 
        "mitm": [], 
        "hosts": [], 
        "pcap_sha256": "9fb2763c41ee0c06963a86e20acb9c91bdc8037ca59d991f65d5f851c1415130", 
        "dns": [], 
        "http_ex": [], 
        "domains": [], 
        "dead_hosts": [], 
        "sorted_pcap_sha256": "bd175a3804a01c3db37cc75ddd7d41c8dbed1738889d765aa9cd642c2fabc8a8", 
        "irc": [], 
        "https_ex": []
    }, 
    "static": {
        "pdb_path": "cmdl32.pdb", 
        "pe_imports": [
            {
                "imports": [
                    {
                        "name": "RegQueryValueExA", 
                        "address": "0x40b000"
                    }, 
                    {
                        "name": "RegCloseKey", 
                        "address": "0x40b004"
                    }, 
                    {
                        "name": "RegOpenKeyExA", 
                        "address": "0x40b008"
                    }
                ], 
                "dll": "ADVAPI32.dll"
            }, 
            {
                "imports": [
                    {
                        "name": "GetTempPath2A", 
                        "address": "0x40b02c"
                    }, 
                    {
                        "name": "GetLastError", 
                        "address": "0x40b030"
                    }, 
                    {
                        "name": "CreateFileA", 
                        "address": "0x40b034"
                    }, 
                    {
                        "name": "CloseHandle", 
                        "address": "0x40b038"
                    }, 
                    {
                        "name": "SetFileAttributesA", 
                        "address": "0x40b03c"
                    }, 
                    {
                        "name": "lstrcmpiA", 
                        "address": "0x40b040"
                    }, 
                    {
                        "name": "GetTempFileNameA", 
                        "address": "0x40b044"
                    }, 
                    {
                        "name": "DosDateTimeToFileTime", 
                        "address": "0x40b048"
                    }, 
                    {
                        "name": "FindFirstFileA", 
                        "address": "0x40b04c"
                    }, 
                    {
                        "name": "lstrlenW", 
                        "address": "0x40b050"
                    }, 
                    {
                        "name": "LoadLibraryExA", 
                        "address": "0x40b054"
                    }, 
                    {
                        "name": "FindNextFileA", 
                        "address": "0x40b058"
                    }, 
                    {
                        "name": "FindClose", 
                        "address": "0x40b05c"
                    }, 
                    {
                        "name": "WaitForSingleObject", 
                        "address": "0x40b060"
                    }, 
                    {
                        "name": "lstrcmpA", 
                        "address": "0x40b064"
                    }, 
                    {
                        "name": "GetModuleHandleA", 
                        "address": "0x40b068"
                    }, 
                    {
                        "name": "SetCurrentDirectoryA", 
                        "address": "0x40b06c"
                    }, 
                    {
                        "name": "GetCommandLineA", 
                        "address": "0x40b070"
                    }, 
                    {
                        "name": "Sleep", 
                        "address": "0x40b074"
                    }, 
                    {
                        "name": "CopyFileA", 
                        "address": "0x40b078"
                    }, 
                    {
                        "name": "ConvertDefaultLocale", 
                        "address": "0x40b07c"
                    }, 
                    {
                        "name": "SetEvent", 
                        "address": "0x40b080"
                    }, 
                    {
                        "name": "GetVersionExA", 
                        "address": "0x40b084"
                    }, 
                    {
                        "name": "DeleteFileA", 
                        "address": "0x40b088"
                    }, 
                    {
                        "name": "GetSystemInfo", 
                        "address": "0x40b08c"
                    }, 
                    {
                        "name": "ReadFile", 
                        "address": "0x40b090"
                    }, 
                    {
                        "name": "lstrlenA", 
                        "address": "0x40b094"
                    }, 
                    {
                        "name": "GetProcAddress", 
                        "address": "0x40b098"
                    }, 
                    {
                        "name": "RemoveDirectoryA", 
                        "address": "0x40b09c"
                    }, 
                    {
                        "name": "GetCurrentProcessId", 
                        "address": "0x40b0a0"
                    }, 
                    {
                        "name": "FreeLibrary", 
                        "address": "0x40b0a4"
                    }, 
                    {
                        "name": "CreateEventA", 
                        "address": "0x40b0a8"
                    }, 
                    {
                        "name": "GetPrivateProfileIntA", 
                        "address": "0x40b0ac"
                    }, 
                    {
                        "name": "GetPrivateProfileStringA", 
                        "address": "0x40b0b0"
                    }, 
                    {
                        "name": "GetTickCount", 
                        "address": "0x40b0b4"
                    }, 
                    {
                        "name": "FlushFileBuffers", 
                        "address": "0x40b0b8"
                    }, 
                    {
                        "name": "GetPrivateProfileSectionA", 
                        "address": "0x40b0bc"
                    }, 
                    {
                        "name": "GlobalFree", 
                        "address": "0x40b0c0"
                    }, 
                    {
                        "name": "CreateMutexA", 
                        "address": "0x40b0c4"
                    }, 
                    {
                        "name": "ReleaseMutex", 
                        "address": "0x40b0c8"
                    }, 
                    {
                        "name": "GetFileSize", 
                        "address": "0x40b0cc"
                    }, 
                    {
                        "name": "CreateDirectoryA", 
                        "address": "0x40b0d0"
                    }, 
                    {
                        "name": "GetSystemTimeAsFileTime", 
                        "address": "0x40b0d4"
                    }, 
                    {
                        "name": "GetCurrentThreadId", 
                        "address": "0x40b0d8"
                    }, 
                    {
                        "name": "QueryPerformanceCounter", 
                        "address": "0x40b0dc"
                    }, 
                    {
                        "name": "GetModuleHandleW", 
                        "address": "0x40b0e0"
                    }, 
                    {
                        "name": "TerminateProcess", 
                        "address": "0x40b0e4"
                    }, 
                    {
                        "name": "GetCurrentProcess", 
                        "address": "0x40b0e8"
                    }, 
                    {
                        "name": "SetUnhandledExceptionFilter", 
                        "address": "0x40b0ec"
                    }, 
                    {
                        "name": "UnhandledExceptionFilter", 
                        "address": "0x40b0f0"
                    }, 
                    {
                        "name": "GetStartupInfoW", 
                        "address": "0x40b0f4"
                    }, 
                    {
                        "name": "LocalFileTimeToFileTime", 
                        "address": "0x40b0f8"
                    }, 
                    {
                        "name": "SetFilePointer", 
                        "address": "0x40b0fc"
                    }, 
                    {
                        "name": "SetFileTime", 
                        "address": "0x40b100"
                    }, 
                    {
                        "name": "WriteFile", 
                        "address": "0x40b104"
                    }, 
                    {
                        "name": "CreateThread", 
                        "address": "0x40b108"
                    }, 
                    {
                        "name": "SetLastError", 
                        "address": "0x40b10c"
                    }, 
                    {
                        "name": "WritePrivateProfileStringA", 
                        "address": "0x40b110"
                    }, 
                    {
                        "name": "GetProcessHeap", 
                        "address": "0x40b114"
                    }
                ], 
                "dll": "KERNEL32.dll"
            }, 
            {
                "imports": [
                    {
                        "name": "GetSystemMetrics", 
                        "address": "0x40b124"
                    }, 
                    {
                        "name": "RegisterClassExA", 
                        "address": "0x40b128"
                    }, 
                    {
                        "name": "EnableMenuItem", 
                        "address": "0x40b12c"
                    }, 
                    {
                        "name": "KillTimer", 
                        "address": "0x40b130"
                    }, 
                    {
                        "name": "SystemParametersInfoA", 
                        "address": "0x40b134"
                    }, 
                    {
                        "name": "SetDlgItemTextA", 
                        "address": "0x40b138"
                    }, 
                    {
                        "name": "PostMessageA", 
                        "address": "0x40b13c"
                    }, 
                    {
                        "name": "SendDlgItemMessageA", 
                        "address": "0x40b140"
                    }, 
                    {
                        "name": "CharNextA", 
                        "address": "0x40b144"
                    }, 
                    {
                        "name": "MoveWindow", 
                        "address": "0x40b148"
                    }, 
                    {
                        "name": "SetWindowTextA", 
                        "address": "0x40b14c"
                    }, 
                    {
                        "name": "GetWindowLongA", 
                        "address": "0x40b150"
                    }, 
                    {
                        "name": "SetWindowLongA", 
                        "address": "0x40b154"
                    }, 
                    {
                        "name": "DialogBoxParamA", 
                        "address": "0x40b158"
                    }, 
                    {
                        "name": "ShowWindow", 
                        "address": "0x40b15c"
                    }, 
                    {
                        "name": "EndDialog", 
                        "address": "0x40b160"
                    }, 
                    {
                        "name": "GetClassInfoExA", 
                        "address": "0x40b164"
                    }, 
                    {
                        "name": "RegisterWindowMessageA", 
                        "address": "0x40b168"
                    }, 
                    {
                        "name": "GetDlgItemTextA", 
                        "address": "0x40b16c"
                    }, 
                    {
                        "name": "SetFocus", 
                        "address": "0x40b170"
                    }, 
                    {
                        "name": "GetWindowRect", 
                        "address": "0x40b174"
                    }
                ], 
                "dll": "USER32.dll"
            }, 
            {
                "imports": [
                    {
                        "name": "_except_handler4_common", 
                        "address": "0x40b22c"
                    }, 
                    {
                        "name": "_controlfp", 
                        "address": "0x40b230"
                    }, 
                    {
                        "name": "?terminate@@YAXXZ", 
                        "address": "0x40b234"
                    }, 
                    {
                        "name": "_acmdln", 
                        "address": "0x40b238"
                    }, 
                    {
                        "name": "_initterm", 
                        "address": "0x40b23c"
                    }, 
                    {
                        "name": "__setusermatherr", 
                        "address": "0x40b240"
                    }, 
                    {
                        "name": "_ismbblead", 
                        "address": "0x40b244"
                    }, 
                    {
                        "name": "__p__fmode", 
                        "address": "0x40b248"
                    }, 
                    {
                        "name": "_cexit", 
                        "address": "0x40b24c"
                    }, 
                    {
                        "name": "_exit", 
                        "address": "0x40b250"
                    }, 
                    {
                        "name": "__set_app_type", 
                        "address": "0x40b254"
                    }, 
                    {
                        "name": "__getmainargs", 
                        "address": "0x40b258"
                    }, 
                    {
                        "name": "_amsg_exit", 
                        "address": "0x40b25c"
                    }, 
                    {
                        "name": "__p__commode", 
                        "address": "0x40b260"
                    }, 
                    {
                        "name": "_XcptFilter", 
                        "address": "0x40b264"
                    }, 
                    {
                        "name": "_vsnprintf", 
                        "address": "0x40b268"
                    }, 
                    {
                        "name": "exit", 
                        "address": "0x40b26c"
                    }, 
                    {
                        "name": "memset", 
                        "address": "0x40b270"
                    }
                ], 
                "dll": "msvcrt.dll"
            }, 
            {
                "imports": [
                    {
                        "name": "PhoneBookMergeChanges", 
                        "address": "0x40b1b4"
                    }, 
                    {
                        "name": "PhoneBookFreeFilter", 
                        "address": "0x40b1b8"
                    }, 
                    {
                        "name": "PhoneBookLoad", 
                        "address": "0x40b1bc"
                    }, 
                    {
                        "name": "PhoneBookUnload", 
                        "address": "0x40b1c0"
                    }, 
                    {
                        "name": "PhoneBookParseInfoA", 
                        "address": "0x40b1c4"
                    }
                ], 
                "dll": "cmpbk32.dll"
            }, 
            {
                "imports": [
                    {
                        "name": "CmLoadIconA", 
                        "address": "0x40b1cc"
                    }, 
                    {
                        "name": "SzToWzWithAlloc", 
                        "address": "0x40b1d0"
                    }, 
                    {
                        "name": "CmStrrchrA", 
                        "address": "0x40b1d4"
                    }, 
                    {
                        "name": "WzToSzWithAlloc", 
                        "address": "0x40b1d8"
                    }, 
                    {
                        "name": "CmFmtMsgA", 
                        "address": "0x40b1dc"
                    }, 
                    {
                        "name": "CmLoadSmallIconA", 
                        "address": "0x40b1e0"
                    }, 
                    {
                        "name": "CmCompareStringA", 
                        "address": "0x40b1e4"
                    }, 
                    {
                        "name": "??1CmLogFile@@QAE@XZ", 
                        "address": "0x40b1e8"
                    }, 
                    {
                        "name": "IsLogonAsSystem", 
                        "address": "0x40b1ec"
                    }, 
                    {
                        "name": "CmStrCpyAllocW", 
                        "address": "0x40b1f0"
                    }, 
                    {
                        "name": "?Log@CmLogFile@@QAAXW4_CMLOG_ITEM@@ZZ", 
                        "address": "0x40b1f4"
                    }, 
                    {
                        "name": "CmBuildFullPathFromRelativeA", 
                        "address": "0x40b1f8"
                    }, 
                    {
                        "name": "CmRealloc", 
                        "address": "0x40b1fc"
                    }, 
                    {
                        "name": "CmStrchrA", 
                        "address": "0x40b200"
                    }, 
                    {
                        "name": "CmStrCpyAllocA", 
                        "address": "0x40b204"
                    }, 
                    {
                        "name": "CmMalloc", 
                        "address": "0x40b208"
                    }, 
                    {
                        "name": "??0CmLogFile@@QAE@XZ", 
                        "address": "0x40b20c"
                    }, 
                    {
                        "name": "?Init@CmLogFile@@QAEJPAUHINSTANCE__@@HPBD@Z", 
                        "address": "0x40b210"
                    }, 
                    {
                        "name": "?SetParams@CmLogFile@@QAEJHKPBD@Z", 
                        "address": "0x40b214"
                    }, 
                    {
                        "name": "?Start@CmLogFile@@QAEJH@Z", 
                        "address": "0x40b218"
                    }, 
                    {
                        "name": "?Stop@CmLogFile@@QAEJXZ", 
                        "address": "0x40b21c"
                    }, 
                    {
                        "name": "?DeInit@CmLogFile@@QAEJXZ", 
                        "address": "0x40b220"
                    }, 
                    {
                        "name": "CmFree", 
                        "address": "0x40b224"
                    }
                ], 
                "dll": "cmutil.dll"
            }, 
            {
                "imports": [
                    {
                        "name": null, 
                        "address": "0x40b010"
                    }
                ], 
                "dll": "COMCTL32.dll"
            }, 
            {
                "imports": [
                    {
                        "name": null, 
                        "address": "0x40b018"
                    }, 
                    {
                        "name": null, 
                        "address": "0x40b01c"
                    }, 
                    {
                        "name": null, 
                        "address": "0x40b020"
                    }, 
                    {
                        "name": null, 
                        "address": "0x40b024"
                    }
                ], 
                "dll": "Cabinet.dll"
            }, 
            {
                "imports": [
                    {
                        "name": "RasEnumConnectionsA", 
                        "address": "0x40b11c"
                    }
                ], 
                "dll": "RASAPI32.dll"
            }, 
            {
                "imports": [
                    {
                        "name": "WinHttpCrackUrl", 
                        "address": "0x40b17c"
                    }, 
                    {
                        "name": "WinHttpQueryDataAvailable", 
                        "address": "0x40b180"
                    }, 
                    {
                        "name": "WinHttpReadData", 
                        "address": "0x40b184"
                    }, 
                    {
                        "name": "WinHttpQueryHeaders", 
                        "address": "0x40b188"
                    }, 
                    {
                        "name": "WinHttpOpen", 
                        "address": "0x40b18c"
                    }, 
                    {
                        "name": "WinHttpReceiveResponse", 
                        "address": "0x40b190"
                    }, 
                    {
                        "name": "WinHttpGetProxyForUrl", 
                        "address": "0x40b194"
                    }, 
                    {
                        "name": "WinHttpGetDefaultProxyConfiguration", 
                        "address": "0x40b198"
                    }, 
                    {
                        "name": "WinHttpConnect", 
                        "address": "0x40b19c"
                    }, 
                    {
                        "name": "WinHttpSendRequest", 
                        "address": "0x40b1a0"
                    }, 
                    {
                        "name": "WinHttpOpenRequest", 
                        "address": "0x40b1a4"
                    }, 
                    {
                        "name": "WinHttpGetIEProxyConfigForCurrentUser", 
                        "address": "0x40b1a8"
                    }, 
                    {
                        "name": "WinHttpCloseHandle", 
                        "address": "0x40b1ac"
                    }
                ], 
                "dll": "WINHTTP.dll"
            }
        ], 
        "peid_signatures": null, 
        "keys": [], 
        "signature": [], 
        "pe_timestamp": "2048-08-28 04:06:57", 
        "pe_exports": [], 
        "imported_dll_count": 10, 
        "pe_imphash": "f9e3c82e9c985ddb248100c9ad9c8921", 
        "pe_resources": [
            {
                "name": "MUI", 
                "language": "LANG_ENGLISH", 
                "filetype": "data", 
                "sublanguage": "SUBLANG_ENGLISH_US", 
                "offset": "0x0000db00", 
                "size": "0x000000d8"
            }, 
            {
                "name": "RT_ICON", 
                "language": "LANG_ENGLISH", 
                "filetype": "data", 
                "sublanguage": "SUBLANG_ENGLISH_US", 
                "offset": "0x0000d800", 
                "size": "0x000002e8"
            }, 
            {
                "name": "RT_GROUP_ICON", 
                "language": "LANG_ENGLISH", 
                "filetype": "data", 
                "sublanguage": "SUBLANG_ENGLISH_US", 
                "offset": "0x0000dae8", 
                "size": "0x00000014"
            }, 
            {
                "name": "RT_VERSION", 
                "language": "LANG_ENGLISH", 
                "filetype": "data", 
                "sublanguage": "SUBLANG_ENGLISH_US", 
                "offset": "0x0000d450", 
                "size": "0x000003b0"
            }, 
            {
                "name": "RT_MANIFEST", 
                "language": "LANG_ENGLISH", 
                "filetype": "XML 1.0 document, ASCII text, with CRLF line terminators", 
                "sublanguage": "SUBLANG_ENGLISH_US", 
                "offset": "0x0000d180", 
                "size": "0x000002cf"
            }
        ], 
        "pe_versioninfo": [
            {
                "name": "LegalCopyright", 
                "value": "\\xa9 Microsoft Corporation. All rights reserved."
            }, 
            {
                "name": "InternalName", 
                "value": "CMDL32"
            }, 
            {
                "name": "FileVersion", 
                "value": "7.2.22621.1 (WinBuild.160101.0800)"
            }, 
            {
                "name": "CompanyName", 
                "value": "Microsoft Corporation"
            }, 
            {
                "name": "ProductName", 
                "value": "Microsoft(R) Connection Manager"
            }, 
            {
                "name": "ProductVersion", 
                "value": "7.2.22621.1"
            }, 
            {
                "name": "FileDescription", 
                "value": "Microsoft Connection Manager Auto-Download"
            }, 
            {
                "name": "OriginalFilename", 
                "value": "CMDL32.EXE"
            }, 
            {
                "name": "Translation", 
                "value": "0x0409 0x04b0"
            }
        ], 
        "pe_sections": [
            {
                "size_of_data": "0x00008c00", 
                "virtual_address": "0x00001000", 
                "entropy": 6.486107096413957, 
                "name": ".text", 
                "virtual_size": "0x00008b24"
            }, 
            {
                "size_of_data": "0x00000200", 
                "virtual_address": "0x0000a000", 
                "entropy": 0.717842734306631, 
                "name": ".data", 
                "virtual_size": "0x00000420"
            }, 
            {
                "size_of_data": "0x00001200", 
                "virtual_address": "0x0000b000", 
                "entropy": 5.171615605903015, 
                "name": ".idata", 
                "virtual_size": "0x000010d6"
            }, 
            {
                "size_of_data": "0x00000c00", 
                "virtual_address": "0x0000d000", 
                "entropy": 4.3650550486372826, 
                "name": ".rsrc", 
                "virtual_size": "0x00000bd8"
            }, 
            {
                "size_of_data": "0x00000a00", 
                "virtual_address": "0x0000e000", 
                "entropy": 6.53538923008729, 
                "name": ".reloc", 
                "virtual_size": "0x00000958"
            }
        ]
    }, 
    "behavior": {
        "generic": [
            {
                "process_path": "C:\\Windows\\System32\\lsass.exe", 
                "process_name": "lsass.exe", 
                "pid": 508, 
                "summary": {}, 
                "first_seen": 1742631572.9375, 
                "ppid": 400
            }
        ], 
        "processes": [
            {
                "process_path": "C:\\Windows\\System32\\lsass.exe", 
                "calls": [], 
                "track": false, 
                "pid": 508, 
                "process_name": "lsass.exe", 
                "command_line": "C:\\Windows\\system32\\lsass.exe", 
                "modules": [
                    {
                        "basename": "lsass.exe", 
                        "imgsize": 49152, 
                        "baseaddr": "0xffc70000", 
                        "filepath": "C:\\Windows\\system32\\lsass.exe"
                    }, 
                    {
                        "basename": "ntdll.dll", 
                        "imgsize": 1740800, 
                        "baseaddr": "0x76dd0000", 
                        "filepath": "C:\\Windows\\SYSTEM32\\ntdll.dll"
                    }, 
                    {
                        "basename": "kernel32.dll", 
                        "imgsize": 1175552, 
                        "baseaddr": "0x76bb0000", 
                        "filepath": "C:\\Windows\\system32\\kernel32.dll"
                    }, 
                    {
                        "basename": "KERNELBASE.dll", 
                        "imgsize": 438272, 
                        "baseaddr": "0x7fefcf80000", 
                        "filepath": "C:\\Windows\\system32\\KERNELBASE.dll"
                    }, 
                    {
                        "basename": "msvcrt.dll", 
                        "imgsize": 651264, 
                        "baseaddr": "0x7fefec80000", 
                        "filepath": "C:\\Windows\\system32\\msvcrt.dll"
                    }, 
                    {
                        "basename": "RPCRT4.dll", 
                        "imgsize": 1232896, 
                        "baseaddr": "0x7fefd2c0000", 
                        "filepath": "C:\\Windows\\system32\\RPCRT4.dll"
                    }, 
                    {
                        "basename": "SspiSrv.dll", 
                        "imgsize": 45056, 
                        "baseaddr": "0x7fefcb60000", 
                        "filepath": "C:\\Windows\\system32\\SspiSrv.dll"
                    }, 
                    {
                        "basename": "lsasrv.dll", 
                        "imgsize": 1470464, 
                        "baseaddr": "0x7fefc9e0000", 
                        "filepath": "C:\\Windows\\system32\\lsasrv.dll"
                    }, 
                    {
                        "basename": "sechost.dll", 
                        "imgsize": 126976, 
                        "baseaddr": "0x7fefea00000", 
                        "filepath": "C:\\Windows\\SYSTEM32\\sechost.dll"
                    }, 
                    {
                        "basename": "SspiCli.dll", 
                        "imgsize": 151552, 
                        "baseaddr": "0x7fefcb80000", 
                        "filepath": "C:\\Windows\\system32\\SspiCli.dll"
                    }, 
                    {
                        "basename": "ADVAPI32.dll", 
                        "imgsize": 897024, 
                        "baseaddr": "0x7fefd480000", 
                        "filepath": "C:\\Windows\\system32\\ADVAPI32.dll"
                    }, 
                    {
                        "basename": "USER32.dll", 
                        "imgsize": 1024000, 
                        "baseaddr": "0x76cd0000", 
                        "filepath": "C:\\Windows\\system32\\USER32.dll"
                    }, 
                    {
                        "basename": "GDI32.dll", 
                        "imgsize": 421888, 
                        "baseaddr": "0x7fefd560000", 
                        "filepath": "C:\\Windows\\system32\\GDI32.dll"
                    }, 
                    {
                        "basename": "LPK.dll", 
                        "imgsize": 57344, 
                        "baseaddr": "0x7fefd830000", 
                        "filepath": "C:\\Windows\\system32\\LPK.dll"
                    }, 
                    {
                        "basename": "USP10.dll", 
                        "imgsize": 823296, 
                        "baseaddr": "0x7feff010000", 
                        "filepath": "C:\\Windows\\system32\\USP10.dll"
                    }, 
                    {
                        "basename": "SAMSRV.dll", 
                        "imgsize": 774144, 
                        "baseaddr": "0x7fefc880000", 
                        "filepath": "C:\\Windows\\system32\\SAMSRV.dll"
                    }, 
                    {
                        "basename": "cryptdll.dll", 
                        "imgsize": 81920, 
                        "baseaddr": "0x7fefc860000", 
                        "filepath": "C:\\Windows\\system32\\cryptdll.dll"
                    }, 
                    {
                        "basename": "MSASN1.dll", 
                        "imgsize": 61440, 
                        "baseaddr": "0x7fefcdc0000", 
                        "filepath": "C:\\Windows\\system32\\MSASN1.dll"
                    }, 
                    {
                        "basename": "wevtapi.dll", 
                        "imgsize": 446464, 
                        "baseaddr": "0x7fefc7f0000", 
                        "filepath": "C:\\Windows\\system32\\wevtapi.dll"
                    }, 
                    {
                        "basename": "IMM32.DLL", 
                        "imgsize": 188416, 
                        "baseaddr": "0x7fefea20000", 
                        "filepath": "C:\\Windows\\system32\\IMM32.DLL"
                    }, 
                    {
                        "basename": "MSCTF.dll", 
                        "imgsize": 1085440, 
                        "baseaddr": "0x7fefed20000", 
                        "filepath": "C:\\Windows\\system32\\MSCTF.dll"
                    }, 
                    {
                        "basename": "cngaudit.dll", 
                        "imgsize": 36864, 
                        "baseaddr": "0x7fefc7b0000", 
                        "filepath": "C:\\Windows\\system32\\cngaudit.dll"
                    }, 
                    {
                        "basename": "AUTHZ.dll", 
                        "imgsize": 192512, 
                        "baseaddr": "0x7fefc780000", 
                        "filepath": "C:\\Windows\\system32\\AUTHZ.dll"
                    }, 
                    {
                        "basename": "ncrypt.dll", 
                        "imgsize": 319488, 
                        "baseaddr": "0x7fefc730000", 
                        "filepath": "C:\\Windows\\system32\\ncrypt.dll"
                    }, 
                    {
                        "basename": "bcrypt.dll", 
                        "imgsize": 139264, 
                        "baseaddr": "0x7fefc700000", 
                        "filepath": "C:\\Windows\\system32\\bcrypt.dll"
                    }, 
                    {
                        "basename": "msprivs.DLL", 
                        "imgsize": 8192, 
                        "baseaddr": "0x74af0000", 
                        "filepath": "C:\\Windows\\system32\\msprivs.DLL"
                    }, 
                    {
                        "basename": "netjoin.dll", 
                        "imgsize": 204800, 
                        "baseaddr": "0x7fefc6c0000", 
                        "filepath": "C:\\Windows\\system32\\netjoin.dll"
                    }, 
                    {
                        "basename": "negoexts.DLL", 
                        "imgsize": 147456, 
                        "baseaddr": "0x7fefc690000", 
                        "filepath": "C:\\Windows\\system32\\negoexts.DLL"
                    }, 
                    {
                        "basename": "Secur32.dll", 
                        "imgsize": 45056, 
                        "baseaddr": "0x7fefc9b0000", 
                        "filepath": "C:\\Windows\\system32\\Secur32.dll"
                    }, 
                    {
                        "basename": "cryptbase.dll", 
                        "imgsize": 61440, 
                        "baseaddr": "0x7fefcc50000", 
                        "filepath": "C:\\Windows\\system32\\cryptbase.dll"
                    }, 
                    {
                        "basename": "kerberos.DLL", 
                        "imgsize": 737280, 
                        "baseaddr": "0x7fefc5d0000", 
                        "filepath": "C:\\Windows\\system32\\kerberos.DLL"
                    }, 
                    {
                        "basename": "CRYPTSP.dll", 
                        "imgsize": 94208, 
                        "baseaddr": "0x7fefc5b0000", 
                        "filepath": "C:\\Windows\\system32\\CRYPTSP.dll"
                    }, 
                    {
                        "basename": "WS2_32.dll", 
                        "imgsize": 315392, 
                        "baseaddr": "0x7fefec30000", 
                        "filepath": "C:\\Windows\\system32\\WS2_32.dll"
                    }, 
                    {
                        "basename": "NSI.dll", 
                        "imgsize": 32768, 
                        "baseaddr": "0x7fefd3f0000", 
                        "filepath": "C:\\Windows\\system32\\NSI.dll"
                    }, 
                    {
                        "basename": "mswsock.dll", 
                        "imgsize": 348160, 
                        "baseaddr": "0x7fefc550000", 
                        "filepath": "C:\\Windows\\system32\\mswsock.dll"
                    }, 
                    {
                        "basename": "wship6.dll", 
                        "imgsize": 28672, 
                        "baseaddr": "0x7fefc540000", 
                        "filepath": "C:\\Windows\\System32\\wship6.dll"
                    }, 
                    {
                        "basename": "msv1_0.DLL", 
                        "imgsize": 331776, 
                        "baseaddr": "0x7fefc4e0000", 
                        "filepath": "C:\\Windows\\system32\\msv1_0.DLL"
                    }, 
                    {
                        "basename": "netlogon.DLL", 
                        "imgsize": 712704, 
                        "baseaddr": "0x7fefc430000", 
                        "filepath": "C:\\Windows\\system32\\netlogon.DLL"
                    }, 
                    {
                        "basename": "DNSAPI.dll", 
                        "imgsize": 372736, 
                        "baseaddr": "0x7fefc3d0000", 
                        "filepath": "C:\\Windows\\system32\\DNSAPI.dll"
                    }, 
                    {
                        "basename": "logoncli.dll", 
                        "imgsize": 196608, 
                        "baseaddr": "0x7fefc3a0000", 
                        "filepath": "C:\\Windows\\system32\\logoncli.dll"
                    }, 
                    {
                        "basename": "schannel.DLL", 
                        "imgsize": 356352, 
                        "baseaddr": "0x7fefc340000", 
                        "filepath": "C:\\Windows\\system32\\schannel.DLL"
                    }, 
                    {
                        "basename": "CRYPT32.dll", 
                        "imgsize": 1470464, 
                        "baseaddr": "0x7fefcdd0000", 
                        "filepath": "C:\\Windows\\system32\\CRYPT32.dll"
                    }, 
                    {
                        "basename": "wdigest.DLL", 
                        "imgsize": 221184, 
                        "baseaddr": "0x7fefc300000", 
                        "filepath": "C:\\Windows\\system32\\wdigest.DLL"
                    }, 
                    {
                        "basename": "rsaenh.dll", 
                        "imgsize": 290816, 
                        "baseaddr": "0x7fefc2b0000", 
                        "filepath": "C:\\Windows\\system32\\rsaenh.dll"
                    }, 
                    {
                        "basename": "tspkg.DLL", 
                        "imgsize": 98304, 
                        "baseaddr": "0x7fefc290000", 
                        "filepath": "C:\\Windows\\system32\\tspkg.DLL"
                    }, 
                    {
                        "basename": "pku2u.DLL", 
                        "imgsize": 282624, 
                        "baseaddr": "0x7fefc240000", 
                        "filepath": "C:\\Windows\\system32\\pku2u.DLL"
                    }, 
                    {
                        "basename": "bcryptprimitives.dll", 
                        "imgsize": 311296, 
                        "baseaddr": "0x7fefc1f0000", 
                        "filepath": "C:\\Windows\\system32\\bcryptprimitives.dll"
                    }, 
                    {
                        "basename": "RpcRtRemote.dll", 
                        "imgsize": 81920, 
                        "baseaddr": "0x7fefcd00000", 
                        "filepath": "C:\\Windows\\system32\\RpcRtRemote.dll"
                    }, 
                    {
                        "basename": "efslsaext.dll", 
                        "imgsize": 73728, 
                        "baseaddr": "0x7fefc1d0000", 
                        "filepath": "C:\\Windows\\system32\\efslsaext.dll"
                    }, 
                    {
                        "basename": "scecli.DLL", 
                        "imgsize": 253952, 
                        "baseaddr": "0x7fefc130000", 
                        "filepath": "C:\\Windows\\system32\\scecli.DLL"
                    }, 
                    {
                        "basename": "credssp.dll", 
                        "imgsize": 40960, 
                        "baseaddr": "0x7fefc1b0000", 
                        "filepath": "C:\\Windows\\system32\\credssp.dll"
                    }, 
                    {
                        "basename": "WINSTA.dll", 
                        "imgsize": 249856, 
                        "baseaddr": "0x7fefcc10000", 
                        "filepath": "C:\\Windows\\system32\\WINSTA.dll"
                    }, 
                    {
                        "basename": "IPHLPAPI.DLL", 
                        "imgsize": 159744, 
                        "baseaddr": "0x7fefbfd0000", 
                        "filepath": "C:\\Windows\\system32\\IPHLPAPI.DLL"
                    }, 
                    {
                        "basename": "WINNSI.DLL", 
                        "imgsize": 45056, 
                        "baseaddr": "0x7fefbfc0000", 
                        "filepath": "C:\\Windows\\system32\\WINNSI.DLL"
                    }, 
                    {
                        "basename": "netutils.dll", 
                        "imgsize": 49152, 
                        "baseaddr": "0x7fefa790000", 
                        "filepath": "C:\\Windows\\system32\\netutils.dll"
                    }, 
                    {
                        "basename": "USERENV.dll", 
                        "imgsize": 122880, 
                        "baseaddr": "0x7fefc060000", 
                        "filepath": "C:\\Windows\\system32\\USERENV.dll"
                    }, 
                    {
                        "basename": "profapi.dll", 
                        "imgsize": 61440, 
                        "baseaddr": "0x7fefcd20000", 
                        "filepath": "C:\\Windows\\system32\\profapi.dll"
                    }, 
                    {
                        "basename": "wshtcpip.dll", 
                        "imgsize": 28672, 
                        "baseaddr": "0x7fefbed0000", 
                        "filepath": "C:\\Windows\\System32\\wshtcpip.dll"
                    }, 
                    {
                        "basename": "monitor-x64.dll", 
                        "imgsize": 2269184, 
                        "baseaddr": "0x744c0000", 
                        "filepath": "C:\\tmpql7zol\\bin\\monitor-x64.dll"
                    }
                ], 
                "time": 0, 
                "tid": 1760, 
                "first_seen": 1742631572.9375, 
                "ppid": 400, 
                "type": "process"
            }
        ], 
        "processtree": [
            {
                "track": false, 
                "pid": 508, 
                "process_name": "lsass.exe", 
                "command_line": "C:\\Windows\\system32\\lsass.exe", 
                "first_seen": 1742631572.9375, 
                "ppid": 400, 
                "children": []
            }
        ]
    }, 
    "debug": {
        "action": [], 
        "dbgview": [], 
        "errors": [], 
        "log": [
            "2025-03-22 07:19:32,015 [analyzer] DEBUG: Starting analyzer from: C:\\tmpql7zol\n", 
            "2025-03-22 07:19:32,015 [analyzer] DEBUG: Pipe server name: \\??\\PIPE\\tuxdHnQaNMoyhqYvcsqDTiIbKUg\n", 
            "2025-03-22 07:19:32,015 [analyzer] DEBUG: Log pipe server name: \\??\\PIPE\\pvUbqKXaNJKLWAhBehzqLBjBKSQdY\n", 
            "2025-03-22 07:19:32,171 [analyzer] DEBUG: Started auxiliary module DbgView\n", 
            "2025-03-22 07:19:32,655 [analyzer] DEBUG: Started auxiliary module Disguise\n", 
            "2025-03-22 07:19:33,000 [analyzer] DEBUG: Loaded monitor into process with pid 508\n", 
            "2025-03-22 07:19:33,000 [analyzer] DEBUG: Started auxiliary module DumpTLSMasterSecrets\n", 
            "2025-03-22 07:19:33,000 [analyzer] DEBUG: Started auxiliary module Human\n", 
            "2025-03-22 07:19:33,000 [analyzer] DEBUG: Started auxiliary module InstallCertificate\n", 
            "2025-03-22 07:19:33,000 [analyzer] DEBUG: Started auxiliary module Reboot\n", 
            "2025-03-22 07:19:33,140 [analyzer] DEBUG: Started auxiliary module RecentFiles\n", 
            "2025-03-22 07:19:33,140 [analyzer] DEBUG: Started auxiliary module Screenshots\n", 
            "2025-03-22 07:19:33,140 [analyzer] DEBUG: Started auxiliary module LoadZer0m0n\n", 
            "2025-03-22 07:19:33,140 [modules.auxiliary.screenshots] INFO: Python Image Library (either PIL or Pillow) is not installed, screenshots are disabled.\n", 
            "2025-03-22 07:19:33,217 [lib.api.process] ERROR: Failed to execute process from path u'C:\\\\Users\\\\ADMINI~1\\\\AppData\\\\Local\\\\Temp\\\\cmdl32.exe' with arguments ['bin\\\\inject-x86.exe', '--app', u'C:\\\\Users\\\\ADMINI~1\\\\AppData\\\\Local\\\\Temp\\\\cmdl32.exe', '--only-start', '--curdir', 'C:\\\\Users\\\\ADMINI~1\\\\AppData\\\\Local\\\\Temp'] (Error: Command '['bin\\\\inject-x86.exe', '--app', u'C:\\\\Users\\\\ADMINI~1\\\\AppData\\\\Local\\\\Temp\\\\cmdl32.exe', '--only-start', '--curdir', 'C:\\\\Users\\\\ADMINI~1\\\\AppData\\\\Local\\\\Temp']' returned non-zero exit status 1)\n"
        ], 
        "cuckoo": [
            "2025-03-22 07:21:25,648 [cuckoo.core.scheduler] INFO: Task #339: acquired machine 192.168.56.1011 (label=192.168.56.1011)\n", 
            "2025-03-22 07:21:25,649 [cuckoo.core.resultserver] DEBUG: Now tracking machine 192.168.56.101 for task #339\n", 
            "2025-03-22 07:21:25,649 [cuckoo.core.plugins] DEBUG: Started auxiliary module: Replay\n", 
            "2025-03-22 07:21:25,659 [cuckoo.auxiliary.sniffer] INFO: Started sniffer with PID 39292 (interface=vboxnet0, host=192.168.56.101)\n", 
            "2025-03-22 07:21:25,660 [cuckoo.core.plugins] DEBUG: Started auxiliary module: Sniffer\n", 
            "2025-03-22 07:21:25,734 [cuckoo.machinery.virtualbox] DEBUG: Starting vm 192.168.56.1011\n", 
            "2025-03-22 07:21:25,855 [cuckoo.machinery.virtualbox] DEBUG: Restoring virtual machine 192.168.56.1011 to its current snapshot\n", 
            "2025-03-22 07:21:27,930 [cuckoo.core.guest] INFO: Starting analysis #339 on guest (id=192.168.56.1011, ip=192.168.56.101)\n", 
            "2025-03-22 07:21:28,933 [cuckoo.core.guest] DEBUG: 192.168.56.1011: not ready yet\n", 
            "2025-03-22 07:21:29,936 [cuckoo.core.guest] DEBUG: 192.168.56.1011: not ready yet\n", 
            "2025-03-22 07:21:30,940 [cuckoo.core.guest] DEBUG: 192.168.56.1011: not ready yet\n", 
            "2025-03-22 07:21:30,952 [cuckoo.core.guest] INFO: Guest is running Cuckoo Agent 0.10 (id=192.168.56.1011, ip=192.168.56.101)\n", 
            "2025-03-22 07:21:31,033 [cuckoo.core.guest] DEBUG: Uploading analyzer to guest (id=192.168.56.1011, ip=192.168.56.101, monitor=latest, size=3884763)\n", 
            "2025-03-22 07:21:31,890 [cuckoo.core.resultserver] DEBUG: Task #339: live log analysis.log initialized.\n", 
            "2025-03-22 07:21:32,843 [cuckoo.core.resultserver] DEBUG: Task #339 is sending a BSON stream\n", 
            "2025-03-22 07:21:33,441 [cuckoo.core.guest] WARNING: 192.168.56.1011: analysis #339 caught an exception\n", 
            "Traceback (most recent call last):\n", 
            "  File \"C:/tmpql7zol/analyzer.py\", line 808, in <module>\n", 
            "    success = analyzer.run()\n", 
            "  File \"C:/tmpql7zol/analyzer.py\", line 657, in run\n", 
            "    pids = self.package.start(self.target)\n", 
            "  File \"C:\\tmpql7zol\\modules\\packages\\exe.py\", line 23, in start\n", 
            "    return self.execute(path, args=shlex.split(args))\n", 
            "  File \"C:\\tmpql7zol\\lib\\common\\abstracts.py\", line 166, in execute\n", 
            "    \"Unable to execute the initial process, analysis aborted.\"\n", 
            "CuckooPackageError: Unable to execute the initial process, analysis aborted.\n", 
            "\n", 
            "2025-03-22 07:21:33,447 [cuckoo.core.plugins] DEBUG: Stopped auxiliary module: Replay\n", 
            "2025-03-22 07:21:33,494 [cuckoo.core.plugins] DEBUG: Stopped auxiliary module: Sniffer\n", 
            "2025-03-22 07:21:41,638 [cuckoo.machinery.virtualbox] INFO: Successfully generated memory dump for virtual machine with label 192.168.56.1011 to path /home/tesst/.cuckoo/storage/analyses/339/memory.dmp\n", 
            "2025-03-22 07:21:41,639 [cuckoo.machinery.virtualbox] DEBUG: Stopping vm 192.168.56.1011\n", 
            "2025-03-22 07:21:42,982 [cuckoo.core.resultserver] DEBUG: Stopped tracking machine 192.168.56.101 for task #339\n", 
            "2025-03-22 07:21:42,982 [cuckoo.core.resultserver] DEBUG: Cancel <Context for LOG> for task 339\n", 
            "2025-03-22 07:21:42,986 [cuckoo.core.scheduler] DEBUG: Released database task #339\n", 
            "2025-03-22 07:21:43,007 [cuckoo.core.plugins] DEBUG: Executed processing module \"AnalysisInfo\" for task #339\n", 
            "2025-03-22 07:21:43,008 [cuckoo.core.plugins] DEBUG: Executed processing module \"BehaviorAnalysis\" for task #339\n", 
            "2025-03-22 07:21:43,008 [cuckoo.core.plugins] DEBUG: Executed processing module \"Dropped\" for task #339\n", 
            "2025-03-22 07:21:43,008 [cuckoo.core.plugins] DEBUG: Executed processing module \"DroppedBuffer\" for task #339\n", 
            "2025-03-22 07:21:43,009 [cuckoo.core.plugins] DEBUG: Executed processing module \"MetaInfo\" for task #339\n", 
            "2025-03-22 07:21:43,010 [cuckoo.core.plugins] DEBUG: Executed processing module \"ProcessMemory\" for task #339\n", 
            "2025-03-22 07:21:43,010 [cuckoo.core.plugins] DEBUG: Executed processing module \"Procmon\" for task #339\n", 
            "2025-03-22 07:21:43,010 [cuckoo.core.plugins] DEBUG: Executed processing module \"Screenshots\" for task #339\n", 
            "2025-03-22 07:21:43,200 [cuckoo.core.plugins] DEBUG: Executed processing module \"Static\" for task #339\n", 
            "2025-03-22 07:21:43,202 [cuckoo.core.plugins] DEBUG: Executed processing module \"Strings\" for task #339\n", 
            "2025-03-22 07:21:43,204 [cuckoo.cor"
        ]
    }, 
    "strings": [
        "!This program cannot be run in DOS mode.", 
        "`.data", 
        ".idata", 
        "@.rsrc", 
        "@.reloc", 
        "PBUPDATE.PBD", 
        "PBUPDATE.EXE", 
        "PBUPDATE.INF", 
        "PBUPDATE.VER", 
        "CFDIFileFile::~CFDIFileFile() destructor called while file still open.", 
        "CFDIFileFile::CreateFile() file is already open.", 
        "CFDIFileFile::CreateFile() CreateFile(pszFile=%s,dwDesiredAccess=%u,dwShareMode=%u)", 
        "CFDIFileFile::CreateFile() CreateFile() failed, GLE=%u.", 
        "CFDIFileFile::Read() ReadFile() failed, GLE=%u.", 
        "CFDIFileFile::Write() WriteFile() failed, GLE=%u.", 
        "CFDIFileFile::Seek() SetFilePointer() failed, GLE=%u.", 
        "CFDIFileFile::Close() CloseHandle() failed, GLE=%u.", 
        "fdi_open() - Passed file name is invalid.", 
        "fdi_open() new CFDIFileFile failed.", 
        "fdi_open() invalid read/write flags, oflag=%u.", 
        "fdi_open() GetTempPath2() failed, GLE=%u.", 
        "fdi_open() GetTempFileName() failed, GLE=%u.", 
        "fdi_notify() fdint=fdintCOPY_FILE, psz1=%s, cb=%u.", 
        "fdi_notify() szCabDir=%s+pszFile=%s exceeds MAX_PATH.", 
        "fdi_notify() - StringCchPrintf failed: 0x%x", 
        "fdi_notify(): Malloc(FILEPROCESSINFO) failed.", 
        "fdi_notify() new CFDIFileFile failed.", 
        "fdi_notify() - StringCchPrintf failed: 0x%x", 
        "fdi_notify() DosDateTimeToFileTime(%u,%u) failed, GLE=%u.", 
        "fdi_notify() LocalFileTimeToFileTime() failed, GLE=%u.", 
        "fdi_notify() SetFileTime() failed, GLE=%u.", 
        "fdi_notify() SetFileAttributes(%s,%u) failed, GLE=%u.", 
        "fdi_notify_scan() spanning cabinets is not supported.", 
        "fdi_notify_scan() fdint=%u.", 
        "Connection Manager", 
        "Version", 
        "SmallIcon", 
        "CMSFile", 
        "ServiceName", 
        "PBFile", 
        "RegionFile", 
        "EnableLogging", 
        "Logging", 
        "MaxFileSize", 
        "FileDirectory", 
        "Connection Manager Phonebook Access", 
        "%Temp%", 
        "CMDL32", 
        "IConnDwn Message", 
        "HideDelay", 
        "DownLoadDelay", 
        "PBUpdateMessage", 
        "DownloadHttpFile() aborted. Quitting on Line - %d.", 
        "DownloadFileHttp() InternetOpen() failed, GLE=%u.", 
        "DownloadFileHttp() WinHttpConnect(pszHostName=%s) failed, GLE=%u.", 
        "DownloadHttpFile() aborted. Could not allocate memory", 
        "DownloadFileHttp() StringCchCopyEx failed: 0x%x", 
        "DownloadFileHttp() StringCchCatEx failed: 0x%x", 
        "DownloadFileHttp() - HttpOpenRequest - %s", 
        "DownloadFileHttp() HttpOpenRequest() failed, GLE=%u.", 
        "DownloadFileHttp() HttpSendRequest() failed, GLE=%u.", 
        "DownloadFileHttp() WinHttpReceiveResponse() failed, GLE=%u.", 
        "DownloadFileHttp() WinHttpQueryDataAvailable failed, GLE=%u.", 
        "DownloadFileHttp() Could not allocate memory of size %d, GLE=%u.", 
        "DownloadFileHttp() WinHttpReadData() failed, GLE=%u.", 
        "DownloadFileHttp() WriteFile() failed, GLE=%u.", 
        "DownloadFileHttp() dwBytesRead=%u, dwBytesWritten=%u.", 
        "DownloadFileHttp() HttpQueryInfo() failed, GLE=%u.", 
        "DownloadFileHttp() HTTP status code = %u.", 
        "DownloadFile() quoting spaces will exceed buffer size.", 
        "DownloadFile() - StringCchCopyEx failed: 0x%x", 
        "DownloadFile() unhandled scheme (%u).", 
        "EventFunc() dwCompleted=%u, dwTotal=%u.", 
        "ProcessCabinet() FDICreate() failed, fError=%u, erfOper=%u, erfType=%u.", 
        "ProcessCabinet() FDIIsCabinet() failed, fError=%u, erfOper=%u, erfType=%u.", 
        "ProcessCabinet() FDICopy() failed, fError=%u, erfOper=%u, erfType=%u.", 
        "ProcessCabinet() FDIDestroy() failed.", 
        "ZapDir() FindFirstFile() failed, GLE=%u.", 
        "ZapDir() pszDir=%s+cFileName=%s exceeds %u.", 
        "ZapDir() SetFileAttributes(szTmp=%s) failed, GLE=%u.", 
        "ZapDir() DeleteFile(szTmp=%s) failed, GLE=%u.", 
        "ZapDir() FindNextFile() failed, GLE=%u.", 
        "ZapDir() FindClose() failed, GLE=%u.", 
        "ZapDir() RemoveDirectory(pszDir=%s) failed, GLE=%u.", 
        "DoInstall() PhoneBookLoad(pszCMSFile=%s) failed, GLE=%u.", 
        "DoInstall() - StringCchPrintf failed: 0x%x", 
        "DoInstall() PhoneBookMergeChanges() failed, GLE=%u.", 
        "DoInstall() PhoneBookUnload() failed, GLE=%u.", 
        "DoInstall() - StringCchPrintf failed: 0x%x", 
        "DoInstall() itPbkInCab, CopyFile() failed, GLE=%u.", 
        "DoInstall() itPbrInCab, CopyFile() failed, GLE=%u.", 
        "IsConnectionAlive() failed. Out of memory", 
        "InetThreadFunc() WaitForMultipleObjects() failed, GLE=%u.", 
        "InetThreadFunc() aborted. No connection", 
        "InetThreadFunc() aborted.", 
        "InetThreadFunc() GetTempPath2 failed, GLE=%u.", 
        "InetThreadFunc() GetTempFileName failed, GLE=%u.", 
        "InetThreadFunc() CreateFile(szFile=%s) failed, GLE=%u.", 
        "(none)", 
        "InetThreadFunc() no download success.", 
        "MainDlgProc() - WM_INITDIALOG.", 
        "MainDlgProc() CreateEvent() failed, GLE=%u.", 
        "MainDlgProc() CreateThread() failed, GLE=%u.", 
        "MainDlgProc -- Got WM_QUERYENDSESSION message", 
        "MainDlgProc -- Got WM_ENDSESSION message", 
        "Custom arg - %u received.", 
        "Setting FirstEventTime to %u.", 
        "HideDelay of %u expired, displaying dlg now.", 
        "AddToUrl() - StringCchCatEx failed: 0x%x", 
        "OSArch=%u&OSType=%u&LCID=%u&OSVer=%u.%u.%u&CMVer=%s", 
        "AddToUrl() - StringCchPrintfEx failed: 0x%x", 
        "&PBVer=%s", 
        "AddToUrl() - StringCchCat failed: 0x%x", 
        "&PB=%s", 
        "RefFunc() bad PBK FILE - no backslash.", 
        "Reffunc() bad PBK FILE - no dot.", 
        "Reffunc() out of memory.", 
        "RefFuc() - StringCchCopyEx failed: 0x%x", 
        "/no_delete", 
        "/no_install", 
        "/no_profile", 
        "/no_ver", 
        "InitArgs() invalid parameter.", 
        "InitArgs() URL expected after AF_URL flag.", 
        "InitArgs() argument number %u (%s) is invalid.", 
        "InitArgs() - StringCchCopy failed: 0x%x", 
        "InitArgs - /VPN flag detected going into VPN file download mode.", 
        "InitArgs() must use AF_NO_PROFILE if no profile given on command line.", 
        "InitArgs() can't give both a profile and a URL on the command line.", 
        "InitArgs() must give AF_URL on command line when AF_NO_PROFILE is given.", 
        "InitArgs() [Connection Manager] CMSFile= entry not found in %s.", 
        "InitArgs() - StringCchCat failed: 0x%x", 
        "InitArgs() [ISP Info] RegionFile= entry not found in %s.", 
        "InitArgs() bad PBKFILE - no backslash.", 
        "InitArgs() bad PBKFILE - no dot.", 
        "InitArgs() PhoneBookParseInfo() failed, GLE=%u.", 
        "Download delay is %u millisseconds.", 
        "Hide delay is %u milliseconds.", 
        "InitArgs() - StringCchCopyEx failed: 0x%x", 
        "InitApplication() GetClassInfoEx() failed, GLE=%u.", 
        "IConnDwn Class", 
        "InitApplication() RegisterClassEx() failed, GLE=%u.", 
        "InitInstance() RegisterWindowMessage() failed.", 
        "Shell32.dll", 
        "SHGetSpecialFolderPathA", 
        "SOFTWARE\\Microsoft\\Connection Manager\\UserInfo\\", 
        "SOFTWARE\\Microsoft\\Connection Manager\\SingleUserInfo\\", 
        "InitLogging - could not find servicename in .CMS file, exiting.", 
        "=====================================================", 
        " CMDL32.EXE - LOADING - Process ID is 0x%x ", 
        "WinMain - GetModuleHandle(NULL) returned 0x%x, GLE=%u.", 
        "WinMain() - DialogBoxParam(0x%x, 0x%x, NULL, MainDlgProc, 0x%x) - failed", 
        " CMDL32.EXE - UNLOADING - Process ID is 0x%x ", 
        "CleanUpCMDLArgs -- BEGIN", 
        "CleanUpCMDLArgs() WinHttpCloseHandle(asArgs.pdaArgs[%u].hReq) failed, GLE=%u.", 
        "CleanUpCMDLArgs() WinHttpCloseHandle(asArgs.pdaArgs[%u].hConn) failed, GLE=%u.", 
        "CleanUpCMDLArgs() WinHttpCloseHandle(asArgs.pdaArgs[%u].hInet) failed, GLE=%u.", 
        "CleanUpCMDLArgs() WaitForSingleObject() failed, GLE=%u.", 
        "CleanUpCMDLArgs() DeleteFile(asArgs[pdaArgs[%lu].szFile=%s) failed, GLE=%u.", 
        "WinMain() CloseHandle(asArgs.ahHandles[%u]) failed, GLE=%u.", 
        "CleanUpCMDLArgs -- END", 
        "TunnelFile", 
        "VPN Servers", 
        "Settings", 
        "UpdateUrl", 
        "DownloadVpnFileFromUrl: URL is %s", 
        "DownloadVpnFileFromUrl -- GetTempPath2 failed, GLE = %d", 
        "DownloadVpnFileFromUrl() aborted. Could not allocate memory", 
        "DownloadVpnFileFromUrl() StringCchCopyEx failed: 0x%x", 
        "DownloadVpnFileFromUrl() StringCchCatEx failed: 0x%x", 
        "DownloadVpnFileFromUrl -- WinHttpConnect Failed with Error %d", 
        "DownloadVpnFileFromUrl -- WinHttpSendRequest Failed with Error %d", 
        "DownloadVpnFileFromUrl -- WinHttpReceiveResponse Failed with Error %d", 
        "DownloadVpnFileFromUrl -- downloaded file does not seem to contain a VPN list.", 
        "DownloadVpnFileFromUrl -- WinHttpOpenRequest failed, GLE %d", 
        "DownloadVpnFileFromUrl -- WinHttpOpen failed, GLE %d", 
        "DownloadVpnFileFromUrl -- VPN file download failed!", 
        "DownloadVpnFileFromUrl -- VPN file download succeeded!", 
        "OverwriteVpnFileWithUpdate -- CopyFile of the original file to the backup file failed, GLE %d. Marking as non-fatal.", 
        "OverwriteVpnFileWithUpdate -- CopyFile of the new file over the original file failed, GLE %d", 
        "OverwriteVpnFileWithUpdate -- CopyFile to restore the saved backup file failed, GLE %d", 
        "OverwriteVpnFileWithUpdate -- VPN file update succeeded!", 
        "OverwriteVpnFileWithUpdate -- VPN file update failed.", 
        "UpdateVpnFileForProfile -- not connected ... aborting.", 
        "CNamedMutex::Lock() - Attempting to acquire mutex - %s", 
        "CNamedMutex::Lock() - Mutex already exists - %s", 
        "CNamedMutex::Lock() - Not waiting for mutex - %s", 
        "GetVersionFromFile() CreateFile() failed - %s.", 
        "GetVersionFromFile() Version file is too large - %s.", 
        "GetVersionFromFile() ReadFile() failed - %s.", 
        "GetVersionFromFile() CmMalloc(%u) failed.", 
        "CreateTempDir() GetTempPath2 failed, GLE=%u.", 
        "CreateTempDir() GetTempFileName failed, GLE=%u.", 
        "CreateTempDir() CreateDirectory() failed, GLE=%u.", 
        "CreateTempDir() - StringCchCopyEx failed: 0x%x", 
        "RTUTILS.DLL", 
        "TraceRegisterExA", 
        "TraceDeregisterExA", 
        "TracePrintfA", 
        "TracePrintfExA", 
        "TraceDumpExA", 
        "kernel32.dll", 
        "HeapSetInformation", 
        "StringCchCopyEx failed with error: 0x%x", 
        "cmdl32.pdb", 
        ".rdata$brc", 
        ".CRT$XCA", 
        ".CRT$XCAA", 
        ".CRT$XCZ", 
        ".CRT$XIA", 
        ".CRT$XIAA", 
        ".CRT$XIY", 
        ".CRT$XIZ", 
        ".gfids", 
        ".rdata", 
        ".rdata$sxdata", 
        ".rdata$voltmd", 
        ".rdata$zzzdbg", 
        ".text$mn", 
        ".xdata$x", 
        ".data$brc", 
        ".idata$5", 
        ".00cfg", 
        ".idata$2", 
        ".idata$3", 
        ".idata$4", 
        ".idata$6", 
        ".rsrc$01", 
        ".rsrc$02", 
        "QQQQQQ", 
        "u$j%Xf", 
        "t\"WhX\u001f@", 
        "rJhT @", 
        "t5hX @", 
        "PSh8!@", 
        "D$4PWj0", 
        "t$<+t$,", 
        "T$ +L$ +", 
        "D$,+D$$WPQVRS", 
        "D$LPh(", 
        "+FL;FPv&", 
        "tE8\u001ftAWh", 
        "/Ph\\$@", 
        "FD9^@u", 
        "F@9^Du", 
        "D$ Pje", 
        "t$(hH*@", 
        "YY9|$D", 
        "PWh0+@", 
        "PVhT,@", 
        "PSh0+@", 
        "PVhT,@", 
        "tCVVVj", 
        "QQQQQQP", 
        "2Whl2@", 
        "PSh8!@", 
        "y#Ph(4@", 
        "t}hd4@", 
        "thhx4@", 
        "RegOpenKeyExA", 
        "RegQueryValueExA", 
        "RegCloseKey", 
        "ADVAPI32.dll", 
        "ReadFile", 
        "SetLastError", 
        "WriteFile", 
        "SetFileTime", 
        "SetFilePointer", 
        "lstrlenA", 
        "LocalFileTimeToFileTime", 
        "GetTempPath2A", 
        "GetLastError", 
        "CreateFileA", 
        "CloseHandle", 
        "SetFileAttributesA", 
        "lstrcmpiA", 
        "GetTempFileNameA", 
        "DosDateTimeToFileTime", 
        "FindFirstFileA", 
        "lstrlenW", 
        "LoadLibraryExA", 
        "FindNextFileA", 
        "FindClose", 
        "WaitForSingleObject", 
        "lstrcmpA", 
        "GetModuleHandleA", 
        "SetCurrentDirectoryA", 
        "GetCommandLineA", 
        "CopyFileA", 
        "ConvertDefaultLocale", 
        "SetEvent", 
        "GetVersionExA", 
        "DeleteFileA", 
        "GetSystemInfo", 
        "WritePrivateProfileStringA", 
        "CreateThread", 
        "GetProcAddress", 
        "RemoveDirectoryA", 
        "GetCurrentProcessId", 
        "FreeLibrary", 
        "CreateEventA", 
        "GetPrivateProfileIntA", 
        "GetPrivateProfileStringA", 
        "GetTickCount", 
        "FlushFileBuffers", 
        "GetPrivateProfileSectionA", 
        "GlobalFree", 
        "CreateMutexA", 
        "ReleaseMutex", 
        "GetFileSize", 
        "CreateDirectoryA", 
        "KERNEL32.dll", 
        "RegisterClassExA", 
        "EnableMenuItem", 
        "KillTimer", 
        "SystemParametersInfoA", 
        "SetDlgItemTextA", 
        "SendDlgItemMessageA", 
        "SetFocus", 
        "MoveWindow", 
        "SetWindowTextA", 
        "GetWindowLongA", 
        "SetWindowLongA", 
        "GetDlgItemTextA", 
        "RegisterWindowMessageA", 
        "GetClassInfoExA", 
        "ShowWindow", 
        "DialogBoxParamA", 
        "GetSystemMetrics", 
        "EndDialog", 
        "PostMessageA", 
        "GetWindowRect", 
        "CharNextA", 
        "USER32.dll", 
        "_vsnprintf", 
        "_XcptFilter", 
        "__p__commode", 
        "_amsg_exit", 
        "__getmainargs", 
        "__set_app_type", 
        "_cexit", 
        "__p__fmode", 
        "_ismbblead", 
        "__setusermatherr", 
        "_initterm", 
        "_acmdln", 
        "msvcrt.dll", 
        "?terminate@@YAXXZ", 
        "_controlfp", 
        "_except_handler4_common", 
        "PhoneBookParseInfoA", 
        "PhoneBookMergeChanges", 
        "PhoneBookFreeFilter", 
        "PhoneBookLoad", 
        "PhoneBookUnload", 
        "cmpbk32.dll", 
        "CmMalloc", 
        "CmStrCpyAllocA", 
        "CmStrchrA", 
        "CmFree", 
        "CmRealloc", 
        "CmBuildFullPathFromRelativeA", 
        "?Log@CmLogFile@@QAAXW4_CMLOG_ITEM@@ZZ", 
        "?DeInit@CmLogFile@@QAEJXZ", 
        "?Stop@CmLogFile@@QAEJXZ", 
        "?Start@CmLogFile@@QAEJH@Z", 
        "?SetParams@CmLogFile@@QAEJHKPBD@Z", 
        "?Init@CmLogFile@@QAEJPAUHINSTANCE__@@HPBD@Z", 
        "??1CmLogFile@@QAE@XZ", 
        "??0CmLogFile@@QAE@XZ", 
        "CmLoadIconA", 
        "SzToWzWithAlloc", 
        "CmStrrchrA", 
        "WzToSzWithAlloc", 
        "CmFmtMsgA", 
        "CmLoadSmallIconA", 
        "CmCompareStringA", 
        "IsLogonAsSystem", 
        "CmStrCpyAllocW", 
        "cmutil.dll", 
        "COMCTL32.dll", 
        "Cabinet.dll", 
        "RasEnumConnectionsA", 
        "RASAPI32.dll", 
        "WinHttpQueryDataAvailable", 
        "WinHttpCrackUrl", 
        "WinHttpConnect", 
        "WinHttpSendRequest", 
        "WinHttpCloseHandle", 
        "WinHttpOpenRequest", 
        "WinHttpReadData", 
        "WinHttpQueryHeaders", 
        "WinHttpOpen", 
        "WinHttpReceiveResponse", 
        "WinHttpGetProxyForUrl", 
        "WinHttpGetIEProxyConfigForCurrentUser", 
        "WinHttpGetDefaultProxyConfiguration", 
        "WINHTTP.dll", 
        "GetStartupInfoW", 
        "UnhandledExceptionFilter", 
        "SetUnhandledExceptionFilter", 
        "GetCurrentProcess", 
        "TerminateProcess", 
        "GetModuleHandleW", 
        "QueryPerformanceCounter", 
        "GetCurrentThreadId", 
        "GetSystemTimeAsFileTime", 
        "GetProcessHeap", 
        "memset", 
        "<?xml version=\"1.0\" encoding=\"UTF-8\" standalone=\"yes\"?>", 
        "<!-- Copyright (c) Microsoft Corporation -->", 
        "<assembly xmlns=\"urn:schemas-microsoft-com:asm.v1\" manifestVersion=\"1.0\">", 
        "<assemblyIdentity", 
        "    version=\"5.1.0.0\"", 
        "    processorArchitecture=\"x86\"", 
        "    name=\"Microsoft.Windows.Net.cmdl32\"", 
        "    type=\"win32\"", 
        "<description>\"Connection Manager Phonebook Downloader\"</description>", 
        "<trustInfo xmlns=\"urn:schemas-microsoft-com:asm.v3\">", 
        "    <security>", 
        "        <requestedPrivileges>", 
        "            <requestedExecutionLevel", 
        "                level=\"asInvoker\"", 
        "                uiAccess=\"false\">", 
        "            </requestedExecutionLevel>", 
        "        </requestedPrivileges>", 
        "    </security>", 
        "</trustInfo>", 
        "</assembly>", 
        "0 0$0(0,0004080|0", 
        "8V9r9y9", 
        ":G:Q:W:]:", 
        ":*;4;:;@;z;", 
        "<1<7<M<", 
        "= =-=7===C=", 
        "?4?N?T?x?", 
        "040=0d0{0", 
        "121V1`1r1x1", 
        "2;2K2T2c2l2", 
        "434J4Y4_4", 
        "7&8w8c;", 
        "<\u001f</<5<P<l<~<", 
        "=+=1=t=", 
        "=%>/>J>", 
        "?B?k?y?", 
        "0A0G0W0b0h0}0", 
        "30464Y4", 
        "5 5%5*5/555\\5b5", 
        "6+616@6J6P6", 
        "7,727>7M7g7m7|7", 
        "8(8.8Z8d8q8w8", 
        ":+:B:L:X:^:d:", 
        ":&;4;:;K;W;y;", 
        ";?<K<Q<v<", 
        "?G?R?X?^?", 
        "+060E0", 
        "1&1G1v1", 
        "313K3U3w3", 
        "4-434S4]4c4", 
        "61666<6P6a6n6t6z6", 
        "7(777=7K7W7{7", 
        "8,8H8t8|8", 
        "9/9=9J9Q9", 
        ":D:e:j:", 
        ";Y;q;w;", 
        "=#=.=4=@=F=\\=h=n=", 
        ">K?Q?y?", 
        "0T0e0k0~0", 
        "1 1&1=1b1h1", 
        "2#2(2.2A2G2V2k2", 
        "3$3E3J3Q3^3}3", 
        "4\"4)484>4T4Y4_4r4x4", 
        "5'5Y5^5d5v5{5", 
        "5 6&6[6e6k6q6", 
        "6\"7(737:7U7", 
        "7'838Q8c8h8n8", 
        "9%989@9k9y9", 
        ":%:,:4:P:^:h:n:", 
        ";\u001f;.;8;F;a;g;v;};", 
        "< <'<-<a<k<q<", 
        "=0=F=P=X=^=", 
        ">\u001f>%>4>?>S>", 
        "?.?8???E?", 
        "=0W0l0v0", 
        "1G1W1a1", 
        "3 3.3=3L3", 
        "4&40484>4V4`4f4l4", 
        "5 5*5<5F5V5`5e5", 
        "7.7G7`7", 
        "7*83898j8s8", 
        "9'9D9j9", 
        ":$:,:2:H:P:X:^:m:v:", 
        ";(;2;=;H;P;Y;a;l;w;", 
        "<6<B<]<", 
        "= =&=,=Z=`=u=", 
        ">4>_>x>", 
        "?T?_?e?j?s?z?", 
        "0'01090@0K0]0i0x0", 
        "2#2)2A2F2L2Q2V2[2`2f2n2", 
        "3-333:3?3L3[3c3k3", 
        "40464@4F4O4T4", 
        "5\"5?5H5S5Z5r5x5~5", 
        "6-636>6D6P6`6i6", 
        "8/8M8a8g8*9H9W9`9i9~9", 
        "9R:W:m:", 
        "0 0(000", 
        "Microsoft Connection Manager", 
        "NMicrosoft(R) Connection Manager Vpn File Update", 
        "VS_VERSION_INFO", 
        "StringFileInfo", 
        "040904B0", 
        "CompanyName", 
        "Microsoft Corporation", 
        "FileDescription", 
        "Microsoft Connection Manager Auto-Download", 
        "FileVersion", 
        "7.2.22621.1 (WinBuild.160101.0800)", 
        "InternalName", 
        "CMDL32", 
        "LegalCopyright", 
        " Microsoft Corporation. All rights reserved.", 
        "OriginalFilename", 
        "CMDL32.EXE", 
        "ProductName", 
        "Microsoft(R) Connection Manager", 
        "ProductVersion", 
        "7.2.22621.1", 
        "VarFileInfo", 
        "Translation"
    ], 
    "metadata": {
        "output": {
            "pcap": {
                "basename": "dump.pcap", 
                "sha256": "9fb2763c41ee0c06963a86e20acb9c91bdc8037ca59d991f65d5f851c1415130", 
                "dirname": ""
            }
        }
    }
}