{
    "info": {
        "added": 1742627972.879681, 
        "started": 1742628149.854276, 
        "duration": 16, 
        "ended": 1742628165.977499, 
        "owner": null, 
        "score": 0.4, 
        "id": 342, 
        "category": "file", 
        "git": {
            "head": "13cbe0d9e457be3673304533043e992ead1ea9b2", 
            "fetch_head": "13cbe0d9e457be3673304533043e992ead1ea9b2"
        }, 
        "monitor": "2deb9ccd75d5a7a3fe05b2625b03a8639d6ee36b", 
        "package": "exe", 
        "route": "none", 
        "custom": null, 
        "machine": {
            "status": "stopped", 
            "name": "192.168.56.1011", 
            "label": "192.168.56.1011", 
            "manager": "VirtualBox", 
            "started_on": "2025-03-22 07:22:29", 
            "shutdown_on": "2025-03-22 07:22:45"
        }, 
        "platform": "windows", 
        "version": "2.0.7", 
        "options": "procmemdump=yes,route=none"
    }, 
    "signatures": [
        {
            "families": [], 
            "description": "This executable has a PDB path", 
            "severity": 1, 
            "ttp": {}, 
            "markcount": 1, 
            "references": [], 
            "marks": [
                {
                    "category": "pdb_path", 
                    "ioc": "cofire.pdb", 
                    "type": "ioc", 
                    "description": null
                }
            ], 
            "name": "has_pdb"
        }, 
        {
            "families": [], 
            "description": "The file contains an unknown PE resource name possibly indicative of a packer", 
            "severity": 1, 
            "ttp": {
                "T1045": {
                    "short": "Software Packing", 
                    "long": "Software packing is a method of compressing or encrypting an executable. Packing an executable changes the file signature in an attempt to avoid signature-based detection. Most decompression techniques decompress the executable code in memory."
                }
            }, 
            "markcount": 1, 
            "references": [], 
            "marks": [
                {
                    "category": "resource name", 
                    "ioc": "MUI", 
                    "type": "ioc", 
                    "description": null
                }
            ], 
            "name": "pe_unknown_resource_name"
        }
    ], 
    "target": {
        "category": "file", 
        "file": {
            "yara": [], 
            "sha1": "bb6558c57629bc0eddab412f982ad4cbecd64826", 
            "name": "cofire.exe", 
            "type": "PE32+ executable (console) x86-64, for MS Windows", 
            "sha256": "f940989914449c633272230a78c83fa587844971075734d6f10644aa5a354dcb", 
            "urls": [], 
            "crc32": "DC0D085C", 
            "path": "/home/tesst/.cuckoo/storage/binaries/f940989914449c633272230a78c83fa587844971075734d6f10644aa5a354dcb", 
            "ssdeep": null, 
            "size": 40960, 
            "sha512": "0c61ee12ebf6fcb1a4093857c8982de12223b390cde8c56dc64b18d88da4a91e53b9b1009905d56082cdea20d33c411f84a05cb1016977dde18a9d66e8b5b8d9", 
            "md5": "cefb8cdb524fc6d4da2bba5df695d551"
        }
    }, 
    "network": {
        "tls": [], 
        "udp": [
            {
                "src": "192.168.56.101", 
                "dst": "224.0.0.252", 
                "offset": 1214, 
                "time": 1.2782948017120361, 
                "dport": 5355, 
                "sport": 64614
            }, 
            {
                "src": "192.168.56.101", 
                "dst": "224.0.0.252", 
                "offset": 1534, 
                "time": 1.8319778442382812, 
                "dport": 5355, 
                "sport": 65517
            }, 
            {
                "src": "192.168.56.101", 
                "dst": "239.255.255.250", 
                "offset": 1698, 
                "time": 1.4621608257293701, 
                "dport": 1900, 
                "sport": 64617
            }
        ], 
        "dns_servers": [], 
        "http": [], 
        "icmp": [], 
        "smtp": [], 
        "tcp": [], 
        "smtp_ex": [], 
        "mitm": [], 
        "hosts": [], 
        "pcap_sha256": "c6c876278f1410465da1ac471eef7caf57937dee860c24a78fb81840c78e4d3a", 
        "dns": [], 
        "http_ex": [], 
        "domains": [], 
        "dead_hosts": [], 
        "sorted_pcap_sha256": "dce06a59c52487667b05d88f50f22de3dbc81d602481a62ae9c7de88a2385901", 
        "irc": [], 
        "https_ex": []
    }, 
    "static": {
        "pdb_path": "cofire.pdb", 
        "pe_imports": [
            {
                "imports": [
                    {
                        "name": "EventUnregister", 
                        "address": "0x140004150"
                    }, 
                    {
                        "name": "EventRegister", 
                        "address": "0x140004158"
                    }, 
                    {
                        "name": "EventWrite", 
                        "address": "0x140004160"
                    }, 
                    {
                        "name": "CheckTokenMembership", 
                        "address": "0x140004168"
                    }, 
                    {
                        "name": "FreeSid", 
                        "address": "0x140004170"
                    }, 
                    {
                        "name": "OpenProcessToken", 
                        "address": "0x140004178"
                    }, 
                    {
                        "name": "AllocateAndInitializeSid", 
                        "address": "0x140004180"
                    }, 
                    {
                        "name": "InitiateShutdownW", 
                        "address": "0x140004188"
                    }, 
                    {
                        "name": "AdjustTokenPrivileges", 
                        "address": "0x140004190"
                    }, 
                    {
                        "name": "LookupPrivilegeValueW", 
                        "address": "0x140004198"
                    }, 
                    {
                        "name": "RegQueryValueExW", 
                        "address": "0x1400041a0"
                    }, 
                    {
                        "name": "RegOpenKeyExW", 
                        "address": "0x1400041a8"
                    }, 
                    {
                        "name": "RegCloseKey", 
                        "address": "0x1400041b0"
                    }
                ], 
                "dll": "ADVAPI32.dll"
            }, 
            {
                "imports": [
                    {
                        "name": "GetLastError", 
                        "address": "0x1400041d0"
                    }, 
                    {
                        "name": "HeapSetInformation", 
                        "address": "0x1400041d8"
                    }, 
                    {
                        "name": "RegisterApplicationRestart", 
                        "address": "0x1400041e0"
                    }, 
                    {
                        "name": "FindFirstFileW", 
                        "address": "0x1400041e8"
                    }, 
                    {
                        "name": "HeapFree", 
                        "address": "0x1400041f0"
                    }, 
                    {
                        "name": "CreateMutexW", 
                        "address": "0x1400041f8"
                    }, 
                    {
                        "name": "FindClose", 
                        "address": "0x140004200"
                    }, 
                    {
                        "name": "OpenProcess", 
                        "address": "0x140004208"
                    }, 
                    {
                        "name": "FileTimeToSystemTime", 
                        "address": "0x140004210"
                    }, 
                    {
                        "name": "CloseHandle", 
                        "address": "0x140004218"
                    }, 
                    {
                        "name": "HeapAlloc", 
                        "address": "0x140004220"
                    }, 
                    {
                        "name": "GetTimeFormatW", 
                        "address": "0x140004228"
                    }, 
                    {
                        "name": "GetCurrentProcessId", 
                        "address": "0x140004230"
                    }, 
                    {
                        "name": "GetProcessHeap", 
                        "address": "0x140004238"
                    }, 
                    {
                        "name": "GetModuleHandleW", 
                        "address": "0x140004240"
                    }, 
                    {
                        "name": "GetSystemTimeAsFileTime", 
                        "address": "0x140004248"
                    }, 
                    {
                        "name": "GetDateFormatW", 
                        "address": "0x140004250"
                    }, 
                    {
                        "name": "Sleep", 
                        "address": "0x140004258"
                    }, 
                    {
                        "name": "SetUnhandledExceptionFilter", 
                        "address": "0x140004260"
                    }, 
                    {
                        "name": "WaitForSingleObject", 
                        "address": "0x140004268"
                    }, 
                    {
                        "name": "QueryPerformanceCounter", 
                        "address": "0x140004270"
                    }, 
                    {
                        "name": "GetCurrentThreadId", 
                        "address": "0x140004278"
                    }, 
                    {
                        "name": "GetTickCount", 
                        "address": "0x140004280"
                    }, 
                    {
                        "name": "UnhandledExceptionFilter", 
                        "address": "0x140004288"
                    }, 
                    {
                        "name": "GetCurrentProcess", 
                        "address": "0x140004290"
                    }, 
                    {
                        "name": "TerminateProcess", 
                        "address": "0x140004298"
                    }, 
                    {
                        "name": "GetThreadLocale", 
                        "address": "0x1400042a0"
                    }
                ], 
                "dll": "KERNEL32.dll"
            }, 
            {
                "imports": [
                    {
                        "name": "_vsnprintf", 
                        "address": "0x1400042e8"
                    }, 
                    {
                        "name": "_cexit", 
                        "address": "0x1400042f0"
                    }, 
                    {
                        "name": "_exit", 
                        "address": "0x1400042f8"
                    }, 
                    {
                        "name": "__set_app_type", 
                        "address": "0x140004300"
                    }, 
                    {
                        "name": "__wgetmainargs", 
                        "address": "0x140004308"
                    }, 
                    {
                        "name": "_amsg_exit", 
                        "address": "0x140004310"
                    }, 
                    {
                        "name": "_vsnwprintf", 
                        "address": "0x140004318"
                    }, 
                    {
                        "name": "__C_specific_handler", 
                        "address": "0x140004320"
                    }, 
                    {
                        "name": "?terminate@@YAXXZ", 
                        "address": "0x140004328"
                    }, 
                    {
                        "name": "_fmode", 
                        "address": "0x140004330"
                    }, 
                    {
                        "name": "_commode", 
                        "address": "0x140004338"
                    }, 
                    {
                        "name": "exit", 
                        "address": "0x140004340"
                    }, 
                    {
                        "name": "_initterm", 
                        "address": "0x140004348"
                    }, 
                    {
                        "name": "__setusermatherr", 
                        "address": "0x140004350"
                    }, 
                    {
                        "name": "_XcptFilter", 
                        "address": "0x140004358"
                    }, 
                    {
                        "name": "memset", 
                        "address": "0x140004360"
                    }
                ], 
                "dll": "msvcrt.dll"
            }, 
            {
                "imports": [
                    {
                        "name": "WinSqmAddToStream", 
                        "address": "0x140004370"
                    }, 
                    {
                        "name": "RtlCaptureContext", 
                        "address": "0x140004378"
                    }, 
                    {
                        "name": "RtlLookupFunctionEntry", 
                        "address": "0x140004380"
                    }, 
                    {
                        "name": "RtlVirtualUnwind", 
                        "address": "0x140004388"
                    }, 
                    {
                        "name": "DbgPrintEx", 
                        "address": "0x140004390"
                    }
                ], 
                "dll": "ntdll.dll"
            }, 
            {
                "imports": [
                    {
                        "name": "WdiResolve", 
                        "address": "0x1400043a0"
                    }, 
                    {
                        "name": "WdiGetResult", 
                        "address": "0x1400043a8"
                    }, 
                    {
                        "name": "WdiGetParameterByName", 
                        "address": "0x1400043b0"
                    }, 
                    {
                        "name": "WdiGetParameterDataLength", 
                        "address": "0x1400043b8"
                    }, 
                    {
                        "name": "WdiCreateInstance", 
                        "address": "0x1400043c0"
                    }, 
                    {
                        "name": "WdiGetParameterData", 
                        "address": "0x1400043c8"
                    }, 
                    {
                        "name": "WdiAddParameter", 
                        "address": "0x1400043d0"
                    }, 
                    {
                        "name": "WdiDiagnose", 
                        "address": "0x1400043d8"
                    }, 
                    {
                        "name": "WdiCloseInstance", 
                        "address": "0x1400043e0"
                    }
                ], 
                "dll": "wdi.dll"
            }, 
            {
                "imports": [
                    {
                        "name": null, 
                        "address": "0x1400041c0"
                    }
                ], 
                "dll": "COMCTL32.dll"
            }, 
            {
                "imports": [
                    {
                        "name": "LoadStringW", 
                        "address": "0x1400042b0"
                    }, 
                    {
                        "name": "MessageBoxW", 
                        "address": "0x1400042b8"
                    }
                ], 
                "dll": "USER32.dll"
            }, 
            {
                "imports": [
                    {
                        "name": "VerQueryValueW", 
                        "address": "0x1400042c8"
                    }, 
                    {
                        "name": "GetFileVersionInfoW", 
                        "address": "0x1400042d0"
                    }, 
                    {
                        "name": "GetFileVersionInfoSizeW", 
                        "address": "0x1400042d8"
                    }
                ], 
                "dll": "VERSION.dll"
            }
        ], 
        "peid_signatures": null, 
        "keys": [], 
        "signature": [], 
        "pe_timestamp": "2105-11-16 18:16:45", 
        "pe_exports": [], 
        "imported_dll_count": 8, 
        "pe_imphash": "49c319693a3f09328afcb91c7f2e2cbe", 
        "pe_resources": [
            {
                "name": "MUI", 
                "language": "LANG_ENGLISH", 
                "filetype": "data", 
                "sublanguage": "SUBLANG_ENGLISH_US", 
                "offset": "0x00008980", 
                "size": "0x000000c8"
            }, 
            {
                "name": "RT_VERSION", 
                "language": "LANG_ENGLISH", 
                "filetype": "data", 
                "sublanguage": "SUBLANG_ENGLISH_US", 
                "offset": "0x000085d0", 
                "size": "0x000003ac"
            }, 
            {
                "name": "RT_MANIFEST", 
                "language": "LANG_ENGLISH", 
                "filetype": "XML 1.0 document, ASCII text, with CRLF line terminators", 
                "sublanguage": "SUBLANG_ENGLISH_US", 
                "offset": "0x000080f0", 
                "size": "0x000004de"
            }
        ], 
        "pe_versioninfo": [
            {
                "name": "LegalCopyright", 
                "value": "\\xa9 Microsoft Corporation. All rights reserved."
            }, 
            {
                "name": "InternalName", 
                "value": "cofire.exe"
            }, 
            {
                "name": "FileVersion", 
                "value": "10.0.22621.1 (WinBuild.160101.0800)"
            }, 
            {
                "name": "CompanyName", 
                "value": "Microsoft Corporation"
            }, 
            {
                "name": "ProductName", 
                "value": "Microsoft\\xae Windows\\xae Operating System"
            }, 
            {
                "name": "ProductVersion", 
                "value": "10.0.22621.1"
            }, 
            {
                "name": "FileDescription", 
                "value": "Corrupted File Recovery Client"
            }, 
            {
                "name": "OriginalFilename", 
                "value": "cofire.exe"
            }, 
            {
                "name": "Translation", 
                "value": "0x0409 0x04b0"
            }
        ], 
        "pe_sections": [
            {
                "size_of_data": "0x00003000", 
                "virtual_address": "0x00001000", 
                "entropy": 5.824351039097509, 
                "name": ".text", 
                "virtual_size": "0x00002da0"
            }, 
            {
                "size_of_data": "0x00002000", 
                "virtual_address": "0x00004000", 
                "entropy": 4.250114594778433, 
                "name": ".rdata", 
                "virtual_size": "0x00001c0e"
            }, 
            {
                "size_of_data": "0x00001000", 
                "virtual_address": "0x00006000", 
                "entropy": 0.15171292549756427, 
                "name": ".data", 
                "virtual_size": "0x000006c0"
            }, 
            {
                "size_of_data": "0x00001000", 
                "virtual_address": "0x00007000", 
                "entropy": 0.6289971868582965, 
                "name": ".pdata", 
                "virtual_size": "0x000001bc"
            }, 
            {
                "size_of_data": "0x00001000", 
                "virtual_address": "0x00008000", 
                "entropy": 3.4144943302499215, 
                "name": ".rsrc", 
                "virtual_size": "0x00000a48"
            }, 
            {
                "size_of_data": "0x00001000", 
                "virtual_address": "0x00009000", 
                "entropy": 0.11112872077691013, 
                "name": ".reloc", 
                "virtual_size": "0x00000030"
            }
        ]
    }, 
    "behavior": {
        "generic": [
            {
                "process_path": "C:\\Windows\\System32\\lsass.exe", 
                "process_name": "lsass.exe", 
                "pid": 508, 
                "summary": {}, 
                "first_seen": 1742631573.03125, 
                "ppid": 400
            }
        ], 
        "processes": [
            {
                "process_path": "C:\\Windows\\System32\\lsass.exe", 
                "calls": [], 
                "track": false, 
                "pid": 508, 
                "process_name": "lsass.exe", 
                "command_line": "C:\\Windows\\system32\\lsass.exe", 
                "modules": [
                    {
                        "basename": "lsass.exe", 
                        "imgsize": 49152, 
                        "baseaddr": "0xffc70000", 
                        "filepath": "C:\\Windows\\system32\\lsass.exe"
                    }, 
                    {
                        "basename": "ntdll.dll", 
                        "imgsize": 1740800, 
                        "baseaddr": "0x76dd0000", 
                        "filepath": "C:\\Windows\\SYSTEM32\\ntdll.dll"
                    }, 
                    {
                        "basename": "kernel32.dll", 
                        "imgsize": 1175552, 
                        "baseaddr": "0x76bb0000", 
                        "filepath": "C:\\Windows\\system32\\kernel32.dll"
                    }, 
                    {
                        "basename": "KERNELBASE.dll", 
                        "imgsize": 438272, 
                        "baseaddr": "0x7fefcf80000", 
                        "filepath": "C:\\Windows\\system32\\KERNELBASE.dll"
                    }, 
                    {
                        "basename": "msvcrt.dll", 
                        "imgsize": 651264, 
                        "baseaddr": "0x7fefec80000", 
                        "filepath": "C:\\Windows\\system32\\msvcrt.dll"
                    }, 
                    {
                        "basename": "RPCRT4.dll", 
                        "imgsize": 1232896, 
                        "baseaddr": "0x7fefd2c0000", 
                        "filepath": "C:\\Windows\\system32\\RPCRT4.dll"
                    }, 
                    {
                        "basename": "SspiSrv.dll", 
                        "imgsize": 45056, 
                        "baseaddr": "0x7fefcb60000", 
                        "filepath": "C:\\Windows\\system32\\SspiSrv.dll"
                    }, 
                    {
                        "basename": "lsasrv.dll", 
                        "imgsize": 1470464, 
                        "baseaddr": "0x7fefc9e0000", 
                        "filepath": "C:\\Windows\\system32\\lsasrv.dll"
                    }, 
                    {
                        "basename": "sechost.dll", 
                        "imgsize": 126976, 
                        "baseaddr": "0x7fefea00000", 
                        "filepath": "C:\\Windows\\SYSTEM32\\sechost.dll"
                    }, 
                    {
                        "basename": "SspiCli.dll", 
                        "imgsize": 151552, 
                        "baseaddr": "0x7fefcb80000", 
                        "filepath": "C:\\Windows\\system32\\SspiCli.dll"
                    }, 
                    {
                        "basename": "ADVAPI32.dll", 
                        "imgsize": 897024, 
                        "baseaddr": "0x7fefd480000", 
                        "filepath": "C:\\Windows\\system32\\ADVAPI32.dll"
                    }, 
                    {
                        "basename": "USER32.dll", 
                        "imgsize": 1024000, 
                        "baseaddr": "0x76cd0000", 
                        "filepath": "C:\\Windows\\system32\\USER32.dll"
                    }, 
                    {
                        "basename": "GDI32.dll", 
                        "imgsize": 421888, 
                        "baseaddr": "0x7fefd560000", 
                        "filepath": "C:\\Windows\\system32\\GDI32.dll"
                    }, 
                    {
                        "basename": "LPK.dll", 
                        "imgsize": 57344, 
                        "baseaddr": "0x7fefd830000", 
                        "filepath": "C:\\Windows\\system32\\LPK.dll"
                    }, 
                    {
                        "basename": "USP10.dll", 
                        "imgsize": 823296, 
                        "baseaddr": "0x7feff010000", 
                        "filepath": "C:\\Windows\\system32\\USP10.dll"
                    }, 
                    {
                        "basename": "SAMSRV.dll", 
                        "imgsize": 774144, 
                        "baseaddr": "0x7fefc880000", 
                        "filepath": "C:\\Windows\\system32\\SAMSRV.dll"
                    }, 
                    {
                        "basename": "cryptdll.dll", 
                        "imgsize": 81920, 
                        "baseaddr": "0x7fefc860000", 
                        "filepath": "C:\\Windows\\system32\\cryptdll.dll"
                    }, 
                    {
                        "basename": "MSASN1.dll", 
                        "imgsize": 61440, 
                        "baseaddr": "0x7fefcdc0000", 
                        "filepath": "C:\\Windows\\system32\\MSASN1.dll"
                    }, 
                    {
                        "basename": "wevtapi.dll", 
                        "imgsize": 446464, 
                        "baseaddr": "0x7fefc7f0000", 
                        "filepath": "C:\\Windows\\system32\\wevtapi.dll"
                    }, 
                    {
                        "basename": "IMM32.DLL", 
                        "imgsize": 188416, 
                        "baseaddr": "0x7fefea20000", 
                        "filepath": "C:\\Windows\\system32\\IMM32.DLL"
                    }, 
                    {
                        "basename": "MSCTF.dll", 
                        "imgsize": 1085440, 
                        "baseaddr": "0x7fefed20000", 
                        "filepath": "C:\\Windows\\system32\\MSCTF.dll"
                    }, 
                    {
                        "basename": "cngaudit.dll", 
                        "imgsize": 36864, 
                        "baseaddr": "0x7fefc7b0000", 
                        "filepath": "C:\\Windows\\system32\\cngaudit.dll"
                    }, 
                    {
                        "basename": "AUTHZ.dll", 
                        "imgsize": 192512, 
                        "baseaddr": "0x7fefc780000", 
                        "filepath": "C:\\Windows\\system32\\AUTHZ.dll"
                    }, 
                    {
                        "basename": "ncrypt.dll", 
                        "imgsize": 319488, 
                        "baseaddr": "0x7fefc730000", 
                        "filepath": "C:\\Windows\\system32\\ncrypt.dll"
                    }, 
                    {
                        "basename": "bcrypt.dll", 
                        "imgsize": 139264, 
                        "baseaddr": "0x7fefc700000", 
                        "filepath": "C:\\Windows\\system32\\bcrypt.dll"
                    }, 
                    {
                        "basename": "msprivs.DLL", 
                        "imgsize": 8192, 
                        "baseaddr": "0x74af0000", 
                        "filepath": "C:\\Windows\\system32\\msprivs.DLL"
                    }, 
                    {
                        "basename": "netjoin.dll", 
                        "imgsize": 204800, 
                        "baseaddr": "0x7fefc6c0000", 
                        "filepath": "C:\\Windows\\system32\\netjoin.dll"
                    }, 
                    {
                        "basename": "negoexts.DLL", 
                        "imgsize": 147456, 
                        "baseaddr": "0x7fefc690000", 
                        "filepath": "C:\\Windows\\system32\\negoexts.DLL"
                    }, 
                    {
                        "basename": "Secur32.dll", 
                        "imgsize": 45056, 
                        "baseaddr": "0x7fefc9b0000", 
                        "filepath": "C:\\Windows\\system32\\Secur32.dll"
                    }, 
                    {
                        "basename": "cryptbase.dll", 
                        "imgsize": 61440, 
                        "baseaddr": "0x7fefcc50000", 
                        "filepath": "C:\\Windows\\system32\\cryptbase.dll"
                    }, 
                    {
                        "basename": "kerberos.DLL", 
                        "imgsize": 737280, 
                        "baseaddr": "0x7fefc5d0000", 
                        "filepath": "C:\\Windows\\system32\\kerberos.DLL"
                    }, 
                    {
                        "basename": "CRYPTSP.dll", 
                        "imgsize": 94208, 
                        "baseaddr": "0x7fefc5b0000", 
                        "filepath": "C:\\Windows\\system32\\CRYPTSP.dll"
                    }, 
                    {
                        "basename": "WS2_32.dll", 
                        "imgsize": 315392, 
                        "baseaddr": "0x7fefec30000", 
                        "filepath": "C:\\Windows\\system32\\WS2_32.dll"
                    }, 
                    {
                        "basename": "NSI.dll", 
                        "imgsize": 32768, 
                        "baseaddr": "0x7fefd3f0000", 
                        "filepath": "C:\\Windows\\system32\\NSI.dll"
                    }, 
                    {
                        "basename": "mswsock.dll", 
                        "imgsize": 348160, 
                        "baseaddr": "0x7fefc550000", 
                        "filepath": "C:\\Windows\\system32\\mswsock.dll"
                    }, 
                    {
                        "basename": "wship6.dll", 
                        "imgsize": 28672, 
                        "baseaddr": "0x7fefc540000", 
                        "filepath": "C:\\Windows\\System32\\wship6.dll"
                    }, 
                    {
                        "basename": "msv1_0.DLL", 
                        "imgsize": 331776, 
                        "baseaddr": "0x7fefc4e0000", 
                        "filepath": "C:\\Windows\\system32\\msv1_0.DLL"
                    }, 
                    {
                        "basename": "netlogon.DLL", 
                        "imgsize": 712704, 
                        "baseaddr": "0x7fefc430000", 
                        "filepath": "C:\\Windows\\system32\\netlogon.DLL"
                    }, 
                    {
                        "basename": "DNSAPI.dll", 
                        "imgsize": 372736, 
                        "baseaddr": "0x7fefc3d0000", 
                        "filepath": "C:\\Windows\\system32\\DNSAPI.dll"
                    }, 
                    {
                        "basename": "logoncli.dll", 
                        "imgsize": 196608, 
                        "baseaddr": "0x7fefc3a0000", 
                        "filepath": "C:\\Windows\\system32\\logoncli.dll"
                    }, 
                    {
                        "basename": "schannel.DLL", 
                        "imgsize": 356352, 
                        "baseaddr": "0x7fefc340000", 
                        "filepath": "C:\\Windows\\system32\\schannel.DLL"
                    }, 
                    {
                        "basename": "CRYPT32.dll", 
                        "imgsize": 1470464, 
                        "baseaddr": "0x7fefcdd0000", 
                        "filepath": "C:\\Windows\\system32\\CRYPT32.dll"
                    }, 
                    {
                        "basename": "wdigest.DLL", 
                        "imgsize": 221184, 
                        "baseaddr": "0x7fefc300000", 
                        "filepath": "C:\\Windows\\system32\\wdigest.DLL"
                    }, 
                    {
                        "basename": "rsaenh.dll", 
                        "imgsize": 290816, 
                        "baseaddr": "0x7fefc2b0000", 
                        "filepath": "C:\\Windows\\system32\\rsaenh.dll"
                    }, 
                    {
                        "basename": "tspkg.DLL", 
                        "imgsize": 98304, 
                        "baseaddr": "0x7fefc290000", 
                        "filepath": "C:\\Windows\\system32\\tspkg.DLL"
                    }, 
                    {
                        "basename": "pku2u.DLL", 
                        "imgsize": 282624, 
                        "baseaddr": "0x7fefc240000", 
                        "filepath": "C:\\Windows\\system32\\pku2u.DLL"
                    }, 
                    {
                        "basename": "bcryptprimitives.dll", 
                        "imgsize": 311296, 
                        "baseaddr": "0x7fefc1f0000", 
                        "filepath": "C:\\Windows\\system32\\bcryptprimitives.dll"
                    }, 
                    {
                        "basename": "RpcRtRemote.dll", 
                        "imgsize": 81920, 
                        "baseaddr": "0x7fefcd00000", 
                        "filepath": "C:\\Windows\\system32\\RpcRtRemote.dll"
                    }, 
                    {
                        "basename": "efslsaext.dll", 
                        "imgsize": 73728, 
                        "baseaddr": "0x7fefc1d0000", 
                        "filepath": "C:\\Windows\\system32\\efslsaext.dll"
                    }, 
                    {
                        "basename": "scecli.DLL", 
                        "imgsize": 253952, 
                        "baseaddr": "0x7fefc130000", 
                        "filepath": "C:\\Windows\\system32\\scecli.DLL"
                    }, 
                    {
                        "basename": "credssp.dll", 
                        "imgsize": 40960, 
                        "baseaddr": "0x7fefc1b0000", 
                        "filepath": "C:\\Windows\\system32\\credssp.dll"
                    }, 
                    {
                        "basename": "WINSTA.dll", 
                        "imgsize": 249856, 
                        "baseaddr": "0x7fefcc10000", 
                        "filepath": "C:\\Windows\\system32\\WINSTA.dll"
                    }, 
                    {
                        "basename": "IPHLPAPI.DLL", 
                        "imgsize": 159744, 
                        "baseaddr": "0x7fefbfd0000", 
                        "filepath": "C:\\Windows\\system32\\IPHLPAPI.DLL"
                    }, 
                    {
                        "basename": "WINNSI.DLL", 
                        "imgsize": 45056, 
                        "baseaddr": "0x7fefbfc0000", 
                        "filepath": "C:\\Windows\\system32\\WINNSI.DLL"
                    }, 
                    {
                        "basename": "netutils.dll", 
                        "imgsize": 49152, 
                        "baseaddr": "0x7fefa790000", 
                        "filepath": "C:\\Windows\\system32\\netutils.dll"
                    }, 
                    {
                        "basename": "USERENV.dll", 
                        "imgsize": 122880, 
                        "baseaddr": "0x7fefc060000", 
                        "filepath": "C:\\Windows\\system32\\USERENV.dll"
                    }, 
                    {
                        "basename": "profapi.dll", 
                        "imgsize": 61440, 
                        "baseaddr": "0x7fefcd20000", 
                        "filepath": "C:\\Windows\\system32\\profapi.dll"
                    }, 
                    {
                        "basename": "wshtcpip.dll", 
                        "imgsize": 28672, 
                        "baseaddr": "0x7fefbed0000", 
                        "filepath": "C:\\Windows\\System32\\wshtcpip.dll"
                    }, 
                    {
                        "basename": "monitor-x64.dll", 
                        "imgsize": 2269184, 
                        "baseaddr": "0x744c0000", 
                        "filepath": "C:\\tmpql7zol\\bin\\monitor-x64.dll"
                    }
                ], 
                "time": 0, 
                "tid": 1584, 
                "first_seen": 1742631573.03125, 
                "ppid": 400, 
                "type": "process"
            }
        ], 
        "processtree": [
            {
                "track": false, 
                "pid": 508, 
                "process_name": "lsass.exe", 
                "command_line": "C:\\Windows\\system32\\lsass.exe", 
                "first_seen": 1742631573.03125, 
                "ppid": 400, 
                "children": []
            }
        ]
    }, 
    "debug": {
        "action": [], 
        "dbgview": [], 
        "errors": [], 
        "log": [
            "2025-03-22 07:19:32,000 [analyzer] DEBUG: Starting analyzer from: C:\\tmpql7zol\n", 
            "2025-03-22 07:19:32,000 [analyzer] DEBUG: Pipe server name: \\??\\PIPE\\RSOzTNinJATscPmNSFxXmSA\n", 
            "2025-03-22 07:19:32,000 [analyzer] DEBUG: Log pipe server name: \\??\\PIPE\\IFpDKBfuMvzsnAgH\n", 
            "2025-03-22 07:19:32,171 [analyzer] DEBUG: Started auxiliary module DbgView\n", 
            "2025-03-22 07:19:32,717 [analyzer] DEBUG: Started auxiliary module Disguise\n", 
            "2025-03-22 07:19:33,092 [analyzer] DEBUG: Loaded monitor into process with pid 508\n", 
            "2025-03-22 07:19:33,092 [analyzer] DEBUG: Started auxiliary module DumpTLSMasterSecrets\n", 
            "2025-03-22 07:19:33,108 [analyzer] DEBUG: Started auxiliary module Human\n", 
            "2025-03-22 07:19:33,108 [analyzer] DEBUG: Started auxiliary module InstallCertificate\n", 
            "2025-03-22 07:19:33,108 [analyzer] DEBUG: Started auxiliary module Reboot\n", 
            "2025-03-22 07:19:33,312 [analyzer] DEBUG: Started auxiliary module RecentFiles\n", 
            "2025-03-22 07:19:33,312 [analyzer] DEBUG: Started auxiliary module Screenshots\n", 
            "2025-03-22 07:19:33,312 [analyzer] DEBUG: Started auxiliary module LoadZer0m0n\n", 
            "2025-03-22 07:19:33,312 [modules.auxiliary.screenshots] INFO: Python Image Library (either PIL or Pillow) is not installed, screenshots are disabled.\n", 
            "2025-03-22 07:19:33,358 [lib.api.process] ERROR: Failed to execute process from path u'C:\\\\Users\\\\ADMINI~1\\\\AppData\\\\Local\\\\Temp\\\\cofire.exe' with arguments ['bin\\\\inject-x64.exe', '--app', u'C:\\\\Users\\\\ADMINI~1\\\\AppData\\\\Local\\\\Temp\\\\cofire.exe', '--only-start', '--curdir', 'C:\\\\Users\\\\ADMINI~1\\\\AppData\\\\Local\\\\Temp'] (Error: Command '['bin\\\\inject-x64.exe', '--app', u'C:\\\\Users\\\\ADMINI~1\\\\AppData\\\\Local\\\\Temp\\\\cofire.exe', '--only-start', '--curdir', 'C:\\\\Users\\\\ADMINI~1\\\\AppData\\\\Local\\\\Temp']' returned non-zero exit status 1)\n"
        ], 
        "cuckoo": [
            "2025-03-22 07:22:29,885 [cuckoo.core.scheduler] INFO: Task #342: acquired machine 192.168.56.1011 (label=192.168.56.1011)\n", 
            "2025-03-22 07:22:29,885 [cuckoo.core.resultserver] DEBUG: Now tracking machine 192.168.56.101 for task #342\n", 
            "2025-03-22 07:22:29,886 [cuckoo.core.plugins] DEBUG: Started auxiliary module: Replay\n", 
            "2025-03-22 07:22:29,897 [cuckoo.auxiliary.sniffer] INFO: Started sniffer with PID 39750 (interface=vboxnet0, host=192.168.56.101)\n", 
            "2025-03-22 07:22:29,898 [cuckoo.core.plugins] DEBUG: Started auxiliary module: Sniffer\n", 
            "2025-03-22 07:22:29,922 [cuckoo.machinery.virtualbox] DEBUG: Starting vm 192.168.56.1011\n", 
            "2025-03-22 07:22:30,016 [cuckoo.machinery.virtualbox] DEBUG: Restoring virtual machine 192.168.56.1011 to its current snapshot\n", 
            "2025-03-22 07:22:32,149 [cuckoo.core.guest] INFO: Starting analysis #342 on guest (id=192.168.56.1011, ip=192.168.56.101)\n", 
            "2025-03-22 07:22:33,152 [cuckoo.core.guest] DEBUG: 192.168.56.1011: not ready yet\n", 
            "2025-03-22 07:22:34,155 [cuckoo.core.guest] DEBUG: 192.168.56.1011: not ready yet\n", 
            "2025-03-22 07:22:35,158 [cuckoo.core.guest] DEBUG: 192.168.56.1011: not ready yet\n", 
            "2025-03-22 07:22:35,167 [cuckoo.core.guest] INFO: Guest is running Cuckoo Agent 0.10 (id=192.168.56.1011, ip=192.168.56.101)\n", 
            "2025-03-22 07:22:35,211 [cuckoo.core.guest] DEBUG: Uploading analyzer to guest (id=192.168.56.1011, ip=192.168.56.101, monitor=latest, size=3884763)\n", 
            "2025-03-22 07:22:36,125 [cuckoo.core.resultserver] DEBUG: Task #342: live log analysis.log initialized.\n", 
            "2025-03-22 07:22:37,188 [cuckoo.core.resultserver] DEBUG: Task #342 is sending a BSON stream\n", 
            "2025-03-22 07:22:37,672 [cuckoo.core.guest] WARNING: 192.168.56.1011: analysis #342 caught an exception\n", 
            "Traceback (most recent call last):\n", 
            "  File \"C:/tmpql7zol/analyzer.py\", line 808, in <module>\n", 
            "    success = analyzer.run()\n", 
            "  File \"C:/tmpql7zol/analyzer.py\", line 657, in run\n", 
            "    pids = self.package.start(self.target)\n", 
            "  File \"C:\\tmpql7zol\\modules\\packages\\exe.py\", line 23, in start\n", 
            "    return self.execute(path, args=shlex.split(args))\n", 
            "  File \"C:\\tmpql7zol\\lib\\common\\abstracts.py\", line 166, in execute\n", 
            "    \"Unable to execute the initial process, analysis aborted.\"\n", 
            "CuckooPackageError: Unable to execute the initial process, analysis aborted.\n", 
            "\n", 
            "2025-03-22 07:22:37,677 [cuckoo.core.plugins] DEBUG: Stopped auxiliary module: Replay\n", 
            "2025-03-22 07:22:37,721 [cuckoo.core.plugins] DEBUG: Stopped auxiliary module: Sniffer\n", 
            "2025-03-22 07:22:44,426 [cuckoo.machinery.virtualbox] INFO: Successfully generated memory dump for virtual machine with label 192.168.56.1011 to path /home/tesst/.cuckoo/storage/analyses/342/memory.dmp\n", 
            "2025-03-22 07:22:44,427 [cuckoo.machinery.virtualbox] DEBUG: Stopping vm 192.168.56.1011\n", 
            "2025-03-22 07:22:45,965 [cuckoo.core.resultserver] DEBUG: Stopped tracking machine 192.168.56.101 for task #342\n", 
            "2025-03-22 07:22:45,966 [cuckoo.core.resultserver] DEBUG: Cancel <Context for LOG> for task 342\n", 
            "2025-03-22 07:22:45,970 [cuckoo.core.scheduler] DEBUG: Released database task #342\n", 
            "2025-03-22 07:22:45,984 [cuckoo.core.plugins] DEBUG: Executed processing module \"AnalysisInfo\" for task #342\n", 
            "2025-03-22 07:22:45,985 [cuckoo.core.plugins] DEBUG: Executed processing module \"BehaviorAnalysis\" for task #342\n", 
            "2025-03-22 07:22:45,985 [cuckoo.core.plugins] DEBUG: Executed processing module \"Dropped\" for task #342\n", 
            "2025-03-22 07:22:45,985 [cuckoo.core.plugins] DEBUG: Executed processing module \"DroppedBuffer\" for task #342\n", 
            "2025-03-22 07:22:45,986 [cuckoo.core.plugins] DEBUG: Executed processing module \"MetaInfo\" for task #342\n", 
            "2025-03-22 07:22:45,986 [cuckoo.core.plugins] DEBUG: Executed processing module \"ProcessMemory\" for task #342\n", 
            "2025-03-22 07:22:45,986 [cuckoo.core.plugins] DEBUG: Executed processing module \"Procmon\" for task #342\n", 
            "2025-03-22 07:22:45,986 [cuckoo.core.plugins] DEBUG: Executed processing module \"Screenshots\" for task #342\n", 
            "2025-03-22 07:22:46,273 [cuckoo.core.plugins] DEBUG: Executed processing module \"Static\" for task #342\n", 
            "2025-03-22 07:22:46,276 [cuckoo.core.plugins] DEBUG: Executed processing module \"Strings\" for task #342\n", 
            "2025-03-22 07:22:46,281 [cuckoo.cor"
        ]
    }, 
    "strings": [
        "!This program cannot be run in DOS mode.", 
        "`.rdata", 
        "@.data", 
        ".pdata", 
        "@.rsrc", 
        "@.reloc", 
        "q0R^G'", 
        "p0R^G'", 
        "q0R^G'", 
        "u*9Q<|%", 
        "LcA<E3", 
        " H3E H3E", 
        "D9D$@t", 
        "\\$ UVWATAUAVAWH", 
        "A_A^A]A\\_^]", 
        "\\$ UVWATAUAVAWH", 
        "L9d$xu", 
        "A_A^A]A\\_^]", 
        "x UAVAWH", 
        "L$ SVWAVH", 
        "(A^_^[", 
        "COFIRE ERROR: %s:%d - hr = 0x%08X", 
        "COFIRE WARNING: %s:%d - hr = 0x%08X", 
        "CfrpRepairFile", 
        "COFIRE: %ws caused %ws to crash.", 
        "CfrpProcessScenarioStatus", 
        "COFIRE: Resolution not found.", 
        "COFIRE: Resolution self.", 
        "COFIRE: Resolution completed.", 
        "COFIRE: Scenario failed.", 
        "COFIRE: Scenario disabled.", 
        "COFIRE: Resolution disabled.", 
        "COFIRE: Error: Unknown status.", 
        "CfrpGetResult", 
        "COFIRE: Cannot repair.", 
        "COFIRE: File skipped.", 
        "COFIRE: Throttled because of frequent invocation.", 
        "COFIRE: Throttled because repair is in process.", 
        "COFIRE: Throttled because of repeated invocation.", 
        "COFIRE: Check file integrity failed.", 
        "COFIRE: File not corrupted.", 
        "COFIRE: Repair failed.", 
        "COFIRE: Repair succeeded, reboot required.", 
        "COFIRE: Repair succeeded, no reboot required.", 
        "COFIRE: Repair succeeded, reboot required but skipped.", 
        "COFIRE: Repair succeeded, repaired silently.", 
        "COFIRE: Canceled.", 
        "COFIRE: Repair pended, reboot required.", 
        "COFIRE: COFIRE disabled.", 
        "COFIRE: Repair disabled.", 
        "COFIRE: Error: Unknown result.", 
        "@CfrpClientWriteEvent", 
        "CfrpClientWriteFailureEvent", 
        "CfrpShowRebootUI", 
        "CfrpGetExpandedInfo", 
        "CfrpLoadString", 
        "CfrpIsUISuppressed", 
        "CfrpMarkUIOn", 
        "CfrpReboot", 
        "CfrpShowRebootConfirmationUI", 
        "CfrpIsNonInteractive", 
        "CfrpGetGroupPolicySetting", 
        "CfrpGetRunCount", 
        "CfrpGetPathTail", 
        "CfrpAddToScenarioStream", 
        "cofire.pdb", 
        ".text$mn", 
        ".text$mn$00", 
        ".text$x", 
        ".rdata$brc", 
        ".idata$5", 
        ".00cfg", 
        ".CRT$XCA", 
        ".CRT$XCAA", 
        ".CRT$XCZ", 
        ".CRT$XIA", 
        ".CRT$XIAA", 
        ".CRT$XIY", 
        ".CRT$XIZ", 
        ".gehcont", 
        ".gfids", 
        ".rdata", 
        ".rdata$voltmd", 
        ".rdata$zzzdbg", 
        ".xdata", 
        ".idata$2", 
        ".idata$3", 
        ".idata$4", 
        ".idata$6", 
        ".pdata", 
        ".rsrc$01", 
        ".rsrc$02", 
        "EventUnregister", 
        "EventRegister", 
        "EventWrite", 
        "CheckTokenMembership", 
        "FreeSid", 
        "OpenProcessToken", 
        "AllocateAndInitializeSid", 
        "InitiateShutdownW", 
        "AdjustTokenPrivileges", 
        "LookupPrivilegeValueW", 
        "RegQueryValueExW", 
        "RegOpenKeyExW", 
        "RegCloseKey", 
        "ADVAPI32.dll", 
        "GetThreadLocale", 
        "WaitForSingleObject", 
        "GetLastError", 
        "HeapSetInformation", 
        "RegisterApplicationRestart", 
        "FindFirstFileW", 
        "HeapFree", 
        "CreateMutexW", 
        "FindClose", 
        "OpenProcess", 
        "FileTimeToSystemTime", 
        "CloseHandle", 
        "HeapAlloc", 
        "GetTimeFormatW", 
        "GetCurrentProcessId", 
        "GetProcessHeap", 
        "GetModuleHandleW", 
        "GetSystemTimeAsFileTime", 
        "GetDateFormatW", 
        "KERNEL32.dll", 
        "_vsnwprintf", 
        "_XcptFilter", 
        "_amsg_exit", 
        "__wgetmainargs", 
        "__set_app_type", 
        "_cexit", 
        "__setusermatherr", 
        "_initterm", 
        "__C_specific_handler", 
        "_fmode", 
        "_commode", 
        "msvcrt.dll", 
        "?terminate@@YAXXZ", 
        "WinSqmAddToStream", 
        "RtlCaptureContext", 
        "RtlLookupFunctionEntry", 
        "RtlVirtualUnwind", 
        "ntdll.dll", 
        "WdiResolve", 
        "WdiCloseInstance", 
        "WdiGetParameterByName", 
        "WdiGetResult", 
        "WdiGetParameterDataLength", 
        "WdiCreateInstance", 
        "WdiGetParameterData", 
        "WdiAddParameter", 
        "WdiDiagnose", 
        "wdi.dll", 
        "COMCTL32.dll", 
        "LoadStringW", 
        "MessageBoxW", 
        "USER32.dll", 
        "GetFileVersionInfoSizeW", 
        "VerQueryValueW", 
        "GetFileVersionInfoW", 
        "VERSION.dll", 
        "SetUnhandledExceptionFilter", 
        "QueryPerformanceCounter", 
        "GetCurrentThreadId", 
        "GetTickCount", 
        "UnhandledExceptionFilter", 
        "GetCurrentProcess", 
        "TerminateProcess", 
        "_vsnprintf", 
        "DbgPrintEx", 
        "memset", 
        "<?xml version=\"1.0\" encoding=\"UTF-8\" standalone=\"yes\"?>", 
        "<!-- Copyright (c) Microsoft Corporation -->", 
        "<assembly xmlns=\"urn:schemas-microsoft-com:asm.v1\" xmlns:asmv3=\"urn:schemas-microsoft-com:asm.v3\" manifestVersion=\"1.0\">", 
        "<assemblyIdentity", 
        "    version=\"1.0.0.0\"", 
        "    processorArchitecture=\"amd64\"", 
        "    name=\"Microsoft.Windows.CorruptedFileRecovery\"", 
        "    type=\"win32\"", 
        "<description>COFIRE Reboot Dialog</description>", 
        "<dependency>", 
        "   <dependentAssembly>", 
        "      <assemblyIdentity", 
        "           type=\"win32\"", 
        "           name=\"Microsoft.Windows.Common-Controls\" version=\"6.0.0.0\"", 
        "           language=\"*\"", 
        "           processorArchitecture=\"amd64\"", 
        "           publicKeyToken=\"6595b64144ccf1df\"", 
        "      />", 
        "   </dependentAssembly>", 
        "</dependency>", 
        "<trustInfo xmlns=\"urn:schemas-microsoft-com:asm.v3\">", 
        "    <security>", 
        "        <requestedPrivileges>", 
        "            <requestedExecutionLevel", 
        "                level=\"asInvoker\"", 
        "                uiAccess=\"false\"", 
        "            />", 
        "        </requestedPrivileges>", 
        "    </security>", 
        "</trustInfo>", 
        "<asmv3:application>", 
        "   <asmv3:windowsSettings xmlns=\"http://schemas.microsoft.com/SMI/2005/WindowsSettings\">", 
        "        <dpiAware>true</dpiAware>", 
        "   </asmv3:windowsSettings>", 
        "</asmv3:application>", 
        "</assembly>", 
        "FileName", 
        "AppName", 
        "Result", 
        "\\VarFileInfo\\Translation", 
        "\\StringFileInfo\\%04x%04x\\FileDescription", 
        "\\StringFileInfo\\%04x%04x\\ProductVersion", 
        "{4ae7cdb7-4608-4a6a-b8f1-55d7c500f2ef}", 
        "SeShutdownPrivilege", 
        "Software\\Policies\\Microsoft\\Windows\\WDI\\{8519d925-541e-4a2b-8b1e-8059d16082f2}", 
        "EnabledScenarioExecutionLevel", 
        "(null)", 
        "tSoftware\\Microsoft\\Windows NT\\CurrentVersion\\CorruptedFileRecovery", 
        "RunCount", 
        "VS_VERSION_INFO", 
        "StringFileInfo", 
        "040904B0", 
        "CompanyName", 
        "Microsoft Corporation", 
        "FileDescription", 
        "Corrupted File Recovery Client", 
        "FileVersion", 
        "10.0.22621.1 (WinBuild.160101.0800)", 
        "InternalName", 
        "cofire.exe", 
        "LegalCopyright", 
        " Microsoft Corporation. All rights reserved.", 
        "OriginalFilename", 
        "cofire.exe", 
        "ProductName", 
        "Microsoft", 
        " Windows", 
        " Operating System", 
        "ProductVersion", 
        "10.0.22621.1", 
        "VarFileInfo", 
        "Translation"
    ], 
    "metadata": {
        "output": {
            "pcap": {
                "basename": "dump.pcap", 
                "sha256": "c6c876278f1410465da1ac471eef7caf57937dee860c24a78fb81840c78e4d3a", 
                "dirname": ""
            }
        }
    }
}