{
    "info": {
        "added": 1742628470.599443, 
        "started": 1742628573.887248, 
        "duration": 16, 
        "ended": 1742628590.144365, 
        "owner": null, 
        "score": 0.2, 
        "id": 353, 
        "category": "file", 
        "git": {
            "head": "13cbe0d9e457be3673304533043e992ead1ea9b2", 
            "fetch_head": "13cbe0d9e457be3673304533043e992ead1ea9b2"
        }, 
        "monitor": "2deb9ccd75d5a7a3fe05b2625b03a8639d6ee36b", 
        "package": "exe", 
        "route": "none", 
        "custom": null, 
        "machine": {
            "status": "stopped", 
            "name": "192.168.56.1011", 
            "label": "192.168.56.1011", 
            "manager": "VirtualBox", 
            "started_on": "2025-03-22 07:29:33", 
            "shutdown_on": "2025-03-22 07:29:50"
        }, 
        "platform": "windows", 
        "version": "2.0.7", 
        "options": "procmemdump=yes,route=none"
    }, 
    "signatures": [
        {
            "families": [], 
            "description": "This executable has a PDB path", 
            "severity": 1, 
            "ttp": {}, 
            "markcount": 1, 
            "references": [], 
            "marks": [
                {
                    "category": "pdb_path", 
                    "ioc": "convert.pdb", 
                    "type": "ioc", 
                    "description": null
                }
            ], 
            "name": "has_pdb"
        }
    ], 
    "target": {
        "category": "file", 
        "file": {
            "yara": [], 
            "sha1": "8b51ecea0433ca2574ff439164bdc7eaa70c3418", 
            "name": "convert.exe", 
            "type": "PE32 executable (console) Intel 80386, for MS Windows", 
            "sha256": "634aad5b2a6002c47e79cbf0af13e4255ffd7a61b243e4cc61c979bf7f922d31", 
            "urls": [], 
            "crc32": "B72799AA", 
            "path": "/home/tesst/.cuckoo/storage/binaries/634aad5b2a6002c47e79cbf0af13e4255ffd7a61b243e4cc61c979bf7f922d31", 
            "ssdeep": null, 
            "size": 18944, 
            "sha512": "d4cb1a9343ae6c86b5695ace1e59d3f6e0ae80e9011339d38e3439d385db8ca140140888af747cb624c1976a55c2b503dafed74b5e60f2f05b3e676730e84d4b", 
            "md5": "7057b1c7bb08cfb2285a3674d3ab3b64"
        }
    }, 
    "network": {
        "tls": [], 
        "udp": [
            {
                "src": "192.168.56.101", 
                "dst": "224.0.0.252", 
                "offset": 1214, 
                "time": 1.285768985748291, 
                "dport": 5355, 
                "sport": 64614
            }, 
            {
                "src": "192.168.56.101", 
                "dst": "224.0.0.252", 
                "offset": 1534, 
                "time": 1.6074810028076172, 
                "dport": 5355, 
                "sport": 65517
            }, 
            {
                "src": "192.168.56.101", 
                "dst": "239.255.255.250", 
                "offset": 1862, 
                "time": 1.4670588970184326, 
                "dport": 1900, 
                "sport": 64617
            }
        ], 
        "dns_servers": [], 
        "http": [], 
        "icmp": [], 
        "smtp": [], 
        "tcp": [], 
        "smtp_ex": [], 
        "mitm": [], 
        "hosts": [], 
        "pcap_sha256": "07773e38601b2a209ffbcb9b0aaee4c0575c5fad86a8be6858feb6c57116e799", 
        "dns": [], 
        "http_ex": [], 
        "domains": [], 
        "dead_hosts": [], 
        "sorted_pcap_sha256": "276fc4c9e238ba0919c13feb3ea41b8cfd0a443753208ec77a8209a267d6c4b4", 
        "irc": [], 
        "https_ex": []
    }, 
    "static": {
        "pdb_path": "convert.pdb", 
        "pe_imports": [
            {
                "imports": [
                    {
                        "name": "SetUnhandledExceptionFilter", 
                        "address": "0x40501c"
                    }, 
                    {
                        "name": "HeapSetInformation", 
                        "address": "0x405020"
                    }, 
                    {
                        "name": "SetErrorMode", 
                        "address": "0x405024"
                    }, 
                    {
                        "name": "CompareStringW", 
                        "address": "0x405028"
                    }, 
                    {
                        "name": "Sleep", 
                        "address": "0x40502c"
                    }, 
                    {
                        "name": "GetModuleHandleW", 
                        "address": "0x405030"
                    }
                ], 
                "dll": "KERNEL32.dll"
            }, 
            {
                "imports": [
                    {
                        "name": "?Initialize@CLASS_DESCRIPTOR@@QAEEPBD@Z", 
                        "address": "0x405090"
                    }, 
                    {
                        "name": "??0CLASS_DESCRIPTOR@@QAE@XZ", 
                        "address": "0x405094"
                    }, 
                    {
                        "name": "?AnalyzePath@PATH@@QAE?AW4PATH_ANALYZE_CODE@@PAVWSTRING@@PAV1@0@Z", 
                        "address": "0x405098"
                    }, 
                    {
                        "name": "?IsGuidVolName@PATH@@QAEEXZ", 
                        "address": "0x40509c"
                    }, 
                    {
                        "name": "?AppendBase@PATH@@QAEEPBVWSTRING@@E@Z", 
                        "address": "0x4050a0"
                    }, 
                    {
                        "name": "??1PATH@@UAE@XZ", 
                        "address": "0x4050a4"
                    }, 
                    {
                        "name": "?Initialize@PATH@@QAEEPBVWSTRING@@E@Z", 
                        "address": "0x4050a8"
                    }, 
                    {
                        "name": "??0PATH@@QAE@XZ", 
                        "address": "0x4050ac"
                    }, 
                    {
                        "name": "?QueryFile@SYSTEM@@SGPAVFSN_FILE@@PBVPATH@@EPAE@Z", 
                        "address": "0x4050b0"
                    }, 
                    {
                        "name": "?Strcat@WSTRING@@QAEEPBV1@@Z", 
                        "address": "0x4050b4"
                    }, 
                    {
                        "name": "?Initialize@WSTRING@@QAEEPBV1@KK@Z", 
                        "address": "0x4050b8"
                    }, 
                    {
                        "name": "?Initialize@WSTRING@@QAEEPBGK@Z", 
                        "address": "0x4050bc"
                    }, 
                    {
                        "name": "?Initialize@WSTRING@@QAEEPBDK@Z", 
                        "address": "0x4050c0"
                    }, 
                    {
                        "name": "??8WSTRING@@QBEEABV0@@Z", 
                        "address": "0x4050c4"
                    }, 
                    {
                        "name": "?Strupr@WSTRING@@QAEPAV1@XZ", 
                        "address": "0x4050c8"
                    }, 
                    {
                        "name": "?Initialize@PROGRAM@@QAEEKKK@Z", 
                        "address": "0x4050cc"
                    }, 
                    {
                        "name": "?GetStandardInput@PROGRAM@@UAEPAVSTREAM@@XZ", 
                        "address": "0x4050d0"
                    }, 
                    {
                        "name": "?QueryCurrentDosDriveName@SYSTEM@@SGEPAVWSTRING@@@Z", 
                        "address": "0x4050d4"
                    }, 
                    {
                        "name": "?QueryDriveType@SYSTEM@@SG?AW4DRIVE_TYPE@@PBVWSTRING@@@Z", 
                        "address": "0x4050d8"
                    }, 
                    {
                        "name": "?QueryVolumeLabel@SYSTEM@@SGPAVWSTRING@@PAVPATH@@PAU_VOL_SERIAL_NUMBER@@@Z", 
                        "address": "0x4050dc"
                    }, 
                    {
                        "name": "?QueryLibraryEntryPoint@SYSTEM@@SGP6GHXZPBVWSTRING@@0PAPAX@Z", 
                        "address": "0x4050e0"
                    }, 
                    {
                        "name": "?FreeLibraryHandle@SYSTEM@@SGXPAX@Z", 
                        "address": "0x4050e4"
                    }, 
                    {
                        "name": "?QueryWindowsErrorMessage@SYSTEM@@SGEKPAVWSTRING@@@Z", 
                        "address": "0x4050e8"
                    }, 
                    {
                        "name": "??0FLAG_ARGUMENT@@QAE@XZ", 
                        "address": "0x4050ec"
                    }, 
                    {
                        "name": "?Initialize@FLAG_ARGUMENT@@QAEEPAD@Z", 
                        "address": "0x4050f0"
                    }, 
                    {
                        "name": "??0ARRAY@@QAE@XZ", 
                        "address": "0x4050f4"
                    }, 
                    {
                        "name": "??1ARRAY@@UAE@XZ", 
                        "address": "0x4050f8"
                    }, 
                    {
                        "name": "?Initialize@ARRAY@@QAEEKK@Z", 
                        "address": "0x4050fc"
                    }, 
                    {
                        "name": "?Put@ARRAY@@UAEEPAVOBJECT@@@Z", 
                        "address": "0x405100"
                    }, 
                    {
                        "name": "??0DSTRING@@QAE@XZ", 
                        "address": "0x405104"
                    }, 
                    {
                        "name": "??1PROGRAM@@UAE@XZ", 
                        "address": "0x405108"
                    }, 
                    {
                        "name": "?DisplayMessage@PROGRAM@@UBAEKW4MESSAGE_TYPE@@PADZZ", 
                        "address": "0x40510c"
                    }, 
                    {
                        "name": "?DisplayMessage@PROGRAM@@UBEEKW4MESSAGE_TYPE@@@Z", 
                        "address": "0x405110"
                    }, 
                    {
                        "name": "?Fatal@PROGRAM@@UBEXXZ", 
                        "address": "0x405114"
                    }, 
                    {
                        "name": "?Fatal@PROGRAM@@UBAXKKPADZZ", 
                        "address": "0x405118"
                    }, 
                    {
                        "name": "?GetStandardOutput@PROGRAM@@UAEPAVSTREAM@@XZ", 
                        "address": "0x40511c"
                    }, 
                    {
                        "name": "?GetStandardError@PROGRAM@@UAEPAVSTREAM@@XZ", 
                        "address": "0x405120"
                    }, 
                    {
                        "name": "?Usage@PROGRAM@@UBEXXZ", 
                        "address": "0x405124"
                    }, 
                    {
                        "name": "?ValidateVersion@PROGRAM@@UBEXKK@Z", 
                        "address": "0x405128"
                    }, 
                    {
                        "name": "??0PROGRAM@@IAE@XZ", 
                        "address": "0x40512c"
                    }, 
                    {
                        "name": "??0STRING_ARGUMENT@@QAE@XZ", 
                        "address": "0x405130"
                    }, 
                    {
                        "name": "??1STRING_ARGUMENT@@UAE@XZ", 
                        "address": "0x405134"
                    }, 
                    {
                        "name": "?Initialize@STRING_ARGUMENT@@QAEEPAD@Z", 
                        "address": "0x405138"
                    }, 
                    {
                        "name": "??0ARGUMENT_LEXEMIZER@@QAE@XZ", 
                        "address": "0x40513c"
                    }, 
                    {
                        "name": "??1ARGUMENT_LEXEMIZER@@UAE@XZ", 
                        "address": "0x405140"
                    }, 
                    {
                        "name": "?Initialize@ARGUMENT_LEXEMIZER@@QAEEPAVARRAY@@@Z", 
                        "address": "0x405144"
                    }, 
                    {
                        "name": "?DoParsing@ARGUMENT_LEXEMIZER@@QAEEPAVARRAY@@@Z", 
                        "address": "0x405148"
                    }, 
                    {
                        "name": "?QueryInvalidArgument@ARGUMENT_LEXEMIZER@@QAEPAVWSTRING@@XZ", 
                        "address": "0x40514c"
                    }, 
                    {
                        "name": "?PrepareToParse@ARGUMENT_LEXEMIZER@@QAEEPAVWSTRING@@@Z", 
                        "address": "0x405150"
                    }, 
                    {
                        "name": "?SetCaseSensitive@ARGUMENT_LEXEMIZER@@QAEXE@Z", 
                        "address": "0x405154"
                    }, 
                    {
                        "name": "??1OBJECT@@UAE@XZ", 
                        "address": "0x405158"
                    }, 
                    {
                        "name": "?Compare@OBJECT@@UBEJPBV1@@Z", 
                        "address": "0x40515c"
                    }, 
                    {
                        "name": "?DebugDump@OBJECT@@UBEXE@Z", 
                        "address": "0x405160"
                    }, 
                    {
                        "name": "?IsValueSet@ARGUMENT@@QAEEXZ", 
                        "address": "0x405164"
                    }, 
                    {
                        "name": "?Stricmp@WSTRING@@QBEJPBV1@@Z", 
                        "address": "0x405168"
                    }, 
                    {
                        "name": "?QuerySystemDirectory@SYSTEM@@SGPAVPATH@@XZ", 
                        "address": "0x40516c"
                    }, 
                    {
                        "name": "??1DSTRING@@UAE@XZ", 
                        "address": "0x405170"
                    }
                ], 
                "dll": "ulib.dll"
            }, 
            {
                "imports": [
                    {
                        "name": "?DeleteEntry@AUTOREG@@SGEPBVWSTRING@@0@Z", 
                        "address": "0x405000"
                    }, 
                    {
                        "name": "?AddEntry@AUTOREG@@SGEPBVWSTRING@@@Z", 
                        "address": "0x405004"
                    }, 
                    {
                        "name": "?GenerateLabelNotification@SUPERAREA@@SGJPBVWSTRING@@PAV2@PAU_FILE_FS_SIZE_INFORMATION@@PAU_FILE_FS_VOLUME_INFORMATION@@@Z", 
                        "address": "0x405008"
                    }, 
                    {
                        "name": "?IsArcSystemPartition@IFS_SYSTEM@@SGEPBVWSTRING@@PAE@Z", 
                        "address": "0x40500c"
                    }, 
                    {
                        "name": "?QueryFileSystemName@IFS_SYSTEM@@SGEPBVWSTRING@@PAV2@PAJ1@Z", 
                        "address": "0x405010"
                    }, 
                    {
                        "name": "?DosDriveNameToNtDriveName@IFS_SYSTEM@@SGEPBVWSTRING@@PAV2@@Z", 
                        "address": "0x405014"
                    }
                ], 
                "dll": "IfsUtil.dll"
            }, 
            {
                "imports": [
                    {
                        "name": "NtTerminateProcess", 
                        "address": "0x40507c"
                    }, 
                    {
                        "name": "RtlFreeHeap", 
                        "address": "0x405080"
                    }, 
                    {
                        "name": "RtlAllocateHeap", 
                        "address": "0x405084"
                    }, 
                    {
                        "name": "RtlUnhandledExceptionFilter", 
                        "address": "0x405088"
                    }
                ], 
                "dll": "ntdll.dll"
            }, 
            {
                "imports": [
                    {
                        "name": "SceConfigureConvertedFileSecurity", 
                        "address": "0x405038"
                    }
                ], 
                "dll": "SCECLI.dll"
            }, 
            {
                "imports": [
                    {
                        "name": "_except_handler4_common", 
                        "address": "0x405040"
                    }, 
                    {
                        "name": "_controlfp", 
                        "address": "0x405044"
                    }, 
                    {
                        "name": "?terminate@@YAXXZ", 
                        "address": "0x405048"
                    }, 
                    {
                        "name": "_initterm", 
                        "address": "0x40504c"
                    }, 
                    {
                        "name": "__setusermatherr", 
                        "address": "0x405050"
                    }, 
                    {
                        "name": "__p__fmode", 
                        "address": "0x405054"
                    }, 
                    {
                        "name": "_exit", 
                        "address": "0x405058"
                    }, 
                    {
                        "name": "exit", 
                        "address": "0x40505c"
                    }, 
                    {
                        "name": "__set_app_type", 
                        "address": "0x405060"
                    }, 
                    {
                        "name": "__getmainargs", 
                        "address": "0x405064"
                    }, 
                    {
                        "name": "_amsg_exit", 
                        "address": "0x405068"
                    }, 
                    {
                        "name": "__p__commode", 
                        "address": "0x40506c"
                    }, 
                    {
                        "name": "_XcptFilter", 
                        "address": "0x405070"
                    }, 
                    {
                        "name": "_cexit", 
                        "address": "0x405074"
                    }
                ], 
                "dll": "msvcrt.dll"
            }
        ], 
        "peid_signatures": null, 
        "keys": [], 
        "signature": [], 
        "pe_timestamp": "2001-07-16 13:37:59", 
        "pe_exports": [], 
        "imported_dll_count": 6, 
        "pe_imphash": "4075bd8c3d5493a1502e6d9bcbd30110", 
        "pe_resources": [
            {
                "name": "RT_VERSION", 
                "language": "LANG_ENGLISH", 
                "filetype": "data", 
                "sublanguage": "SUBLANG_ENGLISH_US", 
                "offset": "0x00006350", 
                "size": "0x000003a4"
            }, 
            {
                "name": "RT_MANIFEST", 
                "language": "LANG_ENGLISH", 
                "filetype": "XML 1.0 document, ASCII text, with CRLF line terminators", 
                "sublanguage": "SUBLANG_ENGLISH_US", 
                "offset": "0x000060a0", 
                "size": "0x000002af"
            }
        ], 
        "pe_versioninfo": [
            {
                "name": "LegalCopyright", 
                "value": "\\xa9 Microsoft Corporation. All rights reserved."
            }, 
            {
                "name": "InternalName", 
                "value": "convert"
            }, 
            {
                "name": "FileVersion", 
                "value": "10.0.22621.1 (WinBuild.160101.0800)"
            }, 
            {
                "name": "CompanyName", 
                "value": "Microsoft Corporation"
            }, 
            {
                "name": "ProductName", 
                "value": "Microsoft\\xae Windows\\xae Operating System"
            }, 
            {
                "name": "ProductVersion", 
                "value": "10.0.22621.1"
            }, 
            {
                "name": "FileDescription", 
                "value": "File System Conversion Utility"
            }, 
            {
                "name": "OriginalFilename", 
                "value": "CONVERT.EXE"
            }, 
            {
                "name": "Translation", 
                "value": "0x0409 0x04b0"
            }
        ], 
        "pe_sections": [
            {
                "size_of_data": "0x00002800", 
                "virtual_address": "0x00001000", 
                "entropy": 5.670322822006181, 
                "name": ".text", 
                "virtual_size": "0x00002694"
            }, 
            {
                "size_of_data": "0x00000200", 
                "virtual_address": "0x00004000", 
                "entropy": 0.1833387916558982, 
                "name": ".data", 
                "virtual_size": "0x000003e0"
            }, 
            {
                "size_of_data": "0x00001000", 
                "virtual_address": "0x00005000", 
                "entropy": 5.356334923259908, 
                "name": ".idata", 
                "virtual_size": "0x00000f88"
            }, 
            {
                "size_of_data": "0x00000800", 
                "virtual_address": "0x00006000", 
                "entropy": 4.014444786938723, 
                "name": ".rsrc", 
                "virtual_size": "0x000006f8"
            }, 
            {
                "size_of_data": "0x00000400", 
                "virtual_address": "0x00007000", 
                "entropy": 6.401235678315831, 
                "name": ".reloc", 
                "virtual_size": "0x000003bc"
            }
        ]
    }, 
    "behavior": {
        "generic": [
            {
                "process_path": "C:\\Windows\\System32\\lsass.exe", 
                "process_name": "lsass.exe", 
                "pid": 508, 
                "summary": {}, 
                "first_seen": 1742632071.015625, 
                "ppid": 400
            }
        ], 
        "processes": [
            {
                "process_path": "C:\\Windows\\System32\\lsass.exe", 
                "calls": [], 
                "track": false, 
                "pid": 508, 
                "process_name": "lsass.exe", 
                "command_line": "C:\\Windows\\system32\\lsass.exe", 
                "modules": [
                    {
                        "basename": "lsass.exe", 
                        "imgsize": 49152, 
                        "baseaddr": "0xffc70000", 
                        "filepath": "C:\\Windows\\system32\\lsass.exe"
                    }, 
                    {
                        "basename": "ntdll.dll", 
                        "imgsize": 1740800, 
                        "baseaddr": "0x76dd0000", 
                        "filepath": "C:\\Windows\\SYSTEM32\\ntdll.dll"
                    }, 
                    {
                        "basename": "kernel32.dll", 
                        "imgsize": 1175552, 
                        "baseaddr": "0x76bb0000", 
                        "filepath": "C:\\Windows\\system32\\kernel32.dll"
                    }, 
                    {
                        "basename": "KERNELBASE.dll", 
                        "imgsize": 438272, 
                        "baseaddr": "0x7fefcf80000", 
                        "filepath": "C:\\Windows\\system32\\KERNELBASE.dll"
                    }, 
                    {
                        "basename": "msvcrt.dll", 
                        "imgsize": 651264, 
                        "baseaddr": "0x7fefec80000", 
                        "filepath": "C:\\Windows\\system32\\msvcrt.dll"
                    }, 
                    {
                        "basename": "RPCRT4.dll", 
                        "imgsize": 1232896, 
                        "baseaddr": "0x7fefd2c0000", 
                        "filepath": "C:\\Windows\\system32\\RPCRT4.dll"
                    }, 
                    {
                        "basename": "SspiSrv.dll", 
                        "imgsize": 45056, 
                        "baseaddr": "0x7fefcb60000", 
                        "filepath": "C:\\Windows\\system32\\SspiSrv.dll"
                    }, 
                    {
                        "basename": "lsasrv.dll", 
                        "imgsize": 1470464, 
                        "baseaddr": "0x7fefc9e0000", 
                        "filepath": "C:\\Windows\\system32\\lsasrv.dll"
                    }, 
                    {
                        "basename": "sechost.dll", 
                        "imgsize": 126976, 
                        "baseaddr": "0x7fefea00000", 
                        "filepath": "C:\\Windows\\SYSTEM32\\sechost.dll"
                    }, 
                    {
                        "basename": "SspiCli.dll", 
                        "imgsize": 151552, 
                        "baseaddr": "0x7fefcb80000", 
                        "filepath": "C:\\Windows\\system32\\SspiCli.dll"
                    }, 
                    {
                        "basename": "ADVAPI32.dll", 
                        "imgsize": 897024, 
                        "baseaddr": "0x7fefd480000", 
                        "filepath": "C:\\Windows\\system32\\ADVAPI32.dll"
                    }, 
                    {
                        "basename": "USER32.dll", 
                        "imgsize": 1024000, 
                        "baseaddr": "0x76cd0000", 
                        "filepath": "C:\\Windows\\system32\\USER32.dll"
                    }, 
                    {
                        "basename": "GDI32.dll", 
                        "imgsize": 421888, 
                        "baseaddr": "0x7fefd560000", 
                        "filepath": "C:\\Windows\\system32\\GDI32.dll"
                    }, 
                    {
                        "basename": "LPK.dll", 
                        "imgsize": 57344, 
                        "baseaddr": "0x7fefd830000", 
                        "filepath": "C:\\Windows\\system32\\LPK.dll"
                    }, 
                    {
                        "basename": "USP10.dll", 
                        "imgsize": 823296, 
                        "baseaddr": "0x7feff010000", 
                        "filepath": "C:\\Windows\\system32\\USP10.dll"
                    }, 
                    {
                        "basename": "SAMSRV.dll", 
                        "imgsize": 774144, 
                        "baseaddr": "0x7fefc880000", 
                        "filepath": "C:\\Windows\\system32\\SAMSRV.dll"
                    }, 
                    {
                        "basename": "cryptdll.dll", 
                        "imgsize": 81920, 
                        "baseaddr": "0x7fefc860000", 
                        "filepath": "C:\\Windows\\system32\\cryptdll.dll"
                    }, 
                    {
                        "basename": "MSASN1.dll", 
                        "imgsize": 61440, 
                        "baseaddr": "0x7fefcdc0000", 
                        "filepath": "C:\\Windows\\system32\\MSASN1.dll"
                    }, 
                    {
                        "basename": "wevtapi.dll", 
                        "imgsize": 446464, 
                        "baseaddr": "0x7fefc7f0000", 
                        "filepath": "C:\\Windows\\system32\\wevtapi.dll"
                    }, 
                    {
                        "basename": "IMM32.DLL", 
                        "imgsize": 188416, 
                        "baseaddr": "0x7fefea20000", 
                        "filepath": "C:\\Windows\\system32\\IMM32.DLL"
                    }, 
                    {
                        "basename": "MSCTF.dll", 
                        "imgsize": 1085440, 
                        "baseaddr": "0x7fefed20000", 
                        "filepath": "C:\\Windows\\system32\\MSCTF.dll"
                    }, 
                    {
                        "basename": "cngaudit.dll", 
                        "imgsize": 36864, 
                        "baseaddr": "0x7fefc7b0000", 
                        "filepath": "C:\\Windows\\system32\\cngaudit.dll"
                    }, 
                    {
                        "basename": "AUTHZ.dll", 
                        "imgsize": 192512, 
                        "baseaddr": "0x7fefc780000", 
                        "filepath": "C:\\Windows\\system32\\AUTHZ.dll"
                    }, 
                    {
                        "basename": "ncrypt.dll", 
                        "imgsize": 319488, 
                        "baseaddr": "0x7fefc730000", 
                        "filepath": "C:\\Windows\\system32\\ncrypt.dll"
                    }, 
                    {
                        "basename": "bcrypt.dll", 
                        "imgsize": 139264, 
                        "baseaddr": "0x7fefc700000", 
                        "filepath": "C:\\Windows\\system32\\bcrypt.dll"
                    }, 
                    {
                        "basename": "msprivs.DLL", 
                        "imgsize": 8192, 
                        "baseaddr": "0x74af0000", 
                        "filepath": "C:\\Windows\\system32\\msprivs.DLL"
                    }, 
                    {
                        "basename": "netjoin.dll", 
                        "imgsize": 204800, 
                        "baseaddr": "0x7fefc6c0000", 
                        "filepath": "C:\\Windows\\system32\\netjoin.dll"
                    }, 
                    {
                        "basename": "negoexts.DLL", 
                        "imgsize": 147456, 
                        "baseaddr": "0x7fefc690000", 
                        "filepath": "C:\\Windows\\system32\\negoexts.DLL"
                    }, 
                    {
                        "basename": "Secur32.dll", 
                        "imgsize": 45056, 
                        "baseaddr": "0x7fefc9b0000", 
                        "filepath": "C:\\Windows\\system32\\Secur32.dll"
                    }, 
                    {
                        "basename": "cryptbase.dll", 
                        "imgsize": 61440, 
                        "baseaddr": "0x7fefcc50000", 
                        "filepath": "C:\\Windows\\system32\\cryptbase.dll"
                    }, 
                    {
                        "basename": "kerberos.DLL", 
                        "imgsize": 737280, 
                        "baseaddr": "0x7fefc5d0000", 
                        "filepath": "C:\\Windows\\system32\\kerberos.DLL"
                    }, 
                    {
                        "basename": "CRYPTSP.dll", 
                        "imgsize": 94208, 
                        "baseaddr": "0x7fefc5b0000", 
                        "filepath": "C:\\Windows\\system32\\CRYPTSP.dll"
                    }, 
                    {
                        "basename": "WS2_32.dll", 
                        "imgsize": 315392, 
                        "baseaddr": "0x7fefec30000", 
                        "filepath": "C:\\Windows\\system32\\WS2_32.dll"
                    }, 
                    {
                        "basename": "NSI.dll", 
                        "imgsize": 32768, 
                        "baseaddr": "0x7fefd3f0000", 
                        "filepath": "C:\\Windows\\system32\\NSI.dll"
                    }, 
                    {
                        "basename": "mswsock.dll", 
                        "imgsize": 348160, 
                        "baseaddr": "0x7fefc550000", 
                        "filepath": "C:\\Windows\\system32\\mswsock.dll"
                    }, 
                    {
                        "basename": "wship6.dll", 
                        "imgsize": 28672, 
                        "baseaddr": "0x7fefc540000", 
                        "filepath": "C:\\Windows\\System32\\wship6.dll"
                    }, 
                    {
                        "basename": "msv1_0.DLL", 
                        "imgsize": 331776, 
                        "baseaddr": "0x7fefc4e0000", 
                        "filepath": "C:\\Windows\\system32\\msv1_0.DLL"
                    }, 
                    {
                        "basename": "netlogon.DLL", 
                        "imgsize": 712704, 
                        "baseaddr": "0x7fefc430000", 
                        "filepath": "C:\\Windows\\system32\\netlogon.DLL"
                    }, 
                    {
                        "basename": "DNSAPI.dll", 
                        "imgsize": 372736, 
                        "baseaddr": "0x7fefc3d0000", 
                        "filepath": "C:\\Windows\\system32\\DNSAPI.dll"
                    }, 
                    {
                        "basename": "logoncli.dll", 
                        "imgsize": 196608, 
                        "baseaddr": "0x7fefc3a0000", 
                        "filepath": "C:\\Windows\\system32\\logoncli.dll"
                    }, 
                    {
                        "basename": "schannel.DLL", 
                        "imgsize": 356352, 
                        "baseaddr": "0x7fefc340000", 
                        "filepath": "C:\\Windows\\system32\\schannel.DLL"
                    }, 
                    {
                        "basename": "CRYPT32.dll", 
                        "imgsize": 1470464, 
                        "baseaddr": "0x7fefcdd0000", 
                        "filepath": "C:\\Windows\\system32\\CRYPT32.dll"
                    }, 
                    {
                        "basename": "wdigest.DLL", 
                        "imgsize": 221184, 
                        "baseaddr": "0x7fefc300000", 
                        "filepath": "C:\\Windows\\system32\\wdigest.DLL"
                    }, 
                    {
                        "basename": "rsaenh.dll", 
                        "imgsize": 290816, 
                        "baseaddr": "0x7fefc2b0000", 
                        "filepath": "C:\\Windows\\system32\\rsaenh.dll"
                    }, 
                    {
                        "basename": "tspkg.DLL", 
                        "imgsize": 98304, 
                        "baseaddr": "0x7fefc290000", 
                        "filepath": "C:\\Windows\\system32\\tspkg.DLL"
                    }, 
                    {
                        "basename": "pku2u.DLL", 
                        "imgsize": 282624, 
                        "baseaddr": "0x7fefc240000", 
                        "filepath": "C:\\Windows\\system32\\pku2u.DLL"
                    }, 
                    {
                        "basename": "bcryptprimitives.dll", 
                        "imgsize": 311296, 
                        "baseaddr": "0x7fefc1f0000", 
                        "filepath": "C:\\Windows\\system32\\bcryptprimitives.dll"
                    }, 
                    {
                        "basename": "RpcRtRemote.dll", 
                        "imgsize": 81920, 
                        "baseaddr": "0x7fefcd00000", 
                        "filepath": "C:\\Windows\\system32\\RpcRtRemote.dll"
                    }, 
                    {
                        "basename": "efslsaext.dll", 
                        "imgsize": 73728, 
                        "baseaddr": "0x7fefc1d0000", 
                        "filepath": "C:\\Windows\\system32\\efslsaext.dll"
                    }, 
                    {
                        "basename": "scecli.DLL", 
                        "imgsize": 253952, 
                        "baseaddr": "0x7fefc130000", 
                        "filepath": "C:\\Windows\\system32\\scecli.DLL"
                    }, 
                    {
                        "basename": "credssp.dll", 
                        "imgsize": 40960, 
                        "baseaddr": "0x7fefc1b0000", 
                        "filepath": "C:\\Windows\\system32\\credssp.dll"
                    }, 
                    {
                        "basename": "WINSTA.dll", 
                        "imgsize": 249856, 
                        "baseaddr": "0x7fefcc10000", 
                        "filepath": "C:\\Windows\\system32\\WINSTA.dll"
                    }, 
                    {
                        "basename": "IPHLPAPI.DLL", 
                        "imgsize": 159744, 
                        "baseaddr": "0x7fefbfd0000", 
                        "filepath": "C:\\Windows\\system32\\IPHLPAPI.DLL"
                    }, 
                    {
                        "basename": "WINNSI.DLL", 
                        "imgsize": 45056, 
                        "baseaddr": "0x7fefbfc0000", 
                        "filepath": "C:\\Windows\\system32\\WINNSI.DLL"
                    }, 
                    {
                        "basename": "netutils.dll", 
                        "imgsize": 49152, 
                        "baseaddr": "0x7fefa790000", 
                        "filepath": "C:\\Windows\\system32\\netutils.dll"
                    }, 
                    {
                        "basename": "USERENV.dll", 
                        "imgsize": 122880, 
                        "baseaddr": "0x7fefc060000", 
                        "filepath": "C:\\Windows\\system32\\USERENV.dll"
                    }, 
                    {
                        "basename": "profapi.dll", 
                        "imgsize": 61440, 
                        "baseaddr": "0x7fefcd20000", 
                        "filepath": "C:\\Windows\\system32\\profapi.dll"
                    }, 
                    {
                        "basename": "wshtcpip.dll", 
                        "imgsize": 28672, 
                        "baseaddr": "0x7fefbed0000", 
                        "filepath": "C:\\Windows\\System32\\wshtcpip.dll"
                    }, 
                    {
                        "basename": "monitor-x64.dll", 
                        "imgsize": 2269184, 
                        "baseaddr": "0x744c0000", 
                        "filepath": "C:\\tmpql7zol\\bin\\monitor-x64.dll"
                    }
                ], 
                "time": 0, 
                "tid": 1144, 
                "first_seen": 1742632071.015625, 
                "ppid": 400, 
                "type": "process"
            }
        ], 
        "processtree": [
            {
                "track": false, 
                "pid": 508, 
                "process_name": "lsass.exe", 
                "command_line": "C:\\Windows\\system32\\lsass.exe", 
                "first_seen": 1742632071.015625, 
                "ppid": 400, 
                "children": []
            }
        ]
    }, 
    "debug": {
        "action": [], 
        "dbgview": [], 
        "errors": [], 
        "log": [
            "2025-03-22 07:27:50,000 [analyzer] DEBUG: Starting analyzer from: C:\\tmpql7zol\n", 
            "2025-03-22 07:27:50,000 [analyzer] DEBUG: Pipe server name: \\??\\PIPE\\kHJmQFcCIBqMLYrMg\n", 
            "2025-03-22 07:27:50,015 [analyzer] DEBUG: Log pipe server name: \\??\\PIPE\\JOjAGvaXZWMclpmsUIAMMQ\n", 
            "2025-03-22 07:27:50,296 [analyzer] DEBUG: Started auxiliary module DbgView\n", 
            "2025-03-22 07:27:50,812 [analyzer] DEBUG: Started auxiliary module Disguise\n", 
            "2025-03-22 07:27:51,078 [analyzer] DEBUG: Loaded monitor into process with pid 508\n", 
            "2025-03-22 07:27:51,078 [analyzer] DEBUG: Started auxiliary module DumpTLSMasterSecrets\n", 
            "2025-03-22 07:27:51,092 [analyzer] DEBUG: Started auxiliary module Human\n", 
            "2025-03-22 07:27:51,092 [analyzer] DEBUG: Started auxiliary module InstallCertificate\n", 
            "2025-03-22 07:27:51,092 [analyzer] DEBUG: Started auxiliary module Reboot\n", 
            "2025-03-22 07:27:51,312 [analyzer] DEBUG: Started auxiliary module RecentFiles\n", 
            "2025-03-22 07:27:51,312 [analyzer] DEBUG: Started auxiliary module Screenshots\n", 
            "2025-03-22 07:27:51,312 [analyzer] DEBUG: Started auxiliary module LoadZer0m0n\n", 
            "2025-03-22 07:27:51,312 [modules.auxiliary.screenshots] INFO: Python Image Library (either PIL or Pillow) is not installed, screenshots are disabled.\n", 
            "2025-03-22 07:27:51,375 [lib.api.process] ERROR: Failed to execute process from path u'C:\\\\Users\\\\ADMINI~1\\\\AppData\\\\Local\\\\Temp\\\\convert.exe' with arguments ['bin\\\\inject-x86.exe', '--app', u'C:\\\\Users\\\\ADMINI~1\\\\AppData\\\\Local\\\\Temp\\\\convert.exe', '--only-start', '--curdir', 'C:\\\\Users\\\\ADMINI~1\\\\AppData\\\\Local\\\\Temp'] (Error: Command '['bin\\\\inject-x86.exe', '--app', u'C:\\\\Users\\\\ADMINI~1\\\\AppData\\\\Local\\\\Temp\\\\convert.exe', '--only-start', '--curdir', 'C:\\\\Users\\\\ADMINI~1\\\\AppData\\\\Local\\\\Temp']' returned non-zero exit status 1)\n"
        ], 
        "cuckoo": [
            "2025-03-22 07:29:33,918 [cuckoo.core.scheduler] INFO: Task #353: acquired machine 192.168.56.1011 (label=192.168.56.1011)\n", 
            "2025-03-22 07:29:33,918 [cuckoo.core.resultserver] DEBUG: Now tracking machine 192.168.56.101 for task #353\n", 
            "2025-03-22 07:29:33,919 [cuckoo.core.plugins] DEBUG: Started auxiliary module: Replay\n", 
            "2025-03-22 07:29:33,930 [cuckoo.auxiliary.sniffer] INFO: Started sniffer with PID 42469 (interface=vboxnet0, host=192.168.56.101)\n", 
            "2025-03-22 07:29:33,930 [cuckoo.core.plugins] DEBUG: Started auxiliary module: Sniffer\n", 
            "2025-03-22 07:29:33,954 [cuckoo.machinery.virtualbox] DEBUG: Starting vm 192.168.56.1011\n", 
            "2025-03-22 07:29:34,048 [cuckoo.machinery.virtualbox] DEBUG: Restoring virtual machine 192.168.56.1011 to its current snapshot\n", 
            "2025-03-22 07:29:36,119 [cuckoo.core.guest] INFO: Starting analysis #353 on guest (id=192.168.56.1011, ip=192.168.56.101)\n", 
            "2025-03-22 07:29:37,122 [cuckoo.core.guest] DEBUG: 192.168.56.1011: not ready yet\n", 
            "2025-03-22 07:29:38,125 [cuckoo.core.guest] DEBUG: 192.168.56.1011: not ready yet\n", 
            "2025-03-22 07:29:39,128 [cuckoo.core.guest] DEBUG: 192.168.56.1011: not ready yet\n", 
            "2025-03-22 07:29:39,142 [cuckoo.core.guest] INFO: Guest is running Cuckoo Agent 0.10 (id=192.168.56.1011, ip=192.168.56.101)\n", 
            "2025-03-22 07:29:39,184 [cuckoo.core.guest] DEBUG: Uploading analyzer to guest (id=192.168.56.1011, ip=192.168.56.101, monitor=latest, size=3884763)\n", 
            "2025-03-22 07:29:39,848 [cuckoo.core.resultserver] DEBUG: Task #353: live log analysis.log initialized.\n", 
            "2025-03-22 07:29:40,885 [cuckoo.core.resultserver] DEBUG: Task #353 is sending a BSON stream\n", 
            "2025-03-22 07:29:41,596 [cuckoo.core.guest] WARNING: 192.168.56.1011: analysis #353 caught an exception\n", 
            "Traceback (most recent call last):\n", 
            "  File \"C:/tmpql7zol/analyzer.py\", line 808, in <module>\n", 
            "    success = analyzer.run()\n", 
            "  File \"C:/tmpql7zol/analyzer.py\", line 657, in run\n", 
            "    pids = self.package.start(self.target)\n", 
            "  File \"C:\\tmpql7zol\\modules\\packages\\exe.py\", line 23, in start\n", 
            "    return self.execute(path, args=shlex.split(args))\n", 
            "  File \"C:\\tmpql7zol\\lib\\common\\abstracts.py\", line 166, in execute\n", 
            "    \"Unable to execute the initial process, analysis aborted.\"\n", 
            "CuckooPackageError: Unable to execute the initial process, analysis aborted.\n", 
            "\n", 
            "2025-03-22 07:29:41,601 [cuckoo.core.plugins] DEBUG: Stopped auxiliary module: Replay\n", 
            "2025-03-22 07:29:41,641 [cuckoo.core.plugins] DEBUG: Stopped auxiliary module: Sniffer\n", 
            "2025-03-22 07:29:48,764 [cuckoo.machinery.virtualbox] INFO: Successfully generated memory dump for virtual machine with label 192.168.56.1011 to path /home/tesst/.cuckoo/storage/analyses/353/memory.dmp\n", 
            "2025-03-22 07:29:48,776 [cuckoo.machinery.virtualbox] DEBUG: Stopping vm 192.168.56.1011\n", 
            "2025-03-22 07:29:50,135 [cuckoo.core.resultserver] DEBUG: Stopped tracking machine 192.168.56.101 for task #353\n", 
            "2025-03-22 07:29:50,135 [cuckoo.core.resultserver] DEBUG: Cancel <Context for LOG> for task 353\n", 
            "2025-03-22 07:29:50,138 [cuckoo.core.scheduler] DEBUG: Released database task #353\n", 
            "2025-03-22 07:29:50,160 [cuckoo.core.plugins] DEBUG: Executed processing module \"AnalysisInfo\" for task #353\n", 
            "2025-03-22 07:29:50,161 [cuckoo.core.plugins] DEBUG: Executed processing module \"BehaviorAnalysis\" for task #353\n", 
            "2025-03-22 07:29:50,161 [cuckoo.core.plugins] DEBUG: Executed processing module \"Dropped\" for task #353\n", 
            "2025-03-22 07:29:50,161 [cuckoo.core.plugins] DEBUG: Executed processing module \"DroppedBuffer\" for task #353\n", 
            "2025-03-22 07:29:50,162 [cuckoo.core.plugins] DEBUG: Executed processing module \"MetaInfo\" for task #353\n", 
            "2025-03-22 07:29:50,162 [cuckoo.core.plugins] DEBUG: Executed processing module \"ProcessMemory\" for task #353\n", 
            "2025-03-22 07:29:50,162 [cuckoo.core.plugins] DEBUG: Executed processing module \"Procmon\" for task #353\n", 
            "2025-03-22 07:29:50,162 [cuckoo.core.plugins] DEBUG: Executed processing module \"Screenshots\" for task #353\n", 
            "2025-03-22 07:29:50,441 [cuckoo.core.plugins] DEBUG: Executed processing module \"Static\" for task #353\n", 
            "2025-03-22 07:29:50,443 [cuckoo.core.plugins] DEBUG: Executed processing module \"Strings\" for task #353\n", 
            "2025-03-22 07:29:50,444 [cuckoo.cor"
        ]
    }, 
    "strings": [
        "!This program cannot be run in DOS mode.", 
        "bgRich", 
        "`.data", 
        ".idata", 
        "@.rsrc", 
        "@.reloc", 
        "CNVFAT", 
        "IsConversionAvailable", 
        "CONVERT", 
        "ConvertFAT", 
        "/NoSecurity", 
        "/NoChkdsk", 
        "/CVTAREA:*", 
        "convert.pdb", 
        ".rdata$brc", 
        ".CRT$XCA", 
        ".CRT$XCAA", 
        ".CRT$XCZ", 
        ".CRT$XIA", 
        ".CRT$XIAA", 
        ".CRT$XIY", 
        ".CRT$XIZ", 
        ".gfids", 
        ".rdata", 
        ".rdata$sxdata", 
        ".rdata$voltmd", 
        ".rdata$zzzdbg", 
        ".text$mn", 
        ".xdata$x", 
        ".idata$5", 
        ".00cfg", 
        ".idata$2", 
        ".idata$3", 
        ".idata$4", 
        ".idata$6", 
        ".rsrc$01", 
        ".rsrc$02", 
        "u\"VQhp", 
        "F95|C@", 
        "CompareStringW", 
        "SetErrorMode", 
        "HeapSetInformation", 
        "KERNEL32.dll", 
        "??1DSTRING@@UAE@XZ", 
        "??0DSTRING@@QAE@XZ", 
        "?Put@ARRAY@@UAEEPAVOBJECT@@@Z", 
        "?Initialize@ARRAY@@QAEEKK@Z", 
        "??1ARRAY@@UAE@XZ", 
        "??0ARRAY@@QAE@XZ", 
        "?Initialize@FLAG_ARGUMENT@@QAEEPAD@Z", 
        "??0FLAG_ARGUMENT@@QAE@XZ", 
        "?QueryWindowsErrorMessage@SYSTEM@@SGEKPAVWSTRING@@@Z", 
        "?FreeLibraryHandle@SYSTEM@@SGXPAX@Z", 
        "?QueryLibraryEntryPoint@SYSTEM@@SGP6GHXZPBVWSTRING@@0PAPAX@Z", 
        "?QueryVolumeLabel@SYSTEM@@SGPAVWSTRING@@PAVPATH@@PAU_VOL_SERIAL_NUMBER@@@Z", 
        "?QueryDriveType@SYSTEM@@SG?AW4DRIVE_TYPE@@PBVWSTRING@@@Z", 
        "?QueryCurrentDosDriveName@SYSTEM@@SGEPAVWSTRING@@@Z", 
        "?QueryFile@SYSTEM@@SGPAVFSN_FILE@@PBVPATH@@EPAE@Z", 
        "?QuerySystemDirectory@SYSTEM@@SGPAVPATH@@XZ", 
        "?IsValueSet@ARGUMENT@@QAEEXZ", 
        "?DebugDump@OBJECT@@UBEXE@Z", 
        "?Compare@OBJECT@@UBEJPBV1@@Z", 
        "??1OBJECT@@UAE@XZ", 
        "?SetCaseSensitive@ARGUMENT_LEXEMIZER@@QAEXE@Z", 
        "?PrepareToParse@ARGUMENT_LEXEMIZER@@QAEEPAVWSTRING@@@Z", 
        "?QueryInvalidArgument@ARGUMENT_LEXEMIZER@@QAEPAVWSTRING@@XZ", 
        "?DoParsing@ARGUMENT_LEXEMIZER@@QAEEPAVARRAY@@@Z", 
        "?Initialize@ARGUMENT_LEXEMIZER@@QAEEPAVARRAY@@@Z", 
        "??1ARGUMENT_LEXEMIZER@@UAE@XZ", 
        "??0ARGUMENT_LEXEMIZER@@QAE@XZ", 
        "?Initialize@STRING_ARGUMENT@@QAEEPAD@Z", 
        "??1STRING_ARGUMENT@@UAE@XZ", 
        "??0STRING_ARGUMENT@@QAE@XZ", 
        "??0PROGRAM@@IAE@XZ", 
        "?ValidateVersion@PROGRAM@@UBEXKK@Z", 
        "?Usage@PROGRAM@@UBEXXZ", 
        "?GetStandardError@PROGRAM@@UAEPAVSTREAM@@XZ", 
        "?GetStandardOutput@PROGRAM@@UAEPAVSTREAM@@XZ", 
        "?GetStandardInput@PROGRAM@@UAEPAVSTREAM@@XZ", 
        "?Fatal@PROGRAM@@UBEXXZ", 
        "?Fatal@PROGRAM@@UBAXKKPADZZ", 
        "?DisplayMessage@PROGRAM@@UBEEKW4MESSAGE_TYPE@@@Z", 
        "?DisplayMessage@PROGRAM@@UBAEKW4MESSAGE_TYPE@@PADZZ", 
        "??1PROGRAM@@UAE@XZ", 
        "?Initialize@PROGRAM@@QAEEKKK@Z", 
        "?Initialize@CLASS_DESCRIPTOR@@QAEEPBD@Z", 
        "??0CLASS_DESCRIPTOR@@QAE@XZ", 
        "?AnalyzePath@PATH@@QAE?AW4PATH_ANALYZE_CODE@@PAVWSTRING@@PAV1@0@Z", 
        "?IsGuidVolName@PATH@@QAEEXZ", 
        "?AppendBase@PATH@@QAEEPBVWSTRING@@E@Z", 
        "??1PATH@@UAE@XZ", 
        "?Initialize@PATH@@QAEEPBVWSTRING@@E@Z", 
        "??0PATH@@QAE@XZ", 
        "?Strcat@WSTRING@@QAEEPBV1@@Z", 
        "?Initialize@WSTRING@@QAEEPBV1@KK@Z", 
        "?Initialize@WSTRING@@QAEEPBGK@Z", 
        "?Initialize@WSTRING@@QAEEPBDK@Z", 
        "??8WSTRING@@QBEEABV0@@Z", 
        "?Strupr@WSTRING@@QAEPAV1@XZ", 
        "?Stricmp@WSTRING@@QBEJPBV1@@Z", 
        "ulib.dll", 
        "?DeleteEntry@AUTOREG@@SGEPBVWSTRING@@0@Z", 
        "?AddEntry@AUTOREG@@SGEPBVWSTRING@@@Z", 
        "?GenerateLabelNotification@SUPERAREA@@SGJPBVWSTRING@@PAV2@PAU_FILE_FS_SIZE_INFORMATION@@PAU_FILE_FS_VOLUME_INFORMATION@@@Z", 
        "?IsArcSystemPartition@IFS_SYSTEM@@SGEPBVWSTRING@@PAE@Z", 
        "?DosDriveNameToNtDriveName@IFS_SYSTEM@@SGEPBVWSTRING@@PAV2@@Z", 
        "?QueryFileSystemName@IFS_SYSTEM@@SGEPBVWSTRING@@PAV2@PAJ1@Z", 
        "IfsUtil.dll", 
        "RtlAllocateHeap", 
        "RtlFreeHeap", 
        "NtTerminateProcess", 
        "RtlUnhandledExceptionFilter", 
        "ntdll.dll", 
        "SceConfigureConvertedFileSecurity", 
        "SCECLI.dll", 
        "_XcptFilter", 
        "__p__commode", 
        "_amsg_exit", 
        "__getmainargs", 
        "__set_app_type", 
        "_cexit", 
        "__p__fmode", 
        "__setusermatherr", 
        "_initterm", 
        "?terminate@@YAXXZ", 
        "msvcrt.dll", 
        "_controlfp", 
        "_except_handler4_common", 
        "SetUnhandledExceptionFilter", 
        "GetModuleHandleW", 
        "<?xml version=\"1.0\" encoding=\"UTF-8\" standalone=\"yes\"?>", 
        "<!-- Copyright (c) Microsoft Corporation -->", 
        "<assembly xmlns=\"urn:schemas-microsoft-com:asm.v1\" manifestVersion=\"1.0\">", 
        "<assemblyIdentity", 
        "    version=\"5.1.0.0\"", 
        "    processorArchitecture=\"x86\"", 
        "    name=\"Microsoft.Windows.Filesystem.Convert\"", 
        "    type=\"win32\"", 
        "<description>File System Conversion Utility</description>", 
        "<trustInfo xmlns=\"urn:schemas-microsoft-com:asm.v3\">", 
        "    <security>", 
        "        <requestedPrivileges>", 
        "            <requestedExecutionLevel", 
        "                level=\"asInvoker\"", 
        "                uiAccess=\"false\"", 
        "            />", 
        "        </requestedPrivileges>", 
        "    </security>", 
        "</trustInfo>", 
        "</assembly>", 
        "0 0$0(0,00040t0x0", 
        "8&8?8U8a8m8y8", 
        "8\u001f989F9]9k9x9", 
        ":$:3:?:b:x:}:", 
        ";$;:;M;T;f;", 
        "<-<><R<d<y<", 
        "=.>M>`>z>", 
        "0%030_0r0", 
        "1\u001f1#1'1+1/13171;1?1[1a1}1", 
        "2,2K2d2p2", 
        "5\u001f5+575C5O5^5r5", 
        "6!666C6O6\\6e6{6", 
        "737H7^7v7", 
        "848N8a8n8", 
        "9\u001f9+979C9L9X9d9p9|9", 
        ":+:7:O:d:|:", 
        ";&;/;D;a;k;t;", 
        "=!=3=F=O=b=~=", 
        ">#>3>C>L>p>y>", 
        "?\"?2?B?R?b?r?", 
        "0!0&0,01060;0@0F0N0\\0v0", 
        "1\u001f1'1;1C1K1Q1W1d1j1t1", 
        "2\u001f2%222L2W2a2l2", 
        "6L6P6l6p6", 
        "autocheck autoconv ", 
        "/CVTAREA:", 
        "/NoChkdsk", 
        "/NoSecurity", 
        "AUTOCONV.EXE", 
        "VS_VERSION_INFO", 
        "StringFileInfo", 
        "040904B0", 
        "CompanyName", 
        "Microsoft Corporation", 
        "FileDescription", 
        "File System Conversion Utility", 
        "FileVersion", 
        "10.0.22621.1 (WinBuild.160101.0800)", 
        "InternalName", 
        "convert", 
        "LegalCopyright", 
        " Microsoft Corporation. All rights reserved.", 
        "OriginalFilename", 
        "CONVERT.EXE", 
        "ProductName", 
        "Microsoft", 
        " Windows", 
        " Operating System", 
        "ProductVersion", 
        "10.0.22621.1", 
        "VarFileInfo", 
        "Translation"
    ], 
    "metadata": {
        "output": {
            "pcap": {
                "basename": "dump.pcap", 
                "sha256": "07773e38601b2a209ffbcb9b0aaee4c0575c5fad86a8be6858feb6c57116e799", 
                "dirname": ""
            }
        }
    }
}