{
    "info": {
        "added": 1742628470.612208, 
        "started": 1742628590.319005, 
        "duration": 20, 
        "ended": 1742628610.48924, 
        "owner": null, 
        "score": 0.2, 
        "id": 354, 
        "category": "file", 
        "git": {
            "head": "13cbe0d9e457be3673304533043e992ead1ea9b2", 
            "fetch_head": "13cbe0d9e457be3673304533043e992ead1ea9b2"
        }, 
        "monitor": "2deb9ccd75d5a7a3fe05b2625b03a8639d6ee36b", 
        "package": "exe", 
        "route": "none", 
        "custom": null, 
        "machine": {
            "status": "stopped", 
            "name": "192.168.56.1011", 
            "label": "192.168.56.1011", 
            "manager": "VirtualBox", 
            "started_on": "2025-03-22 07:29:50", 
            "shutdown_on": "2025-03-22 07:30:10"
        }, 
        "platform": "windows", 
        "version": "2.0.7", 
        "options": "procmemdump=yes,route=none"
    }, 
    "signatures": [
        {
            "families": [], 
            "description": "This executable has a PDB path", 
            "severity": 1, 
            "ttp": {}, 
            "markcount": 1, 
            "references": [], 
            "marks": [
                {
                    "category": "pdb_path", 
                    "ioc": "ConvertVhd.pdb", 
                    "type": "ioc", 
                    "description": null
                }
            ], 
            "name": "has_pdb"
        }
    ], 
    "target": {
        "category": "file", 
        "file": {
            "yara": [], 
            "sha1": "f703df9740832f4357c3aab672aa0bf6e6c3dd35", 
            "name": "convertvhd.exe", 
            "type": "PE32+ executable (GUI) x86-64, for MS Windows", 
            "sha256": "beaa0a16a61af05002f9975140eb11d49d6690987738eccc61b2c677e059d754", 
            "urls": [
                "http://www.microsoft.com/pki/certs/MicRooCerAut_2010-06-23.crt0", 
                "http://www.microsoft.com/pkiops/certs/MicWinProPCA2011_2011-10-19.crt0", 
                "http://www.microsoft.com/pkiops/crl/MicWinProPCA2011_2011-10-19.crl%200a", 
                "http://www.microsoft.com/pkiops/Docs/Repository.htm0", 
                "http://www.microsoft.com/windows0", 
                "http://www.microsoft.com/pkiops/crl/Microsoft%20Time-Stamp%20PCA%202010(1).crl0l", 
                "http://www.microsoft.com/pkiops/certs/Microsoft%20Time-Stamp%20PCA%202010(1).crt0"
            ], 
            "crc32": "FC0C2583", 
            "path": "/home/tesst/.cuckoo/storage/binaries/beaa0a16a61af05002f9975140eb11d49d6690987738eccc61b2c677e059d754", 
            "ssdeep": null, 
            "size": 238960, 
            "sha512": "ebd5adcef0f220987280c67dc820da8d77e3117a6c702aaf9c36831f1c7de66bdc5c3c04188c35494befc38bcec7c7101d01345fb2cb1491045fa9a22ff99e16", 
            "md5": "f4a961c77c05c93a2c4521fd905e31ff"
        }
    }, 
    "network": {
        "tls": [], 
        "udp": [
            {
                "src": "192.168.56.101", 
                "dst": "224.0.0.252", 
                "offset": 1214, 
                "time": 1.6284608840942383, 
                "dport": 5355, 
                "sport": 64412
            }, 
            {
                "src": "192.168.56.101", 
                "dst": "224.0.0.252", 
                "offset": 1542, 
                "time": 0.1239619255065918, 
                "dport": 5355, 
                "sport": 64614
            }, 
            {
                "src": "192.168.56.101", 
                "dst": "224.0.0.252", 
                "offset": 1870, 
                "time": 1.2883689403533936, 
                "dport": 5355, 
                "sport": 65517
            }, 
            {
                "src": "192.168.56.101", 
                "dst": "239.255.255.250", 
                "offset": 2190, 
                "time": 1.4756348133087158, 
                "dport": 1900, 
                "sport": 65520
            }
        ], 
        "dns_servers": [], 
        "http": [], 
        "icmp": [], 
        "smtp": [], 
        "tcp": [], 
        "smtp_ex": [], 
        "mitm": [], 
        "hosts": [], 
        "pcap_sha256": "07f4ea5b637288bf54fb8da5cd31ee508896230627a735cd39ca768211df34fa", 
        "dns": [], 
        "http_ex": [], 
        "domains": [], 
        "dead_hosts": [], 
        "sorted_pcap_sha256": "1c86b5ef6ec60d65dd7524d330d70f4677437ae50c4950d1c6b5c497a335afb2", 
        "irc": [], 
        "https_ex": []
    }, 
    "static": {
        "pdb_path": "ConvertVhd.pdb", 
        "pe_imports": [
            {
                "imports": [
                    {
                        "name": "_c_exit", 
                        "address": "0x140028858"
                    }, 
                    {
                        "name": "_register_thread_local_exe_atexit_callback", 
                        "address": "0x140028860"
                    }, 
                    {
                        "name": "_initterm_e", 
                        "address": "0x140028868"
                    }, 
                    {
                        "name": "_initterm", 
                        "address": "0x140028870"
                    }
                ], 
                "dll": "api-ms-win-crt-runtime-l1-1-0.dll"
            }, 
            {
                "imports": [
                    {
                        "name": "_o__errno", 
                        "address": "0x1400286f0"
                    }, 
                    {
                        "name": "_o__exit", 
                        "address": "0x1400286f8"
                    }, 
                    {
                        "name": "_o__get_initial_wide_environment", 
                        "address": "0x140028700"
                    }, 
                    {
                        "name": "_o__initialize_onexit_table", 
                        "address": "0x140028708"
                    }, 
                    {
                        "name": "_o__initialize_wide_environment", 
                        "address": "0x140028710"
                    }, 
                    {
                        "name": "_o__invalid_parameter_noinfo", 
                        "address": "0x140028718"
                    }, 
                    {
                        "name": "_o__invalid_parameter_noinfo_noreturn", 
                        "address": "0x140028720"
                    }, 
                    {
                        "name": "_o__purecall", 
                        "address": "0x140028728"
                    }, 
                    {
                        "name": "_o__register_onexit_function", 
                        "address": "0x140028730"
                    }, 
                    {
                        "name": "_o__seh_filter_exe", 
                        "address": "0x140028738"
                    }, 
                    {
                        "name": "_o__set_app_type", 
                        "address": "0x140028740"
                    }, 
                    {
                        "name": "_o__set_fmode", 
                        "address": "0x140028748"
                    }, 
                    {
                        "name": "_o__set_new_mode", 
                        "address": "0x140028750"
                    }, 
                    {
                        "name": "_o__cexit", 
                        "address": "0x140028758"
                    }, 
                    {
                        "name": "memmove", 
                        "address": "0x140028760"
                    }, 
                    {
                        "name": "_o__wcsicmp", 
                        "address": "0x140028768"
                    }, 
                    {
                        "name": "_o_exit", 
                        "address": "0x140028770"
                    }, 
                    {
                        "name": "_o_qsort", 
                        "address": "0x140028778"
                    }, 
                    {
                        "name": "_o_terminate", 
                        "address": "0x140028780"
                    }, 
                    {
                        "name": "_o_wcstoull", 
                        "address": "0x140028788"
                    }, 
                    {
                        "name": "__CxxFrameHandler3", 
                        "address": "0x140028790"
                    }, 
                    {
                        "name": "__current_exception", 
                        "address": "0x140028798"
                    }, 
                    {
                        "name": "__current_exception_context", 
                        "address": "0x1400287a0"
                    }, 
                    {
                        "name": "_CxxThrowException", 
                        "address": "0x1400287a8"
                    }, 
                    {
                        "name": "_o___p___wargv", 
                        "address": "0x1400287b0"
                    }, 
                    {
                        "name": "_o__callnewh", 
                        "address": "0x1400287b8"
                    }, 
                    {
                        "name": "_o___p___argc", 
                        "address": "0x1400287c0"
                    }, 
                    {
                        "name": "_o__crt_atexit", 
                        "address": "0x1400287c8"
                    }, 
                    {
                        "name": "_o__configure_wide_argv", 
                        "address": "0x1400287d0"
                    }, 
                    {
                        "name": "_o___stdio_common_vswprintf_s", 
                        "address": "0x1400287d8"
                    }, 
                    {
                        "name": "_o___stdio_common_vswprintf", 
                        "address": "0x1400287e0"
                    }, 
                    {
                        "name": "_o__configthreadlocale", 
                        "address": "0x1400287e8"
                    }, 
                    {
                        "name": "_o___acrt_iob_func", 
                        "address": "0x1400287f0"
                    }, 
                    {
                        "name": "_o___stdio_common_vsnwprintf_s", 
                        "address": "0x1400287f8"
                    }, 
                    {
                        "name": "_o___stdio_common_vsnprintf_s", 
                        "address": "0x140028800"
                    }, 
                    {
                        "name": "_o___stdio_common_vfwprintf", 
                        "address": "0x140028808"
                    }, 
                    {
                        "name": "_o___std_exception_destroy", 
                        "address": "0x140028810"
                    }, 
                    {
                        "name": "__C_specific_handler", 
                        "address": "0x140028818"
                    }, 
                    {
                        "name": "__std_terminate", 
                        "address": "0x140028820"
                    }, 
                    {
                        "name": "_o___std_exception_copy", 
                        "address": "0x140028828"
                    }, 
                    {
                        "name": "__CxxFrameHandler4", 
                        "address": "0x140028830"
                    }, 
                    {
                        "name": "memcmp", 
                        "address": "0x140028838"
                    }, 
                    {
                        "name": "memcpy", 
                        "address": "0x140028840"
                    }, 
                    {
                        "name": "_o___p__commode", 
                        "address": "0x140028848"
                    }
                ], 
                "dll": "api-ms-win-crt-private-l1-1-0.dll"
            }, 
            {
                "imports": [
                    {
                        "name": "memset", 
                        "address": "0x140028880"
                    }
                ], 
                "dll": "api-ms-win-crt-string-l1-1-0.dll"
            }, 
            {
                "imports": [
                    {
                        "name": "GetModuleHandleExW", 
                        "address": "0x1400284a0"
                    }, 
                    {
                        "name": "GetModuleFileNameA", 
                        "address": "0x1400284a8"
                    }, 
                    {
                        "name": "GetProcAddress", 
                        "address": "0x1400284b0"
                    }, 
                    {
                        "name": "GetModuleHandleW", 
                        "address": "0x1400284b8"
                    }, 
                    {
                        "name": "GetModuleFileNameW", 
                        "address": "0x1400284c0"
                    }
                ], 
                "dll": "api-ms-win-core-libraryloader-l1-2-0.dll"
            }, 
            {
                "imports": [
                    {
                        "name": "CreateMutexExW", 
                        "address": "0x1400285b0"
                    }, 
                    {
                        "name": "AcquireSRWLockShared", 
                        "address": "0x1400285b8"
                    }, 
                    {
                        "name": "InitializeCriticalSection", 
                        "address": "0x1400285c0"
                    }, 
                    {
                        "name": "ReleaseSemaphore", 
                        "address": "0x1400285c8"
                    }, 
                    {
                        "name": "DeleteCriticalSection", 
                        "address": "0x1400285d0"
                    }, 
                    {
                        "name": "EnterCriticalSection", 
                        "address": "0x1400285d8"
                    }, 
                    {
                        "name": "CreateSemaphoreExW", 
                        "address": "0x1400285e0"
                    }, 
                    {
                        "name": "ReleaseSRWLockShared", 
                        "address": "0x1400285e8"
                    }, 
                    {
                        "name": "InitializeCriticalSectionEx", 
                        "address": "0x1400285f0"
                    }, 
                    {
                        "name": "AcquireSRWLockExclusive", 
                        "address": "0x1400285f8"
                    }, 
                    {
                        "name": "ReleaseSRWLockExclusive", 
                        "address": "0x140028600"
                    }, 
                    {
                        "name": "WaitForSingleObject", 
                        "address": "0x140028608"
                    }, 
                    {
                        "name": "OpenSemaphoreW", 
                        "address": "0x140028610"
                    }, 
                    {
                        "name": "ReleaseMutex", 
                        "address": "0x140028618"
                    }, 
                    {
                        "name": "InitializeSRWLock", 
                        "address": "0x140028620"
                    }, 
                    {
                        "name": "LeaveCriticalSection", 
                        "address": "0x140028628"
                    }, 
                    {
                        "name": "CreateEventW", 
                        "address": "0x140028630"
                    }, 
                    {
                        "name": "WaitForSingleObjectEx", 
                        "address": "0x140028638"
                    }
                ], 
                "dll": "api-ms-win-core-synch-l1-1-0.dll"
            }, 
            {
                "imports": [
                    {
                        "name": "GetProcessHeap", 
                        "address": "0x140028458"
                    }, 
                    {
                        "name": "HeapSetInformation", 
                        "address": "0x140028460"
                    }, 
                    {
                        "name": "HeapFree", 
                        "address": "0x140028468"
                    }, 
                    {
                        "name": "HeapAlloc", 
                        "address": "0x140028470"
                    }
                ], 
                "dll": "api-ms-win-core-heap-l1-1-0.dll"
            }, 
            {
                "imports": [
                    {
                        "name": "SetLastError", 
                        "address": "0x1400283c8"
                    }, 
                    {
                        "name": "SetUnhandledExceptionFilter", 
                        "address": "0x1400283d0"
                    }, 
                    {
                        "name": "UnhandledExceptionFilter", 
                        "address": "0x1400283d8"
                    }, 
                    {
                        "name": "GetLastError", 
                        "address": "0x1400283e0"
                    }
                ], 
                "dll": "api-ms-win-core-errorhandling-l1-1-0.dll"
            }, 
            {
                "imports": [
                    {
                        "name": "InitializeConditionVariable", 
                        "address": "0x140028648"
                    }, 
                    {
                        "name": "SleepConditionVariableSRW", 
                        "address": "0x140028650"
                    }, 
                    {
                        "name": "InitOnceBeginInitialize", 
                        "address": "0x140028658"
                    }, 
                    {
                        "name": "InitOnceComplete", 
                        "address": "0x140028660"
                    }, 
                    {
                        "name": "WakeAllConditionVariable", 
                        "address": "0x140028668"
                    }
                ], 
                "dll": "api-ms-win-core-synch-l1-2-0.dll"
            }, 
            {
                "imports": [
                    {
                        "name": "ReadFile", 
                        "address": "0x140028400"
                    }, 
                    {
                        "name": "GetFileSizeEx", 
                        "address": "0x140028408"
                    }, 
                    {
                        "name": "FlushFileBuffers", 
                        "address": "0x140028410"
                    }, 
                    {
                        "name": "WriteFile", 
                        "address": "0x140028418"
                    }, 
                    {
                        "name": "WriteFileGather", 
                        "address": "0x140028420"
                    }, 
                    {
                        "name": "CreateFileW", 
                        "address": "0x140028428"
                    }, 
                    {
                        "name": "SetFileInformationByHandle", 
                        "address": "0x140028430"
                    }, 
                    {
                        "name": "ReadFileScatter", 
                        "address": "0x140028438"
                    }
                ], 
                "dll": "api-ms-win-core-file-l1-1-0.dll"
            }, 
            {
                "imports": [
                    {
                        "name": "GetCurrentProcess", 
                        "address": "0x1400284e0"
                    }, 
                    {
                        "name": "TerminateProcess", 
                        "address": "0x1400284e8"
                    }, 
                    {
                        "name": "GetCurrentThreadId", 
                        "address": "0x1400284f0"
                    }, 
                    {
                        "name": "GetCurrentProcessId", 
                        "address": "0x1400284f8"
                    }
                ], 
                "dll": "api-ms-win-core-processthreads-l1-1-0.dll"
            }, 
            {
                "imports": [
                    {
                        "name": "FormatMessageW", 
                        "address": "0x1400284d0"
                    }
                ], 
                "dll": "api-ms-win-core-localization-l1-2-0.dll"
            }, 
            {
                "imports": [
                    {
                        "name": "OutputDebugStringW", 
                        "address": "0x1400283a8"
                    }, 
                    {
                        "name": "DebugBreak", 
                        "address": "0x1400283b0"
                    }, 
                    {
                        "name": "IsDebuggerPresent", 
                        "address": "0x1400283b8"
                    }
                ], 
                "dll": "api-ms-win-core-debug-l1-1-0.dll"
            }, 
            {
                "imports": [
                    {
                        "name": "CloseHandle", 
                        "address": "0x140028448"
                    }
                ], 
                "dll": "api-ms-win-core-handle-l1-1-0.dll"
            }, 
            {
                "imports": [
                    {
                        "name": "RtlVirtualUnwind", 
                        "address": "0x140028580"
                    }, 
                    {
                        "name": "RtlPcToFileHeader", 
                        "address": "0x140028588"
                    }, 
                    {
                        "name": "RtlCaptureStackBackTrace", 
                        "address": "0x140028590"
                    }, 
                    {
                        "name": "RtlCaptureContext", 
                        "address": "0x140028598"
                    }, 
                    {
                        "name": "RtlLookupFunctionEntry", 
                        "address": "0x1400285a0"
                    }
                ], 
                "dll": "api-ms-win-core-rtlsupport-l1-1-0.dll"
            }, 
            {
                "imports": [
                    {
                        "name": "EventUnregister", 
                        "address": "0x140028890"
                    }, 
                    {
                        "name": "EventEnabled", 
                        "address": "0x140028898"
                    }, 
                    {
                        "name": "EventSetInformation", 
                        "address": "0x1400288a0"
                    }, 
                    {
                        "name": "EventRegister", 
                        "address": "0x1400288a8"
                    }, 
                    {
                        "name": "EventWrite", 
                        "address": "0x1400288b0"
                    }
                ], 
                "dll": "api-ms-win-eventing-provider-l1-1-0.dll"
            }, 
            {
                "imports": [
                    {
                        "name": "RegGetValueW", 
                        "address": "0x140028560"
                    }, 
                    {
                        "name": "RegCloseKey", 
                        "address": "0x140028568"
                    }, 
                    {
                        "name": "RegOpenKeyExW", 
                        "address": "0x140028570"
                    }
                ], 
                "dll": "api-ms-win-core-registry-l1-1-0.dll"
            }, 
            {
                "imports": [
                    {
                        "name": "GetCurrentProcessorNumber", 
                        "address": "0x140028508"
                    }, 
                    {
                        "name": "IsProcessorFeaturePresent", 
                        "address": "0x140028510"
                    }, 
                    {
                        "name": "SetProcessMitigationPolicy", 
                        "address": "0x140028518"
                    }, 
                    {
                        "name": "GetProcessMitigationPolicy", 
                        "address": "0x140028520"
                    }
                ], 
                "dll": "api-ms-win-core-processthreads-l1-1-1.dll"
            }, 
            {
                "imports": [
                    {
                        "name": "CreateThreadpoolIo", 
                        "address": "0x140028690"
                    }, 
                    {
                        "name": "CreateThreadpoolTimer", 
                        "address": "0x140028698"
                    }, 
                    {
                        "name": "CloseThreadpoolWork", 
                        "address": "0x1400286a0"
                    }, 
                    {
                        "name": "CancelThreadpoolIo", 
                        "address": "0x1400286a8"
                    }, 
                    {
                        "name": "CloseThreadpoolTimer", 
                        "address": "0x1400286b0"
                    }, 
                    {
                        "name": "WaitForThreadpoolTimerCallbacks", 
                        "address": "0x1400286b8"
                    }, 
                    {
                        "name": "CloseThreadpoolIo", 
                        "address": "0x1400286c0"
                    }, 
                    {
                        "name": "SubmitThreadpoolWork", 
                        "address": "0x1400286c8"
                    }, 
                    {
                        "name": "SetThreadpoolTimer", 
                        "address": "0x1400286d0"
                    }, 
                    {
                        "name": "StartThreadpoolIo", 
                        "address": "0x1400286d8"
                    }, 
                    {
                        "name": "CreateThreadpoolWork", 
                        "address": "0x1400286e0"
                    }
                ], 
                "dll": "api-ms-win-core-threadpool-l1-2-0.dll"
            }, 
            {
                "imports": [
                    {
                        "name": "RaiseFailFastException", 
                        "address": "0x1400283f0"
                    }
                ], 
                "dll": "api-ms-win-core-errorhandling-l1-1-2.dll"
            }, 
            {
                "imports": [
                    {
                        "name": "K32GetModuleInformation", 
                        "address": "0x140028550"
                    }
                ], 
                "dll": "api-ms-win-core-psapi-l1-1-0.dll"
            }, 
            {
                "imports": [
                    {
                        "name": "GetTickCount", 
                        "address": "0x140028678"
                    }, 
                    {
                        "name": "GetSystemTimeAsFileTime", 
                        "address": "0x140028680"
                    }
                ], 
                "dll": "api-ms-win-core-sysinfo-l1-1-0.dll"
            }, 
            {
                "imports": [
                    {
                        "name": "QueryPerformanceCounter", 
                        "address": "0x140028540"
                    }
                ], 
                "dll": "api-ms-win-core-profile-l1-1-0.dll"
            }, 
            {
                "imports": [
                    {
                        "name": "InitializeSListHead", 
                        "address": "0x140028480"
                    }
                ], 
                "dll": "api-ms-win-core-interlocked-l1-1-0.dll"
            }, 
            {
                "imports": [
                    {
                        "name": "RtlInitializeBitMap", 
                        "address": "0x1400288c0"
                    }, 
                    {
                        "name": "RtlGetVersion", 
                        "address": "0x1400288c8"
                    }, 
                    {
                        "name": "RtlFindSetBits", 
                        "address": "0x1400288d0"
                    }, 
                    {
                        "name": "RtlAreBitsClear", 
                        "address": "0x1400288d8"
                    }, 
                    {
                        "name": "RtlWriteNonVolatileMemory", 
                        "address": "0x1400288e0"
                    }, 
                    {
                        "name": "RtlFlushNonVolatileMemory", 
                        "address": "0x1400288e8"
                    }, 
                    {
                        "name": "RtlRandomEx", 
                        "address": "0x1400288f0"
                    }, 
                    {
                        "name": "RtlSetBits", 
                        "address": "0x1400288f8"
                    }, 
                    {
                        "name": "RtlClearBits", 
                        "address": "0x140028900"
                    }, 
                    {
                        "name": "RtlFindLastBackwardRunClear", 
                        "address": "0x140028908"
                    }, 
                    {
                        "name": "RtlAreBitsSet", 
                        "address": "0x140028910"
                    }, 
                    {
                        "name": "RtlSetAllBits", 
                        "address": "0x140028918"
                    }, 
                    {
                        "name": "RtlClearAllBits", 
                        "address": "0x140028920"
                    }
                ], 
                "dll": "ntdll.dll"
            }, 
            {
                "imports": [
                    {
                        "name": "GetActiveProcessorCount", 
                        "address": "0x140028530"
                    }
                ], 
                "dll": "api-ms-win-core-processtopology-obsolete-l1-1-0.dll"
            }, 
            {
                "imports": [
                    {
                        "name": "GetOverlappedResult", 
                        "address": "0x140028490"
                    }
                ], 
                "dll": "api-ms-win-core-io-l1-1-0.dll"
            }, 
            {
                "imports": [
                    {
                        "name": "UuidCreate", 
                        "address": "0x140028398"
                    }
                ], 
                "dll": "RPCRT4.dll"
            }
        ], 
        "peid_signatures": null, 
        "keys": [], 
        "signature": [], 
        "pe_timestamp": "1990-04-09 14:25:48", 
        "pe_exports": [], 
        "imported_dll_count": 27, 
        "pe_imphash": "b63b40f99153f5d7e1c762eb815e48a1", 
        "pe_resources": [
            {
                "name": "RT_VERSION", 
                "language": "LANG_ENGLISH", 
                "filetype": "data", 
                "sublanguage": "SUBLANG_ENGLISH_US", 
                "offset": "0x0003f060", 
                "size": "0x000003a4"
            }
        ], 
        "pe_versioninfo": [
            {
                "name": "LegalCopyright", 
                "value": "\\xa9 Microsoft Corporation. All rights reserved."
            }, 
            {
                "name": "InternalName", 
                "value": "ConvertVhd.exe"
            }, 
            {
                "name": "FileVersion", 
                "value": "10.0.22621.4169 (WinBuild.160101.0800)"
            }, 
            {
                "name": "CompanyName", 
                "value": "Microsoft Corporation"
            }, 
            {
                "name": "ProductName", 
                "value": "Microsoft\\xae Windows\\xae Operating System"
            }, 
            {
                "name": "ProductVersion", 
                "value": "10.0.22621.4169"
            }, 
            {
                "name": "FileDescription", 
                "value": "VHD Conversion Tool"
            }, 
            {
                "name": "OriginalFilename", 
                "value": "ConvertVhd.exe"
            }, 
            {
                "name": "Translation", 
                "value": "0x0409 0x04b0"
            }
        ], 
        "pe_sections": [
            {
                "size_of_data": "0x00027000", 
                "virtual_address": "0x00001000", 
                "entropy": 6.190352844360658, 
                "name": ".text", 
                "virtual_size": "0x0002600c"
            }, 
            {
                "size_of_data": "0x0000a000", 
                "virtual_address": "0x00028000", 
                "entropy": 4.2044861011144965, 
                "name": ".rdata", 
                "virtual_size": "0x0000963c"
            }, 
            {
                "size_of_data": "0x00001000", 
                "virtual_address": "0x00032000", 
                "entropy": 1.2365933035557457, 
                "name": ".data", 
                "virtual_size": "0x00009a40"
            }, 
            {
                "size_of_data": "0x00003000", 
                "virtual_address": "0x0003c000", 
                "entropy": 4.1614922887030446, 
                "name": ".pdata", 
                "virtual_size": "0x000022c8"
            }, 
            {
                "size_of_data": "0x00001000", 
                "virtual_address": "0x0003f000", 
                "entropy": 1.093803007237709, 
                "name": ".rsrc", 
                "virtual_size": "0x00000408"
            }, 
            {
                "size_of_data": "0x00001000", 
                "virtual_address": "0x00040000", 
                "entropy": 0.5727846512397556, 
                "name": ".reloc", 
                "virtual_size": "0x000000f8"
            }
        ]
    }, 
    "behavior": {
        "generic": [
            {
                "process_path": "C:\\Windows\\System32\\lsass.exe", 
                "process_name": "lsass.exe", 
                "pid": 508, 
                "summary": {}, 
                "first_seen": 1742632070.953125, 
                "ppid": 400
            }
        ], 
        "processes": [
            {
                "process_path": "C:\\Windows\\System32\\lsass.exe", 
                "calls": [], 
                "track": false, 
                "pid": 508, 
                "process_name": "lsass.exe", 
                "command_line": "C:\\Windows\\system32\\lsass.exe", 
                "modules": [
                    {
                        "basename": "lsass.exe", 
                        "imgsize": 49152, 
                        "baseaddr": "0xffc70000", 
                        "filepath": "C:\\Windows\\system32\\lsass.exe"
                    }, 
                    {
                        "basename": "ntdll.dll", 
                        "imgsize": 1740800, 
                        "baseaddr": "0x76dd0000", 
                        "filepath": "C:\\Windows\\SYSTEM32\\ntdll.dll"
                    }, 
                    {
                        "basename": "kernel32.dll", 
                        "imgsize": 1175552, 
                        "baseaddr": "0x76bb0000", 
                        "filepath": "C:\\Windows\\system32\\kernel32.dll"
                    }, 
                    {
                        "basename": "KERNELBASE.dll", 
                        "imgsize": 438272, 
                        "baseaddr": "0x7fefcf80000", 
                        "filepath": "C:\\Windows\\system32\\KERNELBASE.dll"
                    }, 
                    {
                        "basename": "msvcrt.dll", 
                        "imgsize": 651264, 
                        "baseaddr": "0x7fefec80000", 
                        "filepath": "C:\\Windows\\system32\\msvcrt.dll"
                    }, 
                    {
                        "basename": "RPCRT4.dll", 
                        "imgsize": 1232896, 
                        "baseaddr": "0x7fefd2c0000", 
                        "filepath": "C:\\Windows\\system32\\RPCRT4.dll"
                    }, 
                    {
                        "basename": "SspiSrv.dll", 
                        "imgsize": 45056, 
                        "baseaddr": "0x7fefcb60000", 
                        "filepath": "C:\\Windows\\system32\\SspiSrv.dll"
                    }, 
                    {
                        "basename": "lsasrv.dll", 
                        "imgsize": 1470464, 
                        "baseaddr": "0x7fefc9e0000", 
                        "filepath": "C:\\Windows\\system32\\lsasrv.dll"
                    }, 
                    {
                        "basename": "sechost.dll", 
                        "imgsize": 126976, 
                        "baseaddr": "0x7fefea00000", 
                        "filepath": "C:\\Windows\\SYSTEM32\\sechost.dll"
                    }, 
                    {
                        "basename": "SspiCli.dll", 
                        "imgsize": 151552, 
                        "baseaddr": "0x7fefcb80000", 
                        "filepath": "C:\\Windows\\system32\\SspiCli.dll"
                    }, 
                    {
                        "basename": "ADVAPI32.dll", 
                        "imgsize": 897024, 
                        "baseaddr": "0x7fefd480000", 
                        "filepath": "C:\\Windows\\system32\\ADVAPI32.dll"
                    }, 
                    {
                        "basename": "USER32.dll", 
                        "imgsize": 1024000, 
                        "baseaddr": "0x76cd0000", 
                        "filepath": "C:\\Windows\\system32\\USER32.dll"
                    }, 
                    {
                        "basename": "GDI32.dll", 
                        "imgsize": 421888, 
                        "baseaddr": "0x7fefd560000", 
                        "filepath": "C:\\Windows\\system32\\GDI32.dll"
                    }, 
                    {
                        "basename": "LPK.dll", 
                        "imgsize": 57344, 
                        "baseaddr": "0x7fefd830000", 
                        "filepath": "C:\\Windows\\system32\\LPK.dll"
                    }, 
                    {
                        "basename": "USP10.dll", 
                        "imgsize": 823296, 
                        "baseaddr": "0x7feff010000", 
                        "filepath": "C:\\Windows\\system32\\USP10.dll"
                    }, 
                    {
                        "basename": "SAMSRV.dll", 
                        "imgsize": 774144, 
                        "baseaddr": "0x7fefc880000", 
                        "filepath": "C:\\Windows\\system32\\SAMSRV.dll"
                    }, 
                    {
                        "basename": "cryptdll.dll", 
                        "imgsize": 81920, 
                        "baseaddr": "0x7fefc860000", 
                        "filepath": "C:\\Windows\\system32\\cryptdll.dll"
                    }, 
                    {
                        "basename": "MSASN1.dll", 
                        "imgsize": 61440, 
                        "baseaddr": "0x7fefcdc0000", 
                        "filepath": "C:\\Windows\\system32\\MSASN1.dll"
                    }, 
                    {
                        "basename": "wevtapi.dll", 
                        "imgsize": 446464, 
                        "baseaddr": "0x7fefc7f0000", 
                        "filepath": "C:\\Windows\\system32\\wevtapi.dll"
                    }, 
                    {
                        "basename": "IMM32.DLL", 
                        "imgsize": 188416, 
                        "baseaddr": "0x7fefea20000", 
                        "filepath": "C:\\Windows\\system32\\IMM32.DLL"
                    }, 
                    {
                        "basename": "MSCTF.dll", 
                        "imgsize": 1085440, 
                        "baseaddr": "0x7fefed20000", 
                        "filepath": "C:\\Windows\\system32\\MSCTF.dll"
                    }, 
                    {
                        "basename": "cngaudit.dll", 
                        "imgsize": 36864, 
                        "baseaddr": "0x7fefc7b0000", 
                        "filepath": "C:\\Windows\\system32\\cngaudit.dll"
                    }, 
                    {
                        "basename": "AUTHZ.dll", 
                        "imgsize": 192512, 
                        "baseaddr": "0x7fefc780000", 
                        "filepath": "C:\\Windows\\system32\\AUTHZ.dll"
                    }, 
                    {
                        "basename": "ncrypt.dll", 
                        "imgsize": 319488, 
                        "baseaddr": "0x7fefc730000", 
                        "filepath": "C:\\Windows\\system32\\ncrypt.dll"
                    }, 
                    {
                        "basename": "bcrypt.dll", 
                        "imgsize": 139264, 
                        "baseaddr": "0x7fefc700000", 
                        "filepath": "C:\\Windows\\system32\\bcrypt.dll"
                    }, 
                    {
                        "basename": "msprivs.DLL", 
                        "imgsize": 8192, 
                        "baseaddr": "0x74af0000", 
                        "filepath": "C:\\Windows\\system32\\msprivs.DLL"
                    }, 
                    {
                        "basename": "netjoin.dll", 
                        "imgsize": 204800, 
                        "baseaddr": "0x7fefc6c0000", 
                        "filepath": "C:\\Windows\\system32\\netjoin.dll"
                    }, 
                    {
                        "basename": "negoexts.DLL", 
                        "imgsize": 147456, 
                        "baseaddr": "0x7fefc690000", 
                        "filepath": "C:\\Windows\\system32\\negoexts.DLL"
                    }, 
                    {
                        "basename": "Secur32.dll", 
                        "imgsize": 45056, 
                        "baseaddr": "0x7fefc9b0000", 
                        "filepath": "C:\\Windows\\system32\\Secur32.dll"
                    }, 
                    {
                        "basename": "cryptbase.dll", 
                        "imgsize": 61440, 
                        "baseaddr": "0x7fefcc50000", 
                        "filepath": "C:\\Windows\\system32\\cryptbase.dll"
                    }, 
                    {
                        "basename": "kerberos.DLL", 
                        "imgsize": 737280, 
                        "baseaddr": "0x7fefc5d0000", 
                        "filepath": "C:\\Windows\\system32\\kerberos.DLL"
                    }, 
                    {
                        "basename": "CRYPTSP.dll", 
                        "imgsize": 94208, 
                        "baseaddr": "0x7fefc5b0000", 
                        "filepath": "C:\\Windows\\system32\\CRYPTSP.dll"
                    }, 
                    {
                        "basename": "WS2_32.dll", 
                        "imgsize": 315392, 
                        "baseaddr": "0x7fefec30000", 
                        "filepath": "C:\\Windows\\system32\\WS2_32.dll"
                    }, 
                    {
                        "basename": "NSI.dll", 
                        "imgsize": 32768, 
                        "baseaddr": "0x7fefd3f0000", 
                        "filepath": "C:\\Windows\\system32\\NSI.dll"
                    }, 
                    {
                        "basename": "mswsock.dll", 
                        "imgsize": 348160, 
                        "baseaddr": "0x7fefc550000", 
                        "filepath": "C:\\Windows\\system32\\mswsock.dll"
                    }, 
                    {
                        "basename": "wship6.dll", 
                        "imgsize": 28672, 
                        "baseaddr": "0x7fefc540000", 
                        "filepath": "C:\\Windows\\System32\\wship6.dll"
                    }, 
                    {
                        "basename": "msv1_0.DLL", 
                        "imgsize": 331776, 
                        "baseaddr": "0x7fefc4e0000", 
                        "filepath": "C:\\Windows\\system32\\msv1_0.DLL"
                    }, 
                    {
                        "basename": "netlogon.DLL", 
                        "imgsize": 712704, 
                        "baseaddr": "0x7fefc430000", 
                        "filepath": "C:\\Windows\\system32\\netlogon.DLL"
                    }, 
                    {
                        "basename": "DNSAPI.dll", 
                        "imgsize": 372736, 
                        "baseaddr": "0x7fefc3d0000", 
                        "filepath": "C:\\Windows\\system32\\DNSAPI.dll"
                    }, 
                    {
                        "basename": "logoncli.dll", 
                        "imgsize": 196608, 
                        "baseaddr": "0x7fefc3a0000", 
                        "filepath": "C:\\Windows\\system32\\logoncli.dll"
                    }, 
                    {
                        "basename": "schannel.DLL", 
                        "imgsize": 356352, 
                        "baseaddr": "0x7fefc340000", 
                        "filepath": "C:\\Windows\\system32\\schannel.DLL"
                    }, 
                    {
                        "basename": "CRYPT32.dll", 
                        "imgsize": 1470464, 
                        "baseaddr": "0x7fefcdd0000", 
                        "filepath": "C:\\Windows\\system32\\CRYPT32.dll"
                    }, 
                    {
                        "basename": "wdigest.DLL", 
                        "imgsize": 221184, 
                        "baseaddr": "0x7fefc300000", 
                        "filepath": "C:\\Windows\\system32\\wdigest.DLL"
                    }, 
                    {
                        "basename": "rsaenh.dll", 
                        "imgsize": 290816, 
                        "baseaddr": "0x7fefc2b0000", 
                        "filepath": "C:\\Windows\\system32\\rsaenh.dll"
                    }, 
                    {
                        "basename": "tspkg.DLL", 
                        "imgsize": 98304, 
                        "baseaddr": "0x7fefc290000", 
                        "filepath": "C:\\Windows\\system32\\tspkg.DLL"
                    }, 
                    {
                        "basename": "pku2u.DLL", 
                        "imgsize": 282624, 
                        "baseaddr": "0x7fefc240000", 
                        "filepath": "C:\\Windows\\system32\\pku2u.DLL"
                    }, 
                    {
                        "basename": "bcryptprimitives.dll", 
                        "imgsize": 311296, 
                        "baseaddr": "0x7fefc1f0000", 
                        "filepath": "C:\\Windows\\system32\\bcryptprimitives.dll"
                    }, 
                    {
                        "basename": "RpcRtRemote.dll", 
                        "imgsize": 81920, 
                        "baseaddr": "0x7fefcd00000", 
                        "filepath": "C:\\Windows\\system32\\RpcRtRemote.dll"
                    }, 
                    {
                        "basename": "efslsaext.dll", 
                        "imgsize": 73728, 
                        "baseaddr": "0x7fefc1d0000", 
                        "filepath": "C:\\Windows\\system32\\efslsaext.dll"
                    }, 
                    {
                        "basename": "scecli.DLL", 
                        "imgsize": 253952, 
                        "baseaddr": "0x7fefc130000", 
                        "filepath": "C:\\Windows\\system32\\scecli.DLL"
                    }, 
                    {
                        "basename": "credssp.dll", 
                        "imgsize": 40960, 
                        "baseaddr": "0x7fefc1b0000", 
                        "filepath": "C:\\Windows\\system32\\credssp.dll"
                    }, 
                    {
                        "basename": "WINSTA.dll", 
                        "imgsize": 249856, 
                        "baseaddr": "0x7fefcc10000", 
                        "filepath": "C:\\Windows\\system32\\WINSTA.dll"
                    }, 
                    {
                        "basename": "IPHLPAPI.DLL", 
                        "imgsize": 159744, 
                        "baseaddr": "0x7fefbfd0000", 
                        "filepath": "C:\\Windows\\system32\\IPHLPAPI.DLL"
                    }, 
                    {
                        "basename": "WINNSI.DLL", 
                        "imgsize": 45056, 
                        "baseaddr": "0x7fefbfc0000", 
                        "filepath": "C:\\Windows\\system32\\WINNSI.DLL"
                    }, 
                    {
                        "basename": "netutils.dll", 
                        "imgsize": 49152, 
                        "baseaddr": "0x7fefa790000", 
                        "filepath": "C:\\Windows\\system32\\netutils.dll"
                    }, 
                    {
                        "basename": "USERENV.dll", 
                        "imgsize": 122880, 
                        "baseaddr": "0x7fefc060000", 
                        "filepath": "C:\\Windows\\system32\\USERENV.dll"
                    }, 
                    {
                        "basename": "profapi.dll", 
                        "imgsize": 61440, 
                        "baseaddr": "0x7fefcd20000", 
                        "filepath": "C:\\Windows\\system32\\profapi.dll"
                    }, 
                    {
                        "basename": "wshtcpip.dll", 
                        "imgsize": 28672, 
                        "baseaddr": "0x7fefbed0000", 
                        "filepath": "C:\\Windows\\System32\\wshtcpip.dll"
                    }, 
                    {
                        "basename": "monitor-x64.dll", 
                        "imgsize": 2269184, 
                        "baseaddr": "0x744c0000", 
                        "filepath": "C:\\tmpql7zol\\bin\\monitor-x64.dll"
                    }
                ], 
                "time": 0, 
                "tid": 1664, 
                "first_seen": 1742632070.953125, 
                "ppid": 400, 
                "type": "process"
            }
        ], 
        "processtree": [
            {
                "track": false, 
                "pid": 508, 
                "process_name": "lsass.exe", 
                "command_line": "C:\\Windows\\system32\\lsass.exe", 
                "first_seen": 1742632070.953125, 
                "ppid": 400, 
                "children": []
            }
        ]
    }, 
    "debug": {
        "action": [], 
        "dbgview": [], 
        "errors": [], 
        "log": [
            "2025-03-22 07:27:50,000 [analyzer] DEBUG: Starting analyzer from: C:\\tmpql7zol\n", 
            "2025-03-22 07:27:50,000 [analyzer] DEBUG: Pipe server name: \\??\\PIPE\\RAMTslXUHaVNCgfyFe\n", 
            "2025-03-22 07:27:50,000 [analyzer] DEBUG: Log pipe server name: \\??\\PIPE\\mfjhmKEVEVYGPjyFiqWOgRfA\n", 
            "2025-03-22 07:27:50,155 [analyzer] DEBUG: Started auxiliary module DbgView\n", 
            "2025-03-22 07:27:50,687 [analyzer] DEBUG: Started auxiliary module Disguise\n", 
            "2025-03-22 07:27:51,015 [analyzer] DEBUG: Loaded monitor into process with pid 508\n", 
            "2025-03-22 07:27:51,015 [analyzer] DEBUG: Started auxiliary module DumpTLSMasterSecrets\n", 
            "2025-03-22 07:27:51,015 [analyzer] DEBUG: Started auxiliary module Human\n", 
            "2025-03-22 07:27:51,015 [analyzer] DEBUG: Started auxiliary module InstallCertificate\n", 
            "2025-03-22 07:27:51,015 [analyzer] DEBUG: Started auxiliary module Reboot\n", 
            "2025-03-22 07:27:51,171 [analyzer] DEBUG: Started auxiliary module RecentFiles\n", 
            "2025-03-22 07:27:51,171 [analyzer] DEBUG: Started auxiliary module Screenshots\n", 
            "2025-03-22 07:27:51,171 [modules.auxiliary.screenshots] INFO: Python Image Library (either PIL or Pillow) is not installed, screenshots are disabled.\n", 
            "2025-03-22 07:27:51,187 [analyzer] DEBUG: Started auxiliary module LoadZer0m0n\n", 
            "2025-03-22 07:27:51,233 [lib.api.process] ERROR: Failed to execute process from path u'C:\\\\Users\\\\ADMINI~1\\\\AppData\\\\Local\\\\Temp\\\\convertvhd.exe' with arguments ['bin\\\\inject-x64.exe', '--app', u'C:\\\\Users\\\\ADMINI~1\\\\AppData\\\\Local\\\\Temp\\\\convertvhd.exe', '--only-start', '--curdir', 'C:\\\\Users\\\\ADMINI~1\\\\AppData\\\\Local\\\\Temp'] (Error: Command '['bin\\\\inject-x64.exe', '--app', u'C:\\\\Users\\\\ADMINI~1\\\\AppData\\\\Local\\\\Temp\\\\convertvhd.exe', '--only-start', '--curdir', 'C:\\\\Users\\\\ADMINI~1\\\\AppData\\\\Local\\\\Temp']' returned non-zero exit status 1)\n"
        ], 
        "cuckoo": [
            "2025-03-22 07:29:50,434 [cuckoo.core.scheduler] INFO: Task #354: acquired machine 192.168.56.1011 (label=192.168.56.1011)\n", 
            "2025-03-22 07:29:50,434 [cuckoo.core.resultserver] DEBUG: Now tracking machine 192.168.56.101 for task #354\n", 
            "2025-03-22 07:29:50,434 [cuckoo.core.plugins] DEBUG: Started auxiliary module: Replay\n", 
            "2025-03-22 07:29:50,467 [cuckoo.auxiliary.sniffer] INFO: Started sniffer with PID 42619 (interface=vboxnet0, host=192.168.56.101)\n", 
            "2025-03-22 07:29:50,469 [cuckoo.core.plugins] DEBUG: Started auxiliary module: Sniffer\n", 
            "2025-03-22 07:29:50,551 [cuckoo.machinery.virtualbox] DEBUG: Starting vm 192.168.56.1011\n", 
            "2025-03-22 07:29:50,644 [cuckoo.machinery.virtualbox] DEBUG: Restoring virtual machine 192.168.56.1011 to its current snapshot\n", 
            "2025-03-22 07:29:52,687 [cuckoo.core.guest] INFO: Starting analysis #354 on guest (id=192.168.56.1011, ip=192.168.56.101)\n", 
            "2025-03-22 07:29:53,689 [cuckoo.core.guest] DEBUG: 192.168.56.1011: not ready yet\n", 
            "2025-03-22 07:29:54,691 [cuckoo.core.guest] DEBUG: 192.168.56.1011: not ready yet\n", 
            "2025-03-22 07:29:55,694 [cuckoo.core.guest] DEBUG: 192.168.56.1011: not ready yet\n", 
            "2025-03-22 07:29:55,705 [cuckoo.core.guest] INFO: Guest is running Cuckoo Agent 0.10 (id=192.168.56.1011, ip=192.168.56.101)\n", 
            "2025-03-22 07:29:55,745 [cuckoo.core.guest] DEBUG: Uploading analyzer to guest (id=192.168.56.1011, ip=192.168.56.101, monitor=latest, size=3884763)\n", 
            "2025-03-22 07:29:56,615 [cuckoo.core.resultserver] DEBUG: Task #354: live log analysis.log initialized.\n", 
            "2025-03-22 07:29:57,617 [cuckoo.core.resultserver] DEBUG: Task #354 is sending a BSON stream\n", 
            "2025-03-22 07:29:58,152 [cuckoo.core.guest] WARNING: 192.168.56.1011: analysis #354 caught an exception\n", 
            "Traceback (most recent call last):\n", 
            "  File \"C:/tmpql7zol/analyzer.py\", line 808, in <module>\n", 
            "    success = analyzer.run()\n", 
            "  File \"C:/tmpql7zol/analyzer.py\", line 657, in run\n", 
            "    pids = self.package.start(self.target)\n", 
            "  File \"C:\\tmpql7zol\\modules\\packages\\exe.py\", line 23, in start\n", 
            "    return self.execute(path, args=shlex.split(args))\n", 
            "  File \"C:\\tmpql7zol\\lib\\common\\abstracts.py\", line 166, in execute\n", 
            "    \"Unable to execute the initial process, analysis aborted.\"\n", 
            "CuckooPackageError: Unable to execute the initial process, analysis aborted.\n", 
            "\n", 
            "2025-03-22 07:29:58,158 [cuckoo.core.plugins] DEBUG: Stopped auxiliary module: Replay\n", 
            "2025-03-22 07:29:58,201 [cuckoo.core.plugins] DEBUG: Stopped auxiliary module: Sniffer\n", 
            "2025-03-22 07:30:09,138 [cuckoo.machinery.virtualbox] INFO: Successfully generated memory dump for virtual machine with label 192.168.56.1011 to path /home/tesst/.cuckoo/storage/analyses/354/memory.dmp\n", 
            "2025-03-22 07:30:09,140 [cuckoo.machinery.virtualbox] DEBUG: Stopping vm 192.168.56.1011\n", 
            "2025-03-22 07:30:10,480 [cuckoo.core.resultserver] DEBUG: Stopped tracking machine 192.168.56.101 for task #354\n", 
            "2025-03-22 07:30:10,480 [cuckoo.core.resultserver] DEBUG: Cancel <Context for LOG> for task 354\n", 
            "2025-03-22 07:30:10,483 [cuckoo.core.scheduler] DEBUG: Released database task #354\n", 
            "2025-03-22 07:30:10,503 [cuckoo.core.plugins] DEBUG: Executed processing module \"AnalysisInfo\" for task #354\n", 
            "2025-03-22 07:30:10,505 [cuckoo.core.plugins] DEBUG: Executed processing module \"BehaviorAnalysis\" for task #354\n", 
            "2025-03-22 07:30:10,505 [cuckoo.core.plugins] DEBUG: Executed processing module \"Dropped\" for task #354\n", 
            "2025-03-22 07:30:10,505 [cuckoo.core.plugins] DEBUG: Executed processing module \"DroppedBuffer\" for task #354\n", 
            "2025-03-22 07:30:10,505 [cuckoo.core.plugins] DEBUG: Executed processing module \"MetaInfo\" for task #354\n", 
            "2025-03-22 07:30:10,506 [cuckoo.core.plugins] DEBUG: Executed processing module \"ProcessMemory\" for task #354\n", 
            "2025-03-22 07:30:10,506 [cuckoo.core.plugins] DEBUG: Executed processing module \"Procmon\" for task #354\n", 
            "2025-03-22 07:30:10,506 [cuckoo.core.plugins] DEBUG: Executed processing module \"Screenshots\" for task #354\n", 
            "2025-03-22 07:30:10,703 [cuckoo.processing.static] CRITICAL: You do not have the m2crypto library installed preventing certificate extraction. Please read the Cuckoo documentation on installing m2crypto (you need SWIG installed and then `pip "
        ]
    }, 
    "strings": [
        "!This program cannot be run in DOS mode.", 
        "yxRich{", 
        "`.rdata", 
        "@.data", 
        ".pdata", 
        "@.rsrc", 
        "@.reloc", 
        "q0R^G'", 
        "q0R^G'", 
        "q0R^G'", 
        "q0R^G'", 
        " H3E H3E", 
        "u/HcH<H", 
        "H SVWH", 
        "fD94Ou", 
        "D93}IH", 
        "H!D$8I", 
        "H!D$8I", 
        "\\$ UVW", 
        "\\$ UVW", 
        "@SUVWAV", 
        "\\$ UVWAVAW", 
        "A_A^_^]", 
        "\\$ UVW", 
        "@SUVWATAUAVAW", 
        "A_A^A]A\\_^][", 
        "t5fA9(t/I", 
        "t$ WATAUAVAWH", 
        "0A_A^A]A\\_", 
        "t$ WATAUAVAWH", 
        "0A_A^A]A\\_", 
        "WAVAWH", 
        "0A_A^_", 
        "@USVWAVAWH", 
        "A_A^_^[]", 
        "\\$ UVWAVAWH", 
        "t,D8=B", 
        "A_A^_^]", 
        "\\$ VWAVH", 
        "|$ ATAVAWH", 
        "A_A^A\\", 
        "UVWATAUAVAWH", 
        "@A_A^A]A\\_^]", 
        "L$ SVWH", 
        "SVWAVAWH", 
        "`A_A^_^[", 
        "L$ SVWH", 
        "@SUVWATAVAWH", 
        "fD9$Ou", 
        "D9#}DH", 
        "pA_A^A\\_^][", 
        "t$ WAVAWH", 
        "0A_A^_", 
        "@SVWAVAWH", 
        "PA_A^_^[", 
        "VWATAVAWH", 
        "\\$8H;t$0u", 
        "H+t$0H", 
        "`A_A^A\\_^", 
        "@SVWAUAWH", 
        "\\$8H;|$0u", 
        "H+|$0H", 
        "`A_A]_^[", 
        "\\$8L;t$0u=H;", 
        "D+t$0A", 
        "@SUVWAVH", 
        "A^_^][", 
        "H!D$8A", 
        "H!D$8I", 
        "@SVWAVAWH", 
        "vb'vb'v", 
        "PA_A^_^[", 
        "\\$ UVWH", 
        "UVWAVAWH", 
        " A_A^_^]", 
        "@SUVWATAVAWH", 
        "0A_A^A\\_^][", 
        "UVWATAUAVAWH", 
        " A_A^A]A\\_^]", 
        "@USVWATAUAVAWH", 
        "F8@88t", 
        "xA_A^A]A\\_^[]", 
        "WAVAWH", 
        "tMH9\u001ftHA", 
        " A_A^_", 
        "\\$ H95", 
        "Q(H;yHr", 
        "P(H;xHr", 
        "u%H!\\$8H", 
        "UVWAVAWH", 
        "A_A^_^]", 
        "\\$ UVWAVAWH", 
        "PA_A^_^]", 
        "\\$ VWAVH", 
        "\\$ VWAVH", 
        "UVWAVAWH", 
        "~0H+~(H", 
        "H!l$0I", 
        "PA_A^_^]", 
        "t$ WATAUAVAWH", 
        "fE9,Qu", 
        "fE9,Qu", 
        "fE9,Qu", 
        "fE9,Qu", 
        "A_A^A]A\\_", 
        "@SUVWAVH", 
        "@A^_^][", 
        "k VWATAVAWH", 
        "0A_A^A\\_^", 
        "\\$ UVWH", 
        "\\$ UVWH", 
        "@SUVWAVAWH", 
        "hA_A^_^][", 
        "UVWATAUAVAWH", 
        "A_A^A]A\\_^]", 
        "UVWAVAWH", 
        "A_A^_^]", 
        "WATAUAVAWH", 
        "H9/sDH", 
        " A_A^A]A\\_", 
        "rHfD97w", 
        "C9fD97u,", 
        "l$ VWAVH", 
        "@SUVWAVH", 
        "D$8D9r", 
        "PA^_^][", 
        "HcT$0HcL$4H", 
        "l$ VWATAVAWH", 
        " A_A^A\\_^", 
        "UVWATAUAVAWH", 
        "fE9$Bu", 
        "fD9$Bu", 
        "fD9$Bu", 
        "fD9$Bu", 
        "fD9$Ju", 
        "A_A^A]A\\_^]", 
        "D$ OAUW", 
        "{ ATAVAWH", 
        " A_A^A\\", 
        "|$ AVH", 
        "|$ AVH", 
        "h UAVAWH", 
        "u*9Q<|%", 
        "L$ SVWH", 
        "L$(8K H", 
        "WATAUAVAWH", 
        "A_A^A]A\\_", 
        "l$ VWAV", 
        "9iP~}3", 
        "UVWAVAW", 
        "t69~Dv", 
        "A_A^_^]", 
        "9oP~}3", 
        "@USVWAVH", 
        "A^_^[]", 
        "k`A;~DsQL", 
        "C(H+D$(H", 
        "G,H+D$(H", 
        "C H+G$u", 
        "C(H+G,H", 
        "t$ WAVAW", 
        "sH;{Ds", 
        "x UATAUAVAWH", 
        "D$hL+t$8I", 
        "L$8;CD", 
        "A_A^A]A\\]", 
        "T$`H+Q", 
        "WATAUAVAWH", 
        "A_A^A]A\\_", 
        "H WATAUAVAWH", 
        "0A_A^A]A\\_", 
        "L$ SVWAVH", 
        "8A^_^[", 
        "WAVAWH", 
        "WAVAWH", 
        "x ATAVAWH", 
        " A_A^A\\", 
        "WATAUAVAWH", 
        " A_A^A]A\\_", 
        "WAVAWH", 
        " A_A^_", 
        "X UVWH", 
        "v\u001f@8-I", 
        "x ATAVAWH", 
        " A_A^A\\H", 
        "WATAUAVAWH", 
        "metadataM", 
        " A_A^A]A\\_", 
        "x ATAVAWH", 
        " A_A^A\\", 
        "WAVAWH", 
        " A_A^_", 
        "H;\\$Ps2L", 
        "\\$ UVWATAUAVAWH", 
        "vhdxfileH", 
        "fD9k@v", 
        "metadataH", 
        "A_A^A]A\\_^]", 
        "WAVAWH", 
        "P D8\\$8u", 
        "v\u001fD85Qg", 
        "A`;Qdr", 
        ",D85zd", 
        "@8|$`u", 
        "UAVAWH", 
        "VWATAVAWH", 
        "0A_A^A\\_^", 
        "UVWATAUAVAWH", 
        "@A_A^A]A\\_^]", 
        "WAVAWH", 
        " A_A^_", 
        "WAVAWH", 
        " A_A^_", 
        "X UVWATAUAVAWH", 
        " A_A^A]A\\_^]", 
        "WAVAWH", 
        "@A_A^_", 
        "WATAUAVAWH", 
        "0A_A^A]A\\_", 
        "L$ UVWATAUAVAWH", 
        "PA_A^A]A\\_^]", 
        "x AUAVAWH", 
        " A_A^A]", 
        "D$ht`M", 
        "VWATAVAWH", 
        "A_A^A\\_^", 
        "WAVAWH", 
        "0A_A^_", 
        "VWATAVAWH", 
        "0A_A^A\\_^", 
        "UVWATAUAVAWH", 
        "t@D8L$ht9", 
        " A_A^A]A\\_^]", 
        ":regit", 
        "WAVAWH", 
        " A_A^_", 
        "x ATAVAWH", 
        "M9'uZH", 
        "0A_A^A\\", 
        "x ATAVAWH", 
        " A_A^A\\", 
        "\\$ UVWAVAWH", 
        "@A_A^_^]", 
        "WAVAWH", 
        " A_A^_", 
        "Ch9Cxs", 
        "WATAUAVAWH", 
        " A_A^A]A\\_", 
        "UVWATAUAVAWH", 
        "D+vDD;", 
        "A;l$ r", 
        "@A_A^A]A\\_^]", 
        "D9Zxv7D", 
        "UVWAVAWH", 
        "vhdxfileI9", 
        "vhd2fileI9", 
        "A_A^_^]", 
        ":headt", 
        "WATAUAVAWH", 
        "0A_A^A]A\\_", 
        "UVWATAUAVAWH", 
        "@A_A^A]A\\_^]", 
        "USVWATAUAVAWH", 
        "XA_A^A]A\\_^[]", 
        "x ATAVAWH", 
        "0A_A^A\\", 
        "WATAUAVAWH", 
        " A_A^A]A\\_", 
        "WAVAWH", 
        "@A_A^_", 
        "WAVAWH", 
        " A_A^_", 
        "WATAUAVAWH", 
        " A_A^A]A\\_", 
        "UVWATAUAVAWH", 
        "0A_A^A]A\\_^]", 
        "WAVAWH", 
        " A_A^_", 
        "L$ UVWATAUAVAWH", 
        " A_A^A]A\\_^]", 
        "WATAUAVAWH", 
        " A_A^A]A\\_", 
        "UAVAWH", 
        "p WATAUAVAWH", 
        " A_A^A]A\\_", 
        "x ATAVAWH", 
        " A_A^A\\", 
        "WAVAWH", 
        " A_A^_", 
        "WAVAWH", 
        "0A_A^_", 
        "WAVAWH", 
        "0A_A^_", 
        "x ATAVAWH", 
        "/H;APw", 
        " A_A^A\\", 
        "WATAUAVAWH", 
        " A_A^A]A\\_", 
        "WAVAWH", 
        " A_A^_", 
        "UVWATAUAVAWH", 
        "D8w$uoE3", 
        ">zerouLD;", 
        "`A_A^A]A\\_^]", 
        "UVWATAUAVAWH", 
        "A_A^A]A\\_^]", 
        "p WAUAVH", 
        "H9D$8v", 
        "@A^A]_", 
        "{ UATAUAVAWH", 
        "A_A^A]A\\]", 
        "x ATAVAWH", 
        "0A_A^A\\", 
        ":descL", 
        ":zerou#L", 
        "WATAUAVAWH", 
        " A_A^A]A\\_", 
        "{ ATAVAWH", 
        "0A_A^A\\", 
        "UVWATAUAVAWH", 
        "@A_A^A]A\\_^]", 
        "WAVAWH", 
        " A_A^_", 
        "UVWATAUAVAWH", 
        "t\"D9d$`", 
        " A_A^A]A\\_^]", 
        "x ATAVAWH", 
        " A_A^A\\", 
        "9{Pv%H", 
        "` UAVAWH", 
        "WATAUAVAWH", 
        "H9yXruJ", 
        "/H9AXskD", 
        "t\u001fH9yxu", 
        " A_A^A]A\\_", 
        "VWATAVAWH", 
        " A_A^A\\_^", 
        "H99u8H", 
        "WAVAWH", 
        "0A_A^_", 
        "UATAUAVAWH", 
        "t$ t3A", 
        "A_A^A]A\\]", 
        "WATAUAVAWH", 
        "H9GXtP", 
        "0A_A^A]A\\_", 
        "UATAUAVAWH", 
        "u1D9_t", 
        "D9_tu2H", 
        "A_A^A]A\\]", 
        "UVWATAUAVAWH", 
        "0A_A^A]A\\_^]H", 
        "UVWATAUAVAWH", 
        "L9b8rtI", 
        "4H9B8sj", 
        "T$8L9a8r", 
        "@A_A^A]A\\_^]", 
        "UATAUAVAWH", 
        "A_A^A]A\\]", 
        "WAVAWH", 
        " A_A^_", 
        "|$ UAVAWH", 
        "0A_A^]", 
        "WAVAWH", 
        " A_A^_", 
        "VWATAVAWH", 
        "GXI9AXu$I", 
        " A_A^A\\_^", 
        "9] uBH", 
        "@I9Z0wBI", 
        "p WAVAWH", 
        "0A_A^_", 
        "H!CX!C ", 
        "WATAUAVAWH", 
        "A_A^A]A\\_", 
        "Unknown exception", 
        "bad array new length", 
        "Exception", 
        "ReturnNt", 
        "ReturnHr", 
        "FailFast", 
        "RaiseFailFastException", 
        "RtlNtStatusToDosErrorNoTeb", 
        "RtlDllShutdownInProgress", 
        "RtlDisownModuleHeapAllocation", 
        "WilFailureNotifyWatchers", 
        "Unsupported operation: %u", 
        "onecore\\vm\\dv\\storage\\vhd\\btt\\tools\\convertvhdbtt.cpp", 
        "BaseSubIoHandler -- Op Type: %s, Range Type: %lu, Offset: %lu, Length: %lu, Data Offset: %lu", 
        "Failed write operation", 
        "Failed read operation", 
        "Unsupported range type: %u", 
        "Source differencing disks are not supported.", 
        "Source disk must use 4KB logical sector size.", 
        "Only fixed VHDXs are supported.", 
        "Destination must be a .VHDPMEM file.", 
        "vector too long", 
        "onecore\\vm\\dv\\storage\\vhd\\btt\\tools\\bttutil.cpp", 
        "Misaligned request: Offset = %I64u, Length = %I64u", 
        "string too long", 
        "onecore\\internal\\sdk\\inc\\wil\\opensource\\wil\\resource.h", 
        "WilError_03", 
        "onecore\\internal\\sdk\\inc\\wil\\opensource\\wil\\win32_helpers.h", 
        "onecore\\vm\\common\\vml\\VmModuleUtils.h", 
        "RtlRegisterFeatureConfigurationChangeNotification", 
        "RtlUnregisterFeatureConfigurationChangeNotification", 
        "RtlNotifyFeatureUsage", 
        "NtQueryWnfStateData", 
        "NtUpdateWnfStateData", 
        "onecore\\internal\\sdk\\inc\\wil\\Staging.h", 
        "WilStaging_02", 
        "Vml::VmSharableObject::WaitUntilAllocatedObjectCountIsZero", 
        "onecore\\vm\\common\\vml\\VmGuid.h", 
        "map/set too long", 
        "onecore\\vm\\common\\vml\\VmModules.h", 
        "USAGE:", 
        "convertvhd.exe -source <filepath> -destination <filepath> [-btt] [-toPMem]", 
        "convertvhd.exe -sourceToken <file handle> -destinationToken <file handle> [-btt] [-toPMem]", 
        "onecore\\vm\\dv\\storage\\vhd\\btt\\tools\\convertvhdmodule.cpp", 
        "Abad allocation", 
        "BTT: nsread: offset + count (%lld) past end of data area (%zu)", 
        "BTT: nsis_memory_range_good: offset + count (%lld) past end of data area (%zu)", 
        "BTT: nis_memory_range_good: offset + count (%lld) is in a bad memory region", 
        "BTT: nswrite: offset + count (%lld) past end of data area (%zu)", 
        "BTT: nsmap: offset + count (%lld) past end of data area (%zu)", 
        "BTT: nszero: offset + count (%lld) past end of data area (%zu)", 
        "BTT: pmemblk_load_mapped_pool: maxarenasize too large (%llu)", 
        "BTT: pmemblk_load_mapped_pool: maxarenasize too small (%llu)", 
        "BTT: invalid_lba: lba out of range (nlba %ju)", 
        "BTT: invalid_arena_lba: arena lba out of range (nlba %ju)", 
        "BTT: read_flog_pair: invalid lane %d among nfree %d", 
        "BTT: read_flog_pair: invalid flog offset %lu", 
        "BTT: failed to get premapped flog address (0x%x)", 
        "BTT: read_flog_pair: failed to read flog pair (%d)", 
        "BTT: flog pair[0] specifies an invalid LBA (0x%x)", 
        "BTT: flog pair[1] specifies an invalid LBA (0x%x)", 
        "BTT: read_flog_pair: flog layout error: bad seq numbers %d %d", 
        "BTT: read_flog_pair() failed (%d) when reading the map entry for pre-map LBA 0x%x at 0x%llx", 
        "BTT: nswrite() failed when recovering a transaction by updating the map entry at 0x%llx", 
        "Error reading flog pair 0x%x on arena starting at offset 0x%llx", 
        "Failed to read arena starting at offset 0x%llx", 
        "Reading %d arenas on lane %d", 
        "BTT: write_layout: Invalid lba size after alignment: %u ", 
        "BTT: write_layout: number of internal blocks: %lu expected at least %u", 
        "BTT: read_layout: inconsistent lbasize. info.external_lbasize = %d; bttp->lbasize = %d", 
        "BTT: read_layout: nfree can't be 0", 
        "BTT: read_layout: external_nlba can't be 0", 
        "BTT: read_layout: next arena offset > rawsize (%llu, %llu)", 
        "BTT: btt_init: rawsize smaller than BTT_MIN_SIZE %u", 
        "BTT_ARENA_INFO", 
        "Bad range length overflows: 0x%llx for 0x%llx bytes", 
        "RSDSE)", 
        "ConvertVhd.pdb", 
        ".text$di", 
        ".text$mn", 
        ".text$mn$00", 
        ".text$x", 
        ".text$yd", 
        ".rdata$brc", 
        ".rdata$T$brc", 
        ".idata$5", 
        ".00cfg", 
        ".CRT$XCA", 
        ".CRT$XCAA", 
        ".CRT$XCU", 
        ".CRT$XCZ", 
        ".CRT$XDA", 
        ".CRT$XDU", 
        ".CRT$XDZ", 
        ".CRT$XIA", 
        ".CRT$XIAA", 
        ".CRT$XIAC", 
        ".CRT$XIC", 
        ".CRT$XIZ", 
        ".CRT$XLA", 
        ".CRT$XLC", 
        ".CRT$XLZ", 
        ".CRT$XPA", 
        ".CRT$XPZ", 
        ".CRT$XTA", 
        ".CRT$XTZ", 
        ".gehcont", 
        ".gfids", 
        ".rdata", 
        ".rdata$r", 
        ".rdata$voltmd", 
        ".rdata$zzzdbg", 
        ".rtc$IAA", 
        ".rtc$IZZ", 
        ".rtc$TAA", 
        ".rtc$TZZ", 
        ".tls$ZZZ", 
        ".xdata", 
        ".xdata$x", 
        ".idata$2", 
        ".idata$3", 
        ".idata$4", 
        ".idata$6", 
        ".data$brc", 
        ".data$r$brc", 
        ".data$rs$brc", 
        ".pdata", 
        ".rsrc$01", 
        ".rsrc$02", 
        "_initterm", 
        "_initterm_e", 
        "_c_exit", 
        "_register_thread_local_exe_atexit_callback", 
        "api-ms-win-crt-runtime-l1-1-0.dll", 
        "__CxxFrameHandler4", 
        "__std_terminate", 
        "__C_specific_handler", 
        "_o___acrt_iob_func", 
        "_o___p___argc", 
        "_o___p___wargv", 
        "_o___p__commode", 
        "_o___std_exception_copy", 
        "_o___std_exception_destroy", 
        "_o___stdio_common_vfwprintf", 
        "_o___stdio_common_vsnprintf_s", 
        "_o___stdio_common_vsnwprintf_s", 
        "_o___stdio_common_vswprintf", 
        "_o___stdio_common_vswprintf_s", 
        "_o__callnewh", 
        "_o__cexit", 
        "_o__configthreadlocale", 
        "_o__configure_wide_argv", 
        "_o__crt_atexit", 
        "_o__errno", 
        "_o__exit", 
        "_o__get_initial_wide_environment", 
        "_o__initialize_onexit_table", 
        "_o__initialize_wide_environment", 
        "_o__invalid_parameter_noinfo", 
        "_o__invalid_parameter_noinfo_noreturn", 
        "_o__purecall", 
        "_o__register_onexit_function", 
        "_o__seh_filter_exe", 
        "_o__set_app_type", 
        "_o__set_fmode", 
        "_o__set_new_mode", 
        "_o__wcsicmp", 
        "_o_exit", 
        "_o_qsort", 
        "_o_terminate", 
        "_o_wcstoull", 
        "__CxxFrameHandler3", 
        "__current_exception", 
        "__current_exception_context", 
        "memset", 
        "_CxxThrowException", 
        "api-ms-win-crt-private-l1-1-0.dll", 
        "api-ms-win-crt-string-l1-1-0.dll", 
        "GetModuleFileNameA", 
        "InitializeSRWLock", 
        "HeapFree", 
        "SetLastError", 
        "GetModuleHandleExW", 
        "WakeAllConditionVariable", 
        "InitializeConditionVariable", 
        "CreateFileW", 
        "GetCurrentThreadId", 
        "FormatMessageW", 
        "GetLastError", 
        "ReleaseSRWLockExclusive", 
        "SetFileInformationByHandle", 
        "OutputDebugStringW", 
        "AcquireSRWLockExclusive", 
        "CloseHandle", 
        "HeapAlloc", 
        "GetProcAddress", 
        "GetProcessHeap", 
        "GetModuleHandleW", 
        "SleepConditionVariableSRW", 
        "DebugBreak", 
        "IsDebuggerPresent", 
        "FlushFileBuffers", 
        "InitOnceBeginInitialize", 
        "CreateSemaphoreExW", 
        "EnterCriticalSection", 
        "GetCurrentProcess", 
        "ReleaseSemaphore", 
        "RtlPcToFileHeader", 
        "GetModuleFileNameW", 
        "EventUnregister", 
        "RegGetValueW", 
        "RegOpenKeyExW", 
        "LeaveCriticalSection", 
        "InitializeCriticalSection", 
        "GetProcessMitigationPolicy", 
        "InitializeCriticalSectionEx", 
        "WaitForThreadpoolTimerCallbacks", 
        "WaitForSingleObject", 
        "EventEnabled", 
        "ReleaseMutex", 
        "RtlCaptureStackBackTrace", 
        "SetProcessMitigationPolicy", 
        "CreateEventW", 
        "EventSetInformation", 
        "RaiseFailFastException", 
        "CloseThreadpoolTimer", 
        "InitOnceComplete", 
        "WaitForSingleObjectEx", 
        "OpenSemaphoreW", 
        "SetThreadpoolTimer", 
        "ReleaseSRWLockShared", 
        "K32GetModuleInformation", 
        "CreateThreadpoolTimer", 
        "HeapSetInformation", 
        "EventRegister", 
        "CreateMutexExW", 
        "AcquireSRWLockShared", 
        "DeleteCriticalSection", 
        "GetCurrentProcessId", 
        "RegCloseKey", 
        "EventWrite", 
        "GetTickCount", 
        "RtlCaptureContext", 
        "RtlLookupFunctionEntry", 
        "RtlVirtualUnwind", 
        "UnhandledExceptionFilter", 
        "SetUnhandledExceptionFilter", 
        "TerminateProcess", 
        "IsProcessorFeaturePresent", 
        "QueryPerformanceCounter", 
        "GetSystemTimeAsFileTime", 
        "InitializeSListHead", 
        "RtlFlushNonVolatileMemory", 
        "RtlWriteNonVolatileMemory", 
        "GetActiveProcessorCount", 
        "GetCurrentProcessorNumber", 
        "RtlGetVersion", 
        "ReadFile", 
        "CloseThreadpoolWork", 
        "StartThreadpoolIo", 
        "GetFileSizeEx", 
        "WriteFile", 
        "CreateThreadpoolIo", 
        "CancelThreadpoolIo", 
        "GetOverlappedResult", 
        "CloseThreadpoolIo", 
        "SubmitThreadpoolWork", 
        "WriteFileGather", 
        "ReadFileScatter", 
        "CreateThreadpoolWork", 
        "RtlFindSetBits", 
        "RtlAreBitsClear", 
        "RtlSetBits", 
        "RtlClearBits", 
        "RtlFindLastBackwardRunClear", 
        "RtlAreBitsSet", 
        "RtlSetAllBits", 
        "RtlInitializeBitMap", 
        "RtlClearAllBits", 
        "api-ms-win-core-libraryloader-l1-2-0.dll", 
        "api-ms-win-core-synch-l1-1-0.dll", 
        "api-ms-win-core-heap-l1-1-0.dll", 
        "api-ms-win-core-errorhandling-l1-1-0.dll", 
        "api-ms-win-core-synch-l1-2-0.dll", 
        "api-ms-win-core-file-l1-1-0.dll", 
        "api-ms-win-core-processthreads-l1-1-0.dll", 
        "api-ms-win-core-localization-l1-2-0.dll", 
        "api-ms-win-core-debug-l1-1-0.dll", 
        "api-ms-win-core-handle-l1-1-0.dll", 
        "api-ms-win-core-rtlsupport-l1-1-0.dll", 
        "api-ms-win-eventing-provider-l1-1-0.dll", 
        "api-ms-win-core-registry-l1-1-0.dll", 
        "api-ms-win-core-processthreads-l1-1-1.dll", 
        "api-ms-win-core-threadpool-l1-2-0.dll", 
        "api-ms-win-core-errorhandling-l1-1-2.dll", 
        "api-ms-win-core-psapi-l1-1-0.dll", 
        "api-ms-win-core-sysinfo-l1-1-0.dll", 
        "api-ms-win-core-profile-l1-1-0.dll", 
        "api-ms-win-core-interlocked-l1-1-0.dll", 
        "ntdll.dll", 
        "api-ms-win-core-processtopology-obsolete-l1-1-0.dll", 
        "api-ms-win-core-io-l1-1-0.dll", 
        "UuidCreate", 
        "RtlRandomEx", 
        "RPCRT4.dll", 
        "memcmp", 
        "memcpy", 
        "memmove", 
        ".?AVbad_alloc@std@@", 
        ".?AVResultException@wil@@", 
        ".?AVexception@std@@", 
        ".?AVbad_array_new_length@std@@", 
        ".?AVlength_error@std@@", 
        ".?AVlogic_error@std@@", 
        ".?AVtype_info@@", 
        ".?AV?$VmExeModule@VConvertVhdModule@@@Vml@@", 
        ".?AVVmModuleBase@Vml@@", 
        ".?AV?$__base@$$A6A_NPEAX_K01I@Z@__function@wistd@@", 
        ".?AV?$VmModule@VConvertVhdModule@@@Vml@@", 
        ".?AV?$__func@V<lambda_8db0ce862824541f40dfb767113f1e28>@@$$A6A_NPEAX_K01I@Z@__function@wistd@@", 
        ".?AVConvertVhdModule@@", 
        "Washington1", 
        "Redmond1", 
        "Microsoft Corporation1.0,", 
        "%Microsoft Windows Production PCA 20110", 
        "231116192009Z", 
        "241114192009Z0p1", 
        "Washington1", 
        "Redmond1", 
        "Microsoft Corporation1", 
        "Microsoft Windows0", 
        "Microsoft Corporation1", 
        "229879+5018250\u001f", 
        "Fhttp://www.microsoft.com/pkiops/crl/MicWinProPCA2011_2011-10-19.crl%200a", 
        "Ehttp://www.microsoft.com/pkiops/certs/MicWinProPCA2011_2011-10-19.crt0", 
        "+:Cf;@", 
        "Washington1", 
        "Redmond1", 
        "Microsoft Corporation1200", 
        ")Microsoft Root Certificate Authority 20100", 
        "111019184142Z", 
        "261019185142Z0", 
        "Washington1", 
        "Redmond1", 
        "Microsoft Corporation1.0,", 
        "%Microsoft Windows Production PCA 20110", 
        "i\u001f%(\\6", 
        "Ehttp://crl.microsoft.com/pki/crl/products/MicRooCerAut_2010-06-23.crl0Z", 
        ">http://www.microsoft.com/pki/certs/MicRooCerAut_2010-06-23.crt0", 
        "Washington1", 
        "Redmond1", 
        "Microsoft Corporation1.0,", 
        "%Microsoft Windows Production PCA 2011", 
        ",wU5T5uDtC+G9jGPYgb57pkkDk/uKh8eMF4mzKKbbhso=0Z", 
        " http://www.microsoft.com/windows0", 
        "+/B4Szl", 
        "20240905043903.371Z0", 
        "Washington1", 
        "Redmond1", 
        "Microsoft Corporation1-0+", 
        "$Microsoft Ireland Operations Limited1&0$", 
        "Thales TSS ESN:8D41-4BF7-B3B71%0#", 
        "Microsoft Time-Stamp Service", 
        "Washington1", 
        "Redmond1", 
        "Microsoft Corporation1&0$", 
        "Microsoft Time-Stamp PCA 20100", 
        "231012190729Z", 
        "250110190729Z0", 
        "Washington1", 
        "Redmond1", 
        "Microsoft Corporation1-0+", 
        "$Microsoft Ireland Operations Limited1&0$", 
        "Thales TSS ESN:8D41-4BF7-B3B71%0#", 
        "Microsoft Time-Stamp Service0", 
        "|IGksQ", 
        "Nhttp://www.microsoft.com/pkiops/crl/Microsoft%20Time-Stamp%20PCA%202010(1).crl0l", 
        "Phttp://www.microsoft.com/pkiops/certs/Microsoft%20Time-Stamp%20PCA%202010(1).crt0", 
        ":F@b(A\u001f", 
        "22?WP H", 
        "Washington1", 
        "Redmond1", 
        "Microsoft Corporation1200", 
        ")Microsoft Root Certificate Authority 20100", 
        "210930182225Z", 
        "300930183225Z0|1", 
        "Washington1", 
        "Redmond1", 
        "Microsoft Corporation1&0$", 
        "Microsoft Time-Stamp PCA 20100", 
        "3http://www.microsoft.com/pkiops/Docs/Repository.htm0", 
        "Ehttp://crl.microsoft.com/pki/crl/products/MicRooCerAut_2010-06-23.crl0Z", 
        ">http://www.microsoft.com/pki/certs/MicRooCerAut_2010-06-23.crt0", 
        "as.,k{n?,", 
        "Washington1", 
        "Redmond1", 
        "Microsoft Corporation1-0+", 
        "$Microsoft Ireland Operations Limited1&0$", 
        "Thales TSS ESN:8D41-4BF7-B3B71%0#", 
        "Microsoft Time-Stamp Service", 
        "Washington1", 
        "Redmond1", 
        "Microsoft Corporation1&0$", 
        "Microsoft Time-Stamp PCA 20100", 
        "20240905083830Z", 
        "20240906083830Z0t0:", 
        "Washington1", 
        "Redmond1", 
        "Microsoft Corporation1&0$", 
        "Microsoft Time-Stamp PCA 2010", 
        "Washington1", 
        "Redmond1", 
        "Microsoft Corporation1&0$", 
        "Microsoft Time-Stamp PCA 2010", 
        "/d X*j", 
        "%hs(%u)\\%hs!%p: ", 
        "%hs!%p: ", 
        "(caller: %p) ", 
        "%hs(%d) tid(%x) %08X %ws", 
        "Msg:[%ws] ", 
        "CallContext:[%hs] ", 
        "[%hs(%hs)]", 
        "kernelbase.dll", 
        "std::exception: %hs", 
        "ntdll.dll", 
        ".BTT VHDX Conversion Tool", 
        "TraceFlags", 
        "StopLevel", 
        "DebugBreakEnabled", 
        "TraceLevel", 
        "TraceLevelsEnabled", 
        "Trace%i", 
        "LeakWaitSeconds", 
        "%hs is taking a long time - giving up on module: %ws", 
        "Detected a leaked instance - this leak should be fixed ASAP - terminating process rather than waiting forever or risking crash during module cleanup due to invalid state.", 
        "VHD Conversion Tool [Version 1.00]", 
        "Copyright (C) 2017 Microsoft Corporation. All rights reserved.", 
        "sourceToken", 
        "destinationToken", 
        "toPMem", 
        "source", 
        "destination", 
        ".vhdpmem", 
        "Local\\SM0:%lu:%lu:%hs", 
        "ClientAssertMask", 
        "SOFTWARE\\Microsoft\\Windows NT\\CurrentVersion\\Virtualization\\VML", 
        "SOFTWARE\\Microsoft\\Windows NT\\CurrentVersion\\Virtualization", 
        "Microsoft Windows %u.%u.%u.%u", 
        "Shutting down VHD quickly.", 
        "Downgrade failed.", 
        "Region table update failed", 
        "could not enable log", 
        "Log write failure", 
        "Flush Failure.", 
        "Log apply failed", 
        "BAT failure on page in", 
        "Failed to consume BAT page during full BAT read.", 
        "Failed to log cache node", 
        "File Flush failure.", 
        "Failed to apply cache node.", 
        "Clean Cache Failed.", 
        "VS_VERSION_INFO", 
        "StringFileInfo", 
        "040904B0", 
        "CompanyName", 
        "Microsoft Corporation", 
        "FileDescription", 
        "VHD Conversion Tool", 
        "FileVersion", 
        "10.0.22621.4169 (WinBuild.160101.0800)", 
        "InternalName", 
        "ConvertVhd.exe", 
        "LegalCopyright", 
        " Microsoft Corporation. All rights reserved.", 
        "OriginalFilename", 
        "ConvertVhd.exe", 
        "ProductName", 
        "Microsoft", 
        " Windows", 
        " Operating System", 
        "ProductVersion", 
        "10.0.22621.4169", 
        "VarFileInfo", 
        "Translation", 
        "\"Microsoft Window"
    ], 
    "metadata": {
        "output": {
            "pcap": {
                "basename": "dump.pcap", 
                "sha256": "07f4ea5b637288bf54fb8da5cd31ee508896230627a735cd39ca768211df34fa", 
                "dirname": ""
            }
        }
    }
}