{
    "info": {
        "added": 1742628896.476131, 
        "started": 1742628897.166626, 
        "duration": 11, 
        "ended": 1742628909.038573, 
        "owner": null, 
        "score": 0.4, 
        "id": 359, 
        "category": "file", 
        "git": {
            "head": "13cbe0d9e457be3673304533043e992ead1ea9b2", 
            "fetch_head": "13cbe0d9e457be3673304533043e992ead1ea9b2"
        }, 
        "monitor": "2deb9ccd75d5a7a3fe05b2625b03a8639d6ee36b", 
        "package": "exe", 
        "route": "none", 
        "custom": null, 
        "machine": {
            "status": "stopped", 
            "name": "192.168.56.1011", 
            "label": "192.168.56.1011", 
            "manager": "VirtualBox", 
            "started_on": "2025-03-22 07:34:57", 
            "shutdown_on": "2025-03-22 07:35:08"
        }, 
        "platform": "windows", 
        "version": "2.0.7", 
        "options": "procmemdump=yes,route=none"
    }, 
    "signatures": [
        {
            "families": [], 
            "description": "This executable has a PDB path", 
            "severity": 1, 
            "ttp": {}, 
            "markcount": 1, 
            "references": [], 
            "marks": [
                {
                    "category": "pdb_path", 
                    "ioc": "cscript.pdb", 
                    "type": "ioc", 
                    "description": null
                }
            ], 
            "name": "has_pdb"
        }, 
        {
            "families": [], 
            "description": "The file contains an unknown PE resource name possibly indicative of a packer", 
            "severity": 1, 
            "ttp": {
                "T1045": {
                    "short": "Software Packing", 
                    "long": "Software packing is a method of compressing or encrypting an executable. Packing an executable changes the file signature in an attempt to avoid signature-based detection. Most decompression techniques decompress the executable code in memory."
                }
            }, 
            "markcount": 2, 
            "references": [], 
            "marks": [
                {
                    "category": "resource name", 
                    "ioc": "MUI", 
                    "type": "ioc", 
                    "description": null
                }, 
                {
                    "category": "resource name", 
                    "ioc": "TYPELIB", 
                    "type": "ioc", 
                    "description": null
                }
            ], 
            "name": "pe_unknown_resource_name"
        }
    ], 
    "target": {
        "category": "file", 
        "file": {
            "yara": [], 
            "sha1": "15b67f1297ce92a51ba44b521cebe64675c3115b", 
            "name": "cscript.exe", 
            "type": "PE32 executable (console) Intel 80386, for MS Windows", 
            "sha256": "31c91be7142c87d4422cee4dc12041575529247d7adbb27e9a1158bd72b8342d", 
            "urls": [], 
            "crc32": "1463EF00", 
            "path": "/home/tesst/.cuckoo/storage/binaries/31c91be7142c87d4422cee4dc12041575529247d7adbb27e9a1158bd72b8342d", 
            "ssdeep": null, 
            "size": 151552, 
            "sha512": "9eb33b7ae93544e28556161a623e1a5afefbcbf3cfba368ce63785d0a6d61cd62b50f0a7ab01bcefe7290cefa943d0d2d74947c98b904f3beba24195c173a0f4", 
            "md5": "e612e9f62fee8811334f80e3016d5cf8"
        }
    }, 
    "network": {
        "tls": [], 
        "udp": [
            {
                "src": "192.168.56.101", 
                "dst": "224.0.0.252", 
                "offset": 1330, 
                "time": 4.284827947616577, 
                "dport": 5355, 
                "sport": 64614
            }, 
            {
                "src": "192.168.56.101", 
                "dst": "224.0.0.252", 
                "offset": 1650, 
                "time": 4.601180076599121, 
                "dport": 5355, 
                "sport": 65517
            }, 
            {
                "src": "192.168.56.101", 
                "dst": "239.255.255.250", 
                "offset": 1978, 
                "time": 4.455715894699097, 
                "dport": 1900, 
                "sport": 64617
            }
        ], 
        "dns_servers": [], 
        "http": [], 
        "icmp": [], 
        "smtp": [], 
        "tcp": [], 
        "smtp_ex": [], 
        "mitm": [], 
        "hosts": [], 
        "pcap_sha256": "38a6b4762681e6326ad4f0e4a3f79459b0399fbe54d549dd8683f08ae2921ce7", 
        "dns": [], 
        "http_ex": [], 
        "domains": [], 
        "dead_hosts": [], 
        "sorted_pcap_sha256": "5e0c2509ded44be16ed6f25b6daadc27f86086d3c89ebd1e0a4ad3d8d6b5aae5", 
        "irc": [], 
        "https_ex": []
    }, 
    "static": {
        "pdb_path": "cscript.pdb", 
        "pe_imports": [
            {
                "imports": [
                    {
                        "name": "memmove", 
                        "address": "0x41c2b0"
                    }, 
                    {
                        "name": "free", 
                        "address": "0x41c2b4"
                    }, 
                    {
                        "name": "_callnewh", 
                        "address": "0x41c2b8"
                    }, 
                    {
                        "name": "malloc", 
                        "address": "0x41c2bc"
                    }, 
                    {
                        "name": "memcmp", 
                        "address": "0x41c2c0"
                    }, 
                    {
                        "name": "wcsncmp", 
                        "address": "0x41c2c4"
                    }, 
                    {
                        "name": "_wcsnicmp", 
                        "address": "0x41c2c8"
                    }, 
                    {
                        "name": "_wcsicmp", 
                        "address": "0x41c2cc"
                    }, 
                    {
                        "name": "memmove_s", 
                        "address": "0x41c2d0"
                    }, 
                    {
                        "name": "memcpy_s", 
                        "address": "0x41c2d4"
                    }, 
                    {
                        "name": "memcpy", 
                        "address": "0x41c2d8"
                    }, 
                    {
                        "name": "memset", 
                        "address": "0x41c2dc"
                    }, 
                    {
                        "name": "swprintf_s", 
                        "address": "0x41c2e0"
                    }, 
                    {
                        "name": "sprintf_s", 
                        "address": "0x41c2e4"
                    }, 
                    {
                        "name": "_vsnprintf", 
                        "address": "0x41c2e8"
                    }, 
                    {
                        "name": "_swab", 
                        "address": "0x41c2ec"
                    }, 
                    {
                        "name": "strcpy_s", 
                        "address": "0x41c2f0"
                    }, 
                    {
                        "name": "wcsrchr", 
                        "address": "0x41c2f4"
                    }, 
                    {
                        "name": "_itow", 
                        "address": "0x41c2f8"
                    }, 
                    {
                        "name": "_itow_s", 
                        "address": "0x41c2fc"
                    }, 
                    {
                        "name": "_except_handler4_common", 
                        "address": "0x41c300"
                    }, 
                    {
                        "name": "_vsnwprintf", 
                        "address": "0x41c304"
                    }, 
                    {
                        "name": "wcscat_s", 
                        "address": "0x41c308"
                    }, 
                    {
                        "name": "wcscpy_s", 
                        "address": "0x41c30c"
                    }
                ], 
                "dll": "msvcrt.dll"
            }, 
            {
                "imports": [
                    {
                        "name": "SysStringLen", 
                        "address": "0x41c1dc"
                    }, 
                    {
                        "name": "LoadRegTypeLib", 
                        "address": "0x41c1e0"
                    }, 
                    {
                        "name": "SafeArrayCopy", 
                        "address": "0x41c1e4"
                    }, 
                    {
                        "name": "SysAllocString", 
                        "address": "0x41c1e8"
                    }, 
                    {
                        "name": "SafeArrayGetLBound", 
                        "address": "0x41c1ec"
                    }, 
                    {
                        "name": "CreateErrorInfo", 
                        "address": "0x41c1f0"
                    }, 
                    {
                        "name": "SetErrorInfo", 
                        "address": "0x41c1f4"
                    }, 
                    {
                        "name": "SafeArrayGetElement", 
                        "address": "0x41c1f8"
                    }, 
                    {
                        "name": "VariantClear", 
                        "address": "0x41c1fc"
                    }, 
                    {
                        "name": "SafeArrayDestroy", 
                        "address": "0x41c200"
                    }, 
                    {
                        "name": "SafeArrayGetUBound", 
                        "address": "0x41c204"
                    }, 
                    {
                        "name": "SafeArrayPutElement", 
                        "address": "0x41c208"
                    }, 
                    {
                        "name": "SafeArrayCreate", 
                        "address": "0x41c20c"
                    }, 
                    {
                        "name": "SysAllocStringLen", 
                        "address": "0x41c210"
                    }, 
                    {
                        "name": "LoadTypeLib", 
                        "address": "0x41c214"
                    }, 
                    {
                        "name": "SysFreeString", 
                        "address": "0x41c218"
                    }, 
                    {
                        "name": "VariantCopy", 
                        "address": "0x41c21c"
                    }, 
                    {
                        "name": "VariantChangeType", 
                        "address": "0x41c220"
                    }, 
                    {
                        "name": "VariantInit", 
                        "address": "0x41c224"
                    }
                ], 
                "dll": "OLEAUT32.dll"
            }, 
            {
                "imports": [
                    {
                        "name": "CreateSemaphoreExW", 
                        "address": "0x41c04c"
                    }, 
                    {
                        "name": "HeapFree", 
                        "address": "0x41c050"
                    }, 
                    {
                        "name": "SetLastError", 
                        "address": "0x41c054"
                    }, 
                    {
                        "name": "EnterCriticalSection", 
                        "address": "0x41c058"
                    }, 
                    {
                        "name": "GetCommandLineW", 
                        "address": "0x41c05c"
                    }, 
                    {
                        "name": "ReleaseSemaphore", 
                        "address": "0x41c060"
                    }, 
                    {
                        "name": "WideCharToMultiByte", 
                        "address": "0x41c064"
                    }, 
                    {
                        "name": "LeaveCriticalSection", 
                        "address": "0x41c068"
                    }, 
                    {
                        "name": "InitializeCriticalSectionEx", 
                        "address": "0x41c06c"
                    }, 
                    {
                        "name": "WaitForThreadpoolTimerCallbacks", 
                        "address": "0x41c070"
                    }, 
                    {
                        "name": "WaitForSingleObject", 
                        "address": "0x41c074"
                    }, 
                    {
                        "name": "GetCurrentThreadId", 
                        "address": "0x41c078"
                    }, 
                    {
                        "name": "ReleaseMutex", 
                        "address": "0x41c07c"
                    }, 
                    {
                        "name": "GetModuleHandleA", 
                        "address": "0x41c080"
                    }, 
                    {
                        "name": "GetCommandLineA", 
                        "address": "0x41c084"
                    }, 
                    {
                        "name": "MultiByteToWideChar", 
                        "address": "0x41c088"
                    }, 
                    {
                        "name": "FormatMessageW", 
                        "address": "0x41c08c"
                    }, 
                    {
                        "name": "ReleaseSRWLockExclusive", 
                        "address": "0x41c090"
                    }, 
                    {
                        "name": "OutputDebugStringW", 
                        "address": "0x41c094"
                    }, 
                    {
                        "name": "CloseThreadpoolTimer", 
                        "address": "0x41c098"
                    }, 
                    {
                        "name": "AcquireSRWLockExclusive", 
                        "address": "0x41c09c"
                    }, 
                    {
                        "name": "WaitForSingleObjectEx", 
                        "address": "0x41c0a0"
                    }, 
                    {
                        "name": "OpenSemaphoreW", 
                        "address": "0x41c0a4"
                    }, 
                    {
                        "name": "CloseHandle", 
                        "address": "0x41c0a8"
                    }, 
                    {
                        "name": "SetThreadpoolTimer", 
                        "address": "0x41c0ac"
                    }, 
                    {
                        "name": "ReleaseSRWLockShared", 
                        "address": "0x41c0b0"
                    }, 
                    {
                        "name": "CreateThreadpoolTimer", 
                        "address": "0x41c0b4"
                    }, 
                    {
                        "name": "HeapAlloc", 
                        "address": "0x41c0b8"
                    }, 
                    {
                        "name": "GetProcAddress", 
                        "address": "0x41c0bc"
                    }, 
                    {
                        "name": "CreateMutexExW", 
                        "address": "0x41c0c0"
                    }, 
                    {
                        "name": "AcquireSRWLockShared", 
                        "address": "0x41c0c4"
                    }, 
                    {
                        "name": "DeleteCriticalSection", 
                        "address": "0x41c0c8"
                    }, 
                    {
                        "name": "ExitProcess", 
                        "address": "0x41c0cc"
                    }, 
                    {
                        "name": "GetCurrentProcessId", 
                        "address": "0x41c0d0"
                    }, 
                    {
                        "name": "GetProcessHeap", 
                        "address": "0x41c0d4"
                    }, 
                    {
                        "name": "GetModuleHandleW", 
                        "address": "0x41c0d8"
                    }, 
                    {
                        "name": "IsDebuggerPresent", 
                        "address": "0x41c0dc"
                    }, 
                    {
                        "name": "QueryPerformanceCounter", 
                        "address": "0x41c0e0"
                    }, 
                    {
                        "name": "GetSystemTimeAsFileTime", 
                        "address": "0x41c0e4"
                    }, 
                    {
                        "name": "GetTickCount", 
                        "address": "0x41c0e8"
                    }, 
                    {
                        "name": "WriteConsoleW", 
                        "address": "0x41c0ec"
                    }, 
                    {
                        "name": "SetUnhandledExceptionFilter", 
                        "address": "0x41c0f0"
                    }, 
                    {
                        "name": "GetCurrentProcess", 
                        "address": "0x41c0f4"
                    }, 
                    {
                        "name": "TerminateProcess", 
                        "address": "0x41c0f8"
                    }, 
                    {
                        "name": "GetLastError", 
                        "address": "0x41c0fc"
                    }, 
                    {
                        "name": "LocalAlloc", 
                        "address": "0x41c100"
                    }, 
                    {
                        "name": "GetPrivateProfileStringW", 
                        "address": "0x41c104"
                    }, 
                    {
                        "name": "GetConsoleMode", 
                        "address": "0x41c108"
                    }, 
                    {
                        "name": "LocalFree", 
                        "address": "0x41c10c"
                    }, 
                    {
                        "name": "WriteFile", 
                        "address": "0x41c110"
                    }, 
                    {
                        "name": "FormatMessageA", 
                        "address": "0x41c114"
                    }, 
                    {
                        "name": "GetPrivateProfileIntW", 
                        "address": "0x41c118"
                    }, 
                    {
                        "name": "LoadLibraryExW", 
                        "address": "0x41c11c"
                    }, 
                    {
                        "name": "FindFirstFileW", 
                        "address": "0x41c120"
                    }, 
                    {
                        "name": "FindFirstFileA", 
                        "address": "0x41c124"
                    }, 
                    {
                        "name": "FindClose", 
                        "address": "0x41c128"
                    }, 
                    {
                        "name": "GetFileAttributesW", 
                        "address": "0x41c12c"
                    }, 
                    {
                        "name": "GetACP", 
                        "address": "0x41c130"
                    }, 
                    {
                        "name": "GetFileAttributesA", 
                        "address": "0x41c134"
                    }, 
                    {
                        "name": "GetStdHandle", 
                        "address": "0x41c138"
                    }, 
                    {
                        "name": "GetCPInfo", 
                        "address": "0x41c13c"
                    }, 
                    {
                        "name": "GetModuleFileNameA", 
                        "address": "0x41c140"
                    }, 
                    {
                        "name": "GetPrivateProfileIntA", 
                        "address": "0x41c144"
                    }, 
                    {
                        "name": "GetModuleFileNameW", 
                        "address": "0x41c148"
                    }, 
                    {
                        "name": "GetPrivateProfileStringA", 
                        "address": "0x41c14c"
                    }, 
                    {
                        "name": "CreateFileW", 
                        "address": "0x41c150"
                    }, 
                    {
                        "name": "InitializeCriticalSection", 
                        "address": "0x41c154"
                    }, 
                    {
                        "name": "HeapReAlloc", 
                        "address": "0x41c158"
                    }, 
                    {
                        "name": "UnmapViewOfFile", 
                        "address": "0x41c15c"
                    }, 
                    {
                        "name": "LoadLibraryW", 
                        "address": "0x41c160"
                    }, 
                    {
                        "name": "GetLocaleInfoA", 
                        "address": "0x41c164"
                    }, 
                    {
                        "name": "GetLocaleInfoW", 
                        "address": "0x41c168"
                    }, 
                    {
                        "name": "CreateFileMappingA", 
                        "address": "0x41c16c"
                    }, 
                    {
                        "name": "FreeLibrary", 
                        "address": "0x41c170"
                    }, 
                    {
                        "name": "GetFullPathNameA", 
                        "address": "0x41c174"
                    }, 
                    {
                        "name": "GetFileSize", 
                        "address": "0x41c178"
                    }, 
                    {
                        "name": "MapViewOfFile", 
                        "address": "0x41c17c"
                    }, 
                    {
                        "name": "GetUserDefaultUILanguage", 
                        "address": "0x41c180"
                    }, 
                    {
                        "name": "GetLocaleInfoEx", 
                        "address": "0x41c184"
                    }, 
                    {
                        "name": "CreateFileMappingW", 
                        "address": "0x41c188"
                    }, 
                    {
                        "name": "SearchPathW", 
                        "address": "0x41c18c"
                    }, 
                    {
                        "name": "GetFullPathNameW", 
                        "address": "0x41c190"
                    }, 
                    {
                        "name": "GetVersionExW", 
                        "address": "0x41c194"
                    }, 
                    {
                        "name": "LCIDToLocaleName", 
                        "address": "0x41c198"
                    }, 
                    {
                        "name": "FindResourceExW", 
                        "address": "0x41c19c"
                    }, 
                    {
                        "name": "FlushFileBuffers", 
                        "address": "0x41c1a0"
                    }, 
                    {
                        "name": "GetTempFileNameA", 
                        "address": "0x41c1a4"
                    }, 
                    {
                        "name": "GetVersionExA", 
                        "address": "0x41c1a8"
                    }, 
                    {
                        "name": "LoadResource", 
                        "address": "0x41c1ac"
                    }, 
                    {
                        "name": "GetSystemDefaultUILanguage", 
                        "address": "0x41c1b0"
                    }, 
                    {
                        "name": "GetSystemDirectoryA", 
                        "address": "0x41c1b4"
                    }, 
                    {
                        "name": "CreateFileA", 
                        "address": "0x41c1b8"
                    }, 
                    {
                        "name": "GetTempPath2A", 
                        "address": "0x41c1bc"
                    }, 
                    {
                        "name": "UnhandledExceptionFilter", 
                        "address": "0x41c1c0"
                    }, 
                    {
                        "name": "LoadLibraryExA", 
                        "address": "0x41c1c4"
                    }, 
                    {
                        "name": "GetUserDefaultLCID", 
                        "address": "0x41c1c8"
                    }, 
                    {
                        "name": "CreateEventA", 
                        "address": "0x41c1cc"
                    }, 
                    {
                        "name": "CreateThread", 
                        "address": "0x41c1d0"
                    }, 
                    {
                        "name": "SetEvent", 
                        "address": "0x41c1d4"
                    }
                ], 
                "dll": "KERNEL32.dll"
            }, 
            {
                "imports": [
                    {
                        "name": "MkParseDisplayName", 
                        "address": "0x41c314"
                    }, 
                    {
                        "name": "CLSIDFromProgID", 
                        "address": "0x41c318"
                    }, 
                    {
                        "name": "CoGetClassObject", 
                        "address": "0x41c31c"
                    }, 
                    {
                        "name": "CLSIDFromString", 
                        "address": "0x41c320"
                    }, 
                    {
                        "name": "CoCreateInstance", 
                        "address": "0x41c324"
                    }, 
                    {
                        "name": "CoInitializeSecurity", 
                        "address": "0x41c328"
                    }, 
                    {
                        "name": "CoRegisterMessageFilter", 
                        "address": "0x41c32c"
                    }, 
                    {
                        "name": "CreateFileMoniker", 
                        "address": "0x41c330"
                    }, 
                    {
                        "name": "CreateBindCtx", 
                        "address": "0x41c334"
                    }, 
                    {
                        "name": "CoUninitialize", 
                        "address": "0x41c338"
                    }, 
                    {
                        "name": "CoInitialize", 
                        "address": "0x41c33c"
                    }, 
                    {
                        "name": "CoGetTreatAsClass", 
                        "address": "0x41c340"
                    }
                ], 
                "dll": "ole32.dll"
            }, 
            {
                "imports": [
                    {
                        "name": "GetUserNameW", 
                        "address": "0x41c000"
                    }, 
                    {
                        "name": "IsTextUnicode", 
                        "address": "0x41c004"
                    }, 
                    {
                        "name": "DeregisterEventSource", 
                        "address": "0x41c008"
                    }, 
                    {
                        "name": "RegisterEventSourceW", 
                        "address": "0x41c00c"
                    }, 
                    {
                        "name": "ReportEventW", 
                        "address": "0x41c010"
                    }, 
                    {
                        "name": "LookupAccountNameW", 
                        "address": "0x41c014"
                    }, 
                    {
                        "name": "RegCreateKeyA", 
                        "address": "0x41c018"
                    }, 
                    {
                        "name": "RegQueryValueExA", 
                        "address": "0x41c01c"
                    }, 
                    {
                        "name": "RegSetValueExA", 
                        "address": "0x41c020"
                    }, 
                    {
                        "name": "RegOpenKeyExA", 
                        "address": "0x41c024"
                    }, 
                    {
                        "name": "RegQueryValueExW", 
                        "address": "0x41c028"
                    }, 
                    {
                        "name": "RegEnumKeyExA", 
                        "address": "0x41c02c"
                    }, 
                    {
                        "name": "RegCloseKey", 
                        "address": "0x41c030"
                    }, 
                    {
                        "name": "RegOpenKeyExW", 
                        "address": "0x41c034"
                    }, 
                    {
                        "name": "RegSetValueExW", 
                        "address": "0x41c038"
                    }, 
                    {
                        "name": "RegCreateKeyExW", 
                        "address": "0x41c03c"
                    }, 
                    {
                        "name": "ImpersonateLoggedOnUser", 
                        "address": "0x41c040"
                    }, 
                    {
                        "name": "RegCreateKeyExA", 
                        "address": "0x41c044"
                    }
                ], 
                "dll": "ADVAPI32.dll"
            }, 
            {
                "imports": [
                    {
                        "name": "VerQueryValueA", 
                        "address": "0x41c294"
                    }, 
                    {
                        "name": "GetFileVersionInfoW", 
                        "address": "0x41c298"
                    }, 
                    {
                        "name": "GetFileVersionInfoA", 
                        "address": "0x41c29c"
                    }, 
                    {
                        "name": "GetFileVersionInfoSizeA", 
                        "address": "0x41c2a0"
                    }, 
                    {
                        "name": "VerQueryValueW", 
                        "address": "0x41c2a4"
                    }, 
                    {
                        "name": "GetFileVersionInfoSizeW", 
                        "address": "0x41c2a8"
                    }
                ], 
                "dll": "VERSION.dll"
            }, 
            {
                "imports": [
                    {
                        "name": "GetParent", 
                        "address": "0x41c22c"
                    }, 
                    {
                        "name": "PostQuitMessage", 
                        "address": "0x41c230"
                    }, 
                    {
                        "name": "KillTimer", 
                        "address": "0x41c234"
                    }, 
                    {
                        "name": "PeekMessageA", 
                        "address": "0x41c238"
                    }, 
                    {
                        "name": "MsgWaitForMultipleObjectsEx", 
                        "address": "0x41c23c"
                    }, 
                    {
                        "name": "EnumThreadWindows", 
                        "address": "0x41c240"
                    }, 
                    {
                        "name": "GetActiveWindow", 
                        "address": "0x41c244"
                    }, 
                    {
                        "name": "SendMessageA", 
                        "address": "0x41c248"
                    }, 
                    {
                        "name": "GetMessageA", 
                        "address": "0x41c24c"
                    }, 
                    {
                        "name": "DispatchMessageA", 
                        "address": "0x41c250"
                    }, 
                    {
                        "name": "GetClassInfoA", 
                        "address": "0x41c254"
                    }, 
                    {
                        "name": "IsWindowVisible", 
                        "address": "0x41c258"
                    }, 
                    {
                        "name": "PostMessageA", 
                        "address": "0x41c25c"
                    }, 
                    {
                        "name": "RegisterClassA", 
                        "address": "0x41c260"
                    }, 
                    {
                        "name": "LoadStringW", 
                        "address": "0x41c264"
                    }, 
                    {
                        "name": "LoadStringA", 
                        "address": "0x41c268"
                    }, 
                    {
                        "name": "GetClassNameA", 
                        "address": "0x41c26c"
                    }, 
                    {
                        "name": "GetWindowLongA", 
                        "address": "0x41c270"
                    }, 
                    {
                        "name": "CreateWindowExA", 
                        "address": "0x41c274"
                    }, 
                    {
                        "name": "CharNextA", 
                        "address": "0x41c278"
                    }, 
                    {
                        "name": "SetWindowLongA", 
                        "address": "0x41c27c"
                    }, 
                    {
                        "name": "SetTimer", 
                        "address": "0x41c280"
                    }, 
                    {
                        "name": "TranslateMessage", 
                        "address": "0x41c284"
                    }, 
                    {
                        "name": "MsgWaitForMultipleObjects", 
                        "address": "0x41c288"
                    }, 
                    {
                        "name": "DefWindowProcA", 
                        "address": "0x41c28c"
                    }
                ], 
                "dll": "USER32.dll"
            }
        ], 
        "peid_signatures": null, 
        "keys": [], 
        "signature": [], 
        "pe_timestamp": "1997-07-21 05:20:39", 
        "pe_exports": [], 
        "imported_dll_count": 7, 
        "pe_imphash": "7f08bb9b98d098f42671cf2e6da0b019", 
        "pe_resources": [
            {
                "name": "MUI", 
                "language": "LANG_ENGLISH", 
                "filetype": "data", 
                "sublanguage": "SUBLANG_ENGLISH_US", 
                "offset": "0x000264d0", 
                "size": "0x000000e8"
            }, 
            {
                "name": "TYPELIB", 
                "language": "LANG_ENGLISH", 
                "filetype": "data", 
                "sublanguage": "SUBLANG_ENGLISH_US", 
                "offset": "0x0001f1e8", 
                "size": "0x000050cc"
            }, 
            {
                "name": "RT_ICON", 
                "language": "LANG_ENGLISH", 
                "filetype": "data", 
                "sublanguage": "SUBLANG_ENGLISH_US", 
                "offset": "0x0001eb68", 
                "size": "0x000002e8"
            }, 
            {
                "name": "RT_STRING", 
                "language": "LANG_ENGLISH", 
                "filetype": "data", 
                "sublanguage": "SUBLANG_ENGLISH_US", 
                "offset": "0x00025550", 
                "size": "0x0000005e"
            }, 
            {
                "name": "RT_STRING", 
                "language": "LANG_ENGLISH", 
                "filetype": "data", 
                "sublanguage": "SUBLANG_ENGLISH_US", 
                "offset": "0x00025550", 
                "size": "0x0000005e"
            }, 
            {
                "name": "RT_STRING", 
                "language": "LANG_ENGLISH", 
                "filetype": "data", 
                "sublanguage": "SUBLANG_ENGLISH_US", 
                "offset": "0x00025550", 
                "size": "0x0000005e"
            }, 
            {
                "name": "RT_STRING", 
                "language": "LANG_ENGLISH", 
                "filetype": "data", 
                "sublanguage": "SUBLANG_ENGLISH_US", 
                "offset": "0x00025550", 
                "size": "0x0000005e"
            }, 
            {
                "name": "RT_STRING", 
                "language": "LANG_ENGLISH", 
                "filetype": "data", 
                "sublanguage": "SUBLANG_ENGLISH_US", 
                "offset": "0x00025550", 
                "size": "0x0000005e"
            }, 
            {
                "name": "RT_STRING", 
                "language": "LANG_ENGLISH", 
                "filetype": "data", 
                "sublanguage": "SUBLANG_ENGLISH_US", 
                "offset": "0x00025550", 
                "size": "0x0000005e"
            }, 
            {
                "name": "RT_STRING", 
                "language": "LANG_ENGLISH", 
                "filetype": "data", 
                "sublanguage": "SUBLANG_ENGLISH_US", 
                "offset": "0x00025550", 
                "size": "0x0000005e"
            }, 
            {
                "name": "RT_STRING", 
                "language": "LANG_ENGLISH", 
                "filetype": "data", 
                "sublanguage": "SUBLANG_ENGLISH_US", 
                "offset": "0x00025550", 
                "size": "0x0000005e"
            }, 
            {
                "name": "RT_STRING", 
                "language": "LANG_ENGLISH", 
                "filetype": "data", 
                "sublanguage": "SUBLANG_ENGLISH_US", 
                "offset": "0x00025550", 
                "size": "0x0000005e"
            }, 
            {
                "name": "RT_STRING", 
                "language": "LANG_ENGLISH", 
                "filetype": "data", 
                "sublanguage": "SUBLANG_ENGLISH_US", 
                "offset": "0x00025550", 
                "size": "0x0000005e"
            }, 
            {
                "name": "RT_STRING", 
                "language": "LANG_ENGLISH", 
                "filetype": "data", 
                "sublanguage": "SUBLANG_ENGLISH_US", 
                "offset": "0x00025550", 
                "size": "0x0000005e"
            }, 
            {
                "name": "RT_STRING", 
                "language": "LANG_ENGLISH", 
                "filetype": "data", 
                "sublanguage": "SUBLANG_ENGLISH_US", 
                "offset": "0x00025550", 
                "size": "0x0000005e"
            }, 
            {
                "name": "RT_STRING", 
                "language": "LANG_ENGLISH", 
                "filetype": "data", 
                "sublanguage": "SUBLANG_ENGLISH_US", 
                "offset": "0x00025550", 
                "size": "0x0000005e"
            }, 
            {
                "name": "RT_STRING", 
                "language": "LANG_ENGLISH", 
                "filetype": "data", 
                "sublanguage": "SUBLANG_ENGLISH_US", 
                "offset": "0x00025550", 
                "size": "0x0000005e"
            }, 
            {
                "name": "RT_STRING", 
                "language": "LANG_ENGLISH", 
                "filetype": "data", 
                "sublanguage": "SUBLANG_ENGLISH_US", 
                "offset": "0x00025550", 
                "size": "0x0000005e"
            }, 
            {
                "name": "RT_GROUP_ICON", 
                "language": "LANG_ENGLISH", 
                "filetype": "data", 
                "sublanguage": "SUBLANG_ENGLISH_US", 
                "offset": "0x0001ee50", 
                "size": "0x00000014"
            }, 
            {
                "name": "RT_VERSION", 
                "language": "LANG_ENGLISH", 
                "filetype": "data", 
                "sublanguage": "SUBLANG_ENGLISH_US", 
                "offset": "0x0001ee68", 
                "size": "0x00000380"
            }, 
            {
                "name": "RT_MANIFEST", 
                "language": "LANG_ENGLISH", 
                "filetype": "XML 1.0 document, ASCII text, with CRLF line terminators", 
                "sublanguage": "SUBLANG_ENGLISH_US", 
                "offset": "0x0001e4c0", 
                "size": "0x000006a1"
            }
        ], 
        "pe_versioninfo": [
            {
                "name": "LegalCopyright", 
                "value": "\\xa9 Microsoft Corporation. All rights reserved."
            }, 
            {
                "name": "InternalName", 
                "value": "cscript.exe"
            }, 
            {
                "name": "FileVersion", 
                "value": "5.812.10240.16384"
            }, 
            {
                "name": "CompanyName", 
                "value": "Microsoft Corporation"
            }, 
            {
                "name": "ProductName", 
                "value": "Microsoft \\xae Windows Script Host"
            }, 
            {
                "name": "ProductVersion", 
                "value": "5.812.10240.16384"
            }, 
            {
                "name": "FileDescription", 
                "value": "Microsoft \\xae Console Based Script Host"
            }, 
            {
                "name": "OriginalFilename", 
                "value": "cscript.exe"
            }, 
            {
                "name": "Translation", 
                "value": "0x0409 0x04b0"
            }
        ], 
        "pe_sections": [
            {
                "size_of_data": "0x00019800", 
                "virtual_address": "0x00001000", 
                "entropy": 6.35764387812273, 
                "name": ".text", 
                "virtual_size": "0x00019738"
            }, 
            {
                "size_of_data": "0x00000200", 
                "virtual_address": "0x0001b000", 
                "entropy": 1.723649887549067, 
                "name": ".data", 
                "virtual_size": "0x000006c6"
            }, 
            {
                "size_of_data": "0x00001600", 
                "virtual_address": "0x0001c000", 
                "entropy": 5.421635907470586, 
                "name": ".idata", 
                "virtual_size": "0x000014b4"
            }, 
            {
                "size_of_data": "0x00008600", 
                "virtual_address": "0x0001e000", 
                "entropy": 4.359717769817092, 
                "name": ".rsrc", 
                "virtual_size": "0x000085b8"
            }, 
            {
                "size_of_data": "0x00001600", 
                "virtual_address": "0x00027000", 
                "entropy": 6.664993001932218, 
                "name": ".reloc", 
                "virtual_size": "0x00001534"
            }
        ]
    }, 
    "behavior": {
        "generic": [
            {
                "process_path": "C:\\Windows\\System32\\lsass.exe", 
                "process_name": "lsass.exe", 
                "pid": 508, 
                "summary": {}, 
                "first_seen": 1742632496.84375, 
                "ppid": 400
            }
        ], 
        "processes": [
            {
                "process_path": "C:\\Windows\\System32\\lsass.exe", 
                "calls": [], 
                "track": false, 
                "pid": 508, 
                "process_name": "lsass.exe", 
                "command_line": "C:\\Windows\\system32\\lsass.exe", 
                "modules": [
                    {
                        "basename": "lsass.exe", 
                        "imgsize": 49152, 
                        "baseaddr": "0xffc70000", 
                        "filepath": "C:\\Windows\\system32\\lsass.exe"
                    }, 
                    {
                        "basename": "ntdll.dll", 
                        "imgsize": 1740800, 
                        "baseaddr": "0x76dd0000", 
                        "filepath": "C:\\Windows\\SYSTEM32\\ntdll.dll"
                    }, 
                    {
                        "basename": "kernel32.dll", 
                        "imgsize": 1175552, 
                        "baseaddr": "0x76bb0000", 
                        "filepath": "C:\\Windows\\system32\\kernel32.dll"
                    }, 
                    {
                        "basename": "KERNELBASE.dll", 
                        "imgsize": 438272, 
                        "baseaddr": "0x7fefcf80000", 
                        "filepath": "C:\\Windows\\system32\\KERNELBASE.dll"
                    }, 
                    {
                        "basename": "msvcrt.dll", 
                        "imgsize": 651264, 
                        "baseaddr": "0x7fefec80000", 
                        "filepath": "C:\\Windows\\system32\\msvcrt.dll"
                    }, 
                    {
                        "basename": "RPCRT4.dll", 
                        "imgsize": 1232896, 
                        "baseaddr": "0x7fefd2c0000", 
                        "filepath": "C:\\Windows\\system32\\RPCRT4.dll"
                    }, 
                    {
                        "basename": "SspiSrv.dll", 
                        "imgsize": 45056, 
                        "baseaddr": "0x7fefcb60000", 
                        "filepath": "C:\\Windows\\system32\\SspiSrv.dll"
                    }, 
                    {
                        "basename": "lsasrv.dll", 
                        "imgsize": 1470464, 
                        "baseaddr": "0x7fefc9e0000", 
                        "filepath": "C:\\Windows\\system32\\lsasrv.dll"
                    }, 
                    {
                        "basename": "sechost.dll", 
                        "imgsize": 126976, 
                        "baseaddr": "0x7fefea00000", 
                        "filepath": "C:\\Windows\\SYSTEM32\\sechost.dll"
                    }, 
                    {
                        "basename": "SspiCli.dll", 
                        "imgsize": 151552, 
                        "baseaddr": "0x7fefcb80000", 
                        "filepath": "C:\\Windows\\system32\\SspiCli.dll"
                    }, 
                    {
                        "basename": "ADVAPI32.dll", 
                        "imgsize": 897024, 
                        "baseaddr": "0x7fefd480000", 
                        "filepath": "C:\\Windows\\system32\\ADVAPI32.dll"
                    }, 
                    {
                        "basename": "USER32.dll", 
                        "imgsize": 1024000, 
                        "baseaddr": "0x76cd0000", 
                        "filepath": "C:\\Windows\\system32\\USER32.dll"
                    }, 
                    {
                        "basename": "GDI32.dll", 
                        "imgsize": 421888, 
                        "baseaddr": "0x7fefd560000", 
                        "filepath": "C:\\Windows\\system32\\GDI32.dll"
                    }, 
                    {
                        "basename": "LPK.dll", 
                        "imgsize": 57344, 
                        "baseaddr": "0x7fefd830000", 
                        "filepath": "C:\\Windows\\system32\\LPK.dll"
                    }, 
                    {
                        "basename": "USP10.dll", 
                        "imgsize": 823296, 
                        "baseaddr": "0x7feff010000", 
                        "filepath": "C:\\Windows\\system32\\USP10.dll"
                    }, 
                    {
                        "basename": "SAMSRV.dll", 
                        "imgsize": 774144, 
                        "baseaddr": "0x7fefc880000", 
                        "filepath": "C:\\Windows\\system32\\SAMSRV.dll"
                    }, 
                    {
                        "basename": "cryptdll.dll", 
                        "imgsize": 81920, 
                        "baseaddr": "0x7fefc860000", 
                        "filepath": "C:\\Windows\\system32\\cryptdll.dll"
                    }, 
                    {
                        "basename": "MSASN1.dll", 
                        "imgsize": 61440, 
                        "baseaddr": "0x7fefcdc0000", 
                        "filepath": "C:\\Windows\\system32\\MSASN1.dll"
                    }, 
                    {
                        "basename": "wevtapi.dll", 
                        "imgsize": 446464, 
                        "baseaddr": "0x7fefc7f0000", 
                        "filepath": "C:\\Windows\\system32\\wevtapi.dll"
                    }, 
                    {
                        "basename": "IMM32.DLL", 
                        "imgsize": 188416, 
                        "baseaddr": "0x7fefea20000", 
                        "filepath": "C:\\Windows\\system32\\IMM32.DLL"
                    }, 
                    {
                        "basename": "MSCTF.dll", 
                        "imgsize": 1085440, 
                        "baseaddr": "0x7fefed20000", 
                        "filepath": "C:\\Windows\\system32\\MSCTF.dll"
                    }, 
                    {
                        "basename": "cngaudit.dll", 
                        "imgsize": 36864, 
                        "baseaddr": "0x7fefc7b0000", 
                        "filepath": "C:\\Windows\\system32\\cngaudit.dll"
                    }, 
                    {
                        "basename": "AUTHZ.dll", 
                        "imgsize": 192512, 
                        "baseaddr": "0x7fefc780000", 
                        "filepath": "C:\\Windows\\system32\\AUTHZ.dll"
                    }, 
                    {
                        "basename": "ncrypt.dll", 
                        "imgsize": 319488, 
                        "baseaddr": "0x7fefc730000", 
                        "filepath": "C:\\Windows\\system32\\ncrypt.dll"
                    }, 
                    {
                        "basename": "bcrypt.dll", 
                        "imgsize": 139264, 
                        "baseaddr": "0x7fefc700000", 
                        "filepath": "C:\\Windows\\system32\\bcrypt.dll"
                    }, 
                    {
                        "basename": "msprivs.DLL", 
                        "imgsize": 8192, 
                        "baseaddr": "0x74af0000", 
                        "filepath": "C:\\Windows\\system32\\msprivs.DLL"
                    }, 
                    {
                        "basename": "netjoin.dll", 
                        "imgsize": 204800, 
                        "baseaddr": "0x7fefc6c0000", 
                        "filepath": "C:\\Windows\\system32\\netjoin.dll"
                    }, 
                    {
                        "basename": "negoexts.DLL", 
                        "imgsize": 147456, 
                        "baseaddr": "0x7fefc690000", 
                        "filepath": "C:\\Windows\\system32\\negoexts.DLL"
                    }, 
                    {
                        "basename": "Secur32.dll", 
                        "imgsize": 45056, 
                        "baseaddr": "0x7fefc9b0000", 
                        "filepath": "C:\\Windows\\system32\\Secur32.dll"
                    }, 
                    {
                        "basename": "cryptbase.dll", 
                        "imgsize": 61440, 
                        "baseaddr": "0x7fefcc50000", 
                        "filepath": "C:\\Windows\\system32\\cryptbase.dll"
                    }, 
                    {
                        "basename": "kerberos.DLL", 
                        "imgsize": 737280, 
                        "baseaddr": "0x7fefc5d0000", 
                        "filepath": "C:\\Windows\\system32\\kerberos.DLL"
                    }, 
                    {
                        "basename": "CRYPTSP.dll", 
                        "imgsize": 94208, 
                        "baseaddr": "0x7fefc5b0000", 
                        "filepath": "C:\\Windows\\system32\\CRYPTSP.dll"
                    }, 
                    {
                        "basename": "WS2_32.dll", 
                        "imgsize": 315392, 
                        "baseaddr": "0x7fefec30000", 
                        "filepath": "C:\\Windows\\system32\\WS2_32.dll"
                    }, 
                    {
                        "basename": "NSI.dll", 
                        "imgsize": 32768, 
                        "baseaddr": "0x7fefd3f0000", 
                        "filepath": "C:\\Windows\\system32\\NSI.dll"
                    }, 
                    {
                        "basename": "mswsock.dll", 
                        "imgsize": 348160, 
                        "baseaddr": "0x7fefc550000", 
                        "filepath": "C:\\Windows\\system32\\mswsock.dll"
                    }, 
                    {
                        "basename": "wship6.dll", 
                        "imgsize": 28672, 
                        "baseaddr": "0x7fefc540000", 
                        "filepath": "C:\\Windows\\System32\\wship6.dll"
                    }, 
                    {
                        "basename": "msv1_0.DLL", 
                        "imgsize": 331776, 
                        "baseaddr": "0x7fefc4e0000", 
                        "filepath": "C:\\Windows\\system32\\msv1_0.DLL"
                    }, 
                    {
                        "basename": "netlogon.DLL", 
                        "imgsize": 712704, 
                        "baseaddr": "0x7fefc430000", 
                        "filepath": "C:\\Windows\\system32\\netlogon.DLL"
                    }, 
                    {
                        "basename": "DNSAPI.dll", 
                        "imgsize": 372736, 
                        "baseaddr": "0x7fefc3d0000", 
                        "filepath": "C:\\Windows\\system32\\DNSAPI.dll"
                    }, 
                    {
                        "basename": "logoncli.dll", 
                        "imgsize": 196608, 
                        "baseaddr": "0x7fefc3a0000", 
                        "filepath": "C:\\Windows\\system32\\logoncli.dll"
                    }, 
                    {
                        "basename": "schannel.DLL", 
                        "imgsize": 356352, 
                        "baseaddr": "0x7fefc340000", 
                        "filepath": "C:\\Windows\\system32\\schannel.DLL"
                    }, 
                    {
                        "basename": "CRYPT32.dll", 
                        "imgsize": 1470464, 
                        "baseaddr": "0x7fefcdd0000", 
                        "filepath": "C:\\Windows\\system32\\CRYPT32.dll"
                    }, 
                    {
                        "basename": "wdigest.DLL", 
                        "imgsize": 221184, 
                        "baseaddr": "0x7fefc300000", 
                        "filepath": "C:\\Windows\\system32\\wdigest.DLL"
                    }, 
                    {
                        "basename": "rsaenh.dll", 
                        "imgsize": 290816, 
                        "baseaddr": "0x7fefc2b0000", 
                        "filepath": "C:\\Windows\\system32\\rsaenh.dll"
                    }, 
                    {
                        "basename": "tspkg.DLL", 
                        "imgsize": 98304, 
                        "baseaddr": "0x7fefc290000", 
                        "filepath": "C:\\Windows\\system32\\tspkg.DLL"
                    }, 
                    {
                        "basename": "pku2u.DLL", 
                        "imgsize": 282624, 
                        "baseaddr": "0x7fefc240000", 
                        "filepath": "C:\\Windows\\system32\\pku2u.DLL"
                    }, 
                    {
                        "basename": "bcryptprimitives.dll", 
                        "imgsize": 311296, 
                        "baseaddr": "0x7fefc1f0000", 
                        "filepath": "C:\\Windows\\system32\\bcryptprimitives.dll"
                    }, 
                    {
                        "basename": "RpcRtRemote.dll", 
                        "imgsize": 81920, 
                        "baseaddr": "0x7fefcd00000", 
                        "filepath": "C:\\Windows\\system32\\RpcRtRemote.dll"
                    }, 
                    {
                        "basename": "efslsaext.dll", 
                        "imgsize": 73728, 
                        "baseaddr": "0x7fefc1d0000", 
                        "filepath": "C:\\Windows\\system32\\efslsaext.dll"
                    }, 
                    {
                        "basename": "scecli.DLL", 
                        "imgsize": 253952, 
                        "baseaddr": "0x7fefc130000", 
                        "filepath": "C:\\Windows\\system32\\scecli.DLL"
                    }, 
                    {
                        "basename": "credssp.dll", 
                        "imgsize": 40960, 
                        "baseaddr": "0x7fefc1b0000", 
                        "filepath": "C:\\Windows\\system32\\credssp.dll"
                    }, 
                    {
                        "basename": "WINSTA.dll", 
                        "imgsize": 249856, 
                        "baseaddr": "0x7fefcc10000", 
                        "filepath": "C:\\Windows\\system32\\WINSTA.dll"
                    }, 
                    {
                        "basename": "IPHLPAPI.DLL", 
                        "imgsize": 159744, 
                        "baseaddr": "0x7fefbfd0000", 
                        "filepath": "C:\\Windows\\system32\\IPHLPAPI.DLL"
                    }, 
                    {
                        "basename": "WINNSI.DLL", 
                        "imgsize": 45056, 
                        "baseaddr": "0x7fefbfc0000", 
                        "filepath": "C:\\Windows\\system32\\WINNSI.DLL"
                    }, 
                    {
                        "basename": "netutils.dll", 
                        "imgsize": 49152, 
                        "baseaddr": "0x7fefa790000", 
                        "filepath": "C:\\Windows\\system32\\netutils.dll"
                    }, 
                    {
                        "basename": "USERENV.dll", 
                        "imgsize": 122880, 
                        "baseaddr": "0x7fefc060000", 
                        "filepath": "C:\\Windows\\system32\\USERENV.dll"
                    }, 
                    {
                        "basename": "profapi.dll", 
                        "imgsize": 61440, 
                        "baseaddr": "0x7fefcd20000", 
                        "filepath": "C:\\Windows\\system32\\profapi.dll"
                    }, 
                    {
                        "basename": "wshtcpip.dll", 
                        "imgsize": 28672, 
                        "baseaddr": "0x7fefbed0000", 
                        "filepath": "C:\\Windows\\System32\\wshtcpip.dll"
                    }, 
                    {
                        "basename": "monitor-x64.dll", 
                        "imgsize": 2269184, 
                        "baseaddr": "0x744c0000", 
                        "filepath": "C:\\tmpql7zol\\bin\\monitor-x64.dll"
                    }
                ], 
                "time": 0, 
                "tid": 1904, 
                "first_seen": 1742632496.84375, 
                "ppid": 400, 
                "type": "process"
            }
        ], 
        "processtree": [
            {
                "track": false, 
                "pid": 508, 
                "process_name": "lsass.exe", 
                "command_line": "C:\\Windows\\system32\\lsass.exe", 
                "first_seen": 1742632496.84375, 
                "ppid": 400, 
                "children": []
            }
        ]
    }, 
    "debug": {
        "action": [], 
        "dbgview": [], 
        "errors": [], 
        "log": [
            "2025-03-22 07:34:56,000 [analyzer] DEBUG: Starting analyzer from: C:\\tmpql7zol\n", 
            "2025-03-22 07:34:56,000 [analyzer] DEBUG: Pipe server name: \\??\\PIPE\\MgYlxGcShJzGUQVuyfUBOQzcr\n", 
            "2025-03-22 07:34:56,000 [analyzer] DEBUG: Log pipe server name: \\??\\PIPE\\jtDvQoQqjoJkCzuQXHPoDYBITanlzgQ\n", 
            "2025-03-22 07:34:56,125 [analyzer] DEBUG: Started auxiliary module DbgView\n", 
            "2025-03-22 07:34:56,625 [analyzer] DEBUG: Started auxiliary module Disguise\n", 
            "2025-03-22 07:34:56,905 [analyzer] DEBUG: Loaded monitor into process with pid 508\n", 
            "2025-03-22 07:34:56,905 [analyzer] DEBUG: Started auxiliary module DumpTLSMasterSecrets\n", 
            "2025-03-22 07:34:56,905 [analyzer] DEBUG: Started auxiliary module Human\n", 
            "2025-03-22 07:34:56,905 [analyzer] DEBUG: Started auxiliary module InstallCertificate\n", 
            "2025-03-22 07:34:56,905 [analyzer] DEBUG: Started auxiliary module Reboot\n", 
            "2025-03-22 07:34:57,092 [analyzer] DEBUG: Started auxiliary module RecentFiles\n", 
            "2025-03-22 07:34:57,092 [modules.auxiliary.screenshots] INFO: Python Image Library (either PIL or Pillow) is not installed, screenshots are disabled.\n", 
            "2025-03-22 07:34:57,092 [analyzer] DEBUG: Started auxiliary module Screenshots\n", 
            "2025-03-22 07:34:57,092 [analyzer] DEBUG: Started auxiliary module LoadZer0m0n\n", 
            "2025-03-22 07:34:57,140 [lib.api.process] ERROR: Failed to execute process from path u'C:\\\\Users\\\\ADMINI~1\\\\AppData\\\\Local\\\\Temp\\\\cscript.exe' with arguments ['bin\\\\inject-x86.exe', '--app', u'C:\\\\Users\\\\ADMINI~1\\\\AppData\\\\Local\\\\Temp\\\\cscript.exe', '--only-start', '--curdir', 'C:\\\\Users\\\\ADMINI~1\\\\AppData\\\\Local\\\\Temp'] (Error: Command '['bin\\\\inject-x86.exe', '--app', u'C:\\\\Users\\\\ADMINI~1\\\\AppData\\\\Local\\\\Temp\\\\cscript.exe', '--only-start', '--curdir', 'C:\\\\Users\\\\ADMINI~1\\\\AppData\\\\Local\\\\Temp']' returned non-zero exit status 1)\n"
        ], 
        "cuckoo": [
            "2025-03-22 07:34:57,215 [cuckoo.core.scheduler] INFO: Task #359: acquired machine 192.168.56.1011 (label=192.168.56.1011)\n", 
            "2025-03-22 07:34:57,216 [cuckoo.core.resultserver] DEBUG: Now tracking machine 192.168.56.101 for task #359\n", 
            "2025-03-22 07:34:57,216 [cuckoo.core.plugins] DEBUG: Started auxiliary module: Replay\n", 
            "2025-03-22 07:34:57,235 [cuckoo.auxiliary.sniffer] INFO: Started sniffer with PID 44220 (interface=vboxnet0, host=192.168.56.101)\n", 
            "2025-03-22 07:34:57,235 [cuckoo.core.plugins] DEBUG: Started auxiliary module: Sniffer\n", 
            "2025-03-22 07:34:57,299 [cuckoo.machinery.virtualbox] DEBUG: Starting vm 192.168.56.1011\n", 
            "2025-03-22 07:34:57,449 [cuckoo.machinery.virtualbox] DEBUG: Restoring virtual machine 192.168.56.1011 to its current snapshot\n", 
            "2025-03-22 07:34:59,529 [cuckoo.core.guest] INFO: Starting analysis #359 on guest (id=192.168.56.1011, ip=192.168.56.101)\n", 
            "2025-03-22 07:35:00,531 [cuckoo.core.guest] DEBUG: 192.168.56.1011: not ready yet\n", 
            "2025-03-22 07:35:01,535 [cuckoo.core.guest] DEBUG: 192.168.56.1011: not ready yet\n", 
            "2025-03-22 07:35:02,538 [cuckoo.core.guest] DEBUG: 192.168.56.1011: not ready yet\n", 
            "2025-03-22 07:35:02,593 [cuckoo.core.guest] DEBUG: 192.168.56.1011: not ready yet\n", 
            "2025-03-22 07:35:03,602 [cuckoo.core.guest] INFO: Guest is running Cuckoo Agent 0.10 (id=192.168.56.1011, ip=192.168.56.101)\n", 
            "2025-03-22 07:35:03,655 [cuckoo.core.guest] DEBUG: Uploading analyzer to guest (id=192.168.56.1011, ip=192.168.56.101, monitor=latest, size=3884763)\n", 
            "2025-03-22 07:35:04,345 [cuckoo.core.resultserver] DEBUG: Task #359: live log analysis.log initialized.\n", 
            "2025-03-22 07:35:05,336 [cuckoo.core.resultserver] DEBUG: Task #359 is sending a BSON stream\n", 
            "2025-03-22 07:35:06,055 [cuckoo.core.guest] WARNING: 192.168.56.1011: analysis #359 caught an exception\n", 
            "Traceback (most recent call last):\n", 
            "  File \"C:/tmpql7zol/analyzer.py\", line 808, in <module>\n", 
            "    success = analyzer.run()\n", 
            "  File \"C:/tmpql7zol/analyzer.py\", line 657, in run\n", 
            "    pids = self.package.start(self.target)\n", 
            "  File \"C:\\tmpql7zol\\modules\\packages\\exe.py\", line 23, in start\n", 
            "    return self.execute(path, args=shlex.split(args))\n", 
            "  File \"C:\\tmpql7zol\\lib\\common\\abstracts.py\", line 166, in execute\n", 
            "    \"Unable to execute the initial process, analysis aborted.\"\n", 
            "CuckooPackageError: Unable to execute the initial process, analysis aborted.\n", 
            "\n", 
            "2025-03-22 07:35:06,061 [cuckoo.core.plugins] DEBUG: Stopped auxiliary module: Replay\n", 
            "2025-03-22 07:35:06,101 [cuckoo.core.plugins] DEBUG: Stopped auxiliary module: Sniffer\n", 
            "2025-03-22 07:35:07,627 [cuckoo.machinery.virtualbox] INFO: Successfully generated memory dump for virtual machine with label 192.168.56.1011 to path /home/tesst/.cuckoo/storage/analyses/359/memory.dmp\n", 
            "2025-03-22 07:35:07,628 [cuckoo.machinery.virtualbox] DEBUG: Stopping vm 192.168.56.1011\n", 
            "2025-03-22 07:35:08,977 [cuckoo.core.resultserver] DEBUG: Stopped tracking machine 192.168.56.101 for task #359\n", 
            "2025-03-22 07:35:08,977 [cuckoo.core.resultserver] DEBUG: Cancel <Context for LOG> for task 359\n", 
            "2025-03-22 07:35:08,980 [cuckoo.core.scheduler] DEBUG: Released database task #359\n", 
            "2025-03-22 07:35:09,063 [cuckoo.core.plugins] DEBUG: Executed processing module \"AnalysisInfo\" for task #359\n", 
            "2025-03-22 07:35:09,065 [cuckoo.core.plugins] DEBUG: Executed processing module \"BehaviorAnalysis\" for task #359\n", 
            "2025-03-22 07:35:09,065 [cuckoo.core.plugins] DEBUG: Executed processing module \"Dropped\" for task #359\n", 
            "2025-03-22 07:35:09,065 [cuckoo.core.plugins] DEBUG: Executed processing module \"DroppedBuffer\" for task #359\n", 
            "2025-03-22 07:35:09,067 [cuckoo.core.plugins] DEBUG: Executed processing module \"MetaInfo\" for task #359\n", 
            "2025-03-22 07:35:09,067 [cuckoo.core.plugins] DEBUG: Executed processing module \"ProcessMemory\" for task #359\n", 
            "2025-03-22 07:35:09,067 [cuckoo.core.plugins] DEBUG: Executed processing module \"Procmon\" for task #359\n", 
            "2025-03-22 07:35:09,067 [cuckoo.core.plugins] DEBUG: Executed processing module \"Screenshots\" for task #359\n", 
            "2025-03-22 07:35:09,370 [cuckoo.core.plugins] DEBUG: Executed processing module \"Static\" for task #359\n", 
            "2025-03-22 07:35:09,377 [cuckoo.core.plugins] DEBUG: Exec"
        ]
    }, 
    "strings": [
        "!This program cannot be run in DOS mode.", 
        "`.data", 
        ".idata", 
        "@.rsrc", 
        "@.reloc", 
        "WSH-Timer", 
        "HeapSetInformation", 
        "SetThreadUILanguage", 
        "WldpGetLockdownPolicy", 
        "WldpIsClassInApprovedList", 
        "CreateURLMonikerEx", 
        "Exception", 
        "ReturnNt", 
        "ReturnHr", 
        "FailFast", 
        "RtlQueryFeatureConfiguration", 
        "RtlRegisterFeatureConfigurationChangeNotification", 
        "RtlNotifyFeatureUsage", 
        "LogStagedFeatureUsage", 
        "NtQueryWnfStateData", 
        "NtUpdateWnfStateData", 
        "onecore\\internal\\sdk\\inc\\wil\\opensource\\wil\\resource.h", 
        "onecore\\internal\\sdk\\inc\\wil\\staging.h", 
        "Software\\Policies\\Microsoft\\Internet Explorer\\Main", 
        "JScriptReplacement", 
        "Xadvapi32.dll", 
        "SaferIdentifyLevel", 
        "SaferComputeTokenFromLevel", 
        "SaferCloseLevel", 
        "SaferRecordEventLogEntry", 
        "SOFTWARE\\Classes\\%s\\%s", 
        "WSHFile", 
        "zScriptEngine", 
        "WSFFile", 
        "wintrust.dll", 
        "WinVerifyTrust", 
        "WintrustGetRegPolicyFlags", 
        "WintrustSetRegPolicyFlags", 
        "%s%s.DLL", 
        "ARSDS:", 
        "cscript.pdb", 
        ".rdata$brc", 
        ".rdata$zz$brc", 
        ".CRT$XCA", 
        ".CRT$XCZ", 
        ".CRT$XIA", 
        ".CRT$XIZ", 
        ".gfids", 
        ".rdata", 
        ".rdata$00", 
        ".rdata$sxdata", 
        ".rdata$voltmd", 
        ".rdata$zz", 
        ".rdata$zzzdbg", 
        ".text$lp00cscript.exe!20_pri7", 
        ".text$lp01cscript.exe!20_pri7", 
        ".text$lp07cscript.exe!35_hybridboot", 
        ".text$mn", 
        ".text$np", 
        ".text$zs", 
        ".text$zy", 
        ".text$zz", 
        ".xdata$x", 
        ".edata", 
        ".data$dk00$brc", 
        ".bss$00", 
        ".bss$06", 
        ".bss$dk00", 
        ".bss$pr06", 
        ".bss$zz", 
        ".idata$5", 
        ".00cfg", 
        ".idata$2", 
        ".idata$3", 
        ".idata$4", 
        ".idata$6", 
        ".rsrc$01", 
        ".rsrc$02", 
        "L$4_^[3", 
        "SVWtYh", 
        "QSVWhl", 
        "HSVWj,", 
        "0Ph,$@", 
        "BTPh<$@", 
        "VPVVWh", 
        "QQhp#@", 
        "QQhp#@", 
        "w0h4\"@", 
        "w h\\\"@", 
        "w ht\"@", 
        "T$0QQV", 
        "u$hD#@", 
        "u'hX#@", 
        "<SVWQQ", 
        "t8PPPPj", 
        "2;A,w>", 
        "t3VVVVj", 
        "SVhP)@", 
        "PPPPWh,(@", 
        "QQVPWh,(@", 
        "PPPPWhT(@", 
        "QQVPWhT(@", 
        "tnVVVVj", 
        "tNSSSj", 
        "t4SSSj", 
        "cscript.exe", 
        "wcscpy_s", 
        "wcscat_s", 
        "_vsnwprintf", 
        "memcpy_s", 
        "memmove_s", 
        "malloc", 
        "_callnewh", 
        "msvcrt.dll", 
        "OLEAUT32.dll", 
        "GetStdHandle", 
        "WriteFile", 
        "GetConsoleMode", 
        "GetLastError", 
        "WriteConsoleW", 
        "WideCharToMultiByte", 
        "CoInitialize", 
        "CreateSemaphoreExW", 
        "HeapFree", 
        "SetLastError", 
        "EnterCriticalSection", 
        "GetCommandLineW", 
        "ReleaseSemaphore", 
        "CoUninitialize", 
        "LeaveCriticalSection", 
        "InitializeCriticalSectionEx", 
        "WaitForThreadpoolTimerCallbacks", 
        "WaitForSingleObject", 
        "GetCurrentThreadId", 
        "ReleaseMutex", 
        "GetModuleHandleA", 
        "GetCommandLineA", 
        "MultiByteToWideChar", 
        "FormatMessageW", 
        "ReleaseSRWLockExclusive", 
        "OutputDebugStringW", 
        "CloseThreadpoolTimer", 
        "AcquireSRWLockExclusive", 
        "WaitForSingleObjectEx", 
        "OpenSemaphoreW", 
        "CloseHandle", 
        "SetThreadpoolTimer", 
        "ReleaseSRWLockShared", 
        "CreateThreadpoolTimer", 
        "HeapAlloc", 
        "GetProcAddress", 
        "CreateMutexExW", 
        "AcquireSRWLockShared", 
        "DeleteCriticalSection", 
        "ExitProcess", 
        "GetCurrentProcessId", 
        "GetProcessHeap", 
        "GetModuleHandleW", 
        "IsDebuggerPresent", 
        "QueryPerformanceCounter", 
        "GetSystemTimeAsFileTime", 
        "GetTickCount", 
        "UnhandledExceptionFilter", 
        "SetUnhandledExceptionFilter", 
        "GetCurrentProcess", 
        "TerminateProcess", 
        "CreateBindCtx", 
        "LocalAlloc", 
        "CreateFileMoniker", 
        "LocalFree", 
        "FormatMessageA", 
        "LoadLibraryExW", 
        "FindFirstFileW", 
        "FindFirstFileA", 
        "FindClose", 
        "GetFileAttributesW", 
        "GetACP", 
        "GetFileAttributesA", 
        "RegCloseKey", 
        "GetCPInfo", 
        "GetModuleFileNameA", 
        "RegEnumKeyExA", 
        "GetFileVersionInfoSizeW", 
        "GetModuleFileNameW", 
        "VerQueryValueW", 
        "RegOpenKeyExA", 
        "InitializeCriticalSection", 
        "GetFileVersionInfoSizeA", 
        "RegSetValueExA", 
        "VerQueryValueA", 
        "GetFileVersionInfoW", 
        "CoGetTreatAsClass", 
        "RegQueryValueExA", 
        "FreeLibrary", 
        "GetFileVersionInfoA", 
        "RegCreateKeyA", 
        "LookupAccountNameW", 
        "ReportEventW", 
        "RegisterEventSourceW", 
        "GetUserNameW", 
        "CoInitializeSecurity", 
        "DeregisterEventSource", 
        "CoRegisterMessageFilter", 
        "CoCreateInstance", 
        "GetVersionExA", 
        "CLSIDFromString", 
        "IsTextUnicode", 
        "GetParent", 
        "PostQuitMessage", 
        "KillTimer", 
        "PeekMessageA", 
        "EnumThreadWindows", 
        "SendMessageA", 
        "GetClassInfoA", 
        "TranslateMessage", 
        "CreateWindowExA", 
        "DefWindowProcA", 
        "RegisterClassA", 
        "GetWindowLongA", 
        "SetEvent", 
        "SetWindowLongA", 
        "SetTimer", 
        "CreateThread", 
        "MsgWaitForMultipleObjects", 
        "GetClassNameA", 
        "PostMessageA", 
        "IsWindowVisible", 
        "CreateEventA", 
        "DispatchMessageA", 
        "GetMessageA", 
        "GetUserDefaultLCID", 
        "GetActiveWindow", 
        "LoadLibraryExA", 
        "ImpersonateLoggedOnUser", 
        "GetTempPath2A", 
        "CreateFileA", 
        "GetSystemDirectoryA", 
        "GetTempFileNameA", 
        "FlushFileBuffers", 
        "CoGetClassObject", 
        "CLSIDFromProgID", 
        "MsgWaitForMultipleObjectsEx", 
        "MkParseDisplayName", 
        "GetFullPathNameW", 
        "GetFullPathNameA", 
        "LoadStringW", 
        "LoadStringA", 
        "GetLocaleInfoW", 
        "GetLocaleInfoA", 
        "LoadLibraryW", 
        "CharNextA", 
        "HeapReAlloc", 
        "RegQueryValueExW", 
        "GetPrivateProfileIntW", 
        "RegOpenKeyExW", 
        "RegSetValueExW", 
        "GetPrivateProfileStringW", 
        "RegCreateKeyExW", 
        "RegCreateKeyExA", 
        "GetPrivateProfileIntA", 
        "GetPrivateProfileStringA", 
        "CreateFileW", 
        "UnmapViewOfFile", 
        "CreateFileMappingA", 
        "GetFileSize", 
        "MapViewOfFile", 
        "KERNEL32.dll", 
        "ole32.dll", 
        "ADVAPI32.dll", 
        "VERSION.dll", 
        "USER32.dll", 
        "swprintf_s", 
        "sprintf_s", 
        "_vsnprintf", 
        "strcpy_s", 
        "wcsrchr", 
        "_itow_s", 
        "_except_handler4_common", 
        "SearchPathW", 
        "GetSystemDefaultUILanguage", 
        "GetLocaleInfoEx", 
        "GetUserDefaultUILanguage", 
        "GetVersionExW", 
        "LCIDToLocaleName", 
        "FindResourceExW", 
        "LoadResource", 
        "CreateFileMappingW", 
        "_wcsicmp", 
        "_wcsnicmp", 
        "wcsncmp", 
        "memcmp", 
        "memcpy", 
        "memmove", 
        "memset", 
        "<?xml version=\"1.0\" encoding=\"UTF-8\" standalone=\"yes\"?>", 
        "<!-- Copyright (c) Microsoft Corporation -->", 
        "<assembly xmlns=\"urn:schemas-microsoft-com:asm.v1\" manifestVersion=\"1.0\">", 
        "    <assemblyIdentity version=\"5.1.0.0\"", 
        "       processorArchitecture=\"x86\"", 
        "       name=\"cscript\"", 
        "       type=\"win32\"/>", 
        "    <description>Console Based Script Host</description>", 
        "    <trustInfo xmlns=\"urn:schemas-microsoft-com:asm.v3\">", 
        "        <security>", 
        "            <requestedPrivileges>", 
        "                <requestedExecutionLevel level=\"asInvoker\" />", 
        "            </requestedPrivileges>", 
        "        </security>", 
        "    </trustInfo>", 
        "    <compatibility xmlns=\"urn:schemas-microsoft-com:compatibility.v1\">", 
        "        <application> ", 
        "            <!--This Id value indicates the application supports Windows Vista/Server 2008 functionality -->", 
        "            <supportedOS Id=\"{e2011457-1546-43c5-a5fe-008deee3d3f0}\"/> ", 
        "            <!--This Id value indicates the application supports Windows 7/Server 2008 R2 functionality-->", 
        "            <supportedOS Id=\"{35138b9a-5d96-4fbd-8e2d-a2440225f93a}\"/>", 
        "            <!--This Id value indicates the application supports Windows 8/Server 2012 functionality-->", 
        "            <supportedOS Id=\"{4a2f28e3-53b9-4441-ba9c-d69d4a4a6e38}\"/>", 
        "            <!-- This Id value indicates the application supports Windows Blue/Server 2012 R2 functionality-->            ", 
        "            <supportedOS Id=\"{1f676c76-80e1-4239-95bb-83d0f6d0da78}\"/>", 
        "            <!-- This Id value indicates the application supports Windows Threshold functionality-->            ", 
        "            <supportedOS Id=\"{8e0f7a12-bfb3-4fe8-b9a5-48fd50a15a9a}\"/>", 
        "        </application>", 
        "    </compatibility>", 
        "</assembly>", 
        "stdole2.tlbWWW", 
        "ZIHostWWW", 
        "out_Name", 
        "*ApplicationW", 
        "5out_Dispatch", 
        "FullName", 
        "out_Path", 
        "InteractiveW", 
        ">Gout_InteractiveW", 
        "o{ExitCode", 
        "ScriptNameWW", 
        "7Uout_ScriptNameWW", 
        "ScriptFullNameWW", 
        "out_ScriptFullNameWWd", 
        "NIArguments2W", 
        "tIArgumentsWW", 
        "IndexWWW", 
        "out_ValueWWW", 
        "0vCountWWW", 
        "out_CountWWW", 
        "lengthWW", 
        "xA_NewEnum", 
        "rout_Enum,", 
        "IWSHNamedArgumentsWW", 
        "6zSwitchWW,", 
        "]ExistsWW", 
        "rout_ExistsWWd", 
        "NamedWWW", 
        "out_ppnamedW", 
        "/IWSHUnnamedArgumentsd", 
        "?UnnamedWd", 
        "*ShowUsageWWW", 
        "j}ArgumentsWWW", 
        "zout_ArgumentsWWW", 
        "VersionW", 
        "4[out_VersionW", 
        "BuildVersion", 
        "out_BuildWWW", 
        "TimeoutW", 
        "out_TimeoutW", 
        "CreateObject", 
        "KProgIDWW", 
        "PrefixWW", 
        "pArgsWWW", 
        "GetObjectWWW", 
        "'Pathname", 
        "bDisconnectObject", 
        ".ObjectWW", 
        "SleepWWW", 
        "ConnectObjectWWW", 
        "ITextStreamW", 
        "iColumnWW", 
        "AtEndOfStreamWWW", 
        "AtEndOfLineW", 
        "rgCharactersWW", 
        "ReadLine", 
        "UReadAllW", 
        ".\\WriteWWW", 
        "WriteLineWWW", 
        "WriteBlankLinesW", 
        "LinesWWW", 
        "SkipLine", 
        "CloseWWW", 
        "StdInWWW", 
        "out_ppts", 
        "aStdOutWW", 
        ",StdErrWWX", 
        "CompareMethodWWWX", 
        "CBinaryCompareWWWX", 
        "TextCompareWX", 
        "DatabaseCompareW", 
        "IOModeWW", 
        "8ForReadingWW", 
        "0e9ForWritingWW", 
        "ForAppending ", 
        "8@=Tristate ", 
        "HTristateTrue ", 
        "TristateFalseWWW ", 
        "9TristateUseDefaultWW ", 
        "<TristateMixedWWW", 
        "FileAttributeWWW", 
        "__MIDL___MIDL_itf_ihost_0001_0000_0001WW", 
        "NormalWW", 
        "04<ReadOnly", 
        "HiddenWW", 
        "SystemWW", 
        "VolumeWW", 
        "0mGDirectoryWWW", 
        "ArchiveW", 
        "AliasWWW", 
        "CompressedWWL", 
        "IFileSystemW", 
        "IDriveCollection", 
        "IDriveWW", 
        "dpbstrPathWWW", 
        "DriveLetterW", 
        "N<pbstrLetterW", 
        "gxShareNameWWW", 
        "pbstrShareNameWWx", 
        "@DriveTypeConstWW", 
        "__MIDL___MIDL_itf_ihost_0001_0000_0002WW", 
        "UnknownTypeW", 
        "RemovableWWW", 
        "FixedWWW", 
        "RemoteWW", 
        "CDRomWWW", 
        "RamDiskW", 
        "DriveTypeWWW", 
        "}IFolderW", 
        "pbstrNameWWW@", 
        "ShortPathWWW@", 
        "rShortNameWWW(", 
        "DriveWWW", 
        "ppdriveW@", 
        "7@ParentFolder", 
        "ppfolder@", 
        "AttributesWW", 
        "DateCreatedW", 
        "pdateWWW@", 
        "DateLastModified@", 
        "DateLastAccessed@", 
        "pbstrTypeWWW@", 
        "xDeleteWW", 
        "ForceWWW@", 
        "DestinationW", 
        "OverWriteFilesWW@", 
        ">yMove@", 
        "IsRootFolder", 
        "lpfRootFolder@", 
        "-XpvarSize", 
        "NIFolderCollectionWWW", 
        "ppenumWW", 
        "plCountW@", 
        "x=SubFoldersWW", 
        ",ppfoldersWWW", 
        "IFileCollectionWl", 
        "IFileWWWl", 
        "5OpenAsTextStream", 
        "7#FormatWW", 
        " @ppfileWW", 
        "(wXFilesWWW", 
        "ppfilesW@", 
        "CreateTextFileWW", 
        "FileName", 
        "OverwriteWWW", 
        "UnicodeW", 
        "|RootFolderWW", 
        "AvailableSpaceWW", 
        "pvarAvailWWW", 
        "FreeSpaceWWW", 
        "{pvarFree", 
        "pTotalSizeWWW", 
        "pvarTotalWWW", 
        "VolumeNameWW", 
        "TFileSystemWW", 
        "pbstrFileSystemW", 
        "SerialNumber", 
        "pulSerialNumberW", 
        "IsReadyW", 
        "{qpfReadyW", 
        "DrivesWW", 
        "ppdrivesL", 
        "$BuildPathWWW", 
        "pbstrResultWL", 
        "N(GetDriveNameL", 
        "GetParentFolderNameWL", 
        "GetFileNameWL", 
        "wcGetBaseNameWL", 
        "GetExtensionNameL", 
        "GetAbsolutePathNameWL", 
        "GetTempNameWL", 
        "DriveExistsW", 
        "DriveSpecWWW", 
        "pfExistsL", 
        "FileExistsWW", 
        "FileSpecL", 
        "FolderExists", 
        "AFolderSpecWWL", 
        "?+GetDriveL", 
        ":GetFileW", 
        "OFilePathL", 
        "GetFolderWWW", 
        "FolderPathWW", 
        "SpecialFolderConstWW4", 
        "__MIDL___MIDL_itf_ihost_0001_0000_0003WW4", 
        "WindowsFolderWWW4", 
        "SystemFolder4", 
        "TemporaryFolderWL", 
        "Q\\GetSpecialFolder", 
        "_#SpecialFolderWWWL", 
        "DeleteFileWWL", 
        "DeleteFolderL", 
        "MoveFile", 
        "SourceWWL", 
        "MoveFolderWWL", 
        "CopyFileL", 
        "%CopyFolderWWL", 
        "CreateFolderL", 
        "OpenTextFile", 
        "MCreateWW", 
        "UIFileSystem3", 
        "StandardStreamTypesW`", 
        "__MIDL___MIDL_itf_ihost_0001_0000_0004WW", 
        "GetStandardStreamWWW", 
        "StandardStreamTypeWW", 
        "!GetFileVersionWW", 
        "FileVersionW", 
        "8NUFileSystemObject", 
        "QFolderWWT", 
        "FoldersW", 
        "gTextStreamWW", 
        "IHost_ClassWH", 
        "8bgIArguments_Class", 
        "8KaIWSHNamedArguments_Class", 
        "IWSHUnnamedArguments_ClassWW", 
        "Windows Script Host (Ver 5.6)W)", 
        "Windows Script Host Application InterfaceW%", 
        "Arguments Collection Object InterfaceW+", 
        "Named Arguments Collection Object InterfaceWWW-", 
        "Unnamed Arguments Collection Object InterfaceW", 
        "Windows Script Host Object", 
        "Arguments Collection ObjectWWW!", 
        "Named Arguments Collection ObjectW#", 
        "Unnamed Arguments Collection ObjectWWW", 
        "0 0$0(0,0004080<0@0D0H0L0P0T0X0\\0`0d0h0l0p0t0x0|0", 
        "1 1$1(1,1014181<1@1D1H1L1P1T1X1\\1`1d1h1l1p1t1x1|1", 
        "2 2$2(2,2024282<2@2D2H2L2P2T2X2\\2`2d2h2l2p2t2x2|2", 
        "3 3$3(3,3034383<3@3D3H3L3P3T3X3\\3`3d3h3l3p3t3x3|3", 
        "4 4$4(4,4044484<4@4D4H4L4P4T4", 
        "5 5$5(5,5054585<5@5D5H5L5P5T5X5\\5`5d5h5l5p5t5x5|5", 
        "64686<6@6D6H6L6P6T6X6\\6`6d6h6l6p6x6", 
        "7 7(70787@7H7", 
        "2M2X2`2z2", 
        "516:6W6l6w6", 
        "9&9;9K9l9", 
        "0$1=1v1", 
        "1'242J2p2", 
        "243V3]3|3", 
        "4*5A5[5b5", 
        "8#8K8R8Y8`8", 
        "9^9d9k9t9z9", 
        ":\u001f:%:):/:3:9:L:R:[:", 
        "<!<?<S<]<l<", 
        "=/=W=]=", 
        "0J0}0W1b1q1", 
        "2,2K2Q2", 
        "4I4T4x4", 
        "5I5X5u5", 
        "7;7j7x7", 
        "<(<9<i<t<", 
        ">$>6>N>i>t>", 
        "5G6T6f6o6", 
        "0M0Y0f0", 
        "0 1J1u1", 
        "2*2f2+3", 
        "5$6,6@6j6V7 8", 
        "203O3\\3", 
        "4'4.4:4A4H4O4", 
        "5#5*515T5^5d5{5", 
        "6$6/6>6p6w6~6", 
        "7#7O7Y7`7k7y7", 
        "858;8N8", 
        ":B;~;4=8=<=@=D=H=L=P=T=X=\\=`=d=h=l=p=t=", 
        "?7?L?V?]?d?s?", 
        "1 10171>1", 
        "5-6Y6t6x6~6", 
        "7%7C7K7S7[7g7u7", 
        "878Z8j8", 
        "9$969`9", 
        ":S:[:j:q:", 
        ":$;_;m;", 
        "0070V1", 
        "444F4l4}4", 
        "6#7]7g7", 
        "9n:u:|:", 
        ":^;h;n;|;", 
        "<2<;<A<a<m<", 
        "=&=3=V=d=", 
        "?6?Z?y?", 
        "292O2n2", 
        "263F3V3f3", 
        "5J6V6r6", 
        "8=8^8t8", 
        "9%9f9R:w:", 
        ";!;(;@;F;L;R;X;^;e;l;s;z;", 
        "<.<7<N<T<Z<`<f<l<s<z<", 
        "=\"=B=G=]=", 
        ">j>w>}>", 
        "646N6T6", 
        "8!9Y9c9", 
        ";'<\\<l<|<", 
        ">!>9>T>n>", 
        "0)0M0W0f0", 
        "5*5k5w5", 
        "6U6_6u6", 
        ";)<c<w<}<", 
        "=%=.=8=A=K=T=^=g=q=", 
        ";2<_<p<", 
        "=)=<=K=", 
        "222}2C3", 
        "5@5i5y5", 
        "646D6P6X6x6", 
        "617b7n7t7", 
        "7v899}9", 
        ":;:Y:{:", 
        "<1<P<Z<t<", 
        "3 3)343N3Y3x3", 
        "<$<L<e<k<", 
        "=(=2=N=T=", 
        ">2>7>Z>", 
        "00X0q0z0", 
        "2D2I2b2", 
        "3$3N3v3", 
        "4:4T4r4", 
        "5-535G5e5k5", 
        "7*7B7P7t7", 
        ";(;-;>;Z;", 
        "=\"=,=O=}=", 
        "=#>->G>Q>l>w>", 
        "?5???Y?f?", 
        "?0I0r0|0", 
        "1,232u2", 
        "3.4E4Z4q4", 
        "5,5G5Z5", 
        "8e8o8}8", 
        ":&:@:~:", 
        ">A>G>h>}>", 
        "070]0x0", 
        "011;1F1X1", 
        "6U7o7x7", 
        "8%828C8", 
        ":%:.:@:Q:k:|:", 
        "<\u001f<8<\\<r<", 
        ">5>K>T>w>", 
        "?8?Q?p?", 
        "1(1N1Y1d1w1", 
        "334G4Y4", 
        "6>6J6P6", 
        "888X8|8", 
        "=\u001f=W=`=", 
        "?.?`?n?", 
        "2-3*5~5", 
        "7)8Z8y8", 
        ":B:K:t:", 
        "=3=\\=e=", 
        "0.0X0b0", 
        "1J1g1v1", 
        "1\u001f2>2_2", 
        "474F4l4", 
        "415H5O5\\5", 
        "6C6L6~6", 
        "7C7L7~7", 
        "7\u001f8M8i8o8", 
        "::;S;\\;", 
        "0\"1+1\\1e1", 
        ">'?I?z?", 
        "2S3`3j3", 
        "3\u001f494L4~4", 
        "8\"898k8", 
        "8%9.9f9o9", 
        ":,:k:x:", 
        ";\";9;F;Z;i;", 
        "2 232:2T2\\2h2~2", 
        "3#393E3|3", 
        "4H4S4i4n4s4y4", 
        "5*525V5^5", 
        "6&636M6e6*717", 
        "=1=:=E=S=]=t=z=", 
        "2P2a2q2", 
        "6/6<6l6p6", 
        "0$000<0H0T0`0l0x0", 
        "WScript", 
        "Software\\Microsoft\\Windows Script Host\\Settings", 
        "Timeout", 
        "UseWINSAFER", 
        "TrustPolicy", 
        "DisplayLogo", 
        "IgnoreUserSettings", 
        "Enabled", 
        "LogSecuritySuccesses", 
        "ekernel32.dll", 
        "\\ScriptEngine", 
        "WLDP.DLL", 
        "urlmon.dll", 
        "%hs(%u)\\%hs!%p: ", 
        "%hs!%p: ", 
        "(caller: %p) ", 
        "%hs(%d) tid(%x) %08X %ws", 
        "Msg:[%ws] ", 
        "CallContext:[%hs] ", 
        "[%hs(%hs)]", 
        "kernelbase.dll", 
        "lntdll.dll", 
        "Local\\SM0:%lu:%lu:%hs", 
        "cscript", 
        "wscript", 
        "WScript_OnScriptTerminate", 
        "lSCRIPT", 
        "nologo", 
        "ScriptFile", 
        "Options", 
        "Windows Script Host", 
        "LogSecurityFailures", 
        "WScript.CreateObject", 
        "sr-Latn-CS", 
        "sr-SP-Latn", 
        "sr-Cyrl-CS", 
        "sr-SP-Cyrl", 
        "sr-Latn-BA", 
        "sr-BA-Latn", 
        "sr-Cyrl-BA", 
        "sr-BA-Cyrl", 
        "iu-Latn-CA", 
        "iu-CA-Latn", 
        "bs-Cyrl-BA", 
        "bs-BA-Cyrl", 
        "bs-Latn-BA", 
        "bs-BA-Latn", 
        "zh-Hant", 
        "zh-CHT", 
        "zh-Hans", 
        "zh-CHS", 
        "%s\\%s\\%s.mui", 
        "%s\\%s.mui", 
        ".\\%s\\%s.mui", 
        ".\\%s.mui", 
        "Software\\Microsoft\\Active Setup\\Installed Components\\{89820200-ECBD-11CF-8B85-00AA005B4383}", 
        "Locale", 
        "TYPELIB", 
        "VS_VERSION_INFO", 
        "StringFileInfo", 
        "040904B0", 
        "CompanyName", 
        "Microsoft Corporation", 
        "FileDescription", 
        "Microsoft ", 
        " Console Based Script Host", 
        "FileVersion", 
        "5.812.10240.16384", 
        "InternalName", 
        "cscript.exe", 
        "LegalCopyright", 
        " Microsoft Corporation. All rights reserved.", 
        "OriginalFilename", 
        "cscript.exe", 
        "ProductName", 
        "Microsoft ", 
        " Windows Script Host", 
        "ProductVersion", 
        "5.812.10240.16384", 
        "VarFileInfo", 
        "Translation", 
        "Windows Script Host", 
        "(Windows Script Host (debugging disabled)", 
        "Windows Script Host Error\u001fWindows Script Host Input Error", 
        "This Unicode version of Windows Script Host will only execute under Windows NT.", 
        "Please use the ANSI version of Windows Script Host.\"", 
        "Usage: ", 
        "Options:", 
        "WScript execution time was exceeded on script \"%1!ls!\".", 
        "Script execution was terminated.1Could not locate automation class named \"%1!ls!\".", 
        "Could not connect object.'Could not create object named \"%1!ls!\".1Initialization of the Windows Script Host failed.6Can't find script engine \"%2!ls!\" for script \"%1!ls!\".!Can't change default script host.=An attempt at saving your settings via the //S option failed.(Loading script \"%1!ls!\" failed (%2!ls!).", 
        "Loading your settings failed.,Execution of the Windows Script Host failed.,Unexpected error of the Windows Script Host._Windows Script Host access is disabled on this machine. Contact your administrator for details.<Attempt to execute Windows Script Host while it is disabled.SAttempt to execute Windows Script Host remotely while remote execution is disabled.", 
        "LExecution of the Chakra scripting engine is blocked for Windows Script Host.", 
        "\"//T option requires timeout value.%Invalid timeout value for //T option.\"Unknown option \"%1!ls!\" specified.,Extra argument specified to option \"%1!ls!\".\"There is no script file specified.", 
        "Command line option mismatch.'There is no file extension in \"%1!ls!\".", 
        "//H option requires host name.8Host name for //H option must be \"cscript\" or \"wscript\".6There is no script engine for file extension \"%1!ls!\".\"Can not find script file \"%1!ls!\".", 
        "Invalid pathname.", 
        "Need -E option.)-E option requires name of script engine.", 
        "Can't read script from stdin.%//CP option requires code page value.(Invalid code page value for //CP option.", 
        "Missing job name.*Unicode is not supported on this platform.", 
        "Unable to find job \"%1!ls!\".", 
        "<The Windows Script Host settings have been reset to default.\u001fCommand line options are saved.4The default script host is now set to \"wscript.exe\".4The default script host is now set to \"cscript.exe\".,Successful execution of Windows Script Host.3Successful remote execution of Windows Script Host.", 
        "(Script setting file \"%1!ls!\" is invalid.", 
        "Invalid #codepage directive.", 
        "Win32 Error 0x%X", 
        "%1!ls! (%2!ls!)", 
        "Windows Script Host", 
        "(Windows Script Host (debugging disabled)", 
        "Usage: CScript scriptname.extension [option...] [arguments...]", 
        "Options:", 
        " //B         Batch mode: Suppresses script errors and prompts from displaying", 
        " //D         Enable Active Debugging", 
        " //E:engine  Use engine for executing script", 
        " //H:CScript Changes the default script host to CScript.exe", 
        " //H:WScript Changes the default script host to WScript.exe (default)", 
        " //I         Interactive mode (default, opposite of //B)", 
        " //Job:xxxx  Execute a WSF job", 
        " //Logo      Display logo (default)", 
        " //Nologo    Prevent logo display: No banner will be shown at execution time", 
        " //S         Save current command line options for this user", 
        " //T:nn      Time out in seconds:  Maximum time a script is permitted to run", 
        " //X         Execute script in debugger", 
        " //U         Use Unicode for redirected I/O from the console", 
        "Usage: CScript scriptname.extension [option...] [arguments...]", 
        "Options:", 
        " //B         Batch mode: Suppresses script errors and prompts from displaying", 
        " //D         Enable Active Debugging", 
        " //E:engine  Use engine for executing script", 
        " //H:CScript Changes the default script host to CScript.exe", 
        " //H:WScript Changes the default script host to WScript.exe (default)", 
        " //I         Interactive mode (default, opposite of //B)", 
        " //Job:xxxx  Execute a WSF job", 
        " //Logo      Display logo (default)", 
        " //Nologo    Prevent logo display: No banner will be shown at execution time", 
        " //S         Save current command line options for this user", 
        " //T:nn      Time out in seconds:  Maximum time a script is permitted to run", 
        " //X         Execute script in debugger", 
        "CScript Error", 
        "Input ErrormThis Unicode version of CScript will only execute under Windows NT.", 
        "Please use the ANSI version of CScript.\"$%1!ls!(%2!u!, %3!u!) %4!ls!: %5!ls!", 
        "pMicrosoft (R) Windows Script Host Version %1!u!.%2!u!", 
        "Copyright (C) Microsoft Corporation. All rights reserved.", 
        "TYPELIB"
    ], 
    "metadata": {
        "output": {
            "pcap": {
                "basename": "dump.pcap", 
                "sha256": "38a6b4762681e6326ad4f0e4a3f79459b0399fbe54d549dd8683f08ae2921ce7", 
                "dirname": ""
            }
        }
    }
}