{
    "info": {
        "added": 1742628896.49859, 
        "started": 1742628920.964259, 
        "duration": 13, 
        "ended": 1742628934.390806, 
        "owner": null, 
        "score": 0.4, 
        "id": 361, 
        "category": "file", 
        "git": {
            "head": "13cbe0d9e457be3673304533043e992ead1ea9b2", 
            "fetch_head": "13cbe0d9e457be3673304533043e992ead1ea9b2"
        }, 
        "monitor": "2deb9ccd75d5a7a3fe05b2625b03a8639d6ee36b", 
        "package": "exe", 
        "route": "none", 
        "custom": null, 
        "machine": {
            "status": "stopped", 
            "name": "192.168.56.1011", 
            "label": "192.168.56.1011", 
            "manager": "VirtualBox", 
            "started_on": "2025-03-22 07:35:21", 
            "shutdown_on": "2025-03-22 07:35:34"
        }, 
        "platform": "windows", 
        "version": "2.0.7", 
        "options": "procmemdump=yes,route=none"
    }, 
    "signatures": [
        {
            "families": [], 
            "description": "This executable has a PDB path", 
            "severity": 1, 
            "ttp": {}, 
            "markcount": 1, 
            "references": [], 
            "marks": [
                {
                    "category": "pdb_path", 
                    "ioc": "ctfmon.pdb", 
                    "type": "ioc", 
                    "description": null
                }
            ], 
            "name": "has_pdb"
        }, 
        {
            "families": [], 
            "description": "The file contains an unknown PE resource name possibly indicative of a packer", 
            "severity": 1, 
            "ttp": {
                "T1045": {
                    "short": "Software Packing", 
                    "long": "Software packing is a method of compressing or encrypting an executable. Packing an executable changes the file signature in an attempt to avoid signature-based detection. Most decompression techniques decompress the executable code in memory."
                }
            }, 
            "markcount": 1, 
            "references": [], 
            "marks": [
                {
                    "category": "resource name", 
                    "ioc": "MUI", 
                    "type": "ioc", 
                    "description": null
                }
            ], 
            "name": "pe_unknown_resource_name"
        }
    ], 
    "target": {
        "category": "file", 
        "file": {
            "yara": [], 
            "sha1": "b1063e10ccc58e6d0c7542b982b59ba5cf9634fa", 
            "name": "ctfmon.exe", 
            "type": "PE32 executable (GUI) Intel 80386, for MS Windows", 
            "sha256": "78c354a2e598a8db25df94f9e40521e3980bc40bc9f1755241aa8fea5dc15b9d", 
            "urls": [], 
            "crc32": "10622D3A", 
            "path": "/home/tesst/.cuckoo/storage/binaries/78c354a2e598a8db25df94f9e40521e3980bc40bc9f1755241aa8fea5dc15b9d", 
            "ssdeep": null, 
            "size": 9216, 
            "sha512": "c17d7aaed52a0663a298fea9696f0f971a0c793d6dbbc780fdad5e8f84f2254a5b423c26de656d08b62772aa314d817abc4c43a558dd3033a16c754510f4f3e5", 
            "md5": "6a52c1cfa3cbbf6542aa1f7934c7cbf2"
        }
    }, 
    "network": {
        "tls": [], 
        "udp": [
            {
                "src": "192.168.56.101", 
                "dst": "224.0.0.252", 
                "offset": 1214, 
                "time": 1.203179121017456, 
                "dport": 5355, 
                "sport": 64614
            }, 
            {
                "src": "192.168.56.101", 
                "dst": "224.0.0.252", 
                "offset": 1534, 
                "time": 1.5489881038665771, 
                "dport": 5355, 
                "sport": 65517
            }, 
            {
                "src": "192.168.56.101", 
                "dst": "239.255.255.250", 
                "offset": 1862, 
                "time": 1.3906030654907227, 
                "dport": 1900, 
                "sport": 64617
            }
        ], 
        "dns_servers": [], 
        "http": [], 
        "icmp": [], 
        "smtp": [], 
        "tcp": [], 
        "smtp_ex": [], 
        "mitm": [], 
        "hosts": [], 
        "pcap_sha256": "a2a81225cea4fdd7ac1dadadaded04a3755eef09ee669f640ee6ae392f949dfc", 
        "dns": [], 
        "http_ex": [], 
        "domains": [], 
        "dead_hosts": [], 
        "sorted_pcap_sha256": "3e0b33017fcb059f98046a83740bd0dd0cb27d53ed292da4ff8ab5ab25c447da", 
        "irc": [], 
        "https_ex": []
    }, 
    "static": {
        "pdb_path": "ctfmon.pdb", 
        "pe_imports": [
            {
                "imports": [
                    {
                        "name": "HeapSetInformation", 
                        "address": "0x403000"
                    }, 
                    {
                        "name": "GetStartupInfoW", 
                        "address": "0x403004"
                    }, 
                    {
                        "name": "WerSetFlags", 
                        "address": "0x403008"
                    }, 
                    {
                        "name": "GetCommandLineW", 
                        "address": "0x40300c"
                    }, 
                    {
                        "name": "GetModuleHandleW", 
                        "address": "0x403010"
                    }, 
                    {
                        "name": "TerminateProcess", 
                        "address": "0x403014"
                    }, 
                    {
                        "name": "GetCurrentProcess", 
                        "address": "0x403018"
                    }, 
                    {
                        "name": "UnhandledExceptionFilter", 
                        "address": "0x40301c"
                    }, 
                    {
                        "name": "GetTickCount", 
                        "address": "0x403020"
                    }, 
                    {
                        "name": "GetSystemTimeAsFileTime", 
                        "address": "0x403024"
                    }, 
                    {
                        "name": "GetCurrentThreadId", 
                        "address": "0x403028"
                    }, 
                    {
                        "name": "GetCurrentProcessId", 
                        "address": "0x40302c"
                    }, 
                    {
                        "name": "QueryPerformanceCounter", 
                        "address": "0x403030"
                    }, 
                    {
                        "name": "SetUnhandledExceptionFilter", 
                        "address": "0x403034"
                    }, 
                    {
                        "name": "Sleep", 
                        "address": "0x403038"
                    }
                ], 
                "dll": "KERNEL32.dll"
            }, 
            {
                "imports": [
                    {
                        "name": "_acmdln", 
                        "address": "0x403048"
                    }, 
                    {
                        "name": "_controlfp", 
                        "address": "0x40304c"
                    }, 
                    {
                        "name": "?terminate@@YAXXZ", 
                        "address": "0x403050"
                    }, 
                    {
                        "name": "_initterm", 
                        "address": "0x403054"
                    }, 
                    {
                        "name": "__setusermatherr", 
                        "address": "0x403058"
                    }, 
                    {
                        "name": "_ismbblead", 
                        "address": "0x40305c"
                    }, 
                    {
                        "name": "__p__fmode", 
                        "address": "0x403060"
                    }, 
                    {
                        "name": "_cexit", 
                        "address": "0x403064"
                    }, 
                    {
                        "name": "_exit", 
                        "address": "0x403068"
                    }, 
                    {
                        "name": "exit", 
                        "address": "0x40306c"
                    }, 
                    {
                        "name": "__set_app_type", 
                        "address": "0x403070"
                    }, 
                    {
                        "name": "__getmainargs", 
                        "address": "0x403074"
                    }, 
                    {
                        "name": "_amsg_exit", 
                        "address": "0x403078"
                    }, 
                    {
                        "name": "__p__commode", 
                        "address": "0x40307c"
                    }, 
                    {
                        "name": "_XcptFilter", 
                        "address": "0x403080"
                    }, 
                    {
                        "name": "_except_handler4_common", 
                        "address": "0x403084"
                    }
                ], 
                "dll": "msvcrt.dll"
            }, 
            {
                "imports": [
                    {
                        "name": "DoMsCtfMonitor", 
                        "address": "0x403040"
                    }
                ], 
                "dll": "MsCtfMonitor.DLL"
            }
        ], 
        "peid_signatures": null, 
        "keys": [], 
        "signature": [], 
        "pe_timestamp": "2030-06-30 17:14:49", 
        "pe_exports": [], 
        "imported_dll_count": 3, 
        "pe_imphash": "a0df2cae30cd48f978a8d80039c738e5", 
        "pe_resources": [
            {
                "name": "MUI", 
                "language": "LANG_ENGLISH", 
                "filetype": "data", 
                "sublanguage": "SUBLANG_ENGLISH_US", 
                "offset": "0x00004850", 
                "size": "0x000000c8"
            }, 
            {
                "name": "RT_VERSION", 
                "language": "LANG_ENGLISH", 
                "filetype": "data", 
                "sublanguage": "SUBLANG_ENGLISH_US", 
                "offset": "0x000044a8", 
                "size": "0x000003a4"
            }, 
            {
                "name": "RT_MANIFEST", 
                "language": "LANG_ENGLISH", 
                "filetype": "XML 1.0 document, ASCII text, with CRLF line terminators", 
                "sublanguage": "SUBLANG_ENGLISH_US", 
                "offset": "0x000040f0", 
                "size": "0x000003b7"
            }
        ], 
        "pe_versioninfo": [
            {
                "name": "LegalCopyright", 
                "value": "\\xa9 Microsoft Corporation. All rights reserved."
            }, 
            {
                "name": "InternalName", 
                "value": "CTFMON"
            }, 
            {
                "name": "FileVersion", 
                "value": "10.0.22621.1 (WinBuild.160101.0800)"
            }, 
            {
                "name": "CompanyName", 
                "value": "Microsoft Corporation"
            }, 
            {
                "name": "ProductName", 
                "value": "Microsoft\\xae Windows\\xae Operating System"
            }, 
            {
                "name": "OleSelfRegister", 
                "value": ""
            }, 
            {
                "name": "ProductVersion", 
                "value": "10.0.22621.1"
            }, 
            {
                "name": "FileDescription", 
                "value": "CTF Loader"
            }, 
            {
                "name": "OriginalFilename", 
                "value": "CTFMON.EXE"
            }, 
            {
                "name": "Translation", 
                "value": "0x0409 0x04b0"
            }
        ], 
        "pe_sections": [
            {
                "size_of_data": "0x00000e00", 
                "virtual_address": "0x00001000", 
                "entropy": 5.525229757549167, 
                "name": ".text", 
                "virtual_size": "0x00000da4"
            }, 
            {
                "size_of_data": "0x00000200", 
                "virtual_address": "0x00002000", 
                "entropy": 0.1833387916558982, 
                "name": ".data", 
                "virtual_size": "0x000003e0"
            }, 
            {
                "size_of_data": "0x00000400", 
                "virtual_address": "0x00003000", 
                "entropy": 4.7530974619713655, 
                "name": ".idata", 
                "virtual_size": "0x000003ce"
            }, 
            {
                "size_of_data": "0x00000a00", 
                "virtual_address": "0x00004000", 
                "entropy": 4.214758187269441, 
                "name": ".rsrc", 
                "virtual_size": "0x00000918"
            }, 
            {
                "size_of_data": "0x00000200", 
                "virtual_address": "0x00005000", 
                "entropy": 4.516426945988613, 
                "name": ".reloc", 
                "virtual_size": "0x0000013c"
            }
        ]
    }, 
    "behavior": {
        "generic": [
            {
                "process_path": "C:\\Windows\\System32\\lsass.exe", 
                "process_name": "lsass.exe", 
                "pid": 508, 
                "summary": {}, 
                "first_seen": 1742632496.953125, 
                "ppid": 400
            }
        ], 
        "processes": [
            {
                "process_path": "C:\\Windows\\System32\\lsass.exe", 
                "calls": [], 
                "track": false, 
                "pid": 508, 
                "process_name": "lsass.exe", 
                "command_line": "C:\\Windows\\system32\\lsass.exe", 
                "modules": [
                    {
                        "basename": "lsass.exe", 
                        "imgsize": 49152, 
                        "baseaddr": "0xffc70000", 
                        "filepath": "C:\\Windows\\system32\\lsass.exe"
                    }, 
                    {
                        "basename": "ntdll.dll", 
                        "imgsize": 1740800, 
                        "baseaddr": "0x76dd0000", 
                        "filepath": "C:\\Windows\\SYSTEM32\\ntdll.dll"
                    }, 
                    {
                        "basename": "kernel32.dll", 
                        "imgsize": 1175552, 
                        "baseaddr": "0x76bb0000", 
                        "filepath": "C:\\Windows\\system32\\kernel32.dll"
                    }, 
                    {
                        "basename": "KERNELBASE.dll", 
                        "imgsize": 438272, 
                        "baseaddr": "0x7fefcf80000", 
                        "filepath": "C:\\Windows\\system32\\KERNELBASE.dll"
                    }, 
                    {
                        "basename": "msvcrt.dll", 
                        "imgsize": 651264, 
                        "baseaddr": "0x7fefec80000", 
                        "filepath": "C:\\Windows\\system32\\msvcrt.dll"
                    }, 
                    {
                        "basename": "RPCRT4.dll", 
                        "imgsize": 1232896, 
                        "baseaddr": "0x7fefd2c0000", 
                        "filepath": "C:\\Windows\\system32\\RPCRT4.dll"
                    }, 
                    {
                        "basename": "SspiSrv.dll", 
                        "imgsize": 45056, 
                        "baseaddr": "0x7fefcb60000", 
                        "filepath": "C:\\Windows\\system32\\SspiSrv.dll"
                    }, 
                    {
                        "basename": "lsasrv.dll", 
                        "imgsize": 1470464, 
                        "baseaddr": "0x7fefc9e0000", 
                        "filepath": "C:\\Windows\\system32\\lsasrv.dll"
                    }, 
                    {
                        "basename": "sechost.dll", 
                        "imgsize": 126976, 
                        "baseaddr": "0x7fefea00000", 
                        "filepath": "C:\\Windows\\SYSTEM32\\sechost.dll"
                    }, 
                    {
                        "basename": "SspiCli.dll", 
                        "imgsize": 151552, 
                        "baseaddr": "0x7fefcb80000", 
                        "filepath": "C:\\Windows\\system32\\SspiCli.dll"
                    }, 
                    {
                        "basename": "ADVAPI32.dll", 
                        "imgsize": 897024, 
                        "baseaddr": "0x7fefd480000", 
                        "filepath": "C:\\Windows\\system32\\ADVAPI32.dll"
                    }, 
                    {
                        "basename": "USER32.dll", 
                        "imgsize": 1024000, 
                        "baseaddr": "0x76cd0000", 
                        "filepath": "C:\\Windows\\system32\\USER32.dll"
                    }, 
                    {
                        "basename": "GDI32.dll", 
                        "imgsize": 421888, 
                        "baseaddr": "0x7fefd560000", 
                        "filepath": "C:\\Windows\\system32\\GDI32.dll"
                    }, 
                    {
                        "basename": "LPK.dll", 
                        "imgsize": 57344, 
                        "baseaddr": "0x7fefd830000", 
                        "filepath": "C:\\Windows\\system32\\LPK.dll"
                    }, 
                    {
                        "basename": "USP10.dll", 
                        "imgsize": 823296, 
                        "baseaddr": "0x7feff010000", 
                        "filepath": "C:\\Windows\\system32\\USP10.dll"
                    }, 
                    {
                        "basename": "SAMSRV.dll", 
                        "imgsize": 774144, 
                        "baseaddr": "0x7fefc880000", 
                        "filepath": "C:\\Windows\\system32\\SAMSRV.dll"
                    }, 
                    {
                        "basename": "cryptdll.dll", 
                        "imgsize": 81920, 
                        "baseaddr": "0x7fefc860000", 
                        "filepath": "C:\\Windows\\system32\\cryptdll.dll"
                    }, 
                    {
                        "basename": "MSASN1.dll", 
                        "imgsize": 61440, 
                        "baseaddr": "0x7fefcdc0000", 
                        "filepath": "C:\\Windows\\system32\\MSASN1.dll"
                    }, 
                    {
                        "basename": "wevtapi.dll", 
                        "imgsize": 446464, 
                        "baseaddr": "0x7fefc7f0000", 
                        "filepath": "C:\\Windows\\system32\\wevtapi.dll"
                    }, 
                    {
                        "basename": "IMM32.DLL", 
                        "imgsize": 188416, 
                        "baseaddr": "0x7fefea20000", 
                        "filepath": "C:\\Windows\\system32\\IMM32.DLL"
                    }, 
                    {
                        "basename": "MSCTF.dll", 
                        "imgsize": 1085440, 
                        "baseaddr": "0x7fefed20000", 
                        "filepath": "C:\\Windows\\system32\\MSCTF.dll"
                    }, 
                    {
                        "basename": "cngaudit.dll", 
                        "imgsize": 36864, 
                        "baseaddr": "0x7fefc7b0000", 
                        "filepath": "C:\\Windows\\system32\\cngaudit.dll"
                    }, 
                    {
                        "basename": "AUTHZ.dll", 
                        "imgsize": 192512, 
                        "baseaddr": "0x7fefc780000", 
                        "filepath": "C:\\Windows\\system32\\AUTHZ.dll"
                    }, 
                    {
                        "basename": "ncrypt.dll", 
                        "imgsize": 319488, 
                        "baseaddr": "0x7fefc730000", 
                        "filepath": "C:\\Windows\\system32\\ncrypt.dll"
                    }, 
                    {
                        "basename": "bcrypt.dll", 
                        "imgsize": 139264, 
                        "baseaddr": "0x7fefc700000", 
                        "filepath": "C:\\Windows\\system32\\bcrypt.dll"
                    }, 
                    {
                        "basename": "msprivs.DLL", 
                        "imgsize": 8192, 
                        "baseaddr": "0x74af0000", 
                        "filepath": "C:\\Windows\\system32\\msprivs.DLL"
                    }, 
                    {
                        "basename": "netjoin.dll", 
                        "imgsize": 204800, 
                        "baseaddr": "0x7fefc6c0000", 
                        "filepath": "C:\\Windows\\system32\\netjoin.dll"
                    }, 
                    {
                        "basename": "negoexts.DLL", 
                        "imgsize": 147456, 
                        "baseaddr": "0x7fefc690000", 
                        "filepath": "C:\\Windows\\system32\\negoexts.DLL"
                    }, 
                    {
                        "basename": "Secur32.dll", 
                        "imgsize": 45056, 
                        "baseaddr": "0x7fefc9b0000", 
                        "filepath": "C:\\Windows\\system32\\Secur32.dll"
                    }, 
                    {
                        "basename": "cryptbase.dll", 
                        "imgsize": 61440, 
                        "baseaddr": "0x7fefcc50000", 
                        "filepath": "C:\\Windows\\system32\\cryptbase.dll"
                    }, 
                    {
                        "basename": "kerberos.DLL", 
                        "imgsize": 737280, 
                        "baseaddr": "0x7fefc5d0000", 
                        "filepath": "C:\\Windows\\system32\\kerberos.DLL"
                    }, 
                    {
                        "basename": "CRYPTSP.dll", 
                        "imgsize": 94208, 
                        "baseaddr": "0x7fefc5b0000", 
                        "filepath": "C:\\Windows\\system32\\CRYPTSP.dll"
                    }, 
                    {
                        "basename": "WS2_32.dll", 
                        "imgsize": 315392, 
                        "baseaddr": "0x7fefec30000", 
                        "filepath": "C:\\Windows\\system32\\WS2_32.dll"
                    }, 
                    {
                        "basename": "NSI.dll", 
                        "imgsize": 32768, 
                        "baseaddr": "0x7fefd3f0000", 
                        "filepath": "C:\\Windows\\system32\\NSI.dll"
                    }, 
                    {
                        "basename": "mswsock.dll", 
                        "imgsize": 348160, 
                        "baseaddr": "0x7fefc550000", 
                        "filepath": "C:\\Windows\\system32\\mswsock.dll"
                    }, 
                    {
                        "basename": "wship6.dll", 
                        "imgsize": 28672, 
                        "baseaddr": "0x7fefc540000", 
                        "filepath": "C:\\Windows\\System32\\wship6.dll"
                    }, 
                    {
                        "basename": "msv1_0.DLL", 
                        "imgsize": 331776, 
                        "baseaddr": "0x7fefc4e0000", 
                        "filepath": "C:\\Windows\\system32\\msv1_0.DLL"
                    }, 
                    {
                        "basename": "netlogon.DLL", 
                        "imgsize": 712704, 
                        "baseaddr": "0x7fefc430000", 
                        "filepath": "C:\\Windows\\system32\\netlogon.DLL"
                    }, 
                    {
                        "basename": "DNSAPI.dll", 
                        "imgsize": 372736, 
                        "baseaddr": "0x7fefc3d0000", 
                        "filepath": "C:\\Windows\\system32\\DNSAPI.dll"
                    }, 
                    {
                        "basename": "logoncli.dll", 
                        "imgsize": 196608, 
                        "baseaddr": "0x7fefc3a0000", 
                        "filepath": "C:\\Windows\\system32\\logoncli.dll"
                    }, 
                    {
                        "basename": "schannel.DLL", 
                        "imgsize": 356352, 
                        "baseaddr": "0x7fefc340000", 
                        "filepath": "C:\\Windows\\system32\\schannel.DLL"
                    }, 
                    {
                        "basename": "CRYPT32.dll", 
                        "imgsize": 1470464, 
                        "baseaddr": "0x7fefcdd0000", 
                        "filepath": "C:\\Windows\\system32\\CRYPT32.dll"
                    }, 
                    {
                        "basename": "wdigest.DLL", 
                        "imgsize": 221184, 
                        "baseaddr": "0x7fefc300000", 
                        "filepath": "C:\\Windows\\system32\\wdigest.DLL"
                    }, 
                    {
                        "basename": "rsaenh.dll", 
                        "imgsize": 290816, 
                        "baseaddr": "0x7fefc2b0000", 
                        "filepath": "C:\\Windows\\system32\\rsaenh.dll"
                    }, 
                    {
                        "basename": "tspkg.DLL", 
                        "imgsize": 98304, 
                        "baseaddr": "0x7fefc290000", 
                        "filepath": "C:\\Windows\\system32\\tspkg.DLL"
                    }, 
                    {
                        "basename": "pku2u.DLL", 
                        "imgsize": 282624, 
                        "baseaddr": "0x7fefc240000", 
                        "filepath": "C:\\Windows\\system32\\pku2u.DLL"
                    }, 
                    {
                        "basename": "bcryptprimitives.dll", 
                        "imgsize": 311296, 
                        "baseaddr": "0x7fefc1f0000", 
                        "filepath": "C:\\Windows\\system32\\bcryptprimitives.dll"
                    }, 
                    {
                        "basename": "RpcRtRemote.dll", 
                        "imgsize": 81920, 
                        "baseaddr": "0x7fefcd00000", 
                        "filepath": "C:\\Windows\\system32\\RpcRtRemote.dll"
                    }, 
                    {
                        "basename": "efslsaext.dll", 
                        "imgsize": 73728, 
                        "baseaddr": "0x7fefc1d0000", 
                        "filepath": "C:\\Windows\\system32\\efslsaext.dll"
                    }, 
                    {
                        "basename": "scecli.DLL", 
                        "imgsize": 253952, 
                        "baseaddr": "0x7fefc130000", 
                        "filepath": "C:\\Windows\\system32\\scecli.DLL"
                    }, 
                    {
                        "basename": "credssp.dll", 
                        "imgsize": 40960, 
                        "baseaddr": "0x7fefc1b0000", 
                        "filepath": "C:\\Windows\\system32\\credssp.dll"
                    }, 
                    {
                        "basename": "WINSTA.dll", 
                        "imgsize": 249856, 
                        "baseaddr": "0x7fefcc10000", 
                        "filepath": "C:\\Windows\\system32\\WINSTA.dll"
                    }, 
                    {
                        "basename": "IPHLPAPI.DLL", 
                        "imgsize": 159744, 
                        "baseaddr": "0x7fefbfd0000", 
                        "filepath": "C:\\Windows\\system32\\IPHLPAPI.DLL"
                    }, 
                    {
                        "basename": "WINNSI.DLL", 
                        "imgsize": 45056, 
                        "baseaddr": "0x7fefbfc0000", 
                        "filepath": "C:\\Windows\\system32\\WINNSI.DLL"
                    }, 
                    {
                        "basename": "netutils.dll", 
                        "imgsize": 49152, 
                        "baseaddr": "0x7fefa790000", 
                        "filepath": "C:\\Windows\\system32\\netutils.dll"
                    }, 
                    {
                        "basename": "USERENV.dll", 
                        "imgsize": 122880, 
                        "baseaddr": "0x7fefc060000", 
                        "filepath": "C:\\Windows\\system32\\USERENV.dll"
                    }, 
                    {
                        "basename": "profapi.dll", 
                        "imgsize": 61440, 
                        "baseaddr": "0x7fefcd20000", 
                        "filepath": "C:\\Windows\\system32\\profapi.dll"
                    }, 
                    {
                        "basename": "wshtcpip.dll", 
                        "imgsize": 28672, 
                        "baseaddr": "0x7fefbed0000", 
                        "filepath": "C:\\Windows\\System32\\wshtcpip.dll"
                    }, 
                    {
                        "basename": "monitor-x64.dll", 
                        "imgsize": 2269184, 
                        "baseaddr": "0x744c0000", 
                        "filepath": "C:\\tmpql7zol\\bin\\monitor-x64.dll"
                    }
                ], 
                "time": 0, 
                "tid": 1584, 
                "first_seen": 1742632496.953125, 
                "ppid": 400, 
                "type": "process"
            }
        ], 
        "processtree": [
            {
                "track": false, 
                "pid": 508, 
                "process_name": "lsass.exe", 
                "command_line": "C:\\Windows\\system32\\lsass.exe", 
                "first_seen": 1742632496.953125, 
                "ppid": 400, 
                "children": []
            }
        ]
    }, 
    "debug": {
        "action": [], 
        "dbgview": [], 
        "errors": [], 
        "log": [
            "2025-03-22 07:34:56,000 [analyzer] DEBUG: Starting analyzer from: C:\\tmpql7zol\n", 
            "2025-03-22 07:34:56,000 [analyzer] DEBUG: Pipe server name: \\??\\PIPE\\biqJLmfleOuyQfwMCseFaUu\n", 
            "2025-03-22 07:34:56,000 [analyzer] DEBUG: Log pipe server name: \\??\\PIPE\\SvdlGhngRllxNZjZLEQJYTnfXQVpAuaM\n", 
            "2025-03-22 07:34:56,140 [analyzer] DEBUG: Started auxiliary module DbgView\n", 
            "2025-03-22 07:34:56,717 [analyzer] DEBUG: Started auxiliary module Disguise\n", 
            "2025-03-22 07:34:57,015 [analyzer] DEBUG: Loaded monitor into process with pid 508\n", 
            "2025-03-22 07:34:57,015 [analyzer] DEBUG: Started auxiliary module DumpTLSMasterSecrets\n", 
            "2025-03-22 07:34:57,030 [analyzer] DEBUG: Started auxiliary module Human\n", 
            "2025-03-22 07:34:57,030 [analyzer] DEBUG: Started auxiliary module InstallCertificate\n", 
            "2025-03-22 07:34:57,030 [analyzer] DEBUG: Started auxiliary module Reboot\n", 
            "2025-03-22 07:34:57,171 [analyzer] DEBUG: Started auxiliary module RecentFiles\n", 
            "2025-03-22 07:34:57,171 [modules.auxiliary.screenshots] INFO: Python Image Library (either PIL or Pillow) is not installed, screenshots are disabled.\n", 
            "2025-03-22 07:34:57,187 [analyzer] DEBUG: Started auxiliary module Screenshots\n", 
            "2025-03-22 07:34:57,187 [analyzer] DEBUG: Started auxiliary module LoadZer0m0n\n", 
            "2025-03-22 07:34:57,250 [lib.api.process] ERROR: Failed to execute process from path u'C:\\\\Users\\\\ADMINI~1\\\\AppData\\\\Local\\\\Temp\\\\ctfmon.exe' with arguments ['bin\\\\inject-x86.exe', '--app', u'C:\\\\Users\\\\ADMINI~1\\\\AppData\\\\Local\\\\Temp\\\\ctfmon.exe', '--only-start', '--curdir', 'C:\\\\Users\\\\ADMINI~1\\\\AppData\\\\Local\\\\Temp'] (Error: Command '['bin\\\\inject-x86.exe', '--app', u'C:\\\\Users\\\\ADMINI~1\\\\AppData\\\\Local\\\\Temp\\\\ctfmon.exe', '--only-start', '--curdir', 'C:\\\\Users\\\\ADMINI~1\\\\AppData\\\\Local\\\\Temp']' returned non-zero exit status 1)\n"
        ], 
        "cuckoo": [
            "2025-03-22 07:35:20,995 [cuckoo.core.scheduler] INFO: Task #361: acquired machine 192.168.56.1011 (label=192.168.56.1011)\n", 
            "2025-03-22 07:35:20,995 [cuckoo.core.resultserver] DEBUG: Now tracking machine 192.168.56.101 for task #361\n", 
            "2025-03-22 07:35:20,996 [cuckoo.core.plugins] DEBUG: Started auxiliary module: Replay\n", 
            "2025-03-22 07:35:21,009 [cuckoo.auxiliary.sniffer] INFO: Started sniffer with PID 44528 (interface=vboxnet0, host=192.168.56.101)\n", 
            "2025-03-22 07:35:21,009 [cuckoo.core.plugins] DEBUG: Started auxiliary module: Sniffer\n", 
            "2025-03-22 07:35:21,032 [cuckoo.machinery.virtualbox] DEBUG: Starting vm 192.168.56.1011\n", 
            "2025-03-22 07:35:21,137 [cuckoo.machinery.virtualbox] DEBUG: Restoring virtual machine 192.168.56.1011 to its current snapshot\n", 
            "2025-03-22 07:35:23,330 [cuckoo.core.guest] INFO: Starting analysis #361 on guest (id=192.168.56.1011, ip=192.168.56.101)\n", 
            "2025-03-22 07:35:24,332 [cuckoo.core.guest] DEBUG: 192.168.56.1011: not ready yet\n", 
            "2025-03-22 07:35:25,336 [cuckoo.core.guest] DEBUG: 192.168.56.1011: not ready yet\n", 
            "2025-03-22 07:35:26,339 [cuckoo.core.guest] DEBUG: 192.168.56.1011: not ready yet\n", 
            "2025-03-22 07:35:26,351 [cuckoo.core.guest] INFO: Guest is running Cuckoo Agent 0.10 (id=192.168.56.1011, ip=192.168.56.101)\n", 
            "2025-03-22 07:35:26,706 [cuckoo.core.guest] DEBUG: Uploading analyzer to guest (id=192.168.56.1011, ip=192.168.56.101, monitor=latest, size=3884763)\n", 
            "2025-03-22 07:35:27,524 [cuckoo.core.resultserver] DEBUG: Task #361: live log analysis.log initialized.\n", 
            "2025-03-22 07:35:28,501 [cuckoo.core.resultserver] DEBUG: Task #361 is sending a BSON stream\n", 
            "2025-03-22 07:35:29,222 [cuckoo.core.guest] WARNING: 192.168.56.1011: analysis #361 caught an exception\n", 
            "Traceback (most recent call last):\n", 
            "  File \"C:/tmpql7zol/analyzer.py\", line 808, in <module>\n", 
            "    success = analyzer.run()\n", 
            "  File \"C:/tmpql7zol/analyzer.py\", line 657, in run\n", 
            "    pids = self.package.start(self.target)\n", 
            "  File \"C:\\tmpql7zol\\modules\\packages\\exe.py\", line 23, in start\n", 
            "    return self.execute(path, args=shlex.split(args))\n", 
            "  File \"C:\\tmpql7zol\\lib\\common\\abstracts.py\", line 166, in execute\n", 
            "    \"Unable to execute the initial process, analysis aborted.\"\n", 
            "CuckooPackageError: Unable to execute the initial process, analysis aborted.\n", 
            "\n", 
            "2025-03-22 07:35:29,228 [cuckoo.core.plugins] DEBUG: Stopped auxiliary module: Replay\n", 
            "2025-03-22 07:35:29,289 [cuckoo.core.plugins] DEBUG: Stopped auxiliary module: Sniffer\n", 
            "2025-03-22 07:35:32,981 [cuckoo.machinery.virtualbox] INFO: Successfully generated memory dump for virtual machine with label 192.168.56.1011 to path /home/tesst/.cuckoo/storage/analyses/361/memory.dmp\n", 
            "2025-03-22 07:35:32,984 [cuckoo.machinery.virtualbox] DEBUG: Stopping vm 192.168.56.1011\n", 
            "2025-03-22 07:35:34,379 [cuckoo.core.resultserver] DEBUG: Stopped tracking machine 192.168.56.101 for task #361\n", 
            "2025-03-22 07:35:34,379 [cuckoo.core.resultserver] DEBUG: Cancel <Context for LOG> for task 361\n", 
            "2025-03-22 07:35:34,383 [cuckoo.core.scheduler] DEBUG: Released database task #361\n", 
            "2025-03-22 07:35:34,396 [cuckoo.core.plugins] DEBUG: Executed processing module \"AnalysisInfo\" for task #361\n", 
            "2025-03-22 07:35:34,400 [cuckoo.core.plugins] DEBUG: Executed processing module \"BehaviorAnalysis\" for task #361\n", 
            "2025-03-22 07:35:34,401 [cuckoo.core.plugins] DEBUG: Executed processing module \"Dropped\" for task #361\n", 
            "2025-03-22 07:35:34,401 [cuckoo.core.plugins] DEBUG: Executed processing module \"DroppedBuffer\" for task #361\n", 
            "2025-03-22 07:35:34,401 [cuckoo.core.plugins] DEBUG: Executed processing module \"MetaInfo\" for task #361\n", 
            "2025-03-22 07:35:34,401 [cuckoo.core.plugins] DEBUG: Executed processing module \"ProcessMemory\" for task #361\n", 
            "2025-03-22 07:35:34,401 [cuckoo.core.plugins] DEBUG: Executed processing module \"Procmon\" for task #361\n", 
            "2025-03-22 07:35:34,401 [cuckoo.core.plugins] DEBUG: Executed processing module \"Screenshots\" for task #361\n", 
            "2025-03-22 07:35:34,621 [cuckoo.core.plugins] DEBUG: Executed processing module \"Static\" for task #361\n", 
            "2025-03-22 07:35:34,622 [cuckoo.core.plugins] DEBUG: Executed processing module \"Strings\" for task #361\n", 
            "2025-03-22 07:35:34,623 [cuckoo.cor"
        ]
    }, 
    "strings": [
        "!This program cannot be run in DOS mode.", 
        "`.data", 
        ".idata", 
        "@.rsrc", 
        "@.reloc", 
        "ctfmon.pdb", 
        ".rdata$brc", 
        ".CRT$XCA", 
        ".CRT$XCAA", 
        ".CRT$XCZ", 
        ".CRT$XIA", 
        ".CRT$XIAA", 
        ".CRT$XIY", 
        ".CRT$XIZ", 
        ".gfids", 
        ".rdata", 
        ".rdata$sxdata", 
        ".rdata$voltmd", 
        ".rdata$zzzdbg", 
        ".text$mn", 
        ".xdata$x", 
        ".idata$5", 
        ".00cfg", 
        ".idata$2", 
        ".idata$3", 
        ".idata$4", 
        ".idata$6", 
        ".rsrc$01", 
        ".rsrc$02", 
        "HeapSetInformation", 
        "GetStartupInfoW", 
        "WerSetFlags", 
        "GetCommandLineW", 
        "GetModuleHandleW", 
        "KERNEL32.dll", 
        "_XcptFilter", 
        "__p__commode", 
        "_amsg_exit", 
        "__getmainargs", 
        "__set_app_type", 
        "_cexit", 
        "__p__fmode", 
        "_ismbblead", 
        "__setusermatherr", 
        "_initterm", 
        "_acmdln", 
        "?terminate@@YAXXZ", 
        "msvcrt.dll", 
        "_controlfp", 
        "_except_handler4_common", 
        "DoMsCtfMonitor", 
        "MsCtfMonitor.DLL", 
        "SetUnhandledExceptionFilter", 
        "QueryPerformanceCounter", 
        "GetCurrentProcessId", 
        "GetCurrentThreadId", 
        "GetSystemTimeAsFileTime", 
        "GetTickCount", 
        "UnhandledExceptionFilter", 
        "GetCurrentProcess", 
        "TerminateProcess", 
        "<?xml version=\"1.0\" encoding=\"UTF-8\" standalone=\"yes\"?>", 
        "<!-- Copyright (c) Microsoft Corporation -->", 
        "<assembly xmlns=\"urn:schemas-microsoft-com:asm.v1\" manifestVersion=\"1.0\">", 
        "<assemblyIdentity name=\"ctfmon\" processorArchitecture=\"x86\" version=\"5.1.0.0\" type=\"win32\"/>", 
        "<description>Ctfmon</description>", 
        "<dependency>", 
        "    <dependentAssembly>", 
        "        <assemblyIdentity", 
        "            type=\"win32\"", 
        "            name=\"Microsoft.Windows.Common-Controls\"", 
        "            version=\"6.0.0.0\"", 
        "            processorArchitecture=\"x86\" ", 
        "            publicKeyToken=\"6595b64144ccf1df\"", 
        "            language=\"*\"", 
        "        />", 
        "    </dependentAssembly>", 
        "</dependency>", 
        "<trustInfo xmlns=\"urn:schemas-microsoft-com:asm.v3\">", 
        "    <security>", 
        "        <requestedPrivileges>", 
        "            <requestedExecutionLevel", 
        "                level=\"asInvoker\"", 
        "                uiAccess=\"true\"", 
        "            />", 
        "        </requestedPrivileges>", 
        "    </security>", 
        "</trustInfo>", 
        "</assembly>", 
        "0D0H0P0X0", 
        "084E4M4S4Z4c4", 
        "5C5W5j5", 
        "6/676>6}6", 
        "7D7d7l7r7", 
        "7)8A8G8V8c8", 
        ";\";*;C;R;];z;", 
        "<'<-<3<9<?<E<L<S<Z<a<h<o<v<~<", 
        "=1=\\=`=|=", 
        "VS_VERSION_INFO", 
        "StringFileInfo", 
        "040904B0", 
        "CompanyName", 
        "Microsoft Corporation", 
        "FileDescription", 
        "CTF Loader", 
        "FileVersion", 
        "10.0.22621.1 (WinBuild.160101.0800)", 
        "InternalName", 
        "CTFMON", 
        "LegalCopyright", 
        " Microsoft Corporation. All rights reserved.", 
        "OriginalFilename", 
        "CTFMON.EXE", 
        "ProductName", 
        "Microsoft", 
        " Windows", 
        " Operating System", 
        "ProductVersion", 
        "10.0.22621.1", 
        "OleSelfRegister", 
        "VarFileInfo", 
        "Translation"
    ], 
    "metadata": {
        "output": {
            "pcap": {
                "basename": "dump.pcap", 
                "sha256": "a2a81225cea4fdd7ac1dadadaded04a3755eef09ee669f640ee6ae392f949dfc", 
                "dirname": ""
            }
        }
    }
}