{
    "info": {
        "added": 1742629420.207871, 
        "started": 1742629529.293553, 
        "duration": 19, 
        "ended": 1742629548.712776, 
        "owner": null, 
        "score": 0.2, 
        "id": 378, 
        "category": "file", 
        "git": {
            "head": "13cbe0d9e457be3673304533043e992ead1ea9b2", 
            "fetch_head": "13cbe0d9e457be3673304533043e992ead1ea9b2"
        }, 
        "monitor": "2deb9ccd75d5a7a3fe05b2625b03a8639d6ee36b", 
        "package": "exe", 
        "route": "none", 
        "custom": null, 
        "machine": {
            "status": "stopped", 
            "name": "192.168.56.1011", 
            "label": "192.168.56.1011", 
            "manager": "VirtualBox", 
            "started_on": "2025-03-22 07:45:29", 
            "shutdown_on": "2025-03-22 07:45:48"
        }, 
        "platform": "windows", 
        "version": "2.0.7", 
        "options": "procmemdump=yes,route=none"
    }, 
    "signatures": [
        {
            "families": [], 
            "description": "This executable has a PDB path", 
            "severity": 1, 
            "ttp": {}, 
            "markcount": 1, 
            "references": [], 
            "marks": [
                {
                    "category": "pdb_path", 
                    "ioc": "DeviceEject.pdb", 
                    "type": "ioc", 
                    "description": null
                }
            ], 
            "name": "has_pdb"
        }
    ], 
    "target": {
        "category": "file", 
        "file": {
            "yara": [], 
            "sha1": "24235ed214bb8d2de28368d368963b8ab63f396b", 
            "name": "DeviceEject.exe", 
            "type": "PE32+ executable (GUI) x86-64, for MS Windows", 
            "sha256": "5ffe4624961183181936b5c8dcddd0bf998c30224a8054c51931dd2b5118365f", 
            "urls": [], 
            "crc32": "017F4C09", 
            "path": "/home/tesst/.cuckoo/storage/binaries/5ffe4624961183181936b5c8dcddd0bf998c30224a8054c51931dd2b5118365f", 
            "ssdeep": null, 
            "size": 45056, 
            "sha512": "10c21374791db99d54e7171c1d2f6b998180180b06c28eb0b4ac427ed3583594fd462b8f964bc61c23c87f8c5e233b266438b8b1cc7ff789b634d0baf138ff52", 
            "md5": "b041f384fb8d7947eefa8f2a5f761d28"
        }
    }, 
    "network": {
        "tls": [], 
        "udp": [
            {
                "src": "192.168.56.101", 
                "dst": "224.0.0.252", 
                "offset": 1214, 
                "time": 1.613893985748291, 
                "dport": 5355, 
                "sport": 64412
            }, 
            {
                "src": "192.168.56.101", 
                "dst": "224.0.0.252", 
                "offset": 1542, 
                "time": 0.08781194686889648, 
                "dport": 5355, 
                "sport": 64614
            }, 
            {
                "src": "192.168.56.101", 
                "dst": "224.0.0.252", 
                "offset": 1870, 
                "time": 1.2786610126495361, 
                "dport": 5355, 
                "sport": 65517
            }, 
            {
                "src": "192.168.56.101", 
                "dst": "239.255.255.250", 
                "offset": 2190, 
                "time": 1.4467549324035645, 
                "dport": 1900, 
                "sport": 65520
            }
        ], 
        "dns_servers": [], 
        "http": [], 
        "icmp": [], 
        "smtp": [], 
        "tcp": [], 
        "smtp_ex": [], 
        "mitm": [], 
        "hosts": [], 
        "pcap_sha256": "734ac4207ca71759a9163663da35dbe0405924dbb742377a913465e28af39ff8", 
        "dns": [], 
        "http_ex": [], 
        "domains": [], 
        "dead_hosts": [], 
        "sorted_pcap_sha256": "bb70210c346df698cde0b429b6c30ee10148e7467e5b6ed74f1e62c9f605a78c", 
        "irc": [], 
        "https_ex": []
    }, 
    "static": {
        "pdb_path": "DeviceEject.pdb", 
        "pe_imports": [
            {
                "imports": [
                    {
                        "name": "__set_app_type", 
                        "address": "0x140002268"
                    }, 
                    {
                        "name": "swscanf", 
                        "address": "0x140002270"
                    }, 
                    {
                        "name": "_amsg_exit", 
                        "address": "0x140002278"
                    }, 
                    {
                        "name": "?terminate@@YAXXZ", 
                        "address": "0x140002280"
                    }, 
                    {
                        "name": "_commode", 
                        "address": "0x140002288"
                    }, 
                    {
                        "name": "_fmode", 
                        "address": "0x140002290"
                    }, 
                    {
                        "name": "_acmdln", 
                        "address": "0x140002298"
                    }, 
                    {
                        "name": "_XcptFilter", 
                        "address": "0x1400022a0"
                    }, 
                    {
                        "name": "_initterm", 
                        "address": "0x1400022a8"
                    }, 
                    {
                        "name": "__setusermatherr", 
                        "address": "0x1400022b0"
                    }, 
                    {
                        "name": "_ismbblead", 
                        "address": "0x1400022b8"
                    }, 
                    {
                        "name": "_cexit", 
                        "address": "0x1400022c0"
                    }, 
                    {
                        "name": "exit", 
                        "address": "0x1400022c8"
                    }, 
                    {
                        "name": "_exit", 
                        "address": "0x1400022d0"
                    }, 
                    {
                        "name": "__getmainargs", 
                        "address": "0x1400022d8"
                    }, 
                    {
                        "name": "__C_specific_handler", 
                        "address": "0x1400022e0"
                    }
                ], 
                "dll": "msvcrt.dll"
            }, 
            {
                "imports": [
                    {
                        "name": "RtlCaptureContext", 
                        "address": "0x1400022f0"
                    }, 
                    {
                        "name": "RtlNtStatusToDosError", 
                        "address": "0x1400022f8"
                    }, 
                    {
                        "name": "RtlLookupFunctionEntry", 
                        "address": "0x140002300"
                    }, 
                    {
                        "name": "RtlVirtualUnwind", 
                        "address": "0x140002308"
                    }
                ], 
                "dll": "ntdll.dll"
            }, 
            {
                "imports": [
                    {
                        "name": "UnhandledExceptionFilter", 
                        "address": "0x140002160"
                    }, 
                    {
                        "name": "SetUnhandledExceptionFilter", 
                        "address": "0x140002168"
                    }, 
                    {
                        "name": "GetLastError", 
                        "address": "0x140002170"
                    }, 
                    {
                        "name": "SetLastError", 
                        "address": "0x140002178"
                    }
                ], 
                "dll": "api-ms-win-core-errorhandling-l1-1-0.dll"
            }, 
            {
                "imports": [
                    {
                        "name": "GetCommandLineW", 
                        "address": "0x1400021c8"
                    }
                ], 
                "dll": "api-ms-win-core-processenvironment-l1-1-0.dll"
            }, 
            {
                "imports": [
                    {
                        "name": "AllocateAndInitializeSid", 
                        "address": "0x140002248"
                    }, 
                    {
                        "name": "CheckTokenMembership", 
                        "address": "0x140002250"
                    }, 
                    {
                        "name": "FreeSid", 
                        "address": "0x140002258"
                    }
                ], 
                "dll": "api-ms-win-security-base-l1-1-0.dll"
            }, 
            {
                "imports": [
                    {
                        "name": "LoadLibraryW", 
                        "address": "0x1400021b8"
                    }
                ], 
                "dll": "api-ms-win-core-libraryloader-l1-2-1.dll"
            }, 
            {
                "imports": [
                    {
                        "name": "HeapSetInformation", 
                        "address": "0x140002188"
                    }
                ], 
                "dll": "api-ms-win-core-heap-l1-1-0.dll"
            }, 
            {
                "imports": [
                    {
                        "name": "FreeLibrary", 
                        "address": "0x140002198"
                    }, 
                    {
                        "name": "GetModuleHandleW", 
                        "address": "0x1400021a0"
                    }, 
                    {
                        "name": "GetProcAddress", 
                        "address": "0x1400021a8"
                    }
                ], 
                "dll": "api-ms-win-core-libraryloader-l1-2-0.dll"
            }, 
            {
                "imports": [
                    {
                        "name": "GetStartupInfoW", 
                        "address": "0x1400021d8"
                    }, 
                    {
                        "name": "ExitProcess", 
                        "address": "0x1400021e0"
                    }, 
                    {
                        "name": "GetCurrentThreadId", 
                        "address": "0x1400021e8"
                    }, 
                    {
                        "name": "TerminateProcess", 
                        "address": "0x1400021f0"
                    }, 
                    {
                        "name": "GetCurrentProcessId", 
                        "address": "0x1400021f8"
                    }, 
                    {
                        "name": "GetCurrentProcess", 
                        "address": "0x140002200"
                    }
                ], 
                "dll": "api-ms-win-core-processthreads-l1-1-0.dll"
            }, 
            {
                "imports": [
                    {
                        "name": "Sleep", 
                        "address": "0x140002220"
                    }
                ], 
                "dll": "api-ms-win-core-synch-l1-2-0.dll"
            }, 
            {
                "imports": [
                    {
                        "name": "QueryPerformanceCounter", 
                        "address": "0x140002210"
                    }
                ], 
                "dll": "api-ms-win-core-profile-l1-1-0.dll"
            }, 
            {
                "imports": [
                    {
                        "name": "GetTickCount", 
                        "address": "0x140002230"
                    }, 
                    {
                        "name": "GetSystemTimeAsFileTime", 
                        "address": "0x140002238"
                    }
                ], 
                "dll": "api-ms-win-core-sysinfo-l1-1-0.dll"
            }, 
            {
                "imports": [
                    {
                        "name": "CommandLineToArgvW", 
                        "address": "0x140002150"
                    }
                ], 
                "dll": "SHELL32.dll"
            }
        ], 
        "peid_signatures": null, 
        "keys": [], 
        "signature": [], 
        "pe_timestamp": "2003-12-05 05:23:52", 
        "pe_exports": [], 
        "imported_dll_count": 13, 
        "pe_imphash": "4e97873b8af6e0ccfd6b969879df565b", 
        "pe_resources": [
            {
                "name": "RT_ICON", 
                "language": "LANG_ENGLISH", 
                "filetype": "GLS_BINARY_LSB_FIRST", 
                "sublanguage": "SUBLANG_ENGLISH_US", 
                "offset": "0x00008c68", 
                "size": "0x00000468"
            }, 
            {
                "name": "RT_ICON", 
                "language": "LANG_ENGLISH", 
                "filetype": "GLS_BINARY_LSB_FIRST", 
                "sublanguage": "SUBLANG_ENGLISH_US", 
                "offset": "0x00008c68", 
                "size": "0x00000468"
            }, 
            {
                "name": "RT_ICON", 
                "language": "LANG_ENGLISH", 
                "filetype": "GLS_BINARY_LSB_FIRST", 
                "sublanguage": "SUBLANG_ENGLISH_US", 
                "offset": "0x00008c68", 
                "size": "0x00000468"
            }, 
            {
                "name": "RT_ICON", 
                "language": "LANG_ENGLISH", 
                "filetype": "GLS_BINARY_LSB_FIRST", 
                "sublanguage": "SUBLANG_ENGLISH_US", 
                "offset": "0x00008c68", 
                "size": "0x00000468"
            }, 
            {
                "name": "RT_ICON", 
                "language": "LANG_ENGLISH", 
                "filetype": "GLS_BINARY_LSB_FIRST", 
                "sublanguage": "SUBLANG_ENGLISH_US", 
                "offset": "0x00008c68", 
                "size": "0x00000468"
            }, 
            {
                "name": "RT_ICON", 
                "language": "LANG_ENGLISH", 
                "filetype": "GLS_BINARY_LSB_FIRST", 
                "sublanguage": "SUBLANG_ENGLISH_US", 
                "offset": "0x00008c68", 
                "size": "0x00000468"
            }, 
            {
                "name": "RT_GROUP_ICON", 
                "language": "LANG_ENGLISH", 
                "filetype": "data", 
                "sublanguage": "SUBLANG_ENGLISH_US", 
                "offset": "0x000090d0", 
                "size": "0x0000005a"
            }, 
            {
                "name": "RT_VERSION", 
                "language": "LANG_ENGLISH", 
                "filetype": "data", 
                "sublanguage": "SUBLANG_ENGLISH_US", 
                "offset": "0x00006608", 
                "size": "0x00000398"
            }, 
            {
                "name": "RT_MANIFEST", 
                "language": "LANG_ENGLISH", 
                "filetype": "XML 1.0 document, ASCII text, with CRLF line terminators", 
                "sublanguage": "SUBLANG_ENGLISH_US", 
                "offset": "0x00006220", 
                "size": "0x000003e2"
            }
        ], 
        "pe_versioninfo": [
            {
                "name": "LegalCopyright", 
                "value": "\\xa9 Microsoft Corporation. All rights reserved."
            }, 
            {
                "name": "InternalName", 
                "value": "DeviceEject.EXE"
            }, 
            {
                "name": "FileVersion", 
                "value": "10.0.22621.1 (WinBuild.160101.0800)"
            }, 
            {
                "name": "CompanyName", 
                "value": "Microsoft Corporation"
            }, 
            {
                "name": "ProductName", 
                "value": "Microsoft\\xae Windows\\xae Operating System"
            }, 
            {
                "name": "ProductVersion", 
                "value": "10.0.22621.1"
            }, 
            {
                "name": "FileDescription", 
                "value": "Eject Device"
            }, 
            {
                "name": "OriginalFilename", 
                "value": "DeviceEject.EXE"
            }, 
            {
                "name": "Translation", 
                "value": "0x0409 0x04b0"
            }
        ], 
        "pe_sections": [
            {
                "size_of_data": "0x00001000", 
                "virtual_address": "0x00001000", 
                "entropy": 5.269525752743923, 
                "name": ".text", 
                "virtual_size": "0x00000d50"
            }, 
            {
                "size_of_data": "0x00002000", 
                "virtual_address": "0x00002000", 
                "entropy": 2.4499545013806943, 
                "name": ".rdata", 
                "virtual_size": "0x0000100e"
            }, 
            {
                "size_of_data": "0x00001000", 
                "virtual_address": "0x00004000", 
                "entropy": 0.04873065242961223, 
                "name": ".data", 
                "virtual_size": "0x00000680"
            }, 
            {
                "size_of_data": "0x00001000", 
                "virtual_address": "0x00005000", 
                "entropy": 0.37431146021796513, 
                "name": ".pdata", 
                "virtual_size": "0x00000108"
            }, 
            {
                "size_of_data": "0x00004000", 
                "virtual_address": "0x00006000", 
                "entropy": 3.925009253290727, 
                "name": ".rsrc", 
                "virtual_size": "0x00003130"
            }, 
            {
                "size_of_data": "0x00001000", 
                "virtual_address": "0x0000a000", 
                "entropy": 0.11184621233477143, 
                "name": ".reloc", 
                "virtual_size": "0x00000030"
            }
        ]
    }, 
    "behavior": {
        "generic": [
            {
                "process_path": "C:\\Windows\\System32\\lsass.exe", 
                "process_name": "lsass.exe", 
                "pid": 508, 
                "summary": {}, 
                "first_seen": 1742633020.90625, 
                "ppid": 400
            }
        ], 
        "processes": [
            {
                "process_path": "C:\\Windows\\System32\\lsass.exe", 
                "calls": [], 
                "track": false, 
                "pid": 508, 
                "process_name": "lsass.exe", 
                "command_line": "C:\\Windows\\system32\\lsass.exe", 
                "modules": [
                    {
                        "basename": "lsass.exe", 
                        "imgsize": 49152, 
                        "baseaddr": "0xffc70000", 
                        "filepath": "C:\\Windows\\system32\\lsass.exe"
                    }, 
                    {
                        "basename": "ntdll.dll", 
                        "imgsize": 1740800, 
                        "baseaddr": "0x76dd0000", 
                        "filepath": "C:\\Windows\\SYSTEM32\\ntdll.dll"
                    }, 
                    {
                        "basename": "kernel32.dll", 
                        "imgsize": 1175552, 
                        "baseaddr": "0x76bb0000", 
                        "filepath": "C:\\Windows\\system32\\kernel32.dll"
                    }, 
                    {
                        "basename": "KERNELBASE.dll", 
                        "imgsize": 438272, 
                        "baseaddr": "0x7fefcf80000", 
                        "filepath": "C:\\Windows\\system32\\KERNELBASE.dll"
                    }, 
                    {
                        "basename": "msvcrt.dll", 
                        "imgsize": 651264, 
                        "baseaddr": "0x7fefec80000", 
                        "filepath": "C:\\Windows\\system32\\msvcrt.dll"
                    }, 
                    {
                        "basename": "RPCRT4.dll", 
                        "imgsize": 1232896, 
                        "baseaddr": "0x7fefd2c0000", 
                        "filepath": "C:\\Windows\\system32\\RPCRT4.dll"
                    }, 
                    {
                        "basename": "SspiSrv.dll", 
                        "imgsize": 45056, 
                        "baseaddr": "0x7fefcb60000", 
                        "filepath": "C:\\Windows\\system32\\SspiSrv.dll"
                    }, 
                    {
                        "basename": "lsasrv.dll", 
                        "imgsize": 1470464, 
                        "baseaddr": "0x7fefc9e0000", 
                        "filepath": "C:\\Windows\\system32\\lsasrv.dll"
                    }, 
                    {
                        "basename": "sechost.dll", 
                        "imgsize": 126976, 
                        "baseaddr": "0x7fefea00000", 
                        "filepath": "C:\\Windows\\SYSTEM32\\sechost.dll"
                    }, 
                    {
                        "basename": "SspiCli.dll", 
                        "imgsize": 151552, 
                        "baseaddr": "0x7fefcb80000", 
                        "filepath": "C:\\Windows\\system32\\SspiCli.dll"
                    }, 
                    {
                        "basename": "ADVAPI32.dll", 
                        "imgsize": 897024, 
                        "baseaddr": "0x7fefd480000", 
                        "filepath": "C:\\Windows\\system32\\ADVAPI32.dll"
                    }, 
                    {
                        "basename": "USER32.dll", 
                        "imgsize": 1024000, 
                        "baseaddr": "0x76cd0000", 
                        "filepath": "C:\\Windows\\system32\\USER32.dll"
                    }, 
                    {
                        "basename": "GDI32.dll", 
                        "imgsize": 421888, 
                        "baseaddr": "0x7fefd560000", 
                        "filepath": "C:\\Windows\\system32\\GDI32.dll"
                    }, 
                    {
                        "basename": "LPK.dll", 
                        "imgsize": 57344, 
                        "baseaddr": "0x7fefd830000", 
                        "filepath": "C:\\Windows\\system32\\LPK.dll"
                    }, 
                    {
                        "basename": "USP10.dll", 
                        "imgsize": 823296, 
                        "baseaddr": "0x7feff010000", 
                        "filepath": "C:\\Windows\\system32\\USP10.dll"
                    }, 
                    {
                        "basename": "SAMSRV.dll", 
                        "imgsize": 774144, 
                        "baseaddr": "0x7fefc880000", 
                        "filepath": "C:\\Windows\\system32\\SAMSRV.dll"
                    }, 
                    {
                        "basename": "cryptdll.dll", 
                        "imgsize": 81920, 
                        "baseaddr": "0x7fefc860000", 
                        "filepath": "C:\\Windows\\system32\\cryptdll.dll"
                    }, 
                    {
                        "basename": "MSASN1.dll", 
                        "imgsize": 61440, 
                        "baseaddr": "0x7fefcdc0000", 
                        "filepath": "C:\\Windows\\system32\\MSASN1.dll"
                    }, 
                    {
                        "basename": "wevtapi.dll", 
                        "imgsize": 446464, 
                        "baseaddr": "0x7fefc7f0000", 
                        "filepath": "C:\\Windows\\system32\\wevtapi.dll"
                    }, 
                    {
                        "basename": "IMM32.DLL", 
                        "imgsize": 188416, 
                        "baseaddr": "0x7fefea20000", 
                        "filepath": "C:\\Windows\\system32\\IMM32.DLL"
                    }, 
                    {
                        "basename": "MSCTF.dll", 
                        "imgsize": 1085440, 
                        "baseaddr": "0x7fefed20000", 
                        "filepath": "C:\\Windows\\system32\\MSCTF.dll"
                    }, 
                    {
                        "basename": "cngaudit.dll", 
                        "imgsize": 36864, 
                        "baseaddr": "0x7fefc7b0000", 
                        "filepath": "C:\\Windows\\system32\\cngaudit.dll"
                    }, 
                    {
                        "basename": "AUTHZ.dll", 
                        "imgsize": 192512, 
                        "baseaddr": "0x7fefc780000", 
                        "filepath": "C:\\Windows\\system32\\AUTHZ.dll"
                    }, 
                    {
                        "basename": "ncrypt.dll", 
                        "imgsize": 319488, 
                        "baseaddr": "0x7fefc730000", 
                        "filepath": "C:\\Windows\\system32\\ncrypt.dll"
                    }, 
                    {
                        "basename": "bcrypt.dll", 
                        "imgsize": 139264, 
                        "baseaddr": "0x7fefc700000", 
                        "filepath": "C:\\Windows\\system32\\bcrypt.dll"
                    }, 
                    {
                        "basename": "msprivs.DLL", 
                        "imgsize": 8192, 
                        "baseaddr": "0x74af0000", 
                        "filepath": "C:\\Windows\\system32\\msprivs.DLL"
                    }, 
                    {
                        "basename": "netjoin.dll", 
                        "imgsize": 204800, 
                        "baseaddr": "0x7fefc6c0000", 
                        "filepath": "C:\\Windows\\system32\\netjoin.dll"
                    }, 
                    {
                        "basename": "negoexts.DLL", 
                        "imgsize": 147456, 
                        "baseaddr": "0x7fefc690000", 
                        "filepath": "C:\\Windows\\system32\\negoexts.DLL"
                    }, 
                    {
                        "basename": "Secur32.dll", 
                        "imgsize": 45056, 
                        "baseaddr": "0x7fefc9b0000", 
                        "filepath": "C:\\Windows\\system32\\Secur32.dll"
                    }, 
                    {
                        "basename": "cryptbase.dll", 
                        "imgsize": 61440, 
                        "baseaddr": "0x7fefcc50000", 
                        "filepath": "C:\\Windows\\system32\\cryptbase.dll"
                    }, 
                    {
                        "basename": "kerberos.DLL", 
                        "imgsize": 737280, 
                        "baseaddr": "0x7fefc5d0000", 
                        "filepath": "C:\\Windows\\system32\\kerberos.DLL"
                    }, 
                    {
                        "basename": "CRYPTSP.dll", 
                        "imgsize": 94208, 
                        "baseaddr": "0x7fefc5b0000", 
                        "filepath": "C:\\Windows\\system32\\CRYPTSP.dll"
                    }, 
                    {
                        "basename": "WS2_32.dll", 
                        "imgsize": 315392, 
                        "baseaddr": "0x7fefec30000", 
                        "filepath": "C:\\Windows\\system32\\WS2_32.dll"
                    }, 
                    {
                        "basename": "NSI.dll", 
                        "imgsize": 32768, 
                        "baseaddr": "0x7fefd3f0000", 
                        "filepath": "C:\\Windows\\system32\\NSI.dll"
                    }, 
                    {
                        "basename": "mswsock.dll", 
                        "imgsize": 348160, 
                        "baseaddr": "0x7fefc550000", 
                        "filepath": "C:\\Windows\\system32\\mswsock.dll"
                    }, 
                    {
                        "basename": "wship6.dll", 
                        "imgsize": 28672, 
                        "baseaddr": "0x7fefc540000", 
                        "filepath": "C:\\Windows\\System32\\wship6.dll"
                    }, 
                    {
                        "basename": "msv1_0.DLL", 
                        "imgsize": 331776, 
                        "baseaddr": "0x7fefc4e0000", 
                        "filepath": "C:\\Windows\\system32\\msv1_0.DLL"
                    }, 
                    {
                        "basename": "netlogon.DLL", 
                        "imgsize": 712704, 
                        "baseaddr": "0x7fefc430000", 
                        "filepath": "C:\\Windows\\system32\\netlogon.DLL"
                    }, 
                    {
                        "basename": "DNSAPI.dll", 
                        "imgsize": 372736, 
                        "baseaddr": "0x7fefc3d0000", 
                        "filepath": "C:\\Windows\\system32\\DNSAPI.dll"
                    }, 
                    {
                        "basename": "logoncli.dll", 
                        "imgsize": 196608, 
                        "baseaddr": "0x7fefc3a0000", 
                        "filepath": "C:\\Windows\\system32\\logoncli.dll"
                    }, 
                    {
                        "basename": "schannel.DLL", 
                        "imgsize": 356352, 
                        "baseaddr": "0x7fefc340000", 
                        "filepath": "C:\\Windows\\system32\\schannel.DLL"
                    }, 
                    {
                        "basename": "CRYPT32.dll", 
                        "imgsize": 1470464, 
                        "baseaddr": "0x7fefcdd0000", 
                        "filepath": "C:\\Windows\\system32\\CRYPT32.dll"
                    }, 
                    {
                        "basename": "wdigest.DLL", 
                        "imgsize": 221184, 
                        "baseaddr": "0x7fefc300000", 
                        "filepath": "C:\\Windows\\system32\\wdigest.DLL"
                    }, 
                    {
                        "basename": "rsaenh.dll", 
                        "imgsize": 290816, 
                        "baseaddr": "0x7fefc2b0000", 
                        "filepath": "C:\\Windows\\system32\\rsaenh.dll"
                    }, 
                    {
                        "basename": "tspkg.DLL", 
                        "imgsize": 98304, 
                        "baseaddr": "0x7fefc290000", 
                        "filepath": "C:\\Windows\\system32\\tspkg.DLL"
                    }, 
                    {
                        "basename": "pku2u.DLL", 
                        "imgsize": 282624, 
                        "baseaddr": "0x7fefc240000", 
                        "filepath": "C:\\Windows\\system32\\pku2u.DLL"
                    }, 
                    {
                        "basename": "bcryptprimitives.dll", 
                        "imgsize": 311296, 
                        "baseaddr": "0x7fefc1f0000", 
                        "filepath": "C:\\Windows\\system32\\bcryptprimitives.dll"
                    }, 
                    {
                        "basename": "RpcRtRemote.dll", 
                        "imgsize": 81920, 
                        "baseaddr": "0x7fefcd00000", 
                        "filepath": "C:\\Windows\\system32\\RpcRtRemote.dll"
                    }, 
                    {
                        "basename": "efslsaext.dll", 
                        "imgsize": 73728, 
                        "baseaddr": "0x7fefc1d0000", 
                        "filepath": "C:\\Windows\\system32\\efslsaext.dll"
                    }, 
                    {
                        "basename": "scecli.DLL", 
                        "imgsize": 253952, 
                        "baseaddr": "0x7fefc130000", 
                        "filepath": "C:\\Windows\\system32\\scecli.DLL"
                    }, 
                    {
                        "basename": "credssp.dll", 
                        "imgsize": 40960, 
                        "baseaddr": "0x7fefc1b0000", 
                        "filepath": "C:\\Windows\\system32\\credssp.dll"
                    }, 
                    {
                        "basename": "WINSTA.dll", 
                        "imgsize": 249856, 
                        "baseaddr": "0x7fefcc10000", 
                        "filepath": "C:\\Windows\\system32\\WINSTA.dll"
                    }, 
                    {
                        "basename": "IPHLPAPI.DLL", 
                        "imgsize": 159744, 
                        "baseaddr": "0x7fefbfd0000", 
                        "filepath": "C:\\Windows\\system32\\IPHLPAPI.DLL"
                    }, 
                    {
                        "basename": "WINNSI.DLL", 
                        "imgsize": 45056, 
                        "baseaddr": "0x7fefbfc0000", 
                        "filepath": "C:\\Windows\\system32\\WINNSI.DLL"
                    }, 
                    {
                        "basename": "netutils.dll", 
                        "imgsize": 49152, 
                        "baseaddr": "0x7fefa790000", 
                        "filepath": "C:\\Windows\\system32\\netutils.dll"
                    }, 
                    {
                        "basename": "USERENV.dll", 
                        "imgsize": 122880, 
                        "baseaddr": "0x7fefc060000", 
                        "filepath": "C:\\Windows\\system32\\USERENV.dll"
                    }, 
                    {
                        "basename": "profapi.dll", 
                        "imgsize": 61440, 
                        "baseaddr": "0x7fefcd20000", 
                        "filepath": "C:\\Windows\\system32\\profapi.dll"
                    }, 
                    {
                        "basename": "wshtcpip.dll", 
                        "imgsize": 28672, 
                        "baseaddr": "0x7fefbed0000", 
                        "filepath": "C:\\Windows\\System32\\wshtcpip.dll"
                    }, 
                    {
                        "basename": "monitor-x64.dll", 
                        "imgsize": 2269184, 
                        "baseaddr": "0x744c0000", 
                        "filepath": "C:\\tmpql7zol\\bin\\monitor-x64.dll"
                    }
                ], 
                "time": 0, 
                "tid": 1760, 
                "first_seen": 1742633020.90625, 
                "ppid": 400, 
                "type": "process"
            }
        ], 
        "processtree": [
            {
                "track": false, 
                "pid": 508, 
                "process_name": "lsass.exe", 
                "command_line": "C:\\Windows\\system32\\lsass.exe", 
                "first_seen": 1742633020.90625, 
                "ppid": 400, 
                "children": []
            }
        ]
    }, 
    "debug": {
        "action": [], 
        "dbgview": [], 
        "errors": [], 
        "log": [
            "2025-03-22 07:43:40,015 [analyzer] DEBUG: Starting analyzer from: C:\\tmpql7zol\n", 
            "2025-03-22 07:43:40,015 [analyzer] DEBUG: Pipe server name: \\??\\PIPE\\WtlkrhXkjwDtaPrQp\n", 
            "2025-03-22 07:43:40,015 [analyzer] DEBUG: Log pipe server name: \\??\\PIPE\\NEgVGAcqpokWtAuNZRnVuml\n", 
            "2025-03-22 07:43:40,187 [analyzer] DEBUG: Started auxiliary module DbgView\n", 
            "2025-03-22 07:43:40,640 [analyzer] DEBUG: Started auxiliary module Disguise\n", 
            "2025-03-22 07:43:40,967 [analyzer] DEBUG: Loaded monitor into process with pid 508\n", 
            "2025-03-22 07:43:40,967 [analyzer] DEBUG: Started auxiliary module DumpTLSMasterSecrets\n", 
            "2025-03-22 07:43:40,983 [analyzer] DEBUG: Started auxiliary module Human\n", 
            "2025-03-22 07:43:40,983 [analyzer] DEBUG: Started auxiliary module InstallCertificate\n", 
            "2025-03-22 07:43:40,983 [analyzer] DEBUG: Started auxiliary module Reboot\n", 
            "2025-03-22 07:43:41,171 [analyzer] DEBUG: Started auxiliary module RecentFiles\n", 
            "2025-03-22 07:43:41,171 [modules.auxiliary.screenshots] INFO: Python Image Library (either PIL or Pillow) is not installed, screenshots are disabled.\n", 
            "2025-03-22 07:43:41,171 [analyzer] DEBUG: Started auxiliary module Screenshots\n", 
            "2025-03-22 07:43:41,171 [analyzer] DEBUG: Started auxiliary module LoadZer0m0n\n", 
            "2025-03-22 07:43:41,217 [lib.api.process] ERROR: Failed to execute process from path u'C:\\\\Users\\\\ADMINI~1\\\\AppData\\\\Local\\\\Temp\\\\DeviceEject.exe' with arguments ['bin\\\\inject-x64.exe', '--app', u'C:\\\\Users\\\\ADMINI~1\\\\AppData\\\\Local\\\\Temp\\\\DeviceEject.exe', '--only-start', '--curdir', 'C:\\\\Users\\\\ADMINI~1\\\\AppData\\\\Local\\\\Temp'] (Error: Command '['bin\\\\inject-x64.exe', '--app', u'C:\\\\Users\\\\ADMINI~1\\\\AppData\\\\Local\\\\Temp\\\\DeviceEject.exe', '--only-start', '--curdir', 'C:\\\\Users\\\\ADMINI~1\\\\AppData\\\\Local\\\\Temp']' returned non-zero exit status 1)\n"
        ], 
        "cuckoo": [
            "2025-03-22 07:45:29,363 [cuckoo.core.scheduler] INFO: Task #378: acquired machine 192.168.56.1011 (label=192.168.56.1011)\n", 
            "2025-03-22 07:45:29,364 [cuckoo.core.resultserver] DEBUG: Now tracking machine 192.168.56.101 for task #378\n", 
            "2025-03-22 07:45:29,364 [cuckoo.core.plugins] DEBUG: Started auxiliary module: Replay\n", 
            "2025-03-22 07:45:29,375 [cuckoo.auxiliary.sniffer] INFO: Started sniffer with PID 48171 (interface=vboxnet0, host=192.168.56.101)\n", 
            "2025-03-22 07:45:29,375 [cuckoo.core.plugins] DEBUG: Started auxiliary module: Sniffer\n", 
            "2025-03-22 07:45:29,405 [cuckoo.machinery.virtualbox] DEBUG: Starting vm 192.168.56.1011\n", 
            "2025-03-22 07:45:29,500 [cuckoo.machinery.virtualbox] DEBUG: Restoring virtual machine 192.168.56.1011 to its current snapshot\n", 
            "2025-03-22 07:45:31,569 [cuckoo.core.guest] INFO: Starting analysis #378 on guest (id=192.168.56.1011, ip=192.168.56.101)\n", 
            "2025-03-22 07:45:32,571 [cuckoo.core.guest] DEBUG: 192.168.56.1011: not ready yet\n", 
            "2025-03-22 07:45:33,574 [cuckoo.core.guest] DEBUG: 192.168.56.1011: not ready yet\n", 
            "2025-03-22 07:45:34,577 [cuckoo.core.guest] DEBUG: 192.168.56.1011: not ready yet\n", 
            "2025-03-22 07:45:34,593 [cuckoo.core.guest] INFO: Guest is running Cuckoo Agent 0.10 (id=192.168.56.1011, ip=192.168.56.101)\n", 
            "2025-03-22 07:45:34,627 [cuckoo.core.guest] DEBUG: Uploading analyzer to guest (id=192.168.56.1011, ip=192.168.56.101, monitor=latest, size=3884763)\n", 
            "2025-03-22 07:45:35,514 [cuckoo.core.resultserver] DEBUG: Task #378: live log analysis.log initialized.\n", 
            "2025-03-22 07:45:36,436 [cuckoo.core.resultserver] DEBUG: Task #378 is sending a BSON stream\n", 
            "2025-03-22 07:45:37,045 [cuckoo.core.guest] WARNING: 192.168.56.1011: analysis #378 caught an exception\n", 
            "Traceback (most recent call last):\n", 
            "  File \"C:/tmpql7zol/analyzer.py\", line 808, in <module>\n", 
            "    success = analyzer.run()\n", 
            "  File \"C:/tmpql7zol/analyzer.py\", line 657, in run\n", 
            "    pids = self.package.start(self.target)\n", 
            "  File \"C:\\tmpql7zol\\modules\\packages\\exe.py\", line 23, in start\n", 
            "    return self.execute(path, args=shlex.split(args))\n", 
            "  File \"C:\\tmpql7zol\\lib\\common\\abstracts.py\", line 166, in execute\n", 
            "    \"Unable to execute the initial process, analysis aborted.\"\n", 
            "CuckooPackageError: Unable to execute the initial process, analysis aborted.\n", 
            "\n", 
            "2025-03-22 07:45:37,050 [cuckoo.core.plugins] DEBUG: Stopped auxiliary module: Replay\n", 
            "2025-03-22 07:45:37,081 [cuckoo.core.plugins] DEBUG: Stopped auxiliary module: Sniffer\n", 
            "2025-03-22 07:45:47,164 [cuckoo.machinery.virtualbox] INFO: Successfully generated memory dump for virtual machine with label 192.168.56.1011 to path /home/tesst/.cuckoo/storage/analyses/378/memory.dmp\n", 
            "2025-03-22 07:45:47,165 [cuckoo.machinery.virtualbox] DEBUG: Stopping vm 192.168.56.1011\n", 
            "2025-03-22 07:45:48,702 [cuckoo.core.resultserver] DEBUG: Stopped tracking machine 192.168.56.101 for task #378\n", 
            "2025-03-22 07:45:48,702 [cuckoo.core.resultserver] DEBUG: Cancel <Context for LOG> for task 378\n", 
            "2025-03-22 07:45:48,706 [cuckoo.core.scheduler] DEBUG: Released database task #378\n", 
            "2025-03-22 07:45:48,733 [cuckoo.core.plugins] DEBUG: Executed processing module \"AnalysisInfo\" for task #378\n", 
            "2025-03-22 07:45:48,735 [cuckoo.core.plugins] DEBUG: Executed processing module \"BehaviorAnalysis\" for task #378\n", 
            "2025-03-22 07:45:48,735 [cuckoo.core.plugins] DEBUG: Executed processing module \"Dropped\" for task #378\n", 
            "2025-03-22 07:45:48,735 [cuckoo.core.plugins] DEBUG: Executed processing module \"DroppedBuffer\" for task #378\n", 
            "2025-03-22 07:45:48,736 [cuckoo.core.plugins] DEBUG: Executed processing module \"MetaInfo\" for task #378\n", 
            "2025-03-22 07:45:48,736 [cuckoo.core.plugins] DEBUG: Executed processing module \"ProcessMemory\" for task #378\n", 
            "2025-03-22 07:45:48,736 [cuckoo.core.plugins] DEBUG: Executed processing module \"Procmon\" for task #378\n", 
            "2025-03-22 07:45:48,736 [cuckoo.core.plugins] DEBUG: Executed processing module \"Screenshots\" for task #378\n", 
            "2025-03-22 07:45:48,907 [cuckoo.core.plugins] DEBUG: Executed processing module \"Static\" for task #378\n", 
            "2025-03-22 07:45:48,909 [cuckoo.core.plugins] DEBUG: Executed processing module \"Strings\" for task #378\n", 
            "2025-03-22 07:45:48,910 [cuckoo.cor"
        ]
    }, 
    "strings": [
        "!This program cannot be run in DOS mode.", 
        "?^RichB", 
        "`.rdata", 
        "@.data", 
        ".pdata", 
        "@.rsrc", 
        "@.reloc", 
        "q0R^G'", 
        "p0R^G'", 
        "q0R^G'", 
        "u*9Q<|%", 
        "LcA<E3", 
        " H3E H3E", 
        "HotPlugEjectDeviceEx", 
        "DeviceEject.pdb", 
        ".text$mn", 
        ".text$mn$00", 
        ".text$x", 
        ".rdata$brc", 
        ".idata$5", 
        ".00cfg", 
        ".CRT$XCA", 
        ".CRT$XCAA", 
        ".CRT$XCZ", 
        ".CRT$XIA", 
        ".CRT$XIAA", 
        ".CRT$XIY", 
        ".CRT$XIZ", 
        ".gehcont", 
        ".gfids", 
        ".rdata", 
        ".rdata$voltmd", 
        ".rdata$zzzdbg", 
        ".xdata", 
        ".idata$2", 
        ".idata$3", 
        ".idata$4", 
        ".idata$6", 
        ".pdata", 
        ".rsrc$01", 
        ".rsrc$02", 
        "__C_specific_handler", 
        "swscanf", 
        "_XcptFilter", 
        "_amsg_exit", 
        "__getmainargs", 
        "__set_app_type", 
        "_cexit", 
        "_ismbblead", 
        "__setusermatherr", 
        "_initterm", 
        "_acmdln", 
        "_fmode", 
        "_commode", 
        "msvcrt.dll", 
        "?terminate@@YAXXZ", 
        "RtlNtStatusToDosError", 
        "RtlCaptureContext", 
        "RtlLookupFunctionEntry", 
        "RtlVirtualUnwind", 
        "ntdll.dll", 
        "SetLastError", 
        "GetCommandLineW", 
        "CheckTokenMembership", 
        "FreeSid", 
        "GetLastError", 
        "LoadLibraryW", 
        "HeapSetInformation", 
        "AllocateAndInitializeSid", 
        "GetProcAddress", 
        "ExitProcess", 
        "FreeLibrary", 
        "GetStartupInfoW", 
        "SetUnhandledExceptionFilter", 
        "GetModuleHandleW", 
        "QueryPerformanceCounter", 
        "GetCurrentProcessId", 
        "GetCurrentThreadId", 
        "GetSystemTimeAsFileTime", 
        "GetTickCount", 
        "UnhandledExceptionFilter", 
        "GetCurrentProcess", 
        "TerminateProcess", 
        "api-ms-win-core-errorhandling-l1-1-0.dll", 
        "api-ms-win-core-processenvironment-l1-1-0.dll", 
        "api-ms-win-security-base-l1-1-0.dll", 
        "api-ms-win-core-libraryloader-l1-2-1.dll", 
        "api-ms-win-core-heap-l1-1-0.dll", 
        "api-ms-win-core-libraryloader-l1-2-0.dll", 
        "api-ms-win-core-processthreads-l1-1-0.dll", 
        "api-ms-win-core-synch-l1-2-0.dll", 
        "api-ms-win-core-profile-l1-1-0.dll", 
        "api-ms-win-core-sysinfo-l1-1-0.dll", 
        "CommandLineToArgvW", 
        "SHELL32.dll", 
        "<?xml version=\"1.0\" encoding=\"UTF-8\" standalone=\"yes\"?>", 
        "<!-- Copyright (c) Microsoft Corporation -->", 
        "<assembly xmlns=\"urn:schemas-microsoft-com:asm.v1\"  xmlns:asmv3=\"urn:schemas-microsoft-com:asm.v3\" manifestVersion=\"1.0\">", 
        "<assemblyIdentity", 
        "    type=\"win32\"", 
        "    name=\"Microsoft.Windows.DeviceEject\"", 
        "    version=\"5.1.0.0\"", 
        "    processorArchitecture=\"amd64\"/>", 
        "    <description>Eject Device</description>", 
        "    <!-- Identify the application security requirements. -->", 
        "    <trustInfo xmlns=\"urn:schemas-microsoft-com:asm.v3\">", 
        "        <security>", 
        "            <requestedPrivileges>", 
        "                <requestedExecutionLevel level=\"requireAdministrator\" uiAccess=\"false\"/>", 
        "            </requestedPrivileges>", 
        "        </security>", 
        "    </trustInfo>", 
        "    <asmv3:application>", 
        "       <asmv3:windowsSettings xmlns=\"http://schemas.microsoft.com/SMI/2005/WindowsSettings\">", 
        "            <autoElevate>true</autoElevate>", 
        "       </asmv3:windowsSettings>", 
        "    </asmv3:application>", 
        "</assembly>", 
        "xwvww`", 
        "wwwxwww", 
        "wwuws@", 
        "4wwurRwpp", 
        "pwwetRw", 
        "pCpCCG", 
        "\"'wtw#", 
        "/s vSw:*8", 
        "\"swwjz*", 
        "TOGB9EVO", 
        "OOD@9-,>", 
        ")OOC@2-(%#B2", 
        "!592)($##", 
        "4nvUy2", 
        "\u001f\u001f%`7=ZL6tY/", 
        "*\u001f!\u001f,c8B?=;ks5.", 
        "&&!*cIBE@?K", 
        "-&&%`OAVEB?lm", 
        "[*%*[fHABVB=3X", 
        "fb``bi^", 
        "goppjg", 
        "guqqqg", 
        "gurrrg", 
        "gzzzzg", 
        "gggggg", 
        "rqrFrqr", 
        "rqr rqr", 
        "rqr rqr", 
        "XPO<XPOV", 
        "rqrFXPO", 
        "XPOfrml", 
        "XPO_rlk", 
        "@::y@::;+%$", 
        "/()'0)*", 
        "<66}60/$", 
        "VPQI/()", 
        "<76z;65)", 
        "zuv\"zuv,", 
        "QJJSOHG", 
        "tQJJ\"TNM", 
        "hotplug.dll", 
        "VS_VERSION_INFO", 
        "StringFileInfo", 
        "040904B0", 
        "CompanyName", 
        "Microsoft Corporation", 
        "FileDescription", 
        "Eject Device", 
        "FileVersion", 
        "10.0.22621.1 (WinBuild.160101.0800)", 
        "InternalName", 
        "DeviceEject.EXE", 
        "LegalCopyright", 
        " Microsoft Corporation. All rights reserved.", 
        "OriginalFilename", 
        "DeviceEject.EXE", 
        "ProductName", 
        "Microsoft", 
        " Windows", 
        " Operating System", 
        "ProductVersion", 
        "10.0.22621.1", 
        "VarFileInfo", 
        "Translation"
    ], 
    "metadata": {
        "output": {
            "pcap": {
                "basename": "dump.pcap", 
                "sha256": "734ac4207ca71759a9163663da35dbe0405924dbb742377a913465e28af39ff8", 
                "dirname": ""
            }
        }
    }
}