{
    "info": {
        "added": 1742629420.246205, 
        "started": 1742629605.424124, 
        "duration": 14, 
        "ended": 1742629620.119514, 
        "owner": null, 
        "score": 0.8, 
        "id": 381, 
        "category": "file", 
        "git": {
            "head": "13cbe0d9e457be3673304533043e992ead1ea9b2", 
            "fetch_head": "13cbe0d9e457be3673304533043e992ead1ea9b2"
        }, 
        "monitor": "2deb9ccd75d5a7a3fe05b2625b03a8639d6ee36b", 
        "package": "exe", 
        "route": "none", 
        "custom": null, 
        "machine": {
            "status": "stopped", 
            "name": "192.168.56.1011", 
            "label": "192.168.56.1011", 
            "manager": "VirtualBox", 
            "started_on": "2025-03-22 07:46:45", 
            "shutdown_on": "2025-03-22 07:47:00"
        }, 
        "platform": "windows", 
        "version": "2.0.7", 
        "options": "procmemdump=yes,route=none"
    }, 
    "signatures": [
        {
            "families": [], 
            "description": "This executable has a PDB path", 
            "severity": 1, 
            "ttp": {}, 
            "markcount": 1, 
            "references": [], 
            "marks": [
                {
                    "category": "pdb_path", 
                    "ioc": "DeviceProperties.pdb", 
                    "type": "ioc", 
                    "description": null
                }
            ], 
            "name": "has_pdb"
        }, 
        {
            "families": [], 
            "description": "The file contains an unknown PE resource name possibly indicative of a packer", 
            "severity": 1, 
            "ttp": {
                "T1045": {
                    "short": "Software Packing", 
                    "long": "Software packing is a method of compressing or encrypting an executable. Packing an executable changes the file signature in an attempt to avoid signature-based detection. Most decompression techniques decompress the executable code in memory."
                }
            }, 
            "markcount": 1, 
            "references": [], 
            "marks": [
                {
                    "category": "resource name", 
                    "ioc": "MUI", 
                    "type": "ioc", 
                    "description": null
                }
            ], 
            "name": "pe_unknown_resource_name"
        }, 
        {
            "families": [], 
            "description": "The binary likely contains encrypted or compressed data indicative of a packer", 
            "severity": 2, 
            "ttp": {
                "T1045": {
                    "short": "Software Packing", 
                    "long": "Software packing is a method of compressing or encrypting an executable. Packing an executable changes the file signature in an attempt to avoid signature-based detection. Most decompression techniques decompress the executable code in memory."
                }
            }, 
            "markcount": 2, 
            "references": [
                "http://www.forensickb.com/2013/03/file-entropy-explained.html", 
                "http://virii.es/U/Using%20Entropy%20Analysis%20to%20Find%20Encrypted%20and%20Packed%20Malware.pdf"
            ], 
            "marks": [
                {
                    "entropy": 7.425702779604193, 
                    "section": {
                        "size_of_data": "0x00015000", 
                        "virtual_address": "0x00005000", 
                        "entropy": 7.425702779604193, 
                        "name": ".rsrc", 
                        "virtual_size": "0x00014c48"
                    }, 
                    "type": "generic", 
                    "description": "A section with a high entropy has been found"
                }, 
                {
                    "entropy": 0.8076923076923077, 
                    "type": "generic", 
                    "description": "Overall entropy of this PE file is high"
                }
            ], 
            "name": "packer_entropy"
        }
    ], 
    "target": {
        "category": "file", 
        "file": {
            "yara": [], 
            "sha1": "b79eacf2e76fa7f333cccc423ce1c6bacc8298ba", 
            "name": "DeviceProperties.exe", 
            "type": "PE32+ executable (GUI) x86-64, for MS Windows", 
            "sha256": "8d5a76c61a7026e5954ef1592ddf0aeafcf189e8ab878e55b51ab335975ba93d", 
            "urls": [], 
            "crc32": "A56972C1", 
            "path": "/home/tesst/.cuckoo/storage/binaries/8d5a76c61a7026e5954ef1592ddf0aeafcf189e8ab878e55b51ab335975ba93d", 
            "ssdeep": null, 
            "size": 110592, 
            "sha512": "32a63e845bf20175cf9b7117034d5c5aaf2ae9ea65912e5bb212b9faac56a66d065bb9e084ee30b5d7dc4c4034b4d2ab3227eb6a43d9a1bd917ad948f2f19038", 
            "md5": "430ce68aca39260a79167f02763d157e"
        }
    }, 
    "network": {
        "tls": [], 
        "udp": [
            {
                "src": "192.168.56.101", 
                "dst": "224.0.0.252", 
                "offset": 1214, 
                "time": 1.277428150177002, 
                "dport": 5355, 
                "sport": 64614
            }, 
            {
                "src": "192.168.56.101", 
                "dst": "224.0.0.252", 
                "offset": 1534, 
                "time": 1.7882840633392334, 
                "dport": 5355, 
                "sport": 65517
            }, 
            {
                "src": "192.168.56.101", 
                "dst": "239.255.255.250", 
                "offset": 1862, 
                "time": 1.4591560363769531, 
                "dport": 1900, 
                "sport": 64617
            }
        ], 
        "dns_servers": [], 
        "http": [], 
        "icmp": [], 
        "smtp": [], 
        "tcp": [], 
        "smtp_ex": [], 
        "mitm": [], 
        "hosts": [], 
        "pcap_sha256": "768037be69be55a2446ffeeb87b83716ce16fe73fec45a1e50bd12872bbe80a6", 
        "dns": [], 
        "http_ex": [], 
        "domains": [], 
        "dead_hosts": [], 
        "sorted_pcap_sha256": "baee699cb61473d5b656f044fe285b124834e477b434cde0daa10e237933be33", 
        "irc": [], 
        "https_ex": []
    }, 
    "static": {
        "pdb_path": "DeviceProperties.pdb", 
        "pe_imports": [
            {
                "imports": [
                    {
                        "name": "HeapSetInformation", 
                        "address": "0x140002150"
                    }, 
                    {
                        "name": "GetProcAddress", 
                        "address": "0x140002158"
                    }, 
                    {
                        "name": "FreeLibrary", 
                        "address": "0x140002160"
                    }, 
                    {
                        "name": "LoadLibraryW", 
                        "address": "0x140002168"
                    }
                ], 
                "dll": "KERNEL32.dll"
            }, 
            {
                "imports": [
                    {
                        "name": "IsWindow", 
                        "address": "0x140002178"
                    }
                ], 
                "dll": "USER32.dll"
            }, 
            {
                "imports": [
                    {
                        "name": "_commode", 
                        "address": "0x140002230"
                    }, 
                    {
                        "name": "_fmode", 
                        "address": "0x140002238"
                    }, 
                    {
                        "name": "__C_specific_handler", 
                        "address": "0x140002240"
                    }, 
                    {
                        "name": "?terminate@@YAXXZ", 
                        "address": "0x140002248"
                    }, 
                    {
                        "name": "_initterm", 
                        "address": "0x140002250"
                    }, 
                    {
                        "name": "__setusermatherr", 
                        "address": "0x140002258"
                    }, 
                    {
                        "name": "_cexit", 
                        "address": "0x140002260"
                    }, 
                    {
                        "name": "_exit", 
                        "address": "0x140002268"
                    }, 
                    {
                        "name": "exit", 
                        "address": "0x140002270"
                    }, 
                    {
                        "name": "__set_app_type", 
                        "address": "0x140002278"
                    }, 
                    {
                        "name": "__wgetmainargs", 
                        "address": "0x140002280"
                    }, 
                    {
                        "name": "_amsg_exit", 
                        "address": "0x140002288"
                    }, 
                    {
                        "name": "_XcptFilter", 
                        "address": "0x140002290"
                    }, 
                    {
                        "name": "_wtoi64", 
                        "address": "0x140002298"
                    }
                ], 
                "dll": "msvcrt.dll"
            }, 
            {
                "imports": [
                    {
                        "name": "Sleep", 
                        "address": "0x140002208"
                    }
                ], 
                "dll": "api-ms-win-core-synch-l1-2-0.dll"
            }, 
            {
                "imports": [
                    {
                        "name": "UnhandledExceptionFilter", 
                        "address": "0x140002188"
                    }, 
                    {
                        "name": "SetUnhandledExceptionFilter", 
                        "address": "0x140002190"
                    }
                ], 
                "dll": "api-ms-win-core-errorhandling-l1-1-0.dll"
            }, 
            {
                "imports": [
                    {
                        "name": "GetModuleHandleW", 
                        "address": "0x1400021a0"
                    }
                ], 
                "dll": "api-ms-win-core-libraryloader-l1-2-0.dll"
            }, 
            {
                "imports": [
                    {
                        "name": "QueryPerformanceCounter", 
                        "address": "0x1400021d8"
                    }
                ], 
                "dll": "api-ms-win-core-profile-l1-1-0.dll"
            }, 
            {
                "imports": [
                    {
                        "name": "GetCurrentProcess", 
                        "address": "0x1400021b0"
                    }, 
                    {
                        "name": "GetCurrentProcessId", 
                        "address": "0x1400021b8"
                    }, 
                    {
                        "name": "GetCurrentThreadId", 
                        "address": "0x1400021c0"
                    }, 
                    {
                        "name": "TerminateProcess", 
                        "address": "0x1400021c8"
                    }
                ], 
                "dll": "api-ms-win-core-processthreads-l1-1-0.dll"
            }, 
            {
                "imports": [
                    {
                        "name": "GetSystemTimeAsFileTime", 
                        "address": "0x140002218"
                    }, 
                    {
                        "name": "GetTickCount", 
                        "address": "0x140002220"
                    }
                ], 
                "dll": "api-ms-win-core-sysinfo-l1-1-0.dll"
            }, 
            {
                "imports": [
                    {
                        "name": "RtlVirtualUnwind", 
                        "address": "0x1400021e8"
                    }, 
                    {
                        "name": "RtlLookupFunctionEntry", 
                        "address": "0x1400021f0"
                    }, 
                    {
                        "name": "RtlCaptureContext", 
                        "address": "0x1400021f8"
                    }
                ], 
                "dll": "api-ms-win-core-rtlsupport-l1-1-0.dll"
            }
        ], 
        "peid_signatures": null, 
        "keys": [], 
        "signature": [], 
        "pe_timestamp": "1979-06-21 19:24:16", 
        "pe_exports": [], 
        "imported_dll_count": 10, 
        "pe_imphash": "987dcee8e6ad88968255da46f110a7cb", 
        "pe_resources": [
            {
                "name": "MUI", 
                "language": "LANG_ENGLISH", 
                "filetype": "data", 
                "sublanguage": "SUBLANG_ENGLISH_US", 
                "offset": "0x00019b78", 
                "size": "0x000000d0"
            }, 
            {
                "name": "RT_ICON", 
                "language": "LANG_ENGLISH", 
                "filetype": "PNG image data, 256 x 256, 8-bit/color RGBA, non-interlaced", 
                "sublanguage": "SUBLANG_ENGLISH_US", 
                "offset": "0x0000ba10", 
                "size": "0x0000dd20"
            }, 
            {
                "name": "RT_ICON", 
                "language": "LANG_ENGLISH", 
                "filetype": "PNG image data, 256 x 256, 8-bit/color RGBA, non-interlaced", 
                "sublanguage": "SUBLANG_ENGLISH_US", 
                "offset": "0x0000ba10", 
                "size": "0x0000dd20"
            }, 
            {
                "name": "RT_ICON", 
                "language": "LANG_ENGLISH", 
                "filetype": "PNG image data, 256 x 256, 8-bit/color RGBA, non-interlaced", 
                "sublanguage": "SUBLANG_ENGLISH_US", 
                "offset": "0x0000ba10", 
                "size": "0x0000dd20"
            }, 
            {
                "name": "RT_ICON", 
                "language": "LANG_ENGLISH", 
                "filetype": "PNG image data, 256 x 256, 8-bit/color RGBA, non-interlaced", 
                "sublanguage": "SUBLANG_ENGLISH_US", 
                "offset": "0x0000ba10", 
                "size": "0x0000dd20"
            }, 
            {
                "name": "RT_ICON", 
                "language": "LANG_ENGLISH", 
                "filetype": "PNG image data, 256 x 256, 8-bit/color RGBA, non-interlaced", 
                "sublanguage": "SUBLANG_ENGLISH_US", 
                "offset": "0x0000ba10", 
                "size": "0x0000dd20"
            }, 
            {
                "name": "RT_ICON", 
                "language": "LANG_ENGLISH", 
                "filetype": "PNG image data, 256 x 256, 8-bit/color RGBA, non-interlaced", 
                "sublanguage": "SUBLANG_ENGLISH_US", 
                "offset": "0x0000ba10", 
                "size": "0x0000dd20"
            }, 
            {
                "name": "RT_ICON", 
                "language": "LANG_ENGLISH", 
                "filetype": "PNG image data, 256 x 256, 8-bit/color RGBA, non-interlaced", 
                "sublanguage": "SUBLANG_ENGLISH_US", 
                "offset": "0x0000ba10", 
                "size": "0x0000dd20"
            }, 
            {
                "name": "RT_ICON", 
                "language": "LANG_ENGLISH", 
                "filetype": "PNG image data, 256 x 256, 8-bit/color RGBA, non-interlaced", 
                "sublanguage": "SUBLANG_ENGLISH_US", 
                "offset": "0x0000ba10", 
                "size": "0x0000dd20"
            }, 
            {
                "name": "RT_ICON", 
                "language": "LANG_ENGLISH", 
                "filetype": "PNG image data, 256 x 256, 8-bit/color RGBA, non-interlaced", 
                "sublanguage": "SUBLANG_ENGLISH_US", 
                "offset": "0x0000ba10", 
                "size": "0x0000dd20"
            }, 
            {
                "name": "RT_ICON", 
                "language": "LANG_ENGLISH", 
                "filetype": "PNG image data, 256 x 256, 8-bit/color RGBA, non-interlaced", 
                "sublanguage": "SUBLANG_ENGLISH_US", 
                "offset": "0x0000ba10", 
                "size": "0x0000dd20"
            }, 
            {
                "name": "RT_GROUP_ICON", 
                "language": "LANG_ENGLISH", 
                "filetype": "data", 
                "sublanguage": "SUBLANG_ENGLISH_US", 
                "offset": "0x00019730", 
                "size": "0x00000092"
            }, 
            {
                "name": "RT_VERSION", 
                "language": "LANG_ENGLISH", 
                "filetype": "data", 
                "sublanguage": "SUBLANG_ENGLISH_US", 
                "offset": "0x000197c8", 
                "size": "0x000003b0"
            }, 
            {
                "name": "RT_MANIFEST", 
                "language": "LANG_ENGLISH", 
                "filetype": "XML 1.0 document, ASCII text, with CRLF line terminators", 
                "sublanguage": "SUBLANG_ENGLISH_US", 
                "offset": "0x00005330", 
                "size": "0x000004f8"
            }
        ], 
        "pe_versioninfo": [
            {
                "name": "LegalCopyright", 
                "value": "\\xa9 Microsoft Corporation. All rights reserved."
            }, 
            {
                "name": "InternalName", 
                "value": "DeviceProperties"
            }, 
            {
                "name": "FileVersion", 
                "value": "10.0.22621.1 (WinBuild.160101.0800)"
            }, 
            {
                "name": "CompanyName", 
                "value": "Microsoft Corporation"
            }, 
            {
                "name": "ProductName", 
                "value": "Microsoft\\xae Windows\\xae Operating System"
            }, 
            {
                "name": "ProductVersion", 
                "value": "10.0.22621.1"
            }, 
            {
                "name": "FileDescription", 
                "value": "Device Properties"
            }, 
            {
                "name": "OriginalFilename", 
                "value": "DeviceProperties.exe"
            }, 
            {
                "name": "Translation", 
                "value": "0x0409 0x04b0"
            }
        ], 
        "pe_sections": [
            {
                "size_of_data": "0x00001000", 
                "virtual_address": "0x00001000", 
                "entropy": 4.704542454786269, 
                "name": ".text", 
                "virtual_size": "0x00000b40"
            }, 
            {
                "size_of_data": "0x00001000", 
                "virtual_address": "0x00002000", 
                "entropy": 3.653971918537227, 
                "name": ".rdata", 
                "virtual_size": "0x00000d7c"
            }, 
            {
                "size_of_data": "0x00001000", 
                "virtual_address": "0x00003000", 
                "entropy": 0.04873065242961223, 
                "name": ".data", 
                "virtual_size": "0x00000680"
            }, 
            {
                "size_of_data": "0x00001000", 
                "virtual_address": "0x00004000", 
                "entropy": 0.3411798503590783, 
                "name": ".pdata", 
                "virtual_size": "0x000000f0"
            }, 
            {
                "size_of_data": "0x00015000", 
                "virtual_address": "0x00005000", 
                "entropy": 7.425702779604193, 
                "name": ".rsrc", 
                "virtual_size": "0x00014c48"
            }, 
            {
                "size_of_data": "0x00001000", 
                "virtual_address": "0x0001a000", 
                "entropy": 0.11274326619978295, 
                "name": ".reloc", 
                "virtual_size": "0x00000030"
            }
        ]
    }, 
    "behavior": {
        "generic": [
            {
                "process_path": "C:\\Windows\\System32\\lsass.exe", 
                "process_name": "lsass.exe", 
                "pid": 508, 
                "summary": {}, 
                "first_seen": 1742633021.03125, 
                "ppid": 400
            }
        ], 
        "processes": [
            {
                "process_path": "C:\\Windows\\System32\\lsass.exe", 
                "calls": [], 
                "track": false, 
                "pid": 508, 
                "process_name": "lsass.exe", 
                "command_line": "C:\\Windows\\system32\\lsass.exe", 
                "modules": [
                    {
                        "basename": "lsass.exe", 
                        "imgsize": 49152, 
                        "baseaddr": "0xffc70000", 
                        "filepath": "C:\\Windows\\system32\\lsass.exe"
                    }, 
                    {
                        "basename": "ntdll.dll", 
                        "imgsize": 1740800, 
                        "baseaddr": "0x76dd0000", 
                        "filepath": "C:\\Windows\\SYSTEM32\\ntdll.dll"
                    }, 
                    {
                        "basename": "kernel32.dll", 
                        "imgsize": 1175552, 
                        "baseaddr": "0x76bb0000", 
                        "filepath": "C:\\Windows\\system32\\kernel32.dll"
                    }, 
                    {
                        "basename": "KERNELBASE.dll", 
                        "imgsize": 438272, 
                        "baseaddr": "0x7fefcf80000", 
                        "filepath": "C:\\Windows\\system32\\KERNELBASE.dll"
                    }, 
                    {
                        "basename": "msvcrt.dll", 
                        "imgsize": 651264, 
                        "baseaddr": "0x7fefec80000", 
                        "filepath": "C:\\Windows\\system32\\msvcrt.dll"
                    }, 
                    {
                        "basename": "RPCRT4.dll", 
                        "imgsize": 1232896, 
                        "baseaddr": "0x7fefd2c0000", 
                        "filepath": "C:\\Windows\\system32\\RPCRT4.dll"
                    }, 
                    {
                        "basename": "SspiSrv.dll", 
                        "imgsize": 45056, 
                        "baseaddr": "0x7fefcb60000", 
                        "filepath": "C:\\Windows\\system32\\SspiSrv.dll"
                    }, 
                    {
                        "basename": "lsasrv.dll", 
                        "imgsize": 1470464, 
                        "baseaddr": "0x7fefc9e0000", 
                        "filepath": "C:\\Windows\\system32\\lsasrv.dll"
                    }, 
                    {
                        "basename": "sechost.dll", 
                        "imgsize": 126976, 
                        "baseaddr": "0x7fefea00000", 
                        "filepath": "C:\\Windows\\SYSTEM32\\sechost.dll"
                    }, 
                    {
                        "basename": "SspiCli.dll", 
                        "imgsize": 151552, 
                        "baseaddr": "0x7fefcb80000", 
                        "filepath": "C:\\Windows\\system32\\SspiCli.dll"
                    }, 
                    {
                        "basename": "ADVAPI32.dll", 
                        "imgsize": 897024, 
                        "baseaddr": "0x7fefd480000", 
                        "filepath": "C:\\Windows\\system32\\ADVAPI32.dll"
                    }, 
                    {
                        "basename": "USER32.dll", 
                        "imgsize": 1024000, 
                        "baseaddr": "0x76cd0000", 
                        "filepath": "C:\\Windows\\system32\\USER32.dll"
                    }, 
                    {
                        "basename": "GDI32.dll", 
                        "imgsize": 421888, 
                        "baseaddr": "0x7fefd560000", 
                        "filepath": "C:\\Windows\\system32\\GDI32.dll"
                    }, 
                    {
                        "basename": "LPK.dll", 
                        "imgsize": 57344, 
                        "baseaddr": "0x7fefd830000", 
                        "filepath": "C:\\Windows\\system32\\LPK.dll"
                    }, 
                    {
                        "basename": "USP10.dll", 
                        "imgsize": 823296, 
                        "baseaddr": "0x7feff010000", 
                        "filepath": "C:\\Windows\\system32\\USP10.dll"
                    }, 
                    {
                        "basename": "SAMSRV.dll", 
                        "imgsize": 774144, 
                        "baseaddr": "0x7fefc880000", 
                        "filepath": "C:\\Windows\\system32\\SAMSRV.dll"
                    }, 
                    {
                        "basename": "cryptdll.dll", 
                        "imgsize": 81920, 
                        "baseaddr": "0x7fefc860000", 
                        "filepath": "C:\\Windows\\system32\\cryptdll.dll"
                    }, 
                    {
                        "basename": "MSASN1.dll", 
                        "imgsize": 61440, 
                        "baseaddr": "0x7fefcdc0000", 
                        "filepath": "C:\\Windows\\system32\\MSASN1.dll"
                    }, 
                    {
                        "basename": "wevtapi.dll", 
                        "imgsize": 446464, 
                        "baseaddr": "0x7fefc7f0000", 
                        "filepath": "C:\\Windows\\system32\\wevtapi.dll"
                    }, 
                    {
                        "basename": "IMM32.DLL", 
                        "imgsize": 188416, 
                        "baseaddr": "0x7fefea20000", 
                        "filepath": "C:\\Windows\\system32\\IMM32.DLL"
                    }, 
                    {
                        "basename": "MSCTF.dll", 
                        "imgsize": 1085440, 
                        "baseaddr": "0x7fefed20000", 
                        "filepath": "C:\\Windows\\system32\\MSCTF.dll"
                    }, 
                    {
                        "basename": "cngaudit.dll", 
                        "imgsize": 36864, 
                        "baseaddr": "0x7fefc7b0000", 
                        "filepath": "C:\\Windows\\system32\\cngaudit.dll"
                    }, 
                    {
                        "basename": "AUTHZ.dll", 
                        "imgsize": 192512, 
                        "baseaddr": "0x7fefc780000", 
                        "filepath": "C:\\Windows\\system32\\AUTHZ.dll"
                    }, 
                    {
                        "basename": "ncrypt.dll", 
                        "imgsize": 319488, 
                        "baseaddr": "0x7fefc730000", 
                        "filepath": "C:\\Windows\\system32\\ncrypt.dll"
                    }, 
                    {
                        "basename": "bcrypt.dll", 
                        "imgsize": 139264, 
                        "baseaddr": "0x7fefc700000", 
                        "filepath": "C:\\Windows\\system32\\bcrypt.dll"
                    }, 
                    {
                        "basename": "msprivs.DLL", 
                        "imgsize": 8192, 
                        "baseaddr": "0x74af0000", 
                        "filepath": "C:\\Windows\\system32\\msprivs.DLL"
                    }, 
                    {
                        "basename": "netjoin.dll", 
                        "imgsize": 204800, 
                        "baseaddr": "0x7fefc6c0000", 
                        "filepath": "C:\\Windows\\system32\\netjoin.dll"
                    }, 
                    {
                        "basename": "negoexts.DLL", 
                        "imgsize": 147456, 
                        "baseaddr": "0x7fefc690000", 
                        "filepath": "C:\\Windows\\system32\\negoexts.DLL"
                    }, 
                    {
                        "basename": "Secur32.dll", 
                        "imgsize": 45056, 
                        "baseaddr": "0x7fefc9b0000", 
                        "filepath": "C:\\Windows\\system32\\Secur32.dll"
                    }, 
                    {
                        "basename": "cryptbase.dll", 
                        "imgsize": 61440, 
                        "baseaddr": "0x7fefcc50000", 
                        "filepath": "C:\\Windows\\system32\\cryptbase.dll"
                    }, 
                    {
                        "basename": "kerberos.DLL", 
                        "imgsize": 737280, 
                        "baseaddr": "0x7fefc5d0000", 
                        "filepath": "C:\\Windows\\system32\\kerberos.DLL"
                    }, 
                    {
                        "basename": "CRYPTSP.dll", 
                        "imgsize": 94208, 
                        "baseaddr": "0x7fefc5b0000", 
                        "filepath": "C:\\Windows\\system32\\CRYPTSP.dll"
                    }, 
                    {
                        "basename": "WS2_32.dll", 
                        "imgsize": 315392, 
                        "baseaddr": "0x7fefec30000", 
                        "filepath": "C:\\Windows\\system32\\WS2_32.dll"
                    }, 
                    {
                        "basename": "NSI.dll", 
                        "imgsize": 32768, 
                        "baseaddr": "0x7fefd3f0000", 
                        "filepath": "C:\\Windows\\system32\\NSI.dll"
                    }, 
                    {
                        "basename": "mswsock.dll", 
                        "imgsize": 348160, 
                        "baseaddr": "0x7fefc550000", 
                        "filepath": "C:\\Windows\\system32\\mswsock.dll"
                    }, 
                    {
                        "basename": "wship6.dll", 
                        "imgsize": 28672, 
                        "baseaddr": "0x7fefc540000", 
                        "filepath": "C:\\Windows\\System32\\wship6.dll"
                    }, 
                    {
                        "basename": "msv1_0.DLL", 
                        "imgsize": 331776, 
                        "baseaddr": "0x7fefc4e0000", 
                        "filepath": "C:\\Windows\\system32\\msv1_0.DLL"
                    }, 
                    {
                        "basename": "netlogon.DLL", 
                        "imgsize": 712704, 
                        "baseaddr": "0x7fefc430000", 
                        "filepath": "C:\\Windows\\system32\\netlogon.DLL"
                    }, 
                    {
                        "basename": "DNSAPI.dll", 
                        "imgsize": 372736, 
                        "baseaddr": "0x7fefc3d0000", 
                        "filepath": "C:\\Windows\\system32\\DNSAPI.dll"
                    }, 
                    {
                        "basename": "logoncli.dll", 
                        "imgsize": 196608, 
                        "baseaddr": "0x7fefc3a0000", 
                        "filepath": "C:\\Windows\\system32\\logoncli.dll"
                    }, 
                    {
                        "basename": "schannel.DLL", 
                        "imgsize": 356352, 
                        "baseaddr": "0x7fefc340000", 
                        "filepath": "C:\\Windows\\system32\\schannel.DLL"
                    }, 
                    {
                        "basename": "CRYPT32.dll", 
                        "imgsize": 1470464, 
                        "baseaddr": "0x7fefcdd0000", 
                        "filepath": "C:\\Windows\\system32\\CRYPT32.dll"
                    }, 
                    {
                        "basename": "wdigest.DLL", 
                        "imgsize": 221184, 
                        "baseaddr": "0x7fefc300000", 
                        "filepath": "C:\\Windows\\system32\\wdigest.DLL"
                    }, 
                    {
                        "basename": "rsaenh.dll", 
                        "imgsize": 290816, 
                        "baseaddr": "0x7fefc2b0000", 
                        "filepath": "C:\\Windows\\system32\\rsaenh.dll"
                    }, 
                    {
                        "basename": "tspkg.DLL", 
                        "imgsize": 98304, 
                        "baseaddr": "0x7fefc290000", 
                        "filepath": "C:\\Windows\\system32\\tspkg.DLL"
                    }, 
                    {
                        "basename": "pku2u.DLL", 
                        "imgsize": 282624, 
                        "baseaddr": "0x7fefc240000", 
                        "filepath": "C:\\Windows\\system32\\pku2u.DLL"
                    }, 
                    {
                        "basename": "bcryptprimitives.dll", 
                        "imgsize": 311296, 
                        "baseaddr": "0x7fefc1f0000", 
                        "filepath": "C:\\Windows\\system32\\bcryptprimitives.dll"
                    }, 
                    {
                        "basename": "RpcRtRemote.dll", 
                        "imgsize": 81920, 
                        "baseaddr": "0x7fefcd00000", 
                        "filepath": "C:\\Windows\\system32\\RpcRtRemote.dll"
                    }, 
                    {
                        "basename": "efslsaext.dll", 
                        "imgsize": 73728, 
                        "baseaddr": "0x7fefc1d0000", 
                        "filepath": "C:\\Windows\\system32\\efslsaext.dll"
                    }, 
                    {
                        "basename": "scecli.DLL", 
                        "imgsize": 253952, 
                        "baseaddr": "0x7fefc130000", 
                        "filepath": "C:\\Windows\\system32\\scecli.DLL"
                    }, 
                    {
                        "basename": "credssp.dll", 
                        "imgsize": 40960, 
                        "baseaddr": "0x7fefc1b0000", 
                        "filepath": "C:\\Windows\\system32\\credssp.dll"
                    }, 
                    {
                        "basename": "WINSTA.dll", 
                        "imgsize": 249856, 
                        "baseaddr": "0x7fefcc10000", 
                        "filepath": "C:\\Windows\\system32\\WINSTA.dll"
                    }, 
                    {
                        "basename": "IPHLPAPI.DLL", 
                        "imgsize": 159744, 
                        "baseaddr": "0x7fefbfd0000", 
                        "filepath": "C:\\Windows\\system32\\IPHLPAPI.DLL"
                    }, 
                    {
                        "basename": "WINNSI.DLL", 
                        "imgsize": 45056, 
                        "baseaddr": "0x7fefbfc0000", 
                        "filepath": "C:\\Windows\\system32\\WINNSI.DLL"
                    }, 
                    {
                        "basename": "netutils.dll", 
                        "imgsize": 49152, 
                        "baseaddr": "0x7fefa790000", 
                        "filepath": "C:\\Windows\\system32\\netutils.dll"
                    }, 
                    {
                        "basename": "USERENV.dll", 
                        "imgsize": 122880, 
                        "baseaddr": "0x7fefc060000", 
                        "filepath": "C:\\Windows\\system32\\USERENV.dll"
                    }, 
                    {
                        "basename": "profapi.dll", 
                        "imgsize": 61440, 
                        "baseaddr": "0x7fefcd20000", 
                        "filepath": "C:\\Windows\\system32\\profapi.dll"
                    }, 
                    {
                        "basename": "wshtcpip.dll", 
                        "imgsize": 28672, 
                        "baseaddr": "0x7fefbed0000", 
                        "filepath": "C:\\Windows\\System32\\wshtcpip.dll"
                    }, 
                    {
                        "basename": "monitor-x64.dll", 
                        "imgsize": 2269184, 
                        "baseaddr": "0x744c0000", 
                        "filepath": "C:\\tmpql7zol\\bin\\monitor-x64.dll"
                    }
                ], 
                "time": 0, 
                "tid": 1124, 
                "first_seen": 1742633021.03125, 
                "ppid": 400, 
                "type": "process"
            }
        ], 
        "processtree": [
            {
                "track": false, 
                "pid": 508, 
                "process_name": "lsass.exe", 
                "command_line": "C:\\Windows\\system32\\lsass.exe", 
                "first_seen": 1742633021.03125, 
                "ppid": 400, 
                "children": []
            }
        ]
    }, 
    "debug": {
        "action": [], 
        "dbgview": [], 
        "errors": [], 
        "log": [
            "2025-03-22 07:43:40,000 [analyzer] DEBUG: Starting analyzer from: C:\\tmpql7zol\n", 
            "2025-03-22 07:43:40,000 [analyzer] DEBUG: Pipe server name: \\??\\PIPE\\dIMGtmnoDjBhRzUQCLzraFFErJYiMg\n", 
            "2025-03-22 07:43:40,000 [analyzer] DEBUG: Log pipe server name: \\??\\PIPE\\DiEpTIcOQOfiAqvyhKqkBZldQo\n", 
            "2025-03-22 07:43:40,280 [analyzer] DEBUG: Started auxiliary module DbgView\n", 
            "2025-03-22 07:43:40,812 [analyzer] DEBUG: Started auxiliary module Disguise\n", 
            "2025-03-22 07:43:41,092 [analyzer] DEBUG: Loaded monitor into process with pid 508\n", 
            "2025-03-22 07:43:41,108 [analyzer] DEBUG: Started auxiliary module DumpTLSMasterSecrets\n", 
            "2025-03-22 07:43:41,108 [analyzer] DEBUG: Started auxiliary module Human\n", 
            "2025-03-22 07:43:41,108 [analyzer] DEBUG: Started auxiliary module InstallCertificate\n", 
            "2025-03-22 07:43:41,108 [analyzer] DEBUG: Started auxiliary module Reboot\n", 
            "2025-03-22 07:43:41,375 [analyzer] DEBUG: Started auxiliary module RecentFiles\n", 
            "2025-03-22 07:43:41,375 [modules.auxiliary.screenshots] INFO: Python Image Library (either PIL or Pillow) is not installed, screenshots are disabled.\n", 
            "2025-03-22 07:43:41,375 [analyzer] DEBUG: Started auxiliary module Screenshots\n", 
            "2025-03-22 07:43:41,375 [analyzer] DEBUG: Started auxiliary module LoadZer0m0n\n", 
            "2025-03-22 07:43:41,437 [lib.api.process] ERROR: Failed to execute process from path u'C:\\\\Users\\\\ADMINI~1\\\\AppData\\\\Local\\\\Temp\\\\DeviceProperties.exe' with arguments ['bin\\\\inject-x64.exe', '--app', u'C:\\\\Users\\\\ADMINI~1\\\\AppData\\\\Local\\\\Temp\\\\DeviceProperties.exe', '--only-start', '--curdir', 'C:\\\\Users\\\\ADMINI~1\\\\AppData\\\\Local\\\\Temp'] (Error: Command '['bin\\\\inject-x64.exe', '--app', u'C:\\\\Users\\\\ADMINI~1\\\\AppData\\\\Local\\\\Temp\\\\DeviceProperties.exe', '--only-start', '--curdir', 'C:\\\\Users\\\\ADMINI~1\\\\AppData\\\\Local\\\\Temp']' returned non-zero exit status 1)\n"
        ], 
        "cuckoo": [
            "2025-03-22 07:46:45,462 [cuckoo.core.scheduler] INFO: Task #381: acquired machine 192.168.56.1011 (label=192.168.56.1011)\n", 
            "2025-03-22 07:46:45,462 [cuckoo.core.resultserver] DEBUG: Now tracking machine 192.168.56.101 for task #381\n", 
            "2025-03-22 07:46:45,462 [cuckoo.core.plugins] DEBUG: Started auxiliary module: Replay\n", 
            "2025-03-22 07:46:45,473 [cuckoo.auxiliary.sniffer] INFO: Started sniffer with PID 48629 (interface=vboxnet0, host=192.168.56.101)\n", 
            "2025-03-22 07:46:45,474 [cuckoo.core.plugins] DEBUG: Started auxiliary module: Sniffer\n", 
            "2025-03-22 07:46:45,494 [cuckoo.machinery.virtualbox] DEBUG: Starting vm 192.168.56.1011\n", 
            "2025-03-22 07:46:45,577 [cuckoo.machinery.virtualbox] DEBUG: Restoring virtual machine 192.168.56.1011 to its current snapshot\n", 
            "2025-03-22 07:46:47,707 [cuckoo.core.guest] INFO: Starting analysis #381 on guest (id=192.168.56.1011, ip=192.168.56.101)\n", 
            "2025-03-22 07:46:48,710 [cuckoo.core.guest] DEBUG: 192.168.56.1011: not ready yet\n", 
            "2025-03-22 07:46:49,713 [cuckoo.core.guest] DEBUG: 192.168.56.1011: not ready yet\n", 
            "2025-03-22 07:46:50,717 [cuckoo.core.guest] DEBUG: 192.168.56.1011: not ready yet\n", 
            "2025-03-22 07:46:50,725 [cuckoo.core.guest] INFO: Guest is running Cuckoo Agent 0.10 (id=192.168.56.1011, ip=192.168.56.101)\n", 
            "2025-03-22 07:46:50,764 [cuckoo.core.guest] DEBUG: Uploading analyzer to guest (id=192.168.56.1011, ip=192.168.56.101, monitor=latest, size=3884763)\n", 
            "2025-03-22 07:46:51,370 [cuckoo.core.resultserver] DEBUG: Task #381: live log analysis.log initialized.\n", 
            "2025-03-22 07:46:52,435 [cuckoo.core.resultserver] DEBUG: Task #381 is sending a BSON stream\n", 
            "2025-03-22 07:46:53,123 [cuckoo.core.guest] WARNING: 192.168.56.1011: analysis #381 caught an exception\n", 
            "Traceback (most recent call last):\n", 
            "  File \"C:/tmpql7zol/analyzer.py\", line 808, in <module>\n", 
            "    success = analyzer.run()\n", 
            "  File \"C:/tmpql7zol/analyzer.py\", line 657, in run\n", 
            "    pids = self.package.start(self.target)\n", 
            "  File \"C:\\tmpql7zol\\modules\\packages\\exe.py\", line 23, in start\n", 
            "    return self.execute(path, args=shlex.split(args))\n", 
            "  File \"C:\\tmpql7zol\\lib\\common\\abstracts.py\", line 166, in execute\n", 
            "    \"Unable to execute the initial process, analysis aborted.\"\n", 
            "CuckooPackageError: Unable to execute the initial process, analysis aborted.\n", 
            "\n", 
            "2025-03-22 07:46:53,132 [cuckoo.core.plugins] DEBUG: Stopped auxiliary module: Replay\n", 
            "2025-03-22 07:46:53,181 [cuckoo.core.plugins] DEBUG: Stopped auxiliary module: Sniffer\n", 
            "2025-03-22 07:46:58,699 [cuckoo.machinery.virtualbox] INFO: Successfully generated memory dump for virtual machine with label 192.168.56.1011 to path /home/tesst/.cuckoo/storage/analyses/381/memory.dmp\n", 
            "2025-03-22 07:46:58,700 [cuckoo.machinery.virtualbox] DEBUG: Stopping vm 192.168.56.1011\n", 
            "2025-03-22 07:47:00,108 [cuckoo.core.resultserver] DEBUG: Stopped tracking machine 192.168.56.101 for task #381\n", 
            "2025-03-22 07:47:00,108 [cuckoo.core.resultserver] DEBUG: Cancel <Context for LOG> for task 381\n", 
            "2025-03-22 07:47:00,113 [cuckoo.core.scheduler] DEBUG: Released database task #381\n", 
            "2025-03-22 07:47:00,136 [cuckoo.core.plugins] DEBUG: Executed processing module \"AnalysisInfo\" for task #381\n", 
            "2025-03-22 07:47:00,137 [cuckoo.core.plugins] DEBUG: Executed processing module \"BehaviorAnalysis\" for task #381\n", 
            "2025-03-22 07:47:00,137 [cuckoo.core.plugins] DEBUG: Executed processing module \"Dropped\" for task #381\n", 
            "2025-03-22 07:47:00,137 [cuckoo.core.plugins] DEBUG: Executed processing module \"DroppedBuffer\" for task #381\n", 
            "2025-03-22 07:47:00,138 [cuckoo.core.plugins] DEBUG: Executed processing module \"MetaInfo\" for task #381\n", 
            "2025-03-22 07:47:00,138 [cuckoo.core.plugins] DEBUG: Executed processing module \"ProcessMemory\" for task #381\n", 
            "2025-03-22 07:47:00,138 [cuckoo.core.plugins] DEBUG: Executed processing module \"Procmon\" for task #381\n", 
            "2025-03-22 07:47:00,138 [cuckoo.core.plugins] DEBUG: Executed processing module \"Screenshots\" for task #381\n", 
            "2025-03-22 07:47:00,352 [cuckoo.core.plugins] DEBUG: Executed processing module \"Static\" for task #381\n", 
            "2025-03-22 07:47:00,356 [cuckoo.core.plugins] DEBUG: Executed processing module \"Strings\" for task #381\n", 
            "2025-03-22 07:47:00,358 [cuckoo.cor"
        ]
    }, 
    "strings": [
        "!This program cannot be run in DOS mode.", 
        "`.rdata", 
        "@.data", 
        ".pdata", 
        "@.rsrc", 
        "@.reloc", 
        "q0R^G'", 
        "p0R^G'", 
        "q0R^G'", 
        "u*9Q<|%", 
        "LcA<E3", 
        " H3E H3E", 
        "DevicePropertiesW", 
        "DeviceProperties.pdb", 
        ".text$mn", 
        ".text$mn$00", 
        ".text$x", 
        ".rdata$brc", 
        ".idata$5", 
        ".00cfg", 
        ".CRT$XCA", 
        ".CRT$XCAA", 
        ".CRT$XCZ", 
        ".CRT$XIA", 
        ".CRT$XIAA", 
        ".CRT$XIY", 
        ".CRT$XIZ", 
        ".gehcont", 
        ".gfids", 
        ".rdata", 
        ".rdata$voltmd", 
        ".rdata$zzzdbg", 
        ".xdata", 
        ".idata$2", 
        ".idata$3", 
        ".idata$4", 
        ".idata$6", 
        ".pdata", 
        ".rsrc$01", 
        ".rsrc$02", 
        "LoadLibraryW", 
        "HeapSetInformation", 
        "GetProcAddress", 
        "FreeLibrary", 
        "KERNEL32.dll", 
        "IsWindow", 
        "USER32.dll", 
        "_wtoi64", 
        "_XcptFilter", 
        "_amsg_exit", 
        "__wgetmainargs", 
        "__set_app_type", 
        "_cexit", 
        "__setusermatherr", 
        "_initterm", 
        "__C_specific_handler", 
        "_fmode", 
        "_commode", 
        "msvcrt.dll", 
        "?terminate@@YAXXZ", 
        "SetUnhandledExceptionFilter", 
        "GetModuleHandleW", 
        "QueryPerformanceCounter", 
        "GetCurrentProcessId", 
        "GetCurrentThreadId", 
        "GetSystemTimeAsFileTime", 
        "GetTickCount", 
        "RtlCaptureContext", 
        "RtlLookupFunctionEntry", 
        "RtlVirtualUnwind", 
        "UnhandledExceptionFilter", 
        "GetCurrentProcess", 
        "TerminateProcess", 
        "api-ms-win-core-synch-l1-2-0.dll", 
        "api-ms-win-core-errorhandling-l1-1-0.dll", 
        "api-ms-win-core-libraryloader-l1-2-0.dll", 
        "api-ms-win-core-profile-l1-1-0.dll", 
        "api-ms-win-core-processthreads-l1-1-0.dll", 
        "api-ms-win-core-sysinfo-l1-1-0.dll", 
        "api-ms-win-core-rtlsupport-l1-1-0.dll", 
        "<?xml version=\"1.0\" encoding=\"UTF-8\" standalone=\"yes\"?>", 
        "<!-- Copyright (c) Microsoft Corporation -->", 
        "<assembly xmlns=\"urn:schemas-microsoft-com:asm.v1\"  xmlns:asmv3=\"urn:schemas-microsoft-com:asm.v3\" manifestVersion=\"1.0\">", 
        "<assemblyIdentity", 
        "processorArchitecture=\"amd64\"", 
        "version=\"5.1.0.0\"", 
        "name=\"Microsoft.Windows.DeviceProperties\" type=\"win32\" />", 
        "<description>Device Properties</description>", 
        "<dependency>", 
        "    <dependentAssembly>", 
        "        <assemblyIdentity", 
        "            type=\"win32\"", 
        "            name=\"Microsoft.Windows.Common-Controls\"", 
        "            version=\"6.0.0.0\"", 
        "            publicKeyToken=\"6595b64144ccf1df\"", 
        "            processorArchitecture=\"amd64\"", 
        "        />", 
        "    </dependentAssembly>", 
        "</dependency>", 
        "<trustInfo xmlns=\"urn:schemas-microsoft-com:asm.v3\">", 
        "    <security>", 
        "        <requestedPrivileges>", 
        "            <requestedExecutionLevel", 
        "                level=\"requireAdministrator\"", 
        "                uiAccess=\"false\"", 
        "            />", 
        "        </requestedPrivileges>", 
        "    </security>", 
        "</trustInfo>", 
        "<asmv3:application>", 
        "   <asmv3:windowsSettings xmlns=\"http://schemas.microsoft.com/SMI/2005/WindowsSettings\">", 
        "        <autoElevate>true</autoElevate>", 
        "        <dpiAware>true</dpiAware>", 
        "   </asmv3:windowsSettings>", 
        "</asmv3:application>", 
        "</assembly>", 
        "?\u001f\u001f\u001f\u001f\u001f\u001f\u001f\u001f\u001f166/", 
        ":;;;78", 
        "6KJ<22=<;6&%$", 
        "6KZ\\[ZXXV66SR", 
        "JHG?=<::36666:", 
        "F^>^^>_F", 
        "L^>^^>^L", 
        "P``````P", 
        "TPPPPPPT", 
        "wwwwwxv", 
        "wwwwwgw", 
        "xxxxgwww", 
        "~wxw\\w", 
        "xwwxwx", 
        "RLNLL1---", 
        "RRONL11-", 
        "+  !t}zq", 
        "OLLL0-", 
        " \"!!u{|x", 
        "*)'&(jpsol", 
        "n`A@><", 
        "wwwwgwxp", 
        "wwwwvwwwx", 
        "wwwwwwwwwg", 
        "wxxwxwwv", 
        "xxwxwwwwgx", 
        "gwwwxg", 
        ",****)", 
        "Q,,,,***)", 
        "LLQLLL,,*+***", 
        "QPQLLLLL*,**", 
        "QQQQPLLLL+*,),", 
        "PLLL,,", 
        "LLLL,),", 
        "QPL,,),", 
        " ((!!&", 
        " '(!!&", 
        "fb_^^^Y1665", 
        "dic]\\^Y0384", 
        "dgga`^W/22", 
        "hkxjgeZ9;7", 
        "jlAHG?:", 
        "iaWCpg^mzrh2", 
        "zrf\"xodTwncvwpd", 
        "vk&wodP", 
        "c\\R%leZ]og\\sqja/", 
        "vnd+rj`?oh^hvoc", 
        "}vkJund", 
        "|tg0ypdIwnc~{si", 
        "znB}thg|th", 
        "le\\`YTL", 
        "cphD7Q.", 
        "gvrZ_kg8", 
        "_@JmBeY", 
        "7Z$>Df]", 
        "Eww333x", 
        ".\\pZ~4", 
        "p!0ASM", 
        "B%Yh},", 
        "M:q=i*", 
        "@$nI+g", 
        "<`W%;`K5um", 
        "/PDW3v", 
        "HT-D8%I", 
        ",fff03", 
        "4IAJB&5H", 
        "@+k`C}", 
        "la7`!1", 
        "8^FS6Q", 
        "}:}W$(", 
        "Q]'h.d", 
        "`5_D,`lT", 
        "dn0'dlVXT", 
        "XS\"7P*C", 
        "Y_&fN^%", 
        "Z[NJ#-9", 
        "\"d\\o2;;", 
        "xrP)2A6", 
        "~/29V%", 
        "yml:\\<", 
        "v `yy)h~=", 
        "*` *y-LN", 
        "JS8@9C", 
        "cAx5F7", 
        " ^\u001fH`*", 
        "q#fffP", 
        "NLg6Ux$", 
        "H$(I0.", 
        "PF %Ib", 
        "];wbff", 
        "u,,,@)", 
        "qOK18m", 
        "b <VKk", 
        "a||<&_", 
        "12>Aa,", 
        "ZIdebj", 
        "Ua...r", 
        "J98.V#", 
        "5cm}cs", 
        "wYYYbnn", 
        "zFGGi4", 
        "(333jrr", 
        "$(Q(I@4", 
        "Ok(mQV#", 
        ":ccc1G", 
        "C+NA(4J", 
        "V|,M<\u001f", 
        "x!\u001f>T ", 
        "PiQ8r'un", 
        "w-RLa}", 
        "K@y' ~", 
        "\\S$9Z+\u001feH", 
        "}'cEL`r", 
        "fTx\u001fSy%", 
        " qV\\<g", 
        "WAaTb>", 
        "fC'IBV", 
        "0:>fOL=", 
        "{Fue_%", 
        "tZn(0Y", 
        " ,(c\\jw", 
        ";MON\"7*", 
        "IDATU]", 
        "zzz0==", 
        "&z{{12:", 
        "4RreHT", 
        "E2uU9+i", 
        "yC}xqg", 
        "W:gO@5", 
        "})!pc3", 
        "9i$Qy1", 
        "sW/7$k", 
        "ph II\\", 
        "nQ7n/~", 
        "aLOOc``", 
        "Trpb-#Vc", 
        "1c0Sp\"N", 
        "%b#`Pp", 
        "E/Sc]T", 
        "@B|h/?\"?", 
        " TL-\"@", 
        "tH/>wO", 
        "J=x>0<6\u001f", 
        ";w.&''", 
        "TB__\u001f<", 
        "qv;OMO", 
        "vvfxT,", 
        "Wt\"!!PJ", 
        "DEVMGR.DLL", 
        "VS_VERSION_INFO", 
        "StringFileInfo", 
        "040904B0", 
        "CompanyName", 
        "Microsoft Corporation", 
        "FileDescription", 
        "Device Properties", 
        "FileVersion", 
        "10.0.22621.1 (WinBuild.160101.0800)", 
        "InternalName", 
        "DeviceProperties", 
        "LegalCopyright", 
        " Microsoft Corporation. All rights reserved.", 
        "OriginalFilename", 
        "DeviceProperties.exe", 
        "ProductName", 
        "Microsoft", 
        " Windows", 
        " Operating System", 
        "ProductVersion", 
        "10.0.22621.1", 
        "VarFileInfo", 
        "Translation"
    ], 
    "metadata": {
        "output": {
            "pcap": {
                "basename": "dump.pcap", 
                "sha256": "768037be69be55a2446ffeeb87b83716ce16fe73fec45a1e50bd12872bbe80a6", 
                "dirname": ""
            }
        }
    }
}