{
    "info": {
        "added": 1742629819.786653, 
        "started": 1742629833.294144, 
        "duration": 10, 
        "ended": 1742629843.940085, 
        "owner": null, 
        "score": 0.4, 
        "id": 384, 
        "category": "file", 
        "git": {
            "head": "13cbe0d9e457be3673304533043e992ead1ea9b2", 
            "fetch_head": "13cbe0d9e457be3673304533043e992ead1ea9b2"
        }, 
        "monitor": "2deb9ccd75d5a7a3fe05b2625b03a8639d6ee36b", 
        "package": "exe", 
        "route": "none", 
        "custom": null, 
        "machine": {
            "status": "stopped", 
            "name": "192.168.56.1011", 
            "label": "192.168.56.1011", 
            "manager": "VirtualBox", 
            "started_on": "2025-03-22 07:50:33", 
            "shutdown_on": "2025-03-22 07:50:43"
        }, 
        "platform": "windows", 
        "version": "2.0.7", 
        "options": "procmemdump=yes,route=none"
    }, 
    "signatures": [
        {
            "families": [], 
            "description": "This executable has a PDB path", 
            "severity": 1, 
            "ttp": {}, 
            "markcount": 1, 
            "references": [], 
            "marks": [
                {
                    "category": "pdb_path", 
                    "ioc": "dialer.pdb", 
                    "type": "ioc", 
                    "description": null
                }
            ], 
            "name": "has_pdb"
        }, 
        {
            "families": [], 
            "description": "The file contains an unknown PE resource name possibly indicative of a packer", 
            "severity": 1, 
            "ttp": {
                "T1045": {
                    "short": "Software Packing", 
                    "long": "Software packing is a method of compressing or encrypting an executable. Packing an executable changes the file signature in an attempt to avoid signature-based detection. Most decompression techniques decompress the executable code in memory."
                }
            }, 
            "markcount": 1, 
            "references": [], 
            "marks": [
                {
                    "category": "resource name", 
                    "ioc": "MUI", 
                    "type": "ioc", 
                    "description": null
                }
            ], 
            "name": "pe_unknown_resource_name"
        }
    ], 
    "target": {
        "category": "file", 
        "file": {
            "yara": [], 
            "sha1": "15d775498dde6cc19fa855b02fa9f50957251205", 
            "name": "dialer.exe", 
            "type": "PE32 executable (GUI) Intel 80386, for MS Windows", 
            "sha256": "7967c0297bd4e426a070e4a7b94ef18280f1950aefccb2c9c547d04080479df2", 
            "urls": [], 
            "crc32": "431B8D43", 
            "path": "/home/tesst/.cuckoo/storage/binaries/7967c0297bd4e426a070e4a7b94ef18280f1950aefccb2c9c547d04080479df2", 
            "ssdeep": null, 
            "size": 33280, 
            "sha512": "9e08bf24a4d1e51a96c6a39206910d24aa35ab6c9edd474b1f8c3c57233979286151b58817dd46fe261334185a21eac8ca12facb5a34b5460565651eff4c5614", 
            "md5": "699635f2441ecc85083dc4e577d10694"
        }
    }, 
    "network": {
        "tls": [], 
        "udp": [
            {
                "src": "192.168.56.101", 
                "dst": "224.0.0.252", 
                "offset": 1214, 
                "time": 1.6243958473205566, 
                "dport": 5355, 
                "sport": 64412
            }, 
            {
                "src": "192.168.56.101", 
                "dst": "224.0.0.252", 
                "offset": 1542, 
                "time": 0.10295486450195312, 
                "dport": 5355, 
                "sport": 64614
            }, 
            {
                "src": "192.168.56.101", 
                "dst": "224.0.0.252", 
                "offset": 1870, 
                "time": 1.300973892211914, 
                "dport": 5355, 
                "sport": 65517
            }, 
            {
                "src": "192.168.56.101", 
                "dst": "239.255.255.250", 
                "offset": 2190, 
                "time": 1.4779000282287598, 
                "dport": 1900, 
                "sport": 65520
            }
        ], 
        "dns_servers": [], 
        "http": [], 
        "icmp": [], 
        "smtp": [], 
        "tcp": [], 
        "smtp_ex": [], 
        "mitm": [], 
        "hosts": [], 
        "pcap_sha256": "7c0704c2aead24bd613647a8ab5c6253557ad11cc03d261c9174136dc056d7d2", 
        "dns": [], 
        "http_ex": [], 
        "domains": [], 
        "dead_hosts": [], 
        "sorted_pcap_sha256": "6c25d22f245048c16ed10777a0c3748457428f9e0191d827558fa455e64373ee", 
        "irc": [], 
        "https_ex": []
    }, 
    "static": {
        "pdb_path": "dialer.pdb", 
        "pe_imports": [
            {
                "imports": [
                    {
                        "name": "RegDeleteValueW", 
                        "address": "0x408000"
                    }, 
                    {
                        "name": "RegOpenKeyExW", 
                        "address": "0x408004"
                    }, 
                    {
                        "name": "RegSetValueExW", 
                        "address": "0x408008"
                    }, 
                    {
                        "name": "RegCreateKeyExW", 
                        "address": "0x40800c"
                    }, 
                    {
                        "name": "RegCloseKey", 
                        "address": "0x408010"
                    }, 
                    {
                        "name": "RegQueryValueExW", 
                        "address": "0x408014"
                    }
                ], 
                "dll": "ADVAPI32.dll"
            }, 
            {
                "imports": [
                    {
                        "name": "HeapSetInformation", 
                        "address": "0x408038"
                    }, 
                    {
                        "name": "LocalFree", 
                        "address": "0x40803c"
                    }, 
                    {
                        "name": "GetModuleHandleW", 
                        "address": "0x408040"
                    }, 
                    {
                        "name": "GetTickCount", 
                        "address": "0x408044"
                    }, 
                    {
                        "name": "lstrcmpW", 
                        "address": "0x408048"
                    }, 
                    {
                        "name": "GetCurrentThreadId", 
                        "address": "0x40804c"
                    }, 
                    {
                        "name": "GetLastError", 
                        "address": "0x408050"
                    }, 
                    {
                        "name": "FormatMessageW", 
                        "address": "0x408054"
                    }, 
                    {
                        "name": "LocalAlloc", 
                        "address": "0x408058"
                    }, 
                    {
                        "name": "CreateMutexW", 
                        "address": "0x40805c"
                    }, 
                    {
                        "name": "lstrlenW", 
                        "address": "0x408060"
                    }, 
                    {
                        "name": "CloseHandle", 
                        "address": "0x408064"
                    }, 
                    {
                        "name": "GetCurrentProcessId", 
                        "address": "0x408068"
                    }, 
                    {
                        "name": "GetSystemTimeAsFileTime", 
                        "address": "0x40806c"
                    }, 
                    {
                        "name": "QueryPerformanceCounter", 
                        "address": "0x408070"
                    }, 
                    {
                        "name": "TerminateProcess", 
                        "address": "0x408074"
                    }, 
                    {
                        "name": "GetCurrentProcess", 
                        "address": "0x408078"
                    }, 
                    {
                        "name": "SetUnhandledExceptionFilter", 
                        "address": "0x40807c"
                    }, 
                    {
                        "name": "UnhandledExceptionFilter", 
                        "address": "0x408080"
                    }, 
                    {
                        "name": "GetStartupInfoW", 
                        "address": "0x408084"
                    }, 
                    {
                        "name": "Sleep", 
                        "address": "0x408088"
                    }
                ], 
                "dll": "KERNEL32.dll"
            }, 
            {
                "imports": [
                    {
                        "name": "GetStockObject", 
                        "address": "0x40801c"
                    }, 
                    {
                        "name": "GetTextExtentPoint32W", 
                        "address": "0x408020"
                    }, 
                    {
                        "name": "SetBkColor", 
                        "address": "0x408024"
                    }, 
                    {
                        "name": "LPtoDP", 
                        "address": "0x408028"
                    }, 
                    {
                        "name": "CreateFontIndirectW", 
                        "address": "0x40802c"
                    }, 
                    {
                        "name": "SelectObject", 
                        "address": "0x408030"
                    }
                ], 
                "dll": "GDI32.dll"
            }, 
            {
                "imports": [
                    {
                        "name": "DefDlgProcW", 
                        "address": "0x4080e4"
                    }, 
                    {
                        "name": "IsDialogMessageW", 
                        "address": "0x4080e8"
                    }, 
                    {
                        "name": "DispatchMessageW", 
                        "address": "0x4080ec"
                    }, 
                    {
                        "name": "ShowWindow", 
                        "address": "0x4080f0"
                    }, 
                    {
                        "name": "GetActiveWindow", 
                        "address": "0x4080f4"
                    }, 
                    {
                        "name": "LoadStringW", 
                        "address": "0x4080f8"
                    }, 
                    {
                        "name": "LoadAcceleratorsW", 
                        "address": "0x4080fc"
                    }, 
                    {
                        "name": "DrawIcon", 
                        "address": "0x408100"
                    }, 
                    {
                        "name": "GetSystemMetrics", 
                        "address": "0x408104"
                    }, 
                    {
                        "name": "EndDialog", 
                        "address": "0x408108"
                    }, 
                    {
                        "name": "SendMessageW", 
                        "address": "0x40810c"
                    }, 
                    {
                        "name": "FillRect", 
                        "address": "0x408110"
                    }, 
                    {
                        "name": "MessageBoxW", 
                        "address": "0x408114"
                    }, 
                    {
                        "name": "SetWindowPos", 
                        "address": "0x408118"
                    }, 
                    {
                        "name": "GetDC", 
                        "address": "0x40811c"
                    }, 
                    {
                        "name": "DestroyWindow", 
                        "address": "0x408120"
                    }, 
                    {
                        "name": "GetFocus", 
                        "address": "0x408124"
                    }, 
                    {
                        "name": "GetWindowRect", 
                        "address": "0x408128"
                    }, 
                    {
                        "name": "PostMessageW", 
                        "address": "0x40812c"
                    }, 
                    {
                        "name": "CreateDialogParamW", 
                        "address": "0x408130"
                    }, 
                    {
                        "name": "GetMessageW", 
                        "address": "0x408134"
                    }, 
                    {
                        "name": "GetWindowTextLengthW", 
                        "address": "0x408138"
                    }, 
                    {
                        "name": "SetDlgItemTextW", 
                        "address": "0x40813c"
                    }, 
                    {
                        "name": "GetDlgItemTextW", 
                        "address": "0x408140"
                    }, 
                    {
                        "name": "SendDlgItemMessageW", 
                        "address": "0x408144"
                    }, 
                    {
                        "name": "GetSysColor", 
                        "address": "0x408148"
                    }, 
                    {
                        "name": "WinHelpW", 
                        "address": "0x40814c"
                    }, 
                    {
                        "name": "SetFocus", 
                        "address": "0x408150"
                    }, 
                    {
                        "name": "TranslateAcceleratorW", 
                        "address": "0x408154"
                    }, 
                    {
                        "name": "TranslateMessage", 
                        "address": "0x408158"
                    }, 
                    {
                        "name": "GetClipboardData", 
                        "address": "0x40815c"
                    }, 
                    {
                        "name": "LoadIconW", 
                        "address": "0x408160"
                    }, 
                    {
                        "name": "PeekMessageW", 
                        "address": "0x408164"
                    }, 
                    {
                        "name": "FindWindowW", 
                        "address": "0x408168"
                    }, 
                    {
                        "name": "LoadCursorW", 
                        "address": "0x40816c"
                    }, 
                    {
                        "name": "GetClientRect", 
                        "address": "0x408170"
                    }, 
                    {
                        "name": "GetDlgItem", 
                        "address": "0x408174"
                    }, 
                    {
                        "name": "IsClipboardFormatAvailable", 
                        "address": "0x408178"
                    }, 
                    {
                        "name": "CheckDlgButton", 
                        "address": "0x40817c"
                    }, 
                    {
                        "name": "PostQuitMessage", 
                        "address": "0x408180"
                    }, 
                    {
                        "name": "GetSysColorBrush", 
                        "address": "0x408184"
                    }, 
                    {
                        "name": "EnableMenuItem", 
                        "address": "0x408188"
                    }, 
                    {
                        "name": "SystemParametersInfoW", 
                        "address": "0x40818c"
                    }, 
                    {
                        "name": "GetParent", 
                        "address": "0x408190"
                    }, 
                    {
                        "name": "DialogBoxParamW", 
                        "address": "0x408194"
                    }, 
                    {
                        "name": "UpdateWindow", 
                        "address": "0x408198"
                    }, 
                    {
                        "name": "SetForegroundWindow", 
                        "address": "0x40819c"
                    }, 
                    {
                        "name": "IsIconic", 
                        "address": "0x4081a0"
                    }, 
                    {
                        "name": "ReleaseDC", 
                        "address": "0x4081a4"
                    }, 
                    {
                        "name": "BeginPaint", 
                        "address": "0x4081a8"
                    }, 
                    {
                        "name": "EndPaint", 
                        "address": "0x4081ac"
                    }, 
                    {
                        "name": "EnableWindow", 
                        "address": "0x4081b0"
                    }, 
                    {
                        "name": "RegisterClassW", 
                        "address": "0x4081b4"
                    }
                ], 
                "dll": "USER32.dll"
            }, 
            {
                "imports": [
                    {
                        "name": "_except_handler4_common", 
                        "address": "0x4081bc"
                    }, 
                    {
                        "name": "_controlfp", 
                        "address": "0x4081c0"
                    }, 
                    {
                        "name": "?terminate@@YAXXZ", 
                        "address": "0x4081c4"
                    }, 
                    {
                        "name": "_acmdln", 
                        "address": "0x4081c8"
                    }, 
                    {
                        "name": "_initterm", 
                        "address": "0x4081cc"
                    }, 
                    {
                        "name": "__setusermatherr", 
                        "address": "0x4081d0"
                    }, 
                    {
                        "name": "_ismbblead", 
                        "address": "0x4081d4"
                    }, 
                    {
                        "name": "__p__fmode", 
                        "address": "0x4081d8"
                    }, 
                    {
                        "name": "_cexit", 
                        "address": "0x4081dc"
                    }, 
                    {
                        "name": "memset", 
                        "address": "0x4081e0"
                    }, 
                    {
                        "name": "exit", 
                        "address": "0x4081e4"
                    }, 
                    {
                        "name": "__set_app_type", 
                        "address": "0x4081e8"
                    }, 
                    {
                        "name": "__getmainargs", 
                        "address": "0x4081ec"
                    }, 
                    {
                        "name": "_amsg_exit", 
                        "address": "0x4081f0"
                    }, 
                    {
                        "name": "__p__commode", 
                        "address": "0x4081f4"
                    }, 
                    {
                        "name": "_XcptFilter", 
                        "address": "0x4081f8"
                    }, 
                    {
                        "name": "wcscspn", 
                        "address": "0x4081fc"
                    }, 
                    {
                        "name": "wcsspn", 
                        "address": "0x408200"
                    }, 
                    {
                        "name": "_itow", 
                        "address": "0x408204"
                    }, 
                    {
                        "name": "_wtoi", 
                        "address": "0x408208"
                    }, 
                    {
                        "name": "_vsnwprintf", 
                        "address": "0x40820c"
                    }, 
                    {
                        "name": "_exit", 
                        "address": "0x408210"
                    }, 
                    {
                        "name": "memmove", 
                        "address": "0x408214"
                    }
                ], 
                "dll": "msvcrt.dll"
            }, 
            {
                "imports": [
                    {
                        "name": "ShellAboutW", 
                        "address": "0x408090"
                    }
                ], 
                "dll": "SHELL32.dll"
            }, 
            {
                "imports": [
                    {
                        "name": "lineGetAppPriorityW", 
                        "address": "0x408098"
                    }, 
                    {
                        "name": "lineGetDevCapsW", 
                        "address": "0x40809c"
                    }, 
                    {
                        "name": "lineClose", 
                        "address": "0x4080a0"
                    }, 
                    {
                        "name": "lineGetRequestW", 
                        "address": "0x4080a4"
                    }, 
                    {
                        "name": "lineSetAppPriorityW", 
                        "address": "0x4080a8"
                    }, 
                    {
                        "name": "lineRegisterRequestRecipient", 
                        "address": "0x4080ac"
                    }, 
                    {
                        "name": "lineDrop", 
                        "address": "0x4080b0"
                    }, 
                    {
                        "name": "lineConfigDialogW", 
                        "address": "0x4080b4"
                    }, 
                    {
                        "name": "lineDeallocateCall", 
                        "address": "0x4080b8"
                    }, 
                    {
                        "name": "lineTranslateDialogW", 
                        "address": "0x4080bc"
                    }, 
                    {
                        "name": "lineInitializeExW", 
                        "address": "0x4080c0"
                    }, 
                    {
                        "name": "lineGetTranslateCapsW", 
                        "address": "0x4080c4"
                    }, 
                    {
                        "name": "lineTranslateAddressW", 
                        "address": "0x4080c8"
                    }, 
                    {
                        "name": "lineShutdown", 
                        "address": "0x4080cc"
                    }, 
                    {
                        "name": "lineGetAddressCapsW", 
                        "address": "0x4080d0"
                    }, 
                    {
                        "name": "lineMakeCallW", 
                        "address": "0x4080d4"
                    }, 
                    {
                        "name": "lineNegotiateAPIVersion", 
                        "address": "0x4080d8"
                    }, 
                    {
                        "name": "lineOpenW", 
                        "address": "0x4080dc"
                    }
                ], 
                "dll": "TAPI32.dll"
            }
        ], 
        "peid_signatures": null, 
        "keys": [], 
        "signature": [], 
        "pe_timestamp": "2065-01-02 19:07:18", 
        "pe_exports": [], 
        "imported_dll_count": 7, 
        "pe_imphash": "76e0d8d65462216e7b0903bc27d606d1", 
        "pe_resources": [
            {
                "name": "MUI", 
                "language": "LANG_ENGLISH", 
                "filetype": "data", 
                "sublanguage": "SUBLANG_ENGLISH_US", 
                "offset": "0x0000a0b8", 
                "size": "0x000000e8"
            }, 
            {
                "name": "RT_ICON", 
                "language": "LANG_ENGLISH", 
                "filetype": "dBase IV DBT of @.DBF, block length 512, next free block index 40, next free block 0, next used block 0", 
                "sublanguage": "SUBLANG_ENGLISH_US", 
                "offset": "0x00009db8", 
                "size": "0x000002e8"
            }, 
            {
                "name": "RT_ICON", 
                "language": "LANG_ENGLISH", 
                "filetype": "dBase IV DBT of @.DBF, block length 512, next free block index 40, next free block 0, next used block 0", 
                "sublanguage": "SUBLANG_ENGLISH_US", 
                "offset": "0x00009db8", 
                "size": "0x000002e8"
            }, 
            {
                "name": "RT_ICON", 
                "language": "LANG_ENGLISH", 
                "filetype": "dBase IV DBT of @.DBF, block length 512, next free block index 40, next free block 0, next used block 0", 
                "sublanguage": "SUBLANG_ENGLISH_US", 
                "offset": "0x00009db8", 
                "size": "0x000002e8"
            }, 
            {
                "name": "RT_GROUP_ICON", 
                "language": "LANG_ENGLISH", 
                "filetype": "data", 
                "sublanguage": "SUBLANG_ENGLISH_US", 
                "offset": "0x0000a0a0", 
                "size": "0x00000014"
            }, 
            {
                "name": "RT_GROUP_ICON", 
                "language": "LANG_ENGLISH", 
                "filetype": "data", 
                "sublanguage": "SUBLANG_ENGLISH_US", 
                "offset": "0x0000a0a0", 
                "size": "0x00000014"
            }, 
            {
                "name": "RT_VERSION", 
                "language": "LANG_ENGLISH", 
                "filetype": "data", 
                "sublanguage": "SUBLANG_ENGLISH_US", 
                "offset": "0x000095d0", 
                "size": "0x000003ac"
            }, 
            {
                "name": "RT_MANIFEST", 
                "language": "LANG_ENGLISH", 
                "filetype": "XML 1.0 document, ASCII text, with CRLF line terminators", 
                "sublanguage": "SUBLANG_ENGLISH_US", 
                "offset": "0x00009210", 
                "size": "0x000003c0"
            }
        ], 
        "pe_versioninfo": [
            {
                "name": "LegalCopyright", 
                "value": "\\xa9 Microsoft Corporation. All rights reserved."
            }, 
            {
                "name": "InternalName", 
                "value": "DIALER.EXE"
            }, 
            {
                "name": "FileVersion", 
                "value": "10.0.22621.1 (WinBuild.160101.0800)"
            }, 
            {
                "name": "CompanyName", 
                "value": "Microsoft Corporation"
            }, 
            {
                "name": "ProductName", 
                "value": "Microsoft\\xae Windows\\xae Operating System"
            }, 
            {
                "name": "ProductVersion", 
                "value": "10.0.22621.1"
            }, 
            {
                "name": "FileDescription", 
                "value": "Microsoft Windows Phone Dialer"
            }, 
            {
                "name": "OriginalFilename", 
                "value": "DIALER.EXE"
            }, 
            {
                "name": "Translation", 
                "value": "0x0409 0x04b0"
            }
        ], 
        "pe_sections": [
            {
                "size_of_data": "0x00005400", 
                "virtual_address": "0x00001000", 
                "entropy": 5.970377420275421, 
                "name": ".text", 
                "virtual_size": "0x0000523c"
            }, 
            {
                "size_of_data": "0x00000200", 
                "virtual_address": "0x00007000", 
                "entropy": 0.6659625585609522, 
                "name": ".data", 
                "virtual_size": "0x00000f80"
            }, 
            {
                "size_of_data": "0x00000e00", 
                "virtual_address": "0x00008000", 
                "entropy": 5.207728801065589, 
                "name": ".idata", 
                "virtual_size": "0x00000da2"
            }, 
            {
                "size_of_data": "0x00001200", 
                "virtual_address": "0x00009000", 
                "entropy": 4.185974173782741, 
                "name": ".rsrc", 
                "virtual_size": "0x000011a0"
            }, 
            {
                "size_of_data": "0x00000800", 
                "virtual_address": "0x0000b000", 
                "entropy": 6.604183312005794, 
                "name": ".reloc", 
                "virtual_size": "0x0000079c"
            }
        ]
    }, 
    "behavior": {
        "generic": [
            {
                "process_path": "C:\\Windows\\System32\\lsass.exe", 
                "process_name": "lsass.exe", 
                "pid": 508, 
                "summary": {}, 
                "first_seen": 1742633420.046875, 
                "ppid": 400
            }
        ], 
        "processes": [
            {
                "process_path": "C:\\Windows\\System32\\lsass.exe", 
                "calls": [], 
                "track": false, 
                "pid": 508, 
                "process_name": "lsass.exe", 
                "command_line": "C:\\Windows\\system32\\lsass.exe", 
                "modules": [
                    {
                        "basename": "lsass.exe", 
                        "imgsize": 49152, 
                        "baseaddr": "0xffc70000", 
                        "filepath": "C:\\Windows\\system32\\lsass.exe"
                    }, 
                    {
                        "basename": "ntdll.dll", 
                        "imgsize": 1740800, 
                        "baseaddr": "0x76dd0000", 
                        "filepath": "C:\\Windows\\SYSTEM32\\ntdll.dll"
                    }, 
                    {
                        "basename": "kernel32.dll", 
                        "imgsize": 1175552, 
                        "baseaddr": "0x76bb0000", 
                        "filepath": "C:\\Windows\\system32\\kernel32.dll"
                    }, 
                    {
                        "basename": "KERNELBASE.dll", 
                        "imgsize": 438272, 
                        "baseaddr": "0x7fefcf80000", 
                        "filepath": "C:\\Windows\\system32\\KERNELBASE.dll"
                    }, 
                    {
                        "basename": "msvcrt.dll", 
                        "imgsize": 651264, 
                        "baseaddr": "0x7fefec80000", 
                        "filepath": "C:\\Windows\\system32\\msvcrt.dll"
                    }, 
                    {
                        "basename": "RPCRT4.dll", 
                        "imgsize": 1232896, 
                        "baseaddr": "0x7fefd2c0000", 
                        "filepath": "C:\\Windows\\system32\\RPCRT4.dll"
                    }, 
                    {
                        "basename": "SspiSrv.dll", 
                        "imgsize": 45056, 
                        "baseaddr": "0x7fefcb60000", 
                        "filepath": "C:\\Windows\\system32\\SspiSrv.dll"
                    }, 
                    {
                        "basename": "lsasrv.dll", 
                        "imgsize": 1470464, 
                        "baseaddr": "0x7fefc9e0000", 
                        "filepath": "C:\\Windows\\system32\\lsasrv.dll"
                    }, 
                    {
                        "basename": "sechost.dll", 
                        "imgsize": 126976, 
                        "baseaddr": "0x7fefea00000", 
                        "filepath": "C:\\Windows\\SYSTEM32\\sechost.dll"
                    }, 
                    {
                        "basename": "SspiCli.dll", 
                        "imgsize": 151552, 
                        "baseaddr": "0x7fefcb80000", 
                        "filepath": "C:\\Windows\\system32\\SspiCli.dll"
                    }, 
                    {
                        "basename": "ADVAPI32.dll", 
                        "imgsize": 897024, 
                        "baseaddr": "0x7fefd480000", 
                        "filepath": "C:\\Windows\\system32\\ADVAPI32.dll"
                    }, 
                    {
                        "basename": "USER32.dll", 
                        "imgsize": 1024000, 
                        "baseaddr": "0x76cd0000", 
                        "filepath": "C:\\Windows\\system32\\USER32.dll"
                    }, 
                    {
                        "basename": "GDI32.dll", 
                        "imgsize": 421888, 
                        "baseaddr": "0x7fefd560000", 
                        "filepath": "C:\\Windows\\system32\\GDI32.dll"
                    }, 
                    {
                        "basename": "LPK.dll", 
                        "imgsize": 57344, 
                        "baseaddr": "0x7fefd830000", 
                        "filepath": "C:\\Windows\\system32\\LPK.dll"
                    }, 
                    {
                        "basename": "USP10.dll", 
                        "imgsize": 823296, 
                        "baseaddr": "0x7feff010000", 
                        "filepath": "C:\\Windows\\system32\\USP10.dll"
                    }, 
                    {
                        "basename": "SAMSRV.dll", 
                        "imgsize": 774144, 
                        "baseaddr": "0x7fefc880000", 
                        "filepath": "C:\\Windows\\system32\\SAMSRV.dll"
                    }, 
                    {
                        "basename": "cryptdll.dll", 
                        "imgsize": 81920, 
                        "baseaddr": "0x7fefc860000", 
                        "filepath": "C:\\Windows\\system32\\cryptdll.dll"
                    }, 
                    {
                        "basename": "MSASN1.dll", 
                        "imgsize": 61440, 
                        "baseaddr": "0x7fefcdc0000", 
                        "filepath": "C:\\Windows\\system32\\MSASN1.dll"
                    }, 
                    {
                        "basename": "wevtapi.dll", 
                        "imgsize": 446464, 
                        "baseaddr": "0x7fefc7f0000", 
                        "filepath": "C:\\Windows\\system32\\wevtapi.dll"
                    }, 
                    {
                        "basename": "IMM32.DLL", 
                        "imgsize": 188416, 
                        "baseaddr": "0x7fefea20000", 
                        "filepath": "C:\\Windows\\system32\\IMM32.DLL"
                    }, 
                    {
                        "basename": "MSCTF.dll", 
                        "imgsize": 1085440, 
                        "baseaddr": "0x7fefed20000", 
                        "filepath": "C:\\Windows\\system32\\MSCTF.dll"
                    }, 
                    {
                        "basename": "cngaudit.dll", 
                        "imgsize": 36864, 
                        "baseaddr": "0x7fefc7b0000", 
                        "filepath": "C:\\Windows\\system32\\cngaudit.dll"
                    }, 
                    {
                        "basename": "AUTHZ.dll", 
                        "imgsize": 192512, 
                        "baseaddr": "0x7fefc780000", 
                        "filepath": "C:\\Windows\\system32\\AUTHZ.dll"
                    }, 
                    {
                        "basename": "ncrypt.dll", 
                        "imgsize": 319488, 
                        "baseaddr": "0x7fefc730000", 
                        "filepath": "C:\\Windows\\system32\\ncrypt.dll"
                    }, 
                    {
                        "basename": "bcrypt.dll", 
                        "imgsize": 139264, 
                        "baseaddr": "0x7fefc700000", 
                        "filepath": "C:\\Windows\\system32\\bcrypt.dll"
                    }, 
                    {
                        "basename": "msprivs.DLL", 
                        "imgsize": 8192, 
                        "baseaddr": "0x74af0000", 
                        "filepath": "C:\\Windows\\system32\\msprivs.DLL"
                    }, 
                    {
                        "basename": "netjoin.dll", 
                        "imgsize": 204800, 
                        "baseaddr": "0x7fefc6c0000", 
                        "filepath": "C:\\Windows\\system32\\netjoin.dll"
                    }, 
                    {
                        "basename": "negoexts.DLL", 
                        "imgsize": 147456, 
                        "baseaddr": "0x7fefc690000", 
                        "filepath": "C:\\Windows\\system32\\negoexts.DLL"
                    }, 
                    {
                        "basename": "Secur32.dll", 
                        "imgsize": 45056, 
                        "baseaddr": "0x7fefc9b0000", 
                        "filepath": "C:\\Windows\\system32\\Secur32.dll"
                    }, 
                    {
                        "basename": "cryptbase.dll", 
                        "imgsize": 61440, 
                        "baseaddr": "0x7fefcc50000", 
                        "filepath": "C:\\Windows\\system32\\cryptbase.dll"
                    }, 
                    {
                        "basename": "kerberos.DLL", 
                        "imgsize": 737280, 
                        "baseaddr": "0x7fefc5d0000", 
                        "filepath": "C:\\Windows\\system32\\kerberos.DLL"
                    }, 
                    {
                        "basename": "CRYPTSP.dll", 
                        "imgsize": 94208, 
                        "baseaddr": "0x7fefc5b0000", 
                        "filepath": "C:\\Windows\\system32\\CRYPTSP.dll"
                    }, 
                    {
                        "basename": "WS2_32.dll", 
                        "imgsize": 315392, 
                        "baseaddr": "0x7fefec30000", 
                        "filepath": "C:\\Windows\\system32\\WS2_32.dll"
                    }, 
                    {
                        "basename": "NSI.dll", 
                        "imgsize": 32768, 
                        "baseaddr": "0x7fefd3f0000", 
                        "filepath": "C:\\Windows\\system32\\NSI.dll"
                    }, 
                    {
                        "basename": "mswsock.dll", 
                        "imgsize": 348160, 
                        "baseaddr": "0x7fefc550000", 
                        "filepath": "C:\\Windows\\system32\\mswsock.dll"
                    }, 
                    {
                        "basename": "wship6.dll", 
                        "imgsize": 28672, 
                        "baseaddr": "0x7fefc540000", 
                        "filepath": "C:\\Windows\\System32\\wship6.dll"
                    }, 
                    {
                        "basename": "msv1_0.DLL", 
                        "imgsize": 331776, 
                        "baseaddr": "0x7fefc4e0000", 
                        "filepath": "C:\\Windows\\system32\\msv1_0.DLL"
                    }, 
                    {
                        "basename": "netlogon.DLL", 
                        "imgsize": 712704, 
                        "baseaddr": "0x7fefc430000", 
                        "filepath": "C:\\Windows\\system32\\netlogon.DLL"
                    }, 
                    {
                        "basename": "DNSAPI.dll", 
                        "imgsize": 372736, 
                        "baseaddr": "0x7fefc3d0000", 
                        "filepath": "C:\\Windows\\system32\\DNSAPI.dll"
                    }, 
                    {
                        "basename": "logoncli.dll", 
                        "imgsize": 196608, 
                        "baseaddr": "0x7fefc3a0000", 
                        "filepath": "C:\\Windows\\system32\\logoncli.dll"
                    }, 
                    {
                        "basename": "schannel.DLL", 
                        "imgsize": 356352, 
                        "baseaddr": "0x7fefc340000", 
                        "filepath": "C:\\Windows\\system32\\schannel.DLL"
                    }, 
                    {
                        "basename": "CRYPT32.dll", 
                        "imgsize": 1470464, 
                        "baseaddr": "0x7fefcdd0000", 
                        "filepath": "C:\\Windows\\system32\\CRYPT32.dll"
                    }, 
                    {
                        "basename": "wdigest.DLL", 
                        "imgsize": 221184, 
                        "baseaddr": "0x7fefc300000", 
                        "filepath": "C:\\Windows\\system32\\wdigest.DLL"
                    }, 
                    {
                        "basename": "rsaenh.dll", 
                        "imgsize": 290816, 
                        "baseaddr": "0x7fefc2b0000", 
                        "filepath": "C:\\Windows\\system32\\rsaenh.dll"
                    }, 
                    {
                        "basename": "tspkg.DLL", 
                        "imgsize": 98304, 
                        "baseaddr": "0x7fefc290000", 
                        "filepath": "C:\\Windows\\system32\\tspkg.DLL"
                    }, 
                    {
                        "basename": "pku2u.DLL", 
                        "imgsize": 282624, 
                        "baseaddr": "0x7fefc240000", 
                        "filepath": "C:\\Windows\\system32\\pku2u.DLL"
                    }, 
                    {
                        "basename": "bcryptprimitives.dll", 
                        "imgsize": 311296, 
                        "baseaddr": "0x7fefc1f0000", 
                        "filepath": "C:\\Windows\\system32\\bcryptprimitives.dll"
                    }, 
                    {
                        "basename": "RpcRtRemote.dll", 
                        "imgsize": 81920, 
                        "baseaddr": "0x7fefcd00000", 
                        "filepath": "C:\\Windows\\system32\\RpcRtRemote.dll"
                    }, 
                    {
                        "basename": "efslsaext.dll", 
                        "imgsize": 73728, 
                        "baseaddr": "0x7fefc1d0000", 
                        "filepath": "C:\\Windows\\system32\\efslsaext.dll"
                    }, 
                    {
                        "basename": "scecli.DLL", 
                        "imgsize": 253952, 
                        "baseaddr": "0x7fefc130000", 
                        "filepath": "C:\\Windows\\system32\\scecli.DLL"
                    }, 
                    {
                        "basename": "credssp.dll", 
                        "imgsize": 40960, 
                        "baseaddr": "0x7fefc1b0000", 
                        "filepath": "C:\\Windows\\system32\\credssp.dll"
                    }, 
                    {
                        "basename": "WINSTA.dll", 
                        "imgsize": 249856, 
                        "baseaddr": "0x7fefcc10000", 
                        "filepath": "C:\\Windows\\system32\\WINSTA.dll"
                    }, 
                    {
                        "basename": "IPHLPAPI.DLL", 
                        "imgsize": 159744, 
                        "baseaddr": "0x7fefbfd0000", 
                        "filepath": "C:\\Windows\\system32\\IPHLPAPI.DLL"
                    }, 
                    {
                        "basename": "WINNSI.DLL", 
                        "imgsize": 45056, 
                        "baseaddr": "0x7fefbfc0000", 
                        "filepath": "C:\\Windows\\system32\\WINNSI.DLL"
                    }, 
                    {
                        "basename": "netutils.dll", 
                        "imgsize": 49152, 
                        "baseaddr": "0x7fefa790000", 
                        "filepath": "C:\\Windows\\system32\\netutils.dll"
                    }, 
                    {
                        "basename": "USERENV.dll", 
                        "imgsize": 122880, 
                        "baseaddr": "0x7fefc060000", 
                        "filepath": "C:\\Windows\\system32\\USERENV.dll"
                    }, 
                    {
                        "basename": "profapi.dll", 
                        "imgsize": 61440, 
                        "baseaddr": "0x7fefcd20000", 
                        "filepath": "C:\\Windows\\system32\\profapi.dll"
                    }, 
                    {
                        "basename": "wshtcpip.dll", 
                        "imgsize": 28672, 
                        "baseaddr": "0x7fefbed0000", 
                        "filepath": "C:\\Windows\\System32\\wshtcpip.dll"
                    }, 
                    {
                        "basename": "monitor-x64.dll", 
                        "imgsize": 2269184, 
                        "baseaddr": "0x744c0000", 
                        "filepath": "C:\\tmpql7zol\\bin\\monitor-x64.dll"
                    }
                ], 
                "time": 0, 
                "tid": 1144, 
                "first_seen": 1742633420.046875, 
                "ppid": 400, 
                "type": "process"
            }
        ], 
        "processtree": [
            {
                "track": false, 
                "pid": 508, 
                "process_name": "lsass.exe", 
                "command_line": "C:\\Windows\\system32\\lsass.exe", 
                "first_seen": 1742633420.046875, 
                "ppid": 400, 
                "children": []
            }
        ]
    }, 
    "debug": {
        "action": [], 
        "dbgview": [], 
        "errors": [], 
        "log": [
            "2025-03-22 07:50:19,015 [analyzer] DEBUG: Starting analyzer from: C:\\tmpql7zol\n", 
            "2025-03-22 07:50:19,015 [analyzer] DEBUG: Pipe server name: \\??\\PIPE\\iiMeibQvllOiQWELOxObztxi\n", 
            "2025-03-22 07:50:19,015 [analyzer] DEBUG: Log pipe server name: \\??\\PIPE\\ovDaTxhxsgIvgMuPNgqFhZBa\n", 
            "2025-03-22 07:50:19,312 [analyzer] DEBUG: Started auxiliary module DbgView\n", 
            "2025-03-22 07:50:19,828 [analyzer] DEBUG: Started auxiliary module Disguise\n", 
            "2025-03-22 07:50:20,108 [analyzer] DEBUG: Loaded monitor into process with pid 508\n", 
            "2025-03-22 07:50:20,108 [analyzer] DEBUG: Started auxiliary module DumpTLSMasterSecrets\n", 
            "2025-03-22 07:50:20,125 [analyzer] DEBUG: Started auxiliary module Human\n", 
            "2025-03-22 07:50:20,125 [analyzer] DEBUG: Started auxiliary module InstallCertificate\n", 
            "2025-03-22 07:50:20,125 [analyzer] DEBUG: Started auxiliary module Reboot\n", 
            "2025-03-22 07:50:20,375 [analyzer] DEBUG: Started auxiliary module RecentFiles\n", 
            "2025-03-22 07:50:20,375 [analyzer] DEBUG: Started auxiliary module Screenshots\n", 
            "2025-03-22 07:50:20,375 [analyzer] DEBUG: Started auxiliary module LoadZer0m0n\n", 
            "2025-03-22 07:50:20,375 [modules.auxiliary.screenshots] INFO: Python Image Library (either PIL or Pillow) is not installed, screenshots are disabled.\n", 
            "2025-03-22 07:50:20,421 [lib.api.process] ERROR: Failed to execute process from path u'C:\\\\Users\\\\ADMINI~1\\\\AppData\\\\Local\\\\Temp\\\\dialer.exe' with arguments ['bin\\\\inject-x86.exe', '--app', u'C:\\\\Users\\\\ADMINI~1\\\\AppData\\\\Local\\\\Temp\\\\dialer.exe', '--only-start', '--curdir', 'C:\\\\Users\\\\ADMINI~1\\\\AppData\\\\Local\\\\Temp'] (Error: Command '['bin\\\\inject-x86.exe', '--app', u'C:\\\\Users\\\\ADMINI~1\\\\AppData\\\\Local\\\\Temp\\\\dialer.exe', '--only-start', '--curdir', 'C:\\\\Users\\\\ADMINI~1\\\\AppData\\\\Local\\\\Temp']' returned non-zero exit status 1)\n"
        ], 
        "cuckoo": [
            "2025-03-22 07:50:33,333 [cuckoo.core.scheduler] INFO: Task #384: acquired machine 192.168.56.1011 (label=192.168.56.1011)\n", 
            "2025-03-22 07:50:33,333 [cuckoo.core.resultserver] DEBUG: Now tracking machine 192.168.56.101 for task #384\n", 
            "2025-03-22 07:50:33,333 [cuckoo.core.plugins] DEBUG: Started auxiliary module: Replay\n", 
            "2025-03-22 07:50:33,353 [cuckoo.auxiliary.sniffer] INFO: Started sniffer with PID 49968 (interface=vboxnet0, host=192.168.56.101)\n", 
            "2025-03-22 07:50:33,354 [cuckoo.core.plugins] DEBUG: Started auxiliary module: Sniffer\n", 
            "2025-03-22 07:50:33,397 [cuckoo.machinery.virtualbox] DEBUG: Starting vm 192.168.56.1011\n", 
            "2025-03-22 07:50:33,493 [cuckoo.machinery.virtualbox] DEBUG: Restoring virtual machine 192.168.56.1011 to its current snapshot\n", 
            "2025-03-22 07:50:35,684 [cuckoo.core.guest] INFO: Starting analysis #384 on guest (id=192.168.56.1011, ip=192.168.56.101)\n", 
            "2025-03-22 07:50:36,687 [cuckoo.core.guest] DEBUG: 192.168.56.1011: not ready yet\n", 
            "2025-03-22 07:50:37,689 [cuckoo.core.guest] DEBUG: 192.168.56.1011: not ready yet\n", 
            "2025-03-22 07:50:38,692 [cuckoo.core.guest] DEBUG: 192.168.56.1011: not ready yet\n", 
            "2025-03-22 07:50:38,702 [cuckoo.core.guest] INFO: Guest is running Cuckoo Agent 0.10 (id=192.168.56.1011, ip=192.168.56.101)\n", 
            "2025-03-22 07:50:38,740 [cuckoo.core.guest] DEBUG: Uploading analyzer to guest (id=192.168.56.1011, ip=192.168.56.101, monitor=latest, size=3884763)\n", 
            "2025-03-22 07:50:39,372 [cuckoo.core.resultserver] DEBUG: Task #384: live log analysis.log initialized.\n", 
            "2025-03-22 07:50:40,434 [cuckoo.core.resultserver] DEBUG: Task #384 is sending a BSON stream\n", 
            "2025-03-22 07:50:41,130 [cuckoo.core.guest] WARNING: 192.168.56.1011: analysis #384 caught an exception\n", 
            "Traceback (most recent call last):\n", 
            "  File \"C:/tmpql7zol/analyzer.py\", line 808, in <module>\n", 
            "    success = analyzer.run()\n", 
            "  File \"C:/tmpql7zol/analyzer.py\", line 657, in run\n", 
            "    pids = self.package.start(self.target)\n", 
            "  File \"C:\\tmpql7zol\\modules\\packages\\exe.py\", line 23, in start\n", 
            "    return self.execute(path, args=shlex.split(args))\n", 
            "  File \"C:\\tmpql7zol\\lib\\common\\abstracts.py\", line 166, in execute\n", 
            "    \"Unable to execute the initial process, analysis aborted.\"\n", 
            "CuckooPackageError: Unable to execute the initial process, analysis aborted.\n", 
            "\n", 
            "2025-03-22 07:50:41,136 [cuckoo.core.plugins] DEBUG: Stopped auxiliary module: Replay\n", 
            "2025-03-22 07:50:41,169 [cuckoo.core.plugins] DEBUG: Stopped auxiliary module: Sniffer\n", 
            "2025-03-22 07:50:42,648 [cuckoo.machinery.virtualbox] INFO: Successfully generated memory dump for virtual machine with label 192.168.56.1011 to path /home/tesst/.cuckoo/storage/analyses/384/memory.dmp\n", 
            "2025-03-22 07:50:42,650 [cuckoo.machinery.virtualbox] DEBUG: Stopping vm 192.168.56.1011\n", 
            "2025-03-22 07:50:43,930 [cuckoo.core.resultserver] DEBUG: Stopped tracking machine 192.168.56.101 for task #384\n", 
            "2025-03-22 07:50:43,930 [cuckoo.core.resultserver] DEBUG: Cancel <Context for LOG> for task 384\n", 
            "2025-03-22 07:50:43,933 [cuckoo.core.scheduler] DEBUG: Released database task #384\n", 
            "2025-03-22 07:50:43,958 [cuckoo.core.plugins] DEBUG: Executed processing module \"AnalysisInfo\" for task #384\n", 
            "2025-03-22 07:50:43,959 [cuckoo.core.plugins] DEBUG: Executed processing module \"BehaviorAnalysis\" for task #384\n", 
            "2025-03-22 07:50:43,959 [cuckoo.core.plugins] DEBUG: Executed processing module \"Dropped\" for task #384\n", 
            "2025-03-22 07:50:43,959 [cuckoo.core.plugins] DEBUG: Executed processing module \"DroppedBuffer\" for task #384\n", 
            "2025-03-22 07:50:43,960 [cuckoo.core.plugins] DEBUG: Executed processing module \"MetaInfo\" for task #384\n", 
            "2025-03-22 07:50:43,960 [cuckoo.core.plugins] DEBUG: Executed processing module \"ProcessMemory\" for task #384\n", 
            "2025-03-22 07:50:43,960 [cuckoo.core.plugins] DEBUG: Executed processing module \"Procmon\" for task #384\n", 
            "2025-03-22 07:50:43,960 [cuckoo.core.plugins] DEBUG: Executed processing module \"Screenshots\" for task #384\n", 
            "2025-03-22 07:50:44,150 [cuckoo.core.plugins] DEBUG: Executed processing module \"Static\" for task #384\n", 
            "2025-03-22 07:50:44,151 [cuckoo.core.plugins] DEBUG: Executed processing module \"Strings\" for task #384\n", 
            "2025-03-22 07:50:44,152 [cuckoo.cor"
        ]
    }, 
    "strings": [
        "!This program cannot be run in DOS mode.", 
        "x-Z1x,Z", 
        "x,ZRich", 
        "`.data", 
        ".idata", 
        "@.rsrc", 
        "@.reloc", 
        "dialer.pdb", 
        ".rdata$brc", 
        ".CRT$XCA", 
        ".CRT$XCAA", 
        ".CRT$XCZ", 
        ".CRT$XIA", 
        ".CRT$XIAA", 
        ".CRT$XIY", 
        ".CRT$XIZ", 
        ".gfids", 
        ".giats", 
        ".rdata", 
        ".rdata$sxdata", 
        ".rdata$voltmd", 
        ".rdata$zzzdbg", 
        ".text$mn", 
        ".xdata$x", 
        ".idata$5", 
        ".00cfg", 
        ".idata$2", 
        ".idata$3", 
        ".idata$4", 
        ".idata$6", 
        ".rsrc$01", 
        ".rsrc$02", 
        "j@h`|@", 
        "u!Sh(p@", 
        "D$P(p@", 
        "SVWjP3", 
        "D$hPVj", 
        "D$lPVV", 
        "D$lPVV", 
        "L$hf9D$hu", 
        "KVh ;@", 
        "t{SPPhF", 
        "u\u001fSh@:@", 
        "SWSSShG", 
        "PSVSSh", 
        "D$,Ph=", 
        "D$,Ph=", 
        "t$(j Y", 
        "u\u001fVh@:@", 
        "u,95ty@", 
        "G95ty@", 
        "tpWShQ", 
        "thSPhQ", 
        "L$PVPQj)", 
        "D$ ;D$H", 
        "D$(jXZf", 
        "D$ ;D$H", 
        "Xj0Yf9", 
        "Xj0Yf9", 
        "RegQueryValueExW", 
        "RegDeleteValueW", 
        "RegOpenKeyExW", 
        "RegSetValueExW", 
        "RegCreateKeyExW", 
        "RegCloseKey", 
        "ADVAPI32.dll", 
        "lstrlenW", 
        "CreateMutexW", 
        "LocalAlloc", 
        "FormatMessageW", 
        "GetLastError", 
        "CloseHandle", 
        "HeapSetInformation", 
        "LocalFree", 
        "GetModuleHandleW", 
        "GetTickCount", 
        "lstrcmpW", 
        "KERNEL32.dll", 
        "CreateFontIndirectW", 
        "LPtoDP", 
        "SetBkColor", 
        "GetTextExtentPoint32W", 
        "GetStockObject", 
        "SelectObject", 
        "GDI32.dll", 
        "EnableWindow", 
        "EndPaint", 
        "BeginPaint", 
        "ReleaseDC", 
        "IsIconic", 
        "SetForegroundWindow", 
        "UpdateWindow", 
        "DialogBoxParamW", 
        "GetParent", 
        "SystemParametersInfoW", 
        "EnableMenuItem", 
        "GetSysColorBrush", 
        "PostQuitMessage", 
        "CheckDlgButton", 
        "IsClipboardFormatAvailable", 
        "GetDlgItem", 
        "GetClientRect", 
        "LoadCursorW", 
        "FindWindowW", 
        "LoadIconW", 
        "GetClipboardData", 
        "TranslateMessage", 
        "TranslateAcceleratorW", 
        "SetFocus", 
        "WinHelpW", 
        "GetSysColor", 
        "SendDlgItemMessageW", 
        "GetDlgItemTextW", 
        "RegisterClassW", 
        "SetDlgItemTextW", 
        "PeekMessageW", 
        "DefDlgProcW", 
        "IsDialogMessageW", 
        "DispatchMessageW", 
        "ShowWindow", 
        "GetActiveWindow", 
        "LoadStringW", 
        "LoadAcceleratorsW", 
        "DrawIcon", 
        "GetSystemMetrics", 
        "EndDialog", 
        "SendMessageW", 
        "FillRect", 
        "MessageBoxW", 
        "SetWindowPos", 
        "DestroyWindow", 
        "GetFocus", 
        "GetWindowRect", 
        "PostMessageW", 
        "CreateDialogParamW", 
        "GetMessageW", 
        "GetWindowTextLengthW", 
        "USER32.dll", 
        "_vsnwprintf", 
        "wcsspn", 
        "wcscspn", 
        "_XcptFilter", 
        "__p__commode", 
        "_amsg_exit", 
        "__getmainargs", 
        "__set_app_type", 
        "_cexit", 
        "__p__fmode", 
        "_ismbblead", 
        "__setusermatherr", 
        "_initterm", 
        "_acmdln", 
        "msvcrt.dll", 
        "?terminate@@YAXXZ", 
        "_controlfp", 
        "_except_handler4_common", 
        "ShellAboutW", 
        "SHELL32.dll", 
        "lineGetAddressCapsW", 
        "lineNegotiateAPIVersion", 
        "lineTranslateAddressW", 
        "lineGetTranslateCapsW", 
        "lineInitializeExW", 
        "lineTranslateDialogW", 
        "lineDeallocateCall", 
        "lineConfigDialogW", 
        "lineOpenW", 
        "lineShutdown", 
        "lineDrop", 
        "lineGetAppPriorityW", 
        "lineGetDevCapsW", 
        "lineClose", 
        "lineGetRequestW", 
        "lineSetAppPriorityW", 
        "lineRegisterRequestRecipient", 
        "lineMakeCallW", 
        "TAPI32.dll", 
        "GetStartupInfoW", 
        "UnhandledExceptionFilter", 
        "SetUnhandledExceptionFilter", 
        "GetCurrentProcess", 
        "TerminateProcess", 
        "QueryPerformanceCounter", 
        "GetCurrentProcessId", 
        "GetCurrentThreadId", 
        "GetSystemTimeAsFileTime", 
        "memmove", 
        "memset", 
        "<?xml version=\"1.0\" encoding=\"UTF-8\" standalone=\"yes\"?>", 
        "<!-- Copyright (c) Microsoft Corporation -->", 
        "<assembly xmlns=\"urn:schemas-microsoft-com:asm.v1\" manifestVersion=\"1.0\">", 
        "    <assemblyIdentity name=\"Microsoft.Windows.Networking.Dialer\" processorArchitecture=\"x86\" type=\"win32\" version=\"1.0.0.0\"/>", 
        "    <description>Phone Dialer</description>", 
        "    <dependency>", 
        "        <dependentAssembly>", 
        "        <assemblyIdentity type=\"win32\" name=\"Microsoft.Windows.Common-Controls\" version=\"6.0.0.0\" language=\"*\" processorArchitecture=\"*\" publicKeyToken=\"6595b64144ccf1df\"/>", 
        "        </dependentAssembly>", 
        "    </dependency>", 
        "    <trustInfo xmlns=\"urn:schemas-microsoft-com:asm.v3\">", 
        "        <security>", 
        "            <requestedPrivileges>", 
        "                <requestedExecutionLevel", 
        "                    level=\"asInvoker\"", 
        "                    uiAccess=\"false\"", 
        "                />", 
        "            </requestedPrivileges>", 
        "        </security>", 
        "    </trustInfo>", 
        "</assembly>", 
        "xxxxxp", 
        "0D0H0P0X0p0", 
        "0W9B:[:", 
        ";>;K;];g;w;", 
        "</<;<L<b<h<v<", 
        "=9=Q=\\=q=", 
        "=\">.>?>E>K>S>n>y>", 
        "?+?1?8???K?T?u?", 
        "03090C0M0Z0_0e0k0t0", 
        "1;1F1O1]1", 
        "1&2F2o2u2", 
        "3<3R3a3~3", 
        "424m4x4", 
        "525W5m5u5{5", 
        "7$7*7:7h7|7", 
        "8$8*818N8T8[8t8z8", 
        "9D9N9U9[9b9h9", 
        "9*:5:;:w:}:", 
        ";\";(;3;9;\\;", 
        "<*<0<6<;<A<G<T<Z<", 
        "= =*=0=7=C=I=N=Z=a=i=p=y=", 
        "=\">*>2>I>P>[>c>", 
        "?1?H?g?w?", 
        "0$0*0t0z0", 
        "2=2E2f2r2x2", 
        "3(3@3g3m3", 
        "525`5~5", 
        "6\u001f6'666?6J6V6f6", 
        "7,737Q7_7v7", 
        "8*8;8H8U8]8m8", 
        "949;9K9Y9z9", 
        "<6<E<U<^<h<", 
        "=3=9=h=", 
        "=3>R>h>s>", 
        "0H0]0p0~0", 
        "212A2^2d2o2", 
        "3$3*353F3R3Y3g3p3", 
        "4-434?4r4", 
        "5\u001f5/5<5C5V5_5f5n5u5~5", 
        "7!7-7?7M7S7^7d7l7{7", 
        "8&8,8L8[8`8j8", 
        ";*;C;e;q;w;", 
        "<#<*<A<]<c<m<|<", 
        "<>=D=P=", 
        "?3?B?Z?", 
        "0#131>1n1", 
        "1j2p2v2|2", 
        "3)3_3k3", 
        "7H8T8Z8a8j8p8x8~8", 
        "9*9L9W9i9q9v9{9", 
        "9=:G:M:W:r:", 
        ";$;,;2;?;Y;d;n;y;", 
        "<#<*<1<9<A<I<U<^<c<i<s<}<", 
        "=#=*=1=8=?=E=Q=\\=a=f=l=v=", 
        ">X?]?o?", 
        "SOFTWARE\\Microsoft\\Windows\\CurrentVersion\\Dialer", 
        "Preferred Line", 
        "Preferred Address", 
        "Local\\DialersIveBeenStartedMutex", 
        "Number%d", 
        "Name%d", 
        "Last dialed %d", 
        "Main Window Left/Top", 
        "Number", 
        "Line %d", 
        "Address %d", 
        "DIALER.EXE", 
        "TAPI32.DLL", 
        " 0123456789()-.", 
        "1234567890*#", 
        "DIALER.HLP", 
        "DialerClass", 
        "VS_VERSION_INFO", 
        "StringFileInfo", 
        "040904B0", 
        "CompanyName", 
        "Microsoft Corporation", 
        "FileDescription", 
        "Microsoft Windows Phone Dialer", 
        "FileVersion", 
        "10.0.22621.1 (WinBuild.160101.0800)", 
        "InternalName", 
        "DIALER.EXE", 
        "LegalCopyright", 
        " Microsoft Corporation. All rights reserved.", 
        "OriginalFilename", 
        "DIALER.EXE", 
        "ProductName", 
        "Microsoft", 
        " Windows", 
        " Operating System", 
        "ProductVersion", 
        "10.0.22621.1", 
        "VarFileInfo", 
        "Translation"
    ], 
    "metadata": {
        "output": {
            "pcap": {
                "basename": "dump.pcap", 
                "sha256": "7c0704c2aead24bd613647a8ab5c6253557ad11cc03d261c9174136dc056d7d2", 
                "dirname": ""
            }
        }
    }
}