{
    "info": {
        "added": 1742629819.884773, 
        "started": 1742629968.547851, 
        "duration": 16, 
        "ended": 1742629984.962985, 
        "owner": null, 
        "score": 0.4, 
        "id": 392, 
        "category": "file", 
        "git": {
            "head": "13cbe0d9e457be3673304533043e992ead1ea9b2", 
            "fetch_head": "13cbe0d9e457be3673304533043e992ead1ea9b2"
        }, 
        "monitor": "2deb9ccd75d5a7a3fe05b2625b03a8639d6ee36b", 
        "package": "exe", 
        "route": "none", 
        "custom": null, 
        "machine": {
            "status": "stopped", 
            "name": "192.168.56.1011", 
            "label": "192.168.56.1011", 
            "manager": "VirtualBox", 
            "started_on": "2025-03-22 07:52:48", 
            "shutdown_on": "2025-03-22 07:53:04"
        }, 
        "platform": "windows", 
        "version": "2.0.7", 
        "options": "procmemdump=yes,route=none"
    }, 
    "signatures": [
        {
            "families": [], 
            "description": "This executable has a PDB path", 
            "severity": 1, 
            "ttp": {}, 
            "markcount": 1, 
            "references": [], 
            "marks": [
                {
                    "category": "pdb_path", 
                    "ioc": "dispdiag.pdb", 
                    "type": "ioc", 
                    "description": null
                }
            ], 
            "name": "has_pdb"
        }, 
        {
            "families": [], 
            "description": "The executable contains unknown PE section names indicative of a packer (could be a false positive)", 
            "severity": 1, 
            "ttp": {
                "T1045": {
                    "short": "Software Packing", 
                    "long": "Software packing is a method of compressing or encrypting an executable. Packing an executable changes the file signature in an attempt to avoid signature-based detection. Most decompression techniques decompress the executable code in memory."
                }
            }, 
            "markcount": 1, 
            "references": [], 
            "marks": [
                {
                    "category": "section", 
                    "ioc": ".didat", 
                    "type": "ioc", 
                    "description": null
                }
            ], 
            "name": "pe_features"
        }
    ], 
    "target": {
        "category": "file", 
        "file": {
            "yara": [], 
            "sha1": "f04b78fb94745d071b693fb996d5bc7edc15dc08", 
            "name": "dispdiag.exe", 
            "type": "PE32+ executable (console) x86-64, for MS Windows", 
            "sha256": "b2365f5817e826489bdab47fd77e0751335f12b68e4fc2bc77971ff54b804ada", 
            "urls": [], 
            "crc32": "6ADF6DF8", 
            "path": "/home/tesst/.cuckoo/storage/binaries/b2365f5817e826489bdab47fd77e0751335f12b68e4fc2bc77971ff54b804ada", 
            "ssdeep": null, 
            "size": 139264, 
            "sha512": "e11f9e2ba3e138b7b846ac7424bc0c160e15b4f6f46e59765868a3b4e91f8c53fd2eb7fec42f063be3938cfc545d3af64771ac580306566b138fdd56064f08c0", 
            "md5": "14fb9f8b35a8486d05af9a41bed05480"
        }
    }, 
    "network": {
        "tls": [], 
        "udp": [
            {
                "src": "192.168.56.101", 
                "dst": "224.0.0.252", 
                "offset": 1214, 
                "time": 1.8041081428527832, 
                "dport": 5355, 
                "sport": 64412
            }, 
            {
                "src": "192.168.56.101", 
                "dst": "224.0.0.252", 
                "offset": 1542, 
                "time": 0.11044502258300781, 
                "dport": 5355, 
                "sport": 64614
            }, 
            {
                "src": "192.168.56.101", 
                "dst": "224.0.0.252", 
                "offset": 1870, 
                "time": 1.2787809371948242, 
                "dport": 5355, 
                "sport": 65517
            }, 
            {
                "src": "192.168.56.101", 
                "dst": "239.255.255.250", 
                "offset": 2190, 
                "time": 1.4641470909118652, 
                "dport": 1900, 
                "sport": 65520
            }
        ], 
        "dns_servers": [], 
        "http": [], 
        "icmp": [], 
        "smtp": [], 
        "tcp": [], 
        "smtp_ex": [], 
        "mitm": [], 
        "hosts": [], 
        "pcap_sha256": "d8a137189a05830a8343bf30126dc67c47a7044b83eafed9c34fb68b1e86f263", 
        "dns": [], 
        "http_ex": [], 
        "domains": [], 
        "dead_hosts": [], 
        "sorted_pcap_sha256": "ffef1c711ddbe364f05c37219cdc760101d171b3a47b0e29be8a7079528227fa", 
        "irc": [], 
        "https_ex": []
    }, 
    "static": {
        "pdb_path": "dispdiag.pdb", 
        "pe_imports": [
            {
                "imports": [
                    {
                        "name": "?_Xlength_error@std@@YAXPEBD@Z", 
                        "address": "0x140013a08"
                    }
                ], 
                "dll": "msvcp_win.dll"
            }, 
            {
                "imports": [
                    {
                        "name": "_initterm", 
                        "address": "0x1400138d0"
                    }, 
                    {
                        "name": "_initterm_e", 
                        "address": "0x1400138d8"
                    }, 
                    {
                        "name": "_c_exit", 
                        "address": "0x1400138e0"
                    }, 
                    {
                        "name": "_register_thread_local_exe_atexit_callback", 
                        "address": "0x1400138e8"
                    }
                ], 
                "dll": "api-ms-win-crt-runtime-l1-1-0.dll"
            }, 
            {
                "imports": [
                    {
                        "name": "_o__crt_atexit", 
                        "address": "0x140013750"
                    }, 
                    {
                        "name": "_o__exit", 
                        "address": "0x140013758"
                    }, 
                    {
                        "name": "_o__get_initial_wide_environment", 
                        "address": "0x140013760"
                    }, 
                    {
                        "name": "_o__initialize_onexit_table", 
                        "address": "0x140013768"
                    }, 
                    {
                        "name": "_o__initialize_wide_environment", 
                        "address": "0x140013770"
                    }, 
                    {
                        "name": "_o__invalid_parameter_noinfo_noreturn", 
                        "address": "0x140013778"
                    }, 
                    {
                        "name": "_o__register_onexit_function", 
                        "address": "0x140013780"
                    }, 
                    {
                        "name": "_o__resetstkoflw", 
                        "address": "0x140013788"
                    }, 
                    {
                        "name": "_o__seh_filter_exe", 
                        "address": "0x140013790"
                    }, 
                    {
                        "name": "_o__set_app_type", 
                        "address": "0x140013798"
                    }, 
                    {
                        "name": "_o__set_fmode", 
                        "address": "0x1400137a0"
                    }, 
                    {
                        "name": "_o__set_new_mode", 
                        "address": "0x1400137a8"
                    }, 
                    {
                        "name": "memmove", 
                        "address": "0x1400137b0"
                    }, 
                    {
                        "name": "_o__wcsnicmp", 
                        "address": "0x1400137b8"
                    }, 
                    {
                        "name": "_o__wtoi", 
                        "address": "0x1400137c0"
                    }, 
                    {
                        "name": "_o_exit", 
                        "address": "0x1400137c8"
                    }, 
                    {
                        "name": "_o_free", 
                        "address": "0x1400137d0"
                    }, 
                    {
                        "name": "_o_isspace", 
                        "address": "0x1400137d8"
                    }, 
                    {
                        "name": "_o_iswprint", 
                        "address": "0x1400137e0"
                    }, 
                    {
                        "name": "_o_isxdigit", 
                        "address": "0x1400137e8"
                    }, 
                    {
                        "name": "_o_malloc", 
                        "address": "0x1400137f0"
                    }, 
                    {
                        "name": "_o_strtoul", 
                        "address": "0x1400137f8"
                    }, 
                    {
                        "name": "_o_terminate", 
                        "address": "0x140013800"
                    }, 
                    {
                        "name": "_o_tolower", 
                        "address": "0x140013808"
                    }, 
                    {
                        "name": "_o_wcscpy_s", 
                        "address": "0x140013810"
                    }, 
                    {
                        "name": "__current_exception", 
                        "address": "0x140013818"
                    }, 
                    {
                        "name": "__current_exception_context", 
                        "address": "0x140013820"
                    }, 
                    {
                        "name": "__CxxFrameHandler3", 
                        "address": "0x140013828"
                    }, 
                    {
                        "name": "_CxxThrowException", 
                        "address": "0x140013830"
                    }, 
                    {
                        "name": "_o__cexit", 
                        "address": "0x140013838"
                    }, 
                    {
                        "name": "_o__callnewh", 
                        "address": "0x140013840"
                    }, 
                    {
                        "name": "_o__configure_wide_argv", 
                        "address": "0x140013848"
                    }, 
                    {
                        "name": "_o___stdio_common_vswscanf", 
                        "address": "0x140013850"
                    }, 
                    {
                        "name": "_o__configthreadlocale", 
                        "address": "0x140013858"
                    }, 
                    {
                        "name": "_o___stdio_common_vswprintf", 
                        "address": "0x140013860"
                    }, 
                    {
                        "name": "_o___stdio_common_vfwprintf", 
                        "address": "0x140013868"
                    }, 
                    {
                        "name": "_o___stdio_common_vfprintf", 
                        "address": "0x140013870"
                    }, 
                    {
                        "name": "_o___std_exception_destroy", 
                        "address": "0x140013878"
                    }, 
                    {
                        "name": "_o___std_exception_copy", 
                        "address": "0x140013880"
                    }, 
                    {
                        "name": "_o___p__commode", 
                        "address": "0x140013888"
                    }, 
                    {
                        "name": "_o___p___wargv", 
                        "address": "0x140013890"
                    }, 
                    {
                        "name": "_o___p___argc", 
                        "address": "0x140013898"
                    }, 
                    {
                        "name": "_o___acrt_iob_func", 
                        "address": "0x1400138a0"
                    }, 
                    {
                        "name": "__C_specific_handler", 
                        "address": "0x1400138a8"
                    }, 
                    {
                        "name": "__std_terminate", 
                        "address": "0x1400138b0"
                    }, 
                    {
                        "name": "__CxxFrameHandler4", 
                        "address": "0x1400138b8"
                    }, 
                    {
                        "name": "memcpy", 
                        "address": "0x1400138c0"
                    }
                ], 
                "dll": "api-ms-win-crt-private-l1-1-0.dll"
            }, 
            {
                "imports": [
                    {
                        "name": "memset", 
                        "address": "0x1400138f8"
                    }
                ], 
                "dll": "api-ms-win-crt-string-l1-1-0.dll"
            }, 
            {
                "imports": [
                    {
                        "name": "WriteFile", 
                        "address": "0x140013548"
                    }, 
                    {
                        "name": "FindFirstFileW", 
                        "address": "0x140013550"
                    }, 
                    {
                        "name": "CreateFileW", 
                        "address": "0x140013558"
                    }, 
                    {
                        "name": "CreateDirectoryW", 
                        "address": "0x140013560"
                    }, 
                    {
                        "name": "FindClose", 
                        "address": "0x140013568"
                    }, 
                    {
                        "name": "DeleteFileW", 
                        "address": "0x140013570"
                    }
                ], 
                "dll": "api-ms-win-core-file-l1-1-0.dll"
            }, 
            {
                "imports": [
                    {
                        "name": "SetUnhandledExceptionFilter", 
                        "address": "0x140013520"
                    }, 
                    {
                        "name": "GetLastError", 
                        "address": "0x140013528"
                    }, 
                    {
                        "name": "UnhandledExceptionFilter", 
                        "address": "0x140013530"
                    }, 
                    {
                        "name": "SetLastError", 
                        "address": "0x140013538"
                    }
                ], 
                "dll": "api-ms-win-core-errorhandling-l1-1-0.dll"
            }, 
            {
                "imports": [
                    {
                        "name": "DevGetObjectProperties", 
                        "address": "0x140013908"
                    }, 
                    {
                        "name": "DevFreeObjectProperties", 
                        "address": "0x140013910"
                    }
                ], 
                "dll": "api-ms-win-devices-query-l1-1-0.dll"
            }, 
            {
                "imports": [
                    {
                        "name": "RegCloseKey", 
                        "address": "0x140013658"
                    }, 
                    {
                        "name": "RegCreateKeyExW", 
                        "address": "0x140013660"
                    }, 
                    {
                        "name": "RegSetValueExW", 
                        "address": "0x140013668"
                    }, 
                    {
                        "name": "RegQueryValueExW", 
                        "address": "0x140013670"
                    }, 
                    {
                        "name": "RegOpenKeyExW", 
                        "address": "0x140013678"
                    }, 
                    {
                        "name": "RegGetValueW", 
                        "address": "0x140013680"
                    }
                ], 
                "dll": "api-ms-win-core-registry-l1-1-0.dll"
            }, 
            {
                "imports": [
                    {
                        "name": "CloseHandle", 
                        "address": "0x140013580"
                    }
                ], 
                "dll": "api-ms-win-core-handle-l1-1-0.dll"
            }, 
            {
                "imports": [
                    {
                        "name": "GetVersionExW", 
                        "address": "0x140013718"
                    }, 
                    {
                        "name": "GetLocalTime", 
                        "address": "0x140013720"
                    }, 
                    {
                        "name": "GetSystemTimeAsFileTime", 
                        "address": "0x140013728"
                    }, 
                    {
                        "name": "GetSystemInfo", 
                        "address": "0x140013730"
                    }
                ], 
                "dll": "api-ms-win-core-sysinfo-l1-1-0.dll"
            }, 
            {
                "imports": [
                    {
                        "name": "LoadLibraryW", 
                        "address": "0x1400135d8"
                    }
                ], 
                "dll": "api-ms-win-core-libraryloader-l1-2-1.dll"
            }, 
            {
                "imports": [
                    {
                        "name": "GetModuleHandleW", 
                        "address": "0x1400135b0"
                    }, 
                    {
                        "name": "LoadLibraryExW", 
                        "address": "0x1400135b8"
                    }, 
                    {
                        "name": "FreeLibrary", 
                        "address": "0x1400135c0"
                    }, 
                    {
                        "name": "GetProcAddress", 
                        "address": "0x1400135c8"
                    }
                ], 
                "dll": "api-ms-win-core-libraryloader-l1-2-0.dll"
            }, 
            {
                "imports": [
                    {
                        "name": "OpenServiceW", 
                        "address": "0x1400139c8"
                    }, 
                    {
                        "name": "OpenSCManagerW", 
                        "address": "0x1400139d0"
                    }
                ], 
                "dll": "api-ms-win-service-management-l1-1-0.dll"
            }, 
            {
                "imports": [
                    {
                        "name": "QueryServiceStatus", 
                        "address": "0x1400139e0"
                    }
                ], 
                "dll": "api-ms-win-service-winsvc-l1-1-0.dll"
            }, 
            {
                "imports": [
                    {
                        "name": "GetDpiForMonitor", 
                        "address": "0x1400139f0"
                    }, 
                    {
                        "name": "SetProcessDpiAwareness", 
                        "address": "0x1400139f8"
                    }
                ], 
                "dll": "api-ms-win-shcore-scaling-l1-1-1.dll"
            }, 
            {
                "imports": [
                    {
                        "name": "CoCreateInstance", 
                        "address": "0x1400134a8"
                    }, 
                    {
                        "name": "CoUninitialize", 
                        "address": "0x1400134b0"
                    }, 
                    {
                        "name": "CoInitializeEx", 
                        "address": "0x1400134b8"
                    }
                ], 
                "dll": "api-ms-win-core-com-l1-1-0.dll"
            }, 
            {
                "imports": [
                    {
                        "name": "GetCurrentDirectoryW", 
                        "address": "0x1400135e8"
                    }, 
                    {
                        "name": "GetStdHandle", 
                        "address": "0x1400135f0"
                    }, 
                    {
                        "name": "ExpandEnvironmentStringsW", 
                        "address": "0x1400135f8"
                    }
                ], 
                "dll": "api-ms-win-core-processenvironment-l1-1-0.dll"
            }, 
            {
                "imports": [
                    {
                        "name": "SysStringByteLen", 
                        "address": "0x140013438"
                    }, 
                    {
                        "name": "VariantClear", 
                        "address": "0x140013440"
                    }, 
                    {
                        "name": "SysAllocStringByteLen", 
                        "address": "0x140013448"
                    }, 
                    {
                        "name": "SysAllocString", 
                        "address": "0x140013450"
                    }, 
                    {
                        "name": "SysFreeString", 
                        "address": "0x140013458"
                    }
                ], 
                "dll": "OLEAUT32.dll"
            }, 
            {
                "imports": [
                    {
                        "name": "Sleep", 
                        "address": "0x140013708"
                    }
                ], 
                "dll": "api-ms-win-core-synch-l1-2-0.dll"
            }, 
            {
                "imports": [
                    {
                        "name": "MultiByteToWideChar", 
                        "address": "0x1400136b0"
                    }
                ], 
                "dll": "api-ms-win-core-string-l1-1-0.dll"
            }, 
            {
                "imports": [
                    {
                        "name": "GetCurrentProcessId", 
                        "address": "0x140013608"
                    }, 
                    {
                        "name": "TerminateProcess", 
                        "address": "0x140013610"
                    }, 
                    {
                        "name": "GetCurrentProcess", 
                        "address": "0x140013618"
                    }, 
                    {
                        "name": "CreateThread", 
                        "address": "0x140013620"
                    }, 
                    {
                        "name": "GetCurrentThreadId", 
                        "address": "0x140013628"
                    }
                ], 
                "dll": "api-ms-win-core-processthreads-l1-1-0.dll"
            }, 
            {
                "imports": [
                    {
                        "name": "ConvertStringSecurityDescriptorToSecurityDescriptorW", 
                        "address": "0x1400139b8"
                    }
                ], 
                "dll": "api-ms-win-security-sddl-l1-1-0.dll"
            }, 
            {
                "imports": [
                    {
                        "name": "LocalFree", 
                        "address": "0x140013590"
                    }
                ], 
                "dll": "api-ms-win-core-heap-l2-1-0.dll"
            }, 
            {
                "imports": [
                    {
                        "name": "Beep", 
                        "address": "0x140013740"
                    }
                ], 
                "dll": "api-ms-win-core-util-l1-1-0.dll"
            }, 
            {
                "imports": [
                    {
                        "name": "OutputDebugStringA", 
                        "address": "0x1400134e0"
                    }, 
                    {
                        "name": "OutputDebugStringW", 
                        "address": "0x1400134e8"
                    }, 
                    {
                        "name": "IsDebuggerPresent", 
                        "address": "0x1400134f0"
                    }
                ], 
                "dll": "api-ms-win-core-debug-l1-1-0.dll"
            }, 
            {
                "imports": [
                    {
                        "name": "EnableTraceEx2", 
                        "address": "0x140013938"
                    }, 
                    {
                        "name": "ControlTraceW", 
                        "address": "0x140013940"
                    }, 
                    {
                        "name": "StartTraceW", 
                        "address": "0x140013948"
                    }
                ], 
                "dll": "api-ms-win-eventing-controller-l1-1-0.dll"
            }, 
            {
                "imports": [
                    {
                        "name": "OpenTraceW", 
                        "address": "0x140013920"
                    }, 
                    {
                        "name": "ProcessTrace", 
                        "address": "0x140013928"
                    }
                ], 
                "dll": "api-ms-win-eventing-consumer-l1-1-0.dll"
            }, 
            {
                "imports": [
                    {
                        "name": "ReadConsoleInputW", 
                        "address": "0x1400134c8"
                    }, 
                    {
                        "name": "WriteConsoleW", 
                        "address": "0x1400134d0"
                    }
                ], 
                "dll": "api-ms-win-core-console-l1-1-0.dll"
            }, 
            {
                "imports": [
                    {
                        "name": "ResetEvent", 
                        "address": "0x1400136c0"
                    }, 
                    {
                        "name": "WaitForSingleObjectEx", 
                        "address": "0x1400136c8"
                    }, 
                    {
                        "name": "CreateEventW", 
                        "address": "0x1400136d0"
                    }, 
                    {
                        "name": "InitializeCriticalSectionAndSpinCount", 
                        "address": "0x1400136d8"
                    }, 
                    {
                        "name": "LeaveCriticalSection", 
                        "address": "0x1400136e0"
                    }, 
                    {
                        "name": "EnterCriticalSection", 
                        "address": "0x1400136e8"
                    }, 
                    {
                        "name": "SetEvent", 
                        "address": "0x1400136f0"
                    }, 
                    {
                        "name": "DeleteCriticalSection", 
                        "address": "0x1400136f8"
                    }
                ], 
                "dll": "api-ms-win-core-synch-l1-1-0.dll"
            }, 
            {
                "imports": [
                    {
                        "name": "RtlCaptureContext", 
                        "address": "0x140013690"
                    }, 
                    {
                        "name": "RtlLookupFunctionEntry", 
                        "address": "0x140013698"
                    }, 
                    {
                        "name": "RtlVirtualUnwind", 
                        "address": "0x1400136a0"
                    }
                ], 
                "dll": "api-ms-win-core-rtlsupport-l1-1-0.dll"
            }, 
            {
                "imports": [
                    {
                        "name": "IsProcessorFeaturePresent", 
                        "address": "0x140013638"
                    }
                ], 
                "dll": "api-ms-win-core-processthreads-l1-1-1.dll"
            }, 
            {
                "imports": [
                    {
                        "name": "QueryPerformanceCounter", 
                        "address": "0x140013648"
                    }
                ], 
                "dll": "api-ms-win-core-profile-l1-1-0.dll"
            }, 
            {
                "imports": [
                    {
                        "name": "InitializeSListHead", 
                        "address": "0x1400135a0"
                    }
                ], 
                "dll": "api-ms-win-core-interlocked-l1-1-0.dll"
            }, 
            {
                "imports": [
                    {
                        "name": "DevObjCreateDeviceInfoList", 
                        "address": "0x1400133d8"
                    }, 
                    {
                        "name": "DevObjGetDeviceInstanceId", 
                        "address": "0x1400133e0"
                    }, 
                    {
                        "name": "DevObjEnumDeviceInterfaces", 
                        "address": "0x1400133e8"
                    }, 
                    {
                        "name": "DevObjOpenDeviceInterface", 
                        "address": "0x1400133f0"
                    }, 
                    {
                        "name": "DevObjGetDeviceRegistryProperty", 
                        "address": "0x1400133f8"
                    }, 
                    {
                        "name": "DevObjDestroyDeviceInfoList", 
                        "address": "0x140013400"
                    }, 
                    {
                        "name": "DevObjEnumDeviceInfo", 
                        "address": "0x140013408"
                    }, 
                    {
                        "name": "DevObjGetDeviceProperty", 
                        "address": "0x140013410"
                    }, 
                    {
                        "name": "DevObjGetClassDevs", 
                        "address": "0x140013418"
                    }, 
                    {
                        "name": "DevObjGetDeviceInterfaceDetail", 
                        "address": "0x140013420"
                    }, 
                    {
                        "name": "DevObjOpenDevRegKey", 
                        "address": "0x140013428"
                    }
                ], 
                "dll": "DEVOBJ.dll"
            }, 
            {
                "imports": [
                    {
                        "name": "SystemParametersInfoW", 
                        "address": "0x140013968"
                    }, 
                    {
                        "name": "EnumDisplaySettingsExW", 
                        "address": "0x140013970"
                    }, 
                    {
                        "name": "DisplayConfigGetDeviceInfo", 
                        "address": "0x140013978"
                    }, 
                    {
                        "name": "EnumDisplayMonitors", 
                        "address": "0x140013980"
                    }, 
                    {
                        "name": "QueryDisplayConfig", 
                        "address": "0x140013988"
                    }, 
                    {
                        "name": "GetSystemMetrics", 
                        "address": "0x140013990"
                    }, 
                    {
                        "name": "GetDisplayConfigBufferSizes", 
                        "address": "0x140013998"
                    }, 
                    {
                        "name": "EnumDisplayDevicesW", 
                        "address": "0x1400139a0"
                    }, 
                    {
                        "name": "GetMonitorInfoW", 
                        "address": "0x1400139a8"
                    }
                ], 
                "dll": "api-ms-win-ntuser-sysparams-l1-1-0.dll"
            }, 
            {
                "imports": [
                    {
                        "name": "GetCurrentDpiInfo", 
                        "address": "0x140013958"
                    }
                ], 
                "dll": "api-ms-win-gdi-dpiinfo-l1-1-0.dll"
            }, 
            {
                "imports": [
                    {
                        "name": "WmiExecuteMethodW", 
                        "address": "0x140013468"
                    }, 
                    {
                        "name": "WmiDevInstToInstanceNameW", 
                        "address": "0x140013470"
                    }, 
                    {
                        "name": "WmiQuerySingleInstanceW", 
                        "address": "0x140013478"
                    }, 
                    {
                        "name": "WmiOpenBlock", 
                        "address": "0x140013480"
                    }, 
                    {
                        "name": "WmiCloseBlock", 
                        "address": "0x140013488"
                    }
                ], 
                "dll": "WMICLNT.dll"
            }, 
            {
                "imports": [
                    {
                        "name": "ResolveDelayLoadedAPI", 
                        "address": "0x140013510"
                    }
                ], 
                "dll": "api-ms-win-core-delayload-l1-1-1.dll"
            }, 
            {
                "imports": [
                    {
                        "name": "DelayLoadFailureHook", 
                        "address": "0x140013500"
                    }
                ], 
                "dll": "api-ms-win-core-delayload-l1-1-0.dll"
            }, 
            {
                "imports": [
                    {
                        "name": "RtlAdjustPrivilege", 
                        "address": "0x140013a18"
                    }
                ], 
                "dll": "ntdll.dll"
            }, 
            {
                "imports": [
                    {
                        "name": "ApiSetQueryApiSetPresence", 
                        "address": "0x140013498"
                    }
                ], 
                "dll": "api-ms-win-core-apiquery-l1-1-0.dll"
            }
        ], 
        "peid_signatures": null, 
        "keys": [], 
        "signature": [], 
        "pe_timestamp": "2092-03-31 23:22:38", 
        "pe_exports": [], 
        "imported_dll_count": 41, 
        "pe_imphash": "5ba7d44ccb1ef9de85eee8889019345e", 
        "pe_resources": [
            {
                "name": "RT_VERSION", 
                "language": "LANG_ENGLISH", 
                "filetype": "data", 
                "sublanguage": "SUBLANG_ENGLISH_US", 
                "offset": "0x00020350", 
                "size": "0x0000039c"
            }, 
            {
                "name": "RT_MANIFEST", 
                "language": "LANG_ENGLISH", 
                "filetype": "XML 1.0 document, ASCII text, with CRLF line terminators", 
                "sublanguage": "SUBLANG_ENGLISH_US", 
                "offset": "0x000200a0", 
                "size": "0x000002b0"
            }
        ], 
        "pe_versioninfo": [
            {
                "name": "LegalCopyright", 
                "value": "\\xa9 Microsoft Corporation. All rights reserved."
            }, 
            {
                "name": "InternalName", 
                "value": "dispdiag.exe"
            }, 
            {
                "name": "FileVersion", 
                "value": "10.0.22621.2506 (WinBuild.160101.0800)"
            }, 
            {
                "name": "CompanyName", 
                "value": "Microsoft Corporation"
            }, 
            {
                "name": "ProductName", 
                "value": "Microsoft\\xae Windows\\xae Operating System"
            }, 
            {
                "name": "ProductVersion", 
                "value": "10.0.22621.2506"
            }, 
            {
                "name": "FileDescription", 
                "value": "Display Diagnostics"
            }, 
            {
                "name": "OriginalFilename", 
                "value": "dispdiag.exe"
            }, 
            {
                "name": "Translation", 
                "value": "0x0000 0x04b0"
            }
        ], 
        "pe_sections": [
            {
                "size_of_data": "0x00012000", 
                "virtual_address": "0x00001000", 
                "entropy": 6.114401651075996, 
                "name": ".text", 
                "virtual_size": "0x000119ab"
            }, 
            {
                "size_of_data": "0x0000a000", 
                "virtual_address": "0x00013000", 
                "entropy": 4.181218475633794, 
                "name": ".rdata", 
                "virtual_size": "0x000098de"
            }, 
            {
                "size_of_data": "0x00001000", 
                "virtual_address": "0x0001d000", 
                "entropy": 1.8245415837901957, 
                "name": ".data", 
                "virtual_size": "0x00000ca0"
            }, 
            {
                "size_of_data": "0x00001000", 
                "virtual_address": "0x0001e000", 
                "entropy": 3.3082535168043674, 
                "name": ".pdata", 
                "virtual_size": "0x000009b4"
            }, 
            {
                "size_of_data": "0x00001000", 
                "virtual_address": "0x0001f000", 
                "entropy": 0.04810497500387198, 
                "name": ".didat", 
                "virtual_size": "0x00000038"
            }, 
            {
                "size_of_data": "0x00001000", 
                "virtual_address": "0x00020000", 
                "entropy": 2.368441967519027, 
                "name": ".rsrc", 
                "virtual_size": "0x000006f0"
            }, 
            {
                "size_of_data": "0x00001000", 
                "virtual_address": "0x00021000", 
                "entropy": 0.5670317907888984, 
                "name": ".reloc", 
                "virtual_size": "0x000000f8"
            }
        ]
    }, 
    "behavior": {
        "generic": [
            {
                "process_path": "C:\\Windows\\System32\\lsass.exe", 
                "process_name": "lsass.exe", 
                "pid": 508, 
                "summary": {}, 
                "first_seen": 1742633419.984375, 
                "ppid": 400
            }
        ], 
        "processes": [
            {
                "process_path": "C:\\Windows\\System32\\lsass.exe", 
                "calls": [], 
                "track": false, 
                "pid": 508, 
                "process_name": "lsass.exe", 
                "command_line": "C:\\Windows\\system32\\lsass.exe", 
                "modules": [
                    {
                        "basename": "lsass.exe", 
                        "imgsize": 49152, 
                        "baseaddr": "0xffc70000", 
                        "filepath": "C:\\Windows\\system32\\lsass.exe"
                    }, 
                    {
                        "basename": "ntdll.dll", 
                        "imgsize": 1740800, 
                        "baseaddr": "0x76dd0000", 
                        "filepath": "C:\\Windows\\SYSTEM32\\ntdll.dll"
                    }, 
                    {
                        "basename": "kernel32.dll", 
                        "imgsize": 1175552, 
                        "baseaddr": "0x76bb0000", 
                        "filepath": "C:\\Windows\\system32\\kernel32.dll"
                    }, 
                    {
                        "basename": "KERNELBASE.dll", 
                        "imgsize": 438272, 
                        "baseaddr": "0x7fefcf80000", 
                        "filepath": "C:\\Windows\\system32\\KERNELBASE.dll"
                    }, 
                    {
                        "basename": "msvcrt.dll", 
                        "imgsize": 651264, 
                        "baseaddr": "0x7fefec80000", 
                        "filepath": "C:\\Windows\\system32\\msvcrt.dll"
                    }, 
                    {
                        "basename": "RPCRT4.dll", 
                        "imgsize": 1232896, 
                        "baseaddr": "0x7fefd2c0000", 
                        "filepath": "C:\\Windows\\system32\\RPCRT4.dll"
                    }, 
                    {
                        "basename": "SspiSrv.dll", 
                        "imgsize": 45056, 
                        "baseaddr": "0x7fefcb60000", 
                        "filepath": "C:\\Windows\\system32\\SspiSrv.dll"
                    }, 
                    {
                        "basename": "lsasrv.dll", 
                        "imgsize": 1470464, 
                        "baseaddr": "0x7fefc9e0000", 
                        "filepath": "C:\\Windows\\system32\\lsasrv.dll"
                    }, 
                    {
                        "basename": "sechost.dll", 
                        "imgsize": 126976, 
                        "baseaddr": "0x7fefea00000", 
                        "filepath": "C:\\Windows\\SYSTEM32\\sechost.dll"
                    }, 
                    {
                        "basename": "SspiCli.dll", 
                        "imgsize": 151552, 
                        "baseaddr": "0x7fefcb80000", 
                        "filepath": "C:\\Windows\\system32\\SspiCli.dll"
                    }, 
                    {
                        "basename": "ADVAPI32.dll", 
                        "imgsize": 897024, 
                        "baseaddr": "0x7fefd480000", 
                        "filepath": "C:\\Windows\\system32\\ADVAPI32.dll"
                    }, 
                    {
                        "basename": "USER32.dll", 
                        "imgsize": 1024000, 
                        "baseaddr": "0x76cd0000", 
                        "filepath": "C:\\Windows\\system32\\USER32.dll"
                    }, 
                    {
                        "basename": "GDI32.dll", 
                        "imgsize": 421888, 
                        "baseaddr": "0x7fefd560000", 
                        "filepath": "C:\\Windows\\system32\\GDI32.dll"
                    }, 
                    {
                        "basename": "LPK.dll", 
                        "imgsize": 57344, 
                        "baseaddr": "0x7fefd830000", 
                        "filepath": "C:\\Windows\\system32\\LPK.dll"
                    }, 
                    {
                        "basename": "USP10.dll", 
                        "imgsize": 823296, 
                        "baseaddr": "0x7feff010000", 
                        "filepath": "C:\\Windows\\system32\\USP10.dll"
                    }, 
                    {
                        "basename": "SAMSRV.dll", 
                        "imgsize": 774144, 
                        "baseaddr": "0x7fefc880000", 
                        "filepath": "C:\\Windows\\system32\\SAMSRV.dll"
                    }, 
                    {
                        "basename": "cryptdll.dll", 
                        "imgsize": 81920, 
                        "baseaddr": "0x7fefc860000", 
                        "filepath": "C:\\Windows\\system32\\cryptdll.dll"
                    }, 
                    {
                        "basename": "MSASN1.dll", 
                        "imgsize": 61440, 
                        "baseaddr": "0x7fefcdc0000", 
                        "filepath": "C:\\Windows\\system32\\MSASN1.dll"
                    }, 
                    {
                        "basename": "wevtapi.dll", 
                        "imgsize": 446464, 
                        "baseaddr": "0x7fefc7f0000", 
                        "filepath": "C:\\Windows\\system32\\wevtapi.dll"
                    }, 
                    {
                        "basename": "IMM32.DLL", 
                        "imgsize": 188416, 
                        "baseaddr": "0x7fefea20000", 
                        "filepath": "C:\\Windows\\system32\\IMM32.DLL"
                    }, 
                    {
                        "basename": "MSCTF.dll", 
                        "imgsize": 1085440, 
                        "baseaddr": "0x7fefed20000", 
                        "filepath": "C:\\Windows\\system32\\MSCTF.dll"
                    }, 
                    {
                        "basename": "cngaudit.dll", 
                        "imgsize": 36864, 
                        "baseaddr": "0x7fefc7b0000", 
                        "filepath": "C:\\Windows\\system32\\cngaudit.dll"
                    }, 
                    {
                        "basename": "AUTHZ.dll", 
                        "imgsize": 192512, 
                        "baseaddr": "0x7fefc780000", 
                        "filepath": "C:\\Windows\\system32\\AUTHZ.dll"
                    }, 
                    {
                        "basename": "ncrypt.dll", 
                        "imgsize": 319488, 
                        "baseaddr": "0x7fefc730000", 
                        "filepath": "C:\\Windows\\system32\\ncrypt.dll"
                    }, 
                    {
                        "basename": "bcrypt.dll", 
                        "imgsize": 139264, 
                        "baseaddr": "0x7fefc700000", 
                        "filepath": "C:\\Windows\\system32\\bcrypt.dll"
                    }, 
                    {
                        "basename": "msprivs.DLL", 
                        "imgsize": 8192, 
                        "baseaddr": "0x74af0000", 
                        "filepath": "C:\\Windows\\system32\\msprivs.DLL"
                    }, 
                    {
                        "basename": "netjoin.dll", 
                        "imgsize": 204800, 
                        "baseaddr": "0x7fefc6c0000", 
                        "filepath": "C:\\Windows\\system32\\netjoin.dll"
                    }, 
                    {
                        "basename": "negoexts.DLL", 
                        "imgsize": 147456, 
                        "baseaddr": "0x7fefc690000", 
                        "filepath": "C:\\Windows\\system32\\negoexts.DLL"
                    }, 
                    {
                        "basename": "Secur32.dll", 
                        "imgsize": 45056, 
                        "baseaddr": "0x7fefc9b0000", 
                        "filepath": "C:\\Windows\\system32\\Secur32.dll"
                    }, 
                    {
                        "basename": "cryptbase.dll", 
                        "imgsize": 61440, 
                        "baseaddr": "0x7fefcc50000", 
                        "filepath": "C:\\Windows\\system32\\cryptbase.dll"
                    }, 
                    {
                        "basename": "kerberos.DLL", 
                        "imgsize": 737280, 
                        "baseaddr": "0x7fefc5d0000", 
                        "filepath": "C:\\Windows\\system32\\kerberos.DLL"
                    }, 
                    {
                        "basename": "CRYPTSP.dll", 
                        "imgsize": 94208, 
                        "baseaddr": "0x7fefc5b0000", 
                        "filepath": "C:\\Windows\\system32\\CRYPTSP.dll"
                    }, 
                    {
                        "basename": "WS2_32.dll", 
                        "imgsize": 315392, 
                        "baseaddr": "0x7fefec30000", 
                        "filepath": "C:\\Windows\\system32\\WS2_32.dll"
                    }, 
                    {
                        "basename": "NSI.dll", 
                        "imgsize": 32768, 
                        "baseaddr": "0x7fefd3f0000", 
                        "filepath": "C:\\Windows\\system32\\NSI.dll"
                    }, 
                    {
                        "basename": "mswsock.dll", 
                        "imgsize": 348160, 
                        "baseaddr": "0x7fefc550000", 
                        "filepath": "C:\\Windows\\system32\\mswsock.dll"
                    }, 
                    {
                        "basename": "wship6.dll", 
                        "imgsize": 28672, 
                        "baseaddr": "0x7fefc540000", 
                        "filepath": "C:\\Windows\\System32\\wship6.dll"
                    }, 
                    {
                        "basename": "msv1_0.DLL", 
                        "imgsize": 331776, 
                        "baseaddr": "0x7fefc4e0000", 
                        "filepath": "C:\\Windows\\system32\\msv1_0.DLL"
                    }, 
                    {
                        "basename": "netlogon.DLL", 
                        "imgsize": 712704, 
                        "baseaddr": "0x7fefc430000", 
                        "filepath": "C:\\Windows\\system32\\netlogon.DLL"
                    }, 
                    {
                        "basename": "DNSAPI.dll", 
                        "imgsize": 372736, 
                        "baseaddr": "0x7fefc3d0000", 
                        "filepath": "C:\\Windows\\system32\\DNSAPI.dll"
                    }, 
                    {
                        "basename": "logoncli.dll", 
                        "imgsize": 196608, 
                        "baseaddr": "0x7fefc3a0000", 
                        "filepath": "C:\\Windows\\system32\\logoncli.dll"
                    }, 
                    {
                        "basename": "schannel.DLL", 
                        "imgsize": 356352, 
                        "baseaddr": "0x7fefc340000", 
                        "filepath": "C:\\Windows\\system32\\schannel.DLL"
                    }, 
                    {
                        "basename": "CRYPT32.dll", 
                        "imgsize": 1470464, 
                        "baseaddr": "0x7fefcdd0000", 
                        "filepath": "C:\\Windows\\system32\\CRYPT32.dll"
                    }, 
                    {
                        "basename": "wdigest.DLL", 
                        "imgsize": 221184, 
                        "baseaddr": "0x7fefc300000", 
                        "filepath": "C:\\Windows\\system32\\wdigest.DLL"
                    }, 
                    {
                        "basename": "rsaenh.dll", 
                        "imgsize": 290816, 
                        "baseaddr": "0x7fefc2b0000", 
                        "filepath": "C:\\Windows\\system32\\rsaenh.dll"
                    }, 
                    {
                        "basename": "tspkg.DLL", 
                        "imgsize": 98304, 
                        "baseaddr": "0x7fefc290000", 
                        "filepath": "C:\\Windows\\system32\\tspkg.DLL"
                    }, 
                    {
                        "basename": "pku2u.DLL", 
                        "imgsize": 282624, 
                        "baseaddr": "0x7fefc240000", 
                        "filepath": "C:\\Windows\\system32\\pku2u.DLL"
                    }, 
                    {
                        "basename": "bcryptprimitives.dll", 
                        "imgsize": 311296, 
                        "baseaddr": "0x7fefc1f0000", 
                        "filepath": "C:\\Windows\\system32\\bcryptprimitives.dll"
                    }, 
                    {
                        "basename": "RpcRtRemote.dll", 
                        "imgsize": 81920, 
                        "baseaddr": "0x7fefcd00000", 
                        "filepath": "C:\\Windows\\system32\\RpcRtRemote.dll"
                    }, 
                    {
                        "basename": "efslsaext.dll", 
                        "imgsize": 73728, 
                        "baseaddr": "0x7fefc1d0000", 
                        "filepath": "C:\\Windows\\system32\\efslsaext.dll"
                    }, 
                    {
                        "basename": "scecli.DLL", 
                        "imgsize": 253952, 
                        "baseaddr": "0x7fefc130000", 
                        "filepath": "C:\\Windows\\system32\\scecli.DLL"
                    }, 
                    {
                        "basename": "credssp.dll", 
                        "imgsize": 40960, 
                        "baseaddr": "0x7fefc1b0000", 
                        "filepath": "C:\\Windows\\system32\\credssp.dll"
                    }, 
                    {
                        "basename": "WINSTA.dll", 
                        "imgsize": 249856, 
                        "baseaddr": "0x7fefcc10000", 
                        "filepath": "C:\\Windows\\system32\\WINSTA.dll"
                    }, 
                    {
                        "basename": "IPHLPAPI.DLL", 
                        "imgsize": 159744, 
                        "baseaddr": "0x7fefbfd0000", 
                        "filepath": "C:\\Windows\\system32\\IPHLPAPI.DLL"
                    }, 
                    {
                        "basename": "WINNSI.DLL", 
                        "imgsize": 45056, 
                        "baseaddr": "0x7fefbfc0000", 
                        "filepath": "C:\\Windows\\system32\\WINNSI.DLL"
                    }, 
                    {
                        "basename": "netutils.dll", 
                        "imgsize": 49152, 
                        "baseaddr": "0x7fefa790000", 
                        "filepath": "C:\\Windows\\system32\\netutils.dll"
                    }, 
                    {
                        "basename": "USERENV.dll", 
                        "imgsize": 122880, 
                        "baseaddr": "0x7fefc060000", 
                        "filepath": "C:\\Windows\\system32\\USERENV.dll"
                    }, 
                    {
                        "basename": "profapi.dll", 
                        "imgsize": 61440, 
                        "baseaddr": "0x7fefcd20000", 
                        "filepath": "C:\\Windows\\system32\\profapi.dll"
                    }, 
                    {
                        "basename": "wshtcpip.dll", 
                        "imgsize": 28672, 
                        "baseaddr": "0x7fefbed0000", 
                        "filepath": "C:\\Windows\\System32\\wshtcpip.dll"
                    }, 
                    {
                        "basename": "monitor-x64.dll", 
                        "imgsize": 2269184, 
                        "baseaddr": "0x744c0000", 
                        "filepath": "C:\\tmpql7zol\\bin\\monitor-x64.dll"
                    }
                ], 
                "time": 0, 
                "tid": 1124, 
                "first_seen": 1742633419.984375, 
                "ppid": 400, 
                "type": "process"
            }
        ], 
        "processtree": [
            {
                "track": false, 
                "pid": 508, 
                "process_name": "lsass.exe", 
                "command_line": "C:\\Windows\\system32\\lsass.exe", 
                "first_seen": 1742633419.984375, 
                "ppid": 400, 
                "children": []
            }
        ]
    }, 
    "debug": {
        "action": [], 
        "dbgview": [], 
        "errors": [], 
        "log": [
            "2025-03-22 07:50:19,015 [analyzer] DEBUG: Starting analyzer from: C:\\tmpql7zol\n", 
            "2025-03-22 07:50:19,015 [analyzer] DEBUG: Pipe server name: \\??\\PIPE\\CgzUXpSyiIpcLgbdIHrzOiFxdcEyb\n", 
            "2025-03-22 07:50:19,015 [analyzer] DEBUG: Log pipe server name: \\??\\PIPE\\jmqzTnxFylKEyBOkSPzEEzrbYwTxpYCb\n", 
            "2025-03-22 07:50:19,280 [analyzer] DEBUG: Started auxiliary module DbgView\n", 
            "2025-03-22 07:50:19,780 [analyzer] DEBUG: Started auxiliary module Disguise\n", 
            "2025-03-22 07:50:20,046 [analyzer] DEBUG: Loaded monitor into process with pid 508\n", 
            "2025-03-22 07:50:20,062 [analyzer] DEBUG: Started auxiliary module DumpTLSMasterSecrets\n", 
            "2025-03-22 07:50:20,062 [analyzer] DEBUG: Started auxiliary module Human\n", 
            "2025-03-22 07:50:20,062 [analyzer] DEBUG: Started auxiliary module InstallCertificate\n", 
            "2025-03-22 07:50:20,062 [analyzer] DEBUG: Started auxiliary module Reboot\n", 
            "2025-03-22 07:50:20,280 [analyzer] DEBUG: Started auxiliary module RecentFiles\n", 
            "2025-03-22 07:50:20,280 [analyzer] DEBUG: Started auxiliary module Screenshots\n", 
            "2025-03-22 07:50:20,280 [analyzer] DEBUG: Started auxiliary module LoadZer0m0n\n", 
            "2025-03-22 07:50:20,280 [modules.auxiliary.screenshots] INFO: Python Image Library (either PIL or Pillow) is not installed, screenshots are disabled.\n", 
            "2025-03-22 07:50:20,328 [lib.api.process] ERROR: Failed to execute process from path u'C:\\\\Users\\\\ADMINI~1\\\\AppData\\\\Local\\\\Temp\\\\dispdiag.exe' with arguments ['bin\\\\inject-x64.exe', '--app', u'C:\\\\Users\\\\ADMINI~1\\\\AppData\\\\Local\\\\Temp\\\\dispdiag.exe', '--only-start', '--curdir', 'C:\\\\Users\\\\ADMINI~1\\\\AppData\\\\Local\\\\Temp'] (Error: Command '['bin\\\\inject-x64.exe', '--app', u'C:\\\\Users\\\\ADMINI~1\\\\AppData\\\\Local\\\\Temp\\\\dispdiag.exe', '--only-start', '--curdir', 'C:\\\\Users\\\\ADMINI~1\\\\AppData\\\\Local\\\\Temp']' returned non-zero exit status 1)\n"
        ], 
        "cuckoo": [
            "2025-03-22 07:52:48,613 [cuckoo.core.scheduler] INFO: Task #392: acquired machine 192.168.56.1011 (label=192.168.56.1011)\n", 
            "2025-03-22 07:52:48,614 [cuckoo.core.resultserver] DEBUG: Now tracking machine 192.168.56.101 for task #392\n", 
            "2025-03-22 07:52:48,614 [cuckoo.core.plugins] DEBUG: Started auxiliary module: Replay\n", 
            "2025-03-22 07:52:48,625 [cuckoo.auxiliary.sniffer] INFO: Started sniffer with PID 51174 (interface=vboxnet0, host=192.168.56.101)\n", 
            "2025-03-22 07:52:48,625 [cuckoo.core.plugins] DEBUG: Started auxiliary module: Sniffer\n", 
            "2025-03-22 07:52:48,719 [cuckoo.machinery.virtualbox] DEBUG: Starting vm 192.168.56.1011\n", 
            "2025-03-22 07:52:48,820 [cuckoo.machinery.virtualbox] DEBUG: Restoring virtual machine 192.168.56.1011 to its current snapshot\n", 
            "2025-03-22 07:52:50,869 [cuckoo.core.guest] INFO: Starting analysis #392 on guest (id=192.168.56.1011, ip=192.168.56.101)\n", 
            "2025-03-22 07:52:51,871 [cuckoo.core.guest] DEBUG: 192.168.56.1011: not ready yet\n", 
            "2025-03-22 07:52:52,874 [cuckoo.core.guest] DEBUG: 192.168.56.1011: not ready yet\n", 
            "2025-03-22 07:52:53,877 [cuckoo.core.guest] DEBUG: 192.168.56.1011: not ready yet\n", 
            "2025-03-22 07:52:53,891 [cuckoo.core.guest] INFO: Guest is running Cuckoo Agent 0.10 (id=192.168.56.1011, ip=192.168.56.101)\n", 
            "2025-03-22 07:52:53,934 [cuckoo.core.guest] DEBUG: Uploading analyzer to guest (id=192.168.56.1011, ip=192.168.56.101, monitor=latest, size=3884763)\n", 
            "2025-03-22 07:52:54,620 [cuckoo.core.resultserver] DEBUG: Task #392: live log analysis.log initialized.\n", 
            "2025-03-22 07:52:55,662 [cuckoo.core.resultserver] DEBUG: Task #392 is sending a BSON stream\n", 
            "2025-03-22 07:52:56,354 [cuckoo.core.guest] WARNING: 192.168.56.1011: analysis #392 caught an exception\n", 
            "Traceback (most recent call last):\n", 
            "  File \"C:/tmpql7zol/analyzer.py\", line 808, in <module>\n", 
            "    success = analyzer.run()\n", 
            "  File \"C:/tmpql7zol/analyzer.py\", line 657, in run\n", 
            "    pids = self.package.start(self.target)\n", 
            "  File \"C:\\tmpql7zol\\modules\\packages\\exe.py\", line 23, in start\n", 
            "    return self.execute(path, args=shlex.split(args))\n", 
            "  File \"C:\\tmpql7zol\\lib\\common\\abstracts.py\", line 166, in execute\n", 
            "    \"Unable to execute the initial process, analysis aborted.\"\n", 
            "CuckooPackageError: Unable to execute the initial process, analysis aborted.\n", 
            "\n", 
            "2025-03-22 07:52:56,360 [cuckoo.core.plugins] DEBUG: Stopped auxiliary module: Replay\n", 
            "2025-03-22 07:52:56,397 [cuckoo.core.plugins] DEBUG: Stopped auxiliary module: Sniffer\n", 
            "2025-03-22 07:53:03,646 [cuckoo.machinery.virtualbox] INFO: Successfully generated memory dump for virtual machine with label 192.168.56.1011 to path /home/tesst/.cuckoo/storage/analyses/392/memory.dmp\n", 
            "2025-03-22 07:53:03,647 [cuckoo.machinery.virtualbox] DEBUG: Stopping vm 192.168.56.1011\n", 
            "2025-03-22 07:53:04,953 [cuckoo.core.resultserver] DEBUG: Stopped tracking machine 192.168.56.101 for task #392\n", 
            "2025-03-22 07:53:04,953 [cuckoo.core.resultserver] DEBUG: Cancel <Context for LOG> for task 392\n", 
            "2025-03-22 07:53:04,956 [cuckoo.core.scheduler] DEBUG: Released database task #392\n", 
            "2025-03-22 07:53:05,040 [cuckoo.core.plugins] DEBUG: Executed processing module \"AnalysisInfo\" for task #392\n", 
            "2025-03-22 07:53:05,042 [cuckoo.core.plugins] DEBUG: Executed processing module \"BehaviorAnalysis\" for task #392\n", 
            "2025-03-22 07:53:05,042 [cuckoo.core.plugins] DEBUG: Executed processing module \"Dropped\" for task #392\n", 
            "2025-03-22 07:53:05,042 [cuckoo.core.plugins] DEBUG: Executed processing module \"DroppedBuffer\" for task #392\n", 
            "2025-03-22 07:53:05,042 [cuckoo.core.plugins] DEBUG: Executed processing module \"MetaInfo\" for task #392\n", 
            "2025-03-22 07:53:05,042 [cuckoo.core.plugins] DEBUG: Executed processing module \"ProcessMemory\" for task #392\n", 
            "2025-03-22 07:53:05,042 [cuckoo.core.plugins] DEBUG: Executed processing module \"Procmon\" for task #392\n", 
            "2025-03-22 07:53:05,042 [cuckoo.core.plugins] DEBUG: Executed processing module \"Screenshots\" for task #392\n", 
            "2025-03-22 07:53:05,249 [cuckoo.core.plugins] DEBUG: Executed processing module \"Static\" for task #392\n", 
            "2025-03-22 07:53:05,253 [cuckoo.core.plugins] DEBUG: Executed processing module \"Strings\" for task #392\n", 
            "2025-03-22 07:53:05,257 [cuckoo.cor"
        ]
    }, 
    "strings": [
        "!This program cannot be run in DOS mode.", 
        "8Richd`", 
        "`.rdata", 
        "@.data", 
        ".pdata", 
        "@.didat", 
        "@.reloc", 
        "q0R^G'", 
        "q0R^G'", 
        "q0R^G'", 
        "q0R^G'", 
        "q0R^G'", 
        " H3E H3E", 
        "u/HcH<H", 
        "L$ SUVWH", 
        "UWAUAVAWH", 
        "A_A^A]_]", 
        "x ATAVAWH", 
        " A_A^A\\", 
        "H WATAUAVAWH", 
        " A_A^A]A\\_", 
        "UVWATAUAVAWH", 
        "PA_A^A]A\\_^]", 
        "fA9,Qu", 
        "x UATAUAVAWH", 
        "A_A^A]A\\]", 
        "UVWATAUAVAWH", 
        "A_A^A]A\\_^]", 
        "\\$ UVWATAUAVAWH", 
        "A_A^A]A\\_^]", 
        "|$ AVH", 
        "\"\"\"\"\"\"\"", 
        "x UATAUAVAWH", 
        "tNL9l$x", 
        "A_A^A]A\\]", 
        "UWATAVAWH", 
        "tRL9|$H", 
        "A_A^A\\_]", 
        "D$P9D$ u}", 
        "fD93vL", 
        "@USVWATAVAWH", 
        "A_A^A\\_^[]", 
        "UWATAVAWH", 
        "tRL9|$H", 
        "A_A^A\\_]", 
        "D$P9D$ ur", 
        "fD93vL", 
        "x UATAUAVAWH", 
        "A_A^A]A\\]", 
        "x UATAUAVAWH", 
        "tPL9l$H", 
        "A_A^A]A\\]", 
        "D$P9D$ ", 
        "L$ SWH", 
        "UVWATAUAVAWH", 
        "A_A^A]A\\_^]", 
        "UWATAVAWH", 
        "A_A^A\\_]", 
        "\"\"\"\"\"\"\"", 
        "UVWATAUAVAWH", 
        "A_A^A]A\\_^]", 
        "UVWATAUAVAWH", 
        "D9.t+H", 
        "E9.v.Ei", 
        "D9.v+Dk", 
        "D9.v+Dk", 
        "0A_A^A]A\\_^]", 
        "UVWATAUAVAWH", 
        "A_A^A]A\\_^]", 
        "L$ SVWAVH", 
        "(A^_^[", 
        "@USVWATAVAWH", 
        "A_A^A\\_^[]", 
        "` UAVAWH", 
        "UVWATAUAVAWH", 
        "@A_A^A]A\\_^]", 
        "USVWATAUAWH", 
        "EH9EHulH", 
        "@A_A]A\\_^[]", 
        "UATAUAVAWH", 
        "A_A^A]A\\]", 
        "UVWATAUAVAWH", 
        "E8,$vrK", 
        "moL!l$ L", 
        "A_A^A]A\\_^]", 
        "UVWATAUAVAWH", 
        "A_A^A]A\\_^]", 
        "WATAUAVAWH", 
        "@A_A^A]A\\_", 
        "fA9,Qu", 
        "UVWATAVH", 
        "PA^A\\_^]", 
        "UWATAVAWH", 
        "A_A^A\\_]", 
        "t$ UWATAVAWH", 
        "A_A^A\\_]", 
        "p0R^G'", 
        "H;\u001fttH", 
        "UVWAVAWH", 
        "x1;7u-D", 
        "PA_A^_^]", 
        "fA9,Qu", 
        "x AVAWH", 
        "|$0A_A^", 
        "t$ WATAUAVAW", 
        "A_A^A]A\\_", 
        "D$@f90t", 
        "h UAVAWH", 
        "ATAVAWH", 
        "D9|$Lt", 
        "A_A^A\\", 
        "SVWATAUAVAWH", 
        " A_A^A]A\\_^[", 
        "UATAUAVAWH", 
        "A_A^A]A\\]", 
        "UVWATAUAVAWH", 
        "`A_A^A]A\\_^]", 
        "|$ ATAVAWH", 
        " A_A^A\\", 
        "SleepConditionVariableCS", 
        "WakeAllConditionVariable", 
        "ext-ms-win-ntuser-rotationmanager-l1-1-0.dll", 
        "ext-ms-win-ntuser-dc-access-ext-l1-1-0.dll", 
        "ext-ms-win-gdi-devcaps-l1-1-0.dll", 
        "Registry read error %d", 
        "D3DKMTEscape", 
        "D3DKMTOpenAdapterFromDeviceName", 
        "D3DKMTOpenAdapterFromLuid", 
        "D3DKMTCloseAdapter", 
        "D3DKMTGetDisplayModeList", 
        "D3DKMTQueryAdapterInfo", 
        "IsMiracastSupportedByWlan", 
        "GetNumberOfPhysicalMonitorsFromHMONITOR", 
        "DestroyPhysicalMonitors", 
        "GetPhysicalMonitorsFromHMONITOR", 
        "CapabilitiesRequestAndCapabilitiesReply", 
        "GetCapabilitiesStringLength", 
        "GetVCPFeatureAndVCPFeatureReply", 
        "GetTimingReport", 
        "enabled", 
        "disabled", 
        "Failed to get the monitor handles", 
        "Failed to get the monitor position info.", 
        "Failed while getting the MCCS Data", 
        "Failed to get the monitor position info", 
        "Failed to calculate string length.", 
        "not enough size", 
        "list too long", 
        "vector too long", 
        "string too long", 
        "bad array new length", 
        "Unknown exception", 
        "xR;SSX", 
        "Control trace failed", 
        "StartTrace failed", 
        "OpenTrace failed to open logfile for processing", 
        "Failed to create listener thread", 
        "bad allocation", 
        "dispdiag.pdb", 
        ".text$mn", 
        ".text$mn$00", 
        ".text$x", 
        ".rdata$brc", 
        ".rdata$T$brc", 
        ".idata$5", 
        ".00cfg", 
        ".CRT$XCA", 
        ".CRT$XCAA", 
        ".CRT$XCZ", 
        ".CRT$XIA", 
        ".CRT$XIAA", 
        ".CRT$XIAC", 
        ".CRT$XIC", 
        ".CRT$XIZ", 
        ".CRT$XLA", 
        ".CRT$XLZ", 
        ".CRT$XPA", 
        ".CRT$XPZ", 
        ".CRT$XTA", 
        ".CRT$XTZ", 
        ".gehcont", 
        ".gfids", 
        ".giats", 
        ".rdata", 
        ".rdata$r", 
        ".rdata$voltmd", 
        ".rdata$zzzdbg", 
        ".rtc$IAA", 
        ".rtc$IZZ", 
        ".rtc$TAA", 
        ".rtc$TZZ", 
        ".tls$ZZZ", 
        ".xdata", 
        ".xdata$x", 
        ".didat$2", 
        ".didat$3", 
        ".didat$4", 
        ".didat$6", 
        ".didat$7", 
        ".idata$2", 
        ".idata$3", 
        ".idata$4", 
        ".idata$6", 
        ".data$r$brc", 
        ".data$rs$brc", 
        ".pdata", 
        ".didat$5", 
        ".rsrc$01", 
        ".rsrc$02", 
        "08@JX7", 
        "GetAutoRotationState", 
        "ReleaseDC", 
        "GetDeviceCaps", 
        "?_Xlength_error@std@@YAXPEBD@Z", 
        "msvcp_win.dll", 
        "_initterm", 
        "_initterm_e", 
        "_c_exit", 
        "_register_thread_local_exe_atexit_callback", 
        "api-ms-win-crt-runtime-l1-1-0.dll", 
        "__CxxFrameHandler4", 
        "__std_terminate", 
        "__C_specific_handler", 
        "_o___acrt_iob_func", 
        "_o___p___argc", 
        "_o___p___wargv", 
        "_o___p__commode", 
        "_o___std_exception_copy", 
        "_o___std_exception_destroy", 
        "_o___stdio_common_vfprintf", 
        "_o___stdio_common_vfwprintf", 
        "_o___stdio_common_vswprintf", 
        "_o___stdio_common_vswscanf", 
        "_o__callnewh", 
        "_o__cexit", 
        "_o__configthreadlocale", 
        "_o__configure_wide_argv", 
        "_o__crt_atexit", 
        "_o__exit", 
        "_o__get_initial_wide_environment", 
        "_o__initialize_onexit_table", 
        "_o__initialize_wide_environment", 
        "_o__invalid_parameter_noinfo_noreturn", 
        "_o__register_onexit_function", 
        "_o__resetstkoflw", 
        "_o__seh_filter_exe", 
        "_o__set_app_type", 
        "_o__set_fmode", 
        "_o__set_new_mode", 
        "_o__wcsnicmp", 
        "_o__wtoi", 
        "_o_exit", 
        "_o_free", 
        "_o_isspace", 
        "_o_iswprint", 
        "_o_isxdigit", 
        "_o_malloc", 
        "_o_strtoul", 
        "_o_terminate", 
        "_o_tolower", 
        "_o_wcscpy_s", 
        "__current_exception", 
        "__current_exception_context", 
        "__CxxFrameHandler3", 
        "memset", 
        "_CxxThrowException", 
        "api-ms-win-crt-private-l1-1-0.dll", 
        "api-ms-win-crt-string-l1-1-0.dll", 
        "WriteFile", 
        "GetLastError", 
        "DevGetObjectProperties", 
        "DevFreeObjectProperties", 
        "RegOpenKeyExW", 
        "RegQueryValueExW", 
        "CloseHandle", 
        "RegCloseKey", 
        "GetVersionExW", 
        "GetSystemInfo", 
        "RegGetValueW", 
        "LoadLibraryW", 
        "GetProcAddress", 
        "LoadLibraryExW", 
        "FreeLibrary", 
        "CreateFileW", 
        "OpenSCManagerW", 
        "OpenServiceW", 
        "QueryServiceStatus", 
        "GetDpiForMonitor", 
        "CoInitializeEx", 
        "CoUninitialize", 
        "ExpandEnvironmentStringsW", 
        "FindFirstFileW", 
        "FindClose", 
        "DeleteFileW", 
        "RegCreateKeyExW", 
        "RegSetValueExW", 
        "GetLocalTime", 
        "GetCurrentDirectoryW", 
        "SetProcessDpiAwareness", 
        "CreateDirectoryW", 
        "MultiByteToWideChar", 
        "GetCurrentThreadId", 
        "GetCurrentProcessId", 
        "ConvertStringSecurityDescriptorToSecurityDescriptorW", 
        "LocalFree", 
        "CoCreateInstance", 
        "OutputDebugStringA", 
        "SetLastError", 
        "StartTraceW", 
        "ControlTraceW", 
        "OpenTraceW", 
        "CreateThread", 
        "EnableTraceEx2", 
        "ProcessTrace", 
        "OutputDebugStringW", 
        "WriteConsoleW", 
        "GetStdHandle", 
        "ReadConsoleInputW", 
        "EnterCriticalSection", 
        "LeaveCriticalSection", 
        "InitializeCriticalSectionAndSpinCount", 
        "DeleteCriticalSection", 
        "SetEvent", 
        "ResetEvent", 
        "WaitForSingleObjectEx", 
        "CreateEventW", 
        "GetModuleHandleW", 
        "RtlCaptureContext", 
        "RtlLookupFunctionEntry", 
        "RtlVirtualUnwind", 
        "UnhandledExceptionFilter", 
        "SetUnhandledExceptionFilter", 
        "GetCurrentProcess", 
        "TerminateProcess", 
        "IsProcessorFeaturePresent", 
        "QueryPerformanceCounter", 
        "GetSystemTimeAsFileTime", 
        "InitializeSListHead", 
        "IsDebuggerPresent", 
        "api-ms-win-core-file-l1-1-0.dll", 
        "api-ms-win-core-errorhandling-l1-1-0.dll", 
        "api-ms-win-devices-query-l1-1-0.dll", 
        "api-ms-win-core-registry-l1-1-0.dll", 
        "api-ms-win-core-handle-l1-1-0.dll", 
        "api-ms-win-core-sysinfo-l1-1-0.dll", 
        "api-ms-win-core-libraryloader-l1-2-1.dll", 
        "api-ms-win-core-libraryloader-l1-2-0.dll", 
        "api-ms-win-service-management-l1-1-0.dll", 
        "api-ms-win-service-winsvc-l1-1-0.dll", 
        "api-ms-win-shcore-scaling-l1-1-1.dll", 
        "api-ms-win-core-com-l1-1-0.dll", 
        "api-ms-win-core-processenvironment-l1-1-0.dll", 
        "OLEAUT32.dll", 
        "api-ms-win-core-synch-l1-2-0.dll", 
        "api-ms-win-core-string-l1-1-0.dll", 
        "api-ms-win-core-processthreads-l1-1-0.dll", 
        "api-ms-win-security-sddl-l1-1-0.dll", 
        "api-ms-win-core-heap-l2-1-0.dll", 
        "api-ms-win-core-util-l1-1-0.dll", 
        "api-ms-win-core-debug-l1-1-0.dll", 
        "api-ms-win-eventing-controller-l1-1-0.dll", 
        "api-ms-win-eventing-consumer-l1-1-0.dll", 
        "api-ms-win-core-console-l1-1-0.dll", 
        "api-ms-win-core-synch-l1-1-0.dll", 
        "api-ms-win-core-rtlsupport-l1-1-0.dll", 
        "api-ms-win-core-processthreads-l1-1-1.dll", 
        "api-ms-win-core-profile-l1-1-0.dll", 
        "api-ms-win-core-interlocked-l1-1-0.dll", 
        "DevObjCreateDeviceInfoList", 
        "DevObjGetClassDevs", 
        "DevObjDestroyDeviceInfoList", 
        "DevObjOpenDeviceInterface", 
        "DevObjGetDeviceInterfaceDetail", 
        "DevObjGetDeviceInstanceId", 
        "DevObjEnumDeviceInterfaces", 
        "DevObjGetDeviceRegistryProperty", 
        "DevObjEnumDeviceInfo", 
        "DevObjGetDeviceProperty", 
        "DevObjOpenDevRegKey", 
        "GetMonitorInfoW", 
        "GetSystemMetrics", 
        "GetCurrentDpiInfo", 
        "SystemParametersInfoW", 
        "GetDisplayConfigBufferSizes", 
        "QueryDisplayConfig", 
        "EnumDisplayMonitors", 
        "EnumDisplayDevicesW", 
        "EnumDisplaySettingsExW", 
        "DisplayConfigGetDeviceInfo", 
        "DEVOBJ.dll", 
        "api-ms-win-ntuser-sysparams-l1-1-0.dll", 
        "api-ms-win-gdi-dpiinfo-l1-1-0.dll", 
        "WmiDevInstToInstanceNameW", 
        "WmiCloseBlock", 
        "WmiOpenBlock", 
        "WmiQuerySingleInstanceW", 
        "WmiExecuteMethodW", 
        "WMICLNT.dll", 
        "ResolveDelayLoadedAPI", 
        "DelayLoadFailureHook", 
        "api-ms-win-core-delayload-l1-1-1.dll", 
        "api-ms-win-core-delayload-l1-1-0.dll", 
        "RtlAdjustPrivilege", 
        "ApiSetQueryApiSetPresence", 
        "ntdll.dll", 
        "api-ms-win-core-apiquery-l1-1-0.dll", 
        "memcpy", 
        "memmove", 
        ".?AVCAtlException@ATL@@", 
        ".?AVbad_array_new_length@std@@", 
        ".?AVbad_alloc@std@@", 
        ".?AVexception@std@@", 
        ".?AVtype_info@@", 
        ".?AV?$list@UMCCS_DATA@@V?$allocator@UMCCS_DATA@@@std@@@std@@", 
        ".?AV?$SerializableList@UMCCS_DATA@@@@", 
        ".?AV?$CWmiInstance@U_WmiMonitorID@@@@", 
        ".?AV?$CWmiInstance@U_WmiMonitorListedFrequencyRanges@@@@", 
        ".?AV?$CWmiInstance@U_WmiMonitorListedSupportedSourceModes@@@@", 
        ".?AV?$CWmiInstance@K@@", 
        ".?AV?$list@UADAPTER@@V?$allocator@UADAPTER@@@std@@@std@@", 
        ".?AV?$SerializableList@UADAPTER@@@@", 
        ".?AUADAPTER@@", 
        ".?AV?$list@USDEVMODE@@V?$allocator@USDEVMODE@@@std@@@std@@", 
        ".?AV?$SerializableList@USDEVMODE@@@@", 
        ".?AV?$list@UMONITOR@@V?$allocator@UMONITOR@@@std@@@std@@", 
        ".?AV?$SerializableList@UMONITOR@@@@", 
        ".?AUSDEVMODE@@", 
        ".?AUMONITOR@@", 
        ".?AUMCCS_DATA@@", 
        ".?AUSERIALIZABLE_ELEMENT@@", 
        "<?xml version=\"1.0\" encoding=\"UTF-8\" standalone=\"yes\"?>", 
        "<!-- Copyright (c) Microsoft Corporation -->", 
        "<assembly xmlns=\"urn:schemas-microsoft-com:asm.v1\" manifestVersion=\"1.0\">", 
        "<assemblyIdentity", 
        "    version=\"5.1.0.0\"", 
        "    processorArchitecture=\"amd64\"", 
        "    name=\"Microsoft.Windows.DispDiag\"", 
        "    type=\"win32\"", 
        "<description>Display Diagnostic Command Line Program</description>", 
        "<trustInfo xmlns=\"urn:schemas-microsoft-com:asm.v3\">", 
        "    <security>", 
        "        <requestedPrivileges>", 
        "            <requestedExecutionLevel", 
        "                level=\"asInvoker\"", 
        "                uiAccess=\"false\"", 
        "            />", 
        "        </requestedPrivileges>", 
        "    </security>", 
        "</trustInfo>", 
        "</assembly>", 
        "api-ms-win-core-synch-l1-2-0.dll", 
        "kernel32.dll", 
        "ext-ms-win-ntuser-rotationmanager-l1-1-0", 
        "ext-ms-win-ntuser-rotationmanager-l1-1-2", 
        "ext-ms-win-ntuser-dc-access-ext-l1-1-0", 
        "ext-ms-win-gdi-devcaps-l1-1-0", 
        "Failed to write to file.", 
        "Size of Wmi instance = %d", 
        "Wmi instance = %s", 
        "DeviceName = %s", 
        "Block Id = %d", 
        " default", 
        " 90deg", 
        " 180deg", 
        " 270deg", 
        "Mode: %dx%dx%d@%d%s", 
        "Pruned Modes:", 
        "Raw Modes:", 
        "DISPLAY", 
        " *** This is a bug in dispdiag, pKeyValue should never be passed as NULL. ***", 
        "RegOpenKeyExW failed. Error = %u.", 
        "Failed to read DWORD from registry. Error = %u.", 
        "Bad type %u for DWORD registry value.", 
        "Bad size %u for DWORD registry value.", 
        "Failed to get the OS version info. Error = %u.", 
        "SOFTWARE\\Microsoft\\Windows NT\\CurrentVersion", 
        "BuildLab", 
        "SystemManufacturer", 
        "SYSTEM\\CurrentControlSet\\Control\\SystemInformation", 
        "SystemProductName", 
        "SystemFamily", 
        "HARDWARE\\DESCRIPTION\\SYSTEM\\BIOS", 
        "Unable to retrieve class definitions set for GUID_DEVINTERFACE_DISPLAY_ADAPTER. Error = %u.", 
        "Failed to get driver info", 
        "%hu.%hu.%hu.%hu", 
        "FeatureScore", 
        "UnderRunCountPipeA", 
        "UnderRunCountPipeB", 
        "UnderRunCountPipeC", 
        "UnderRunCountPipeD", 
        "_DISPLAY_ACPI_INFO", 
        "Failed to write graphics subsystem global state to file.", 
        "Graphics subsystem global state written to dump file.", 
        "Failed to write display underrun info to file.", 
        "Size of Driver Description = %d", 
        "Driver Description = %s", 
        "Size of Driver MfgName = %d", 
        "Driver MfgName = %s", 
        "Size of Driver ProviderName = %d", 
        "Size of HardwareId = %d", 
        "HardwareId = %s", 
        "gdi32.dll", 
        "Could not load thunk DLL.", 
        "Failed to get Escape() address.", 
        "Failed to get OpenAdapterFromDeviceName() address.", 
        "Failed to get OpenAdapterFromLuid() address.", 
        "Failed to get CloseAdapter() address.", 
        "Failed to get D3DKMTGetDisplayModeList() address.", 
        "Failed to get D3DKMTQueryAdapterInfo() address.", 
        "Escape failed with status 0x%08x (GetDmmDiagInfo).", 
        "Escape failed with status 0x%08x (GetDmmDiagInfoSize).", 
        "Out of memory.", 
        "Failed to get diagnosibility info.", 
        "Failed to get adapter information.", 
        "Failed to get adapter type.", 
        "Failed to get render adapter from Indirect display adapter.", 
        "WiFiDisplay.dll", 
        "Escape failed with status 0x%08x (WriteMiracastAdapterInfo).", 
        "Failed to get primary display adapter handle.", 
        "Empty list of primary display adapter handles.", 
        "Escape to get ring buffer size failed with status 0x%08x.", 
        "Failed to get ring buffer data because size keeps growing quickly.", 
        "The requested operation requires elevation.", 
        "Escape failed with status 0x%08x (GetDxgkDebugShapshot).", 
        "Escape failed with status 0x%08x (GetDxgkDebugSnapshotSize).", 
        "Error %u encountered while creating minidump file.", 
        "Minidump file: %s", 
        "Failed to write to minidump.", 
        "WriteMonitorBrightnessInfo: Failed to write to file.", 
        "BrightnessControl", 
        "Failed to destroy monitor handles.", 
        "tHip data size is not what we expected.", 
        "Failed get Hip data.", 
        "Escape failed with status 0x%08x (GetDdaDiagSize).", 
        "Escape failed with status 0x%08x (GetAndWriteDdaDiag).", 
        "Escape failed with status 0x%08x (GetDdaSnapshotSize).", 
        "Escape failed with status 0x%08x (GetAndWriteDdaSnapshot).", 
        "Failed during DDA diagnostics.", 
        "Escape failed with status 0x%08x (GetBddInfo).", 
        "PortableOperatingSystem", 
        "SYSTEM\\CurrentControlSet\\Control", 
        "Call to get AutoRotation state failed.", 
        "Failed to open service control manager.", 
        "DisplayEnhancementService", 
        "Failed to query DES service status.", 
        "Escape provided partial data. Status = 0x%08x.", 
        "Size needed (%u) is not a multiple of DXGK_CACHED_EDID (%u).", 
        "Escape failed with status 0x%08x (WriteEdidCache).", 
        "Failed to get display adapter handle list. Error = 0x%08x.", 
        "Verbose brightness logging is %s.", 
        "Adapter doesn't support brightness interface 2.", 
        "Escape failed with status 0x%08x (ToggleBrightnessLogging).", 
        "Escape failed with status 0x%08x (ToggleExtraCcdDatabaseAccessDiag).", 
        "LogPixels", 
        "SYSTEM\\CurrentControlSet\\Hardware Profiles\\Current\\Software\\Fonts", 
        "Control Panel\\Desktop", 
        "Win8DpiScaling", 
        "Failed to get system DPI from win32k escape.", 
        "Couldn't determine config buffer sizes (0x%x).", 
        "Out of memory for %u modes.", 
        "Out of memory for %u paths.", 
        "QueryDisplayConfig failed with error 0x%08x.", 
        "Logs display information to a file in the current directory.", 
        "Usage: dispdiag [-testacpi] [-d] [-delay <seconds>] [-brightnesslogging] [-out <FilePath>]", 
        "-testacpi            runs hotkey diagnostics test", 
        "-d                   generates a dmp file as well with additional data.", 
        "-delay               delays the collection of data by specified time in seconds.", 
        "-out <FilePath>      path where the dispdiag file should be saved, including filename. This must be the last parameter", 
        "-DumpIdDiag          force Indirect DIsplay framework to dump diag info via WPP", 
        "-brightnesslogging              toggle verbose brightness logging.", 
        "-ccddatabaselogging <on|off>    toggle Ccd database access logging.", 
        "-dxgautologger <on|off>         toggle DxgDiagnostics autologger. Requires admin and a reboot.", 
        "-DodFullscreenupdates <on|off>  toggle if all active display only drivers should process each present", 
        "                                as full screen dirty.", 
        "-Msg <Message to log>           Inserts the specified message into the diagnostic buffers", 
        "Output:", 
        "Name of the saved file.", 
        "%SystemRoot%\\System32\\LogFiles\\WMI\\DxgDiagnostics.etl", 
        "Failed to expand environment varaibles. GLE = %d", 
        "%s.0??", 
        "Failed to append wildcard characters. Error = 0x%08X", 
        "No etl files present. GLE = %d", 
        "%s.%03d", 
        "Failed to get zip archive item count. Error = 0x%08X.", 
        "Copying the Etl file timed out.", 
        "Etl file exists, but copy failed. Error = %0x08X, File '%s'", 
        "Failed to write ETL file name. Error = %0x08X.", 
        "Out of memory", 
        "Failed to open zip archive file. Error = 0x%08X.", 
        "Diagnostics file: %s", 
        "Failed to create zip archive file. Error = 0x%08X.", 
        "Failed to create an instance of IShellDispatch. Error = 0x%08X.", 
        "Failed to initialize com.", 
        "SYSTEM\\CurrentControlSet\\Control\\WMI\\AutoLogger\\DxgDiagnostics", 
        "SYSTEM\\CurrentControlSet\\Control\\WMI\\AutoLogger\\DxgDiagnostics\\{221d444c-d07e-4fde-b425-15b746cf535b}", 
        "DxgDiagnostics", 
        "Enabled", 
        "LoggerName", 
        "SYSTEM\\CurrentControlSet\\Control\\WMI\\AutoLogger\\DxgDiagnostics\\{deb96c0a-d2d9-5868-a5d5-50ee13513c8b}", 
        "Display", 
        "MatchAnyKeyword", 
        "SYSTEM\\CurrentControlSet\\Control\\WMI\\AutoLogger\\DxgDiagnostics\\{C6998471-62CD-424D-A9A3-FE4C1FA378A4}", 
        "DxgKrnl", 
        "SYSTEM\\CurrentControlSet\\Control\\WMI\\AutoLogger\\DxgDiagnostics\\{487d6e37-1b9d-46d3-a8fd-54ce8bdf8a53}", 
        "Win32kTraceLogging", 
        "{10eaee78-326f-4231-a97a-e661c66651b3}", 
        "ClockType", 
        "BufferSize", 
        "MinimumBuffers", 
        "MaximumBuffers", 
        "FileMax", 
        "MaxFileSize", 
        "FlushTimer", 
        "FileName", 
        "LogFileMode", 
        "Autologger enabled. A reboot is required to take effect.", 
        "Failed to enable autologger.", 
        "Administrator privileges required for -dxgautologger option.", 
        "Failed -dxgautologger option.", 
        "Autologger disabled. A reboot is required to take effect.", 
        "Failed to disable autologger.", 
        "Autologger already disabled.", 
        "GetDisplayConfigBufferSizes failed.", 
        "QueryDisplayConfig failed.", 
        "Successfully configured adapter 0x%lx.", 
        "Failed to configure adapter 0x%lx.", 
        "Successfully triggered WPP diag dump on adapter 0x%lx.", 
        "Failed to trigger WPP diag dump on adapter 0x%lx.", 
        "Failed to get message length.", 
        "Failed to allocate diagnostics packet.", 
        "Escape to log message failed with status 0x%08x.", 
        "DispDiag", 
        "Failed to get current directory.", 
        "-DumpIdDiag", 
        "/DumpIdDiag", 
        "-DodFullscreenupdates", 
        "/DodFullscreenupdates", 
        "Invalid params for -dxgautologger option.", 
        "enable", 
        "disable", 
        "Invalid params for -DodFullscreenupdates option.", 
        "-dxgautologger", 
        "/dxgautologger", 
        "-verbose", 
        "/verbose", 
        "-quiet", 
        "/quiet", 
        "-hotkey", 
        "/hotkey", 
        "-testacpi", 
        "/testacpi", 
        "-brightnesslogging", 
        "/brightnesslogging", 
        "-ccddatabaselogging", 
        "/ccddatabaselogging", 
        "Invalid params for -ccddatabaselogging option.", 
        "-delay", 
        "/delay", 
        "%ProgramData%\\DispDiag", 
        "\\DispDiag.dat", 
        "%s\\%s-%04d%02d%02d-%02d%02d%02d-%ld-%ld", 
        "DXVA2.dll", 
        "Failed to get the current mode", 
        "Failed to convert security descriptor. ", 
        "Error %u encountered while creating output file.", 
        "Dump file: %s", 
        "QDC_ONLY_ACTIVE_PATHS call failed.", 
        "QDC_DATABASE_CURRENT call failed.", 
        "%s.dmp", 
        "Failed to create debug snapshot file name.", 
        "Write DDA info failed.", 
        "Write BDD info failed.", 
        "Write non-display info failed.", 
        "Write EDID cache failed.", 
        "Write DPI_INFO failed.", 
        "Failed to get the operating system and display driver information.", 
        "size = %d", 
        "ACPI_NOTIFY_DOCK_EVENT", 
        "ACPI_NOTIFY_PANEL_SWITCH", 
        "ACPI_NOTIFY_DEVICE_HOTPLUG", 
        "ACPI_NOTIFY_CYCLE_DISPLAY_HOTKEY", 
        "ACPI_NOTIFY_NEXT_DISPLAY_HOTKEY", 
        "ACPI_NOTIFY_PREV_DISPLAY_HOTKEY", 
        "ACPI_NOTIFY_CYCLE_BRIGHTNESS_HOTKEY", 
        "ACPI_NOTIFY_INC_BRIGHTNESS_HOTKEY", 
        "ACPI_NOTIFY_DEC_BRIGHTNESS_HOTKEY", 
        "ACPI_NOTIFY_ZERO_BRIGHTNESS_HOTKEY", 
        "ACPI_NOTIFY_VIDEO_WAKEUP", 
        "<UNKNOWN>", 
        "dispdiag_videoprt", 
        "dispdiag_monitor", 
        "ACPI: 0x%02x - %ws", 
        "Please press any available hot keys, press <Esc> to finish...", 
        "KEY: %c", 
        "Code: 0x%02x", 
        "Scan Code: 0x%02x", 
        "Finishing...", 
        "Failed to write to file", 
        "VS_VERSION_INFO", 
        "StringFileInfo", 
        "000004B0", 
        "CompanyName", 
        "Microsoft Corporation", 
        "FileDescription", 
        "Display Diagnostics", 
        "FileVersion", 
        "10.0.22621.2506 (WinBuild.160101.0800)", 
        "InternalName", 
        "dispdiag.exe", 
        "LegalCopyright", 
        " Microsoft Corporation. All rights reserved.", 
        "OriginalFilename", 
        "dispdiag.exe", 
        "ProductName", 
        "Microsoft", 
        " Windows", 
        " Operating System", 
        "ProductVersion", 
        "10.0.22621.2506", 
        "VarFileInfo", 
        "Translation"
    ], 
    "metadata": {
        "output": {
            "pcap": {
                "basename": "dump.pcap", 
                "sha256": "d8a137189a05830a8343bf30126dc67c47a7044b83eafed9c34fb68b1e86f263", 
                "dirname": ""
            }
        }
    }
}