{
    "info": {
        "added": 1742629819.925508, 
        "started": 1742630005.380903, 
        "duration": 18, 
        "ended": 1742630023.424147, 
        "owner": null, 
        "score": 0.6, 
        "id": 394, 
        "category": "file", 
        "git": {
            "head": "13cbe0d9e457be3673304533043e992ead1ea9b2", 
            "fetch_head": "13cbe0d9e457be3673304533043e992ead1ea9b2"
        }, 
        "monitor": "2deb9ccd75d5a7a3fe05b2625b03a8639d6ee36b", 
        "package": "exe", 
        "route": "none", 
        "custom": null, 
        "machine": {
            "status": "stopped", 
            "name": "192.168.56.1011", 
            "label": "192.168.56.1011", 
            "manager": "VirtualBox", 
            "started_on": "2025-03-22 07:53:25", 
            "shutdown_on": "2025-03-22 07:53:43"
        }, 
        "platform": "windows", 
        "version": "2.0.7", 
        "options": "procmemdump=yes,route=none"
    }, 
    "signatures": [
        {
            "families": [], 
            "description": "This executable has a PDB path", 
            "severity": 1, 
            "ttp": {}, 
            "markcount": 1, 
            "references": [], 
            "marks": [
                {
                    "category": "pdb_path", 
                    "ioc": "djoin.pdb", 
                    "type": "ioc", 
                    "description": null
                }
            ], 
            "name": "has_pdb"
        }, 
        {
            "families": [], 
            "description": "The executable contains unknown PE section names indicative of a packer (could be a false positive)", 
            "severity": 1, 
            "ttp": {
                "T1045": {
                    "short": "Software Packing", 
                    "long": "Software packing is a method of compressing or encrypting an executable. Packing an executable changes the file signature in an attempt to avoid signature-based detection. Most decompression techniques decompress the executable code in memory."
                }
            }, 
            "markcount": 1, 
            "references": [], 
            "marks": [
                {
                    "category": "section", 
                    "ioc": ".didat", 
                    "type": "ioc", 
                    "description": null
                }
            ], 
            "name": "pe_features"
        }, 
        {
            "families": [], 
            "description": "The file contains an unknown PE resource name possibly indicative of a packer", 
            "severity": 1, 
            "ttp": {
                "T1045": {
                    "short": "Software Packing", 
                    "long": "Software packing is a method of compressing or encrypting an executable. Packing an executable changes the file signature in an attempt to avoid signature-based detection. Most decompression techniques decompress the executable code in memory."
                }
            }, 
            "markcount": 1, 
            "references": [], 
            "marks": [
                {
                    "category": "resource name", 
                    "ioc": "MUI", 
                    "type": "ioc", 
                    "description": null
                }
            ], 
            "name": "pe_unknown_resource_name"
        }
    ], 
    "target": {
        "category": "file", 
        "file": {
            "yara": [], 
            "sha1": "f11984013497685683ac889ed1e818243d12099f", 
            "name": "djoin.exe", 
            "type": "PE32+ executable (console) x86-64, for MS Windows", 
            "sha256": "05d576742a3d4c092a7d1f2c586b37e3236052bed0492c4604e5370d3436db89", 
            "urls": [], 
            "crc32": "2A523B01", 
            "path": "/home/tesst/.cuckoo/storage/binaries/05d576742a3d4c092a7d1f2c586b37e3236052bed0492c4604e5370d3436db89", 
            "ssdeep": null, 
            "size": 102400, 
            "sha512": "c797d4d3eb7f5f795305862188d1e8e4c4aa26ac1ade739228df0647b0d3bf26e0de87aaf5031013915a9e1dab6604754e7419d59ec932b9a41bb25c211f4fa4", 
            "md5": "963ec75c3ef1a9b6422ba4cc79156459"
        }
    }, 
    "network": {
        "tls": [], 
        "udp": [
            {
                "src": "192.168.56.101", 
                "dst": "224.0.0.252", 
                "offset": 1214, 
                "time": 1.2561249732971191, 
                "dport": 5355, 
                "sport": 64614
            }, 
            {
                "src": "192.168.56.101", 
                "dst": "224.0.0.252", 
                "offset": 1534, 
                "time": 1.7674429416656494, 
                "dport": 5355, 
                "sport": 65517
            }, 
            {
                "src": "192.168.56.101", 
                "dst": "239.255.255.250", 
                "offset": 1862, 
                "time": 1.4371638298034668, 
                "dport": 1900, 
                "sport": 64617
            }
        ], 
        "dns_servers": [], 
        "http": [], 
        "icmp": [], 
        "smtp": [], 
        "tcp": [], 
        "smtp_ex": [], 
        "mitm": [], 
        "hosts": [], 
        "pcap_sha256": "b9cb3f50c7c1f00851e7e8d1b7197a38698cf3572c17c41cf4e7d3c390f11f14", 
        "dns": [], 
        "http_ex": [], 
        "domains": [], 
        "dead_hosts": [], 
        "sorted_pcap_sha256": "f9983f025fa695ca31948e502f79269364af941f42ebdd289ea021d5b4b41b0c", 
        "irc": [], 
        "https_ex": []
    }, 
    "static": {
        "pdb_path": "djoin.pdb", 
        "pe_imports": [
            {
                "imports": [
                    {
                        "name": "wcsncmp", 
                        "address": "0x1400094a0"
                    }, 
                    {
                        "name": "_wcsnicmp", 
                        "address": "0x1400094a8"
                    }, 
                    {
                        "name": "memcpy", 
                        "address": "0x1400094b0"
                    }, 
                    {
                        "name": "_onexit", 
                        "address": "0x1400094b8"
                    }, 
                    {
                        "name": "__dllonexit", 
                        "address": "0x1400094c0"
                    }, 
                    {
                        "name": "__CxxFrameHandler4", 
                        "address": "0x1400094c8"
                    }, 
                    {
                        "name": "_unlock", 
                        "address": "0x1400094d0"
                    }, 
                    {
                        "name": "_lock", 
                        "address": "0x1400094d8"
                    }, 
                    {
                        "name": "?terminate@@YAXXZ", 
                        "address": "0x1400094e0"
                    }, 
                    {
                        "name": "_commode", 
                        "address": "0x1400094e8"
                    }, 
                    {
                        "name": "_fmode", 
                        "address": "0x1400094f0"
                    }, 
                    {
                        "name": "__C_specific_handler", 
                        "address": "0x1400094f8"
                    }, 
                    {
                        "name": "_initterm", 
                        "address": "0x140009500"
                    }, 
                    {
                        "name": "__setusermatherr", 
                        "address": "0x140009508"
                    }, 
                    {
                        "name": "_cexit", 
                        "address": "0x140009510"
                    }, 
                    {
                        "name": "exit", 
                        "address": "0x140009518"
                    }, 
                    {
                        "name": "__set_app_type", 
                        "address": "0x140009520"
                    }, 
                    {
                        "name": "__wgetmainargs", 
                        "address": "0x140009528"
                    }, 
                    {
                        "name": "_amsg_exit", 
                        "address": "0x140009530"
                    }, 
                    {
                        "name": "_XcptFilter", 
                        "address": "0x140009538"
                    }, 
                    {
                        "name": "malloc", 
                        "address": "0x140009540"
                    }, 
                    {
                        "name": "free", 
                        "address": "0x140009548"
                    }, 
                    {
                        "name": "printf", 
                        "address": "0x140009550"
                    }, 
                    {
                        "name": "wcschr", 
                        "address": "0x140009558"
                    }, 
                    {
                        "name": "wcscpy_s", 
                        "address": "0x140009560"
                    }, 
                    {
                        "name": "_vsnprintf", 
                        "address": "0x140009568"
                    }, 
                    {
                        "name": "_wtoi", 
                        "address": "0x140009570"
                    }, 
                    {
                        "name": "_wcsicmp", 
                        "address": "0x140009578"
                    }, 
                    {
                        "name": "setlocale", 
                        "address": "0x140009580"
                    }, 
                    {
                        "name": "_vsnwprintf", 
                        "address": "0x140009588"
                    }, 
                    {
                        "name": "wcsrchr", 
                        "address": "0x140009590"
                    }, 
                    {
                        "name": "__iob_func", 
                        "address": "0x140009598"
                    }, 
                    {
                        "name": "fwprintf", 
                        "address": "0x1400095a0"
                    }, 
                    {
                        "name": "_exit", 
                        "address": "0x1400095a8"
                    }, 
                    {
                        "name": "swprintf_s", 
                        "address": "0x1400095b0"
                    }, 
                    {
                        "name": "wprintf", 
                        "address": "0x1400095b8"
                    }, 
                    {
                        "name": "memset", 
                        "address": "0x1400095c0"
                    }
                ], 
                "dll": "msvcrt.dll"
            }, 
            {
                "imports": [
                    {
                        "name": "NetCreateProvisioningPackage", 
                        "address": "0x1400095d0"
                    }, 
                    {
                        "name": "NetRequestProvisioningPackageInstall", 
                        "address": "0x1400095d8"
                    }, 
                    {
                        "name": "NetpRequestProvisioningPackageInstallForIMC", 
                        "address": "0x1400095e0"
                    }, 
                    {
                        "name": "NetpProvDomainJoinLicensingCheck", 
                        "address": "0x1400095e8"
                    }, 
                    {
                        "name": "NetpAnalyzeProvisioningPackage", 
                        "address": "0x1400095f0"
                    }
                ], 
                "dll": "netprovfw.dll"
            }, 
            {
                "imports": [
                    {
                        "name": "FormatMessageW", 
                        "address": "0x140009298"
                    }, 
                    {
                        "name": "SetThreadPreferredUILanguages", 
                        "address": "0x1400092a0"
                    }
                ], 
                "dll": "api-ms-win-core-localization-l1-2-0.dll"
            }, 
            {
                "imports": [
                    {
                        "name": "UnhandledExceptionFilter", 
                        "address": "0x1400091a0"
                    }, 
                    {
                        "name": "SetLastError", 
                        "address": "0x1400091a8"
                    }, 
                    {
                        "name": "GetLastError", 
                        "address": "0x1400091b0"
                    }, 
                    {
                        "name": "SetUnhandledExceptionFilter", 
                        "address": "0x1400091b8"
                    }
                ], 
                "dll": "api-ms-win-core-errorhandling-l1-1-0.dll"
            }, 
            {
                "imports": [
                    {
                        "name": "GetModuleHandleW", 
                        "address": "0x140009260"
                    }, 
                    {
                        "name": "FreeLibrary", 
                        "address": "0x140009268"
                    }, 
                    {
                        "name": "LoadLibraryExW", 
                        "address": "0x140009270"
                    }, 
                    {
                        "name": "LoadStringW", 
                        "address": "0x140009278"
                    }, 
                    {
                        "name": "GetProcAddress", 
                        "address": "0x140009280"
                    }, 
                    {
                        "name": "GetModuleFileNameW", 
                        "address": "0x140009288"
                    }
                ], 
                "dll": "api-ms-win-core-libraryloader-l1-2-0.dll"
            }, 
            {
                "imports": [
                    {
                        "name": "DeleteFileW", 
                        "address": "0x1400091c8"
                    }, 
                    {
                        "name": "GetFileAttributesW", 
                        "address": "0x1400091d0"
                    }, 
                    {
                        "name": "WriteFile", 
                        "address": "0x1400091d8"
                    }, 
                    {
                        "name": "GetFileSize", 
                        "address": "0x1400091e0"
                    }, 
                    {
                        "name": "ReadFile", 
                        "address": "0x1400091e8"
                    }, 
                    {
                        "name": "CreateDirectoryW", 
                        "address": "0x1400091f0"
                    }, 
                    {
                        "name": "GetFullPathNameW", 
                        "address": "0x1400091f8"
                    }, 
                    {
                        "name": "CreateFileW", 
                        "address": "0x140009200"
                    }
                ], 
                "dll": "api-ms-win-core-file-l1-1-0.dll"
            }, 
            {
                "imports": [
                    {
                        "name": "RegSetValueExW", 
                        "address": "0x140009300"
                    }, 
                    {
                        "name": "RegCreateKeyExW", 
                        "address": "0x140009308"
                    }, 
                    {
                        "name": "RegLoadKeyW", 
                        "address": "0x140009310"
                    }, 
                    {
                        "name": "RegDeleteValueW", 
                        "address": "0x140009318"
                    }, 
                    {
                        "name": "RegUnLoadKeyW", 
                        "address": "0x140009320"
                    }, 
                    {
                        "name": "RegCloseKey", 
                        "address": "0x140009328"
                    }, 
                    {
                        "name": "RegQueryValueExW", 
                        "address": "0x140009330"
                    }, 
                    {
                        "name": "RegSaveKeyExW", 
                        "address": "0x140009338"
                    }, 
                    {
                        "name": "RegOpenKeyExW", 
                        "address": "0x140009340"
                    }
                ], 
                "dll": "api-ms-win-core-registry-l1-1-0.dll"
            }, 
            {
                "imports": [
                    {
                        "name": "GetConsoleOutputCP", 
                        "address": "0x140009170"
                    }
                ], 
                "dll": "api-ms-win-core-console-l1-1-0.dll"
            }, 
            {
                "imports": [
                    {
                        "name": "GetStdHandle", 
                        "address": "0x1400092b0"
                    }, 
                    {
                        "name": "ExpandEnvironmentStringsW", 
                        "address": "0x1400092b8"
                    }
                ], 
                "dll": "api-ms-win-core-processenvironment-l1-1-0.dll"
            }, 
            {
                "imports": [
                    {
                        "name": "StartServiceW", 
                        "address": "0x140009458"
                    }, 
                    {
                        "name": "CloseServiceHandle", 
                        "address": "0x140009460"
                    }, 
                    {
                        "name": "OpenSCManagerW", 
                        "address": "0x140009468"
                    }, 
                    {
                        "name": "OpenServiceW", 
                        "address": "0x140009470"
                    }
                ], 
                "dll": "api-ms-win-service-management-l1-1-0.dll"
            }, 
            {
                "imports": [
                    {
                        "name": "StartTraceW", 
                        "address": "0x140009430"
                    }, 
                    {
                        "name": "ControlTraceW", 
                        "address": "0x140009438"
                    }
                ], 
                "dll": "api-ms-win-eventing-controller-l1-1-0.dll"
            }, 
            {
                "imports": [
                    {
                        "name": "UuidToStringW", 
                        "address": "0x140009150"
                    }, 
                    {
                        "name": "UuidCreate", 
                        "address": "0x140009158"
                    }, 
                    {
                        "name": "RpcStringFreeW", 
                        "address": "0x140009160"
                    }
                ], 
                "dll": "RPCRT4.dll"
            }, 
            {
                "imports": [
                    {
                        "name": "NetApiBufferFree", 
                        "address": "0x140009600"
                    }, 
                    {
                        "name": "NetApiBufferAllocate", 
                        "address": "0x140009608"
                    }
                ], 
                "dll": "netutils.dll"
            }, 
            {
                "imports": [
                    {
                        "name": "LocalAlloc", 
                        "address": "0x140009248"
                    }, 
                    {
                        "name": "LocalFree", 
                        "address": "0x140009250"
                    }
                ], 
                "dll": "api-ms-win-core-heap-l2-1-0.dll"
            }, 
            {
                "imports": [
                    {
                        "name": "DsGetDcNameW", 
                        "address": "0x140009490"
                    }
                ], 
                "dll": "logoncli.dll"
            }, 
            {
                "imports": [
                    {
                        "name": "Sleep", 
                        "address": "0x1400093b8"
                    }
                ], 
                "dll": "api-ms-win-core-synch-l1-2-0.dll"
            }, 
            {
                "imports": [
                    {
                        "name": "GetTickCount", 
                        "address": "0x1400093c8"
                    }, 
                    {
                        "name": "GetWindowsDirectoryW", 
                        "address": "0x1400093d0"
                    }, 
                    {
                        "name": "GetVersionExW", 
                        "address": "0x1400093d8"
                    }, 
                    {
                        "name": "GetTickCount64", 
                        "address": "0x1400093e0"
                    }, 
                    {
                        "name": "GetSystemTimeAsFileTime", 
                        "address": "0x1400093e8"
                    }
                ], 
                "dll": "api-ms-win-core-sysinfo-l1-1-0.dll"
            }, 
            {
                "imports": [
                    {
                        "name": "NetUseDel", 
                        "address": "0x140009670"
                    }, 
                    {
                        "name": "NetJoinDomain", 
                        "address": "0x140009678"
                    }, 
                    {
                        "name": "NetUseAdd", 
                        "address": "0x140009680"
                    }
                ], 
                "dll": "wkscli.dll"
            }, 
            {
                "imports": [
                    {
                        "name": "CloseHandle", 
                        "address": "0x140009210"
                    }
                ], 
                "dll": "api-ms-win-core-handle-l1-1-0.dll"
            }, 
            {
                "imports": [
                    {
                        "name": "HeapAlloc", 
                        "address": "0x140009220"
                    }, 
                    {
                        "name": "HeapFree", 
                        "address": "0x140009228"
                    }, 
                    {
                        "name": "GetProcessHeap", 
                        "address": "0x140009230"
                    }, 
                    {
                        "name": "HeapSetInformation", 
                        "address": "0x140009238"
                    }
                ], 
                "dll": "api-ms-win-core-heap-l1-1-0.dll"
            }, 
            {
                "imports": [
                    {
                        "name": "QueryServiceStatus", 
                        "address": "0x140009480"
                    }
                ], 
                "dll": "api-ms-win-service-winsvc-l1-1-0.dll"
            }, 
            {
                "imports": [
                    {
                        "name": "RtlCaptureContext", 
                        "address": "0x140009350"
                    }, 
                    {
                        "name": "RtlLookupFunctionEntry", 
                        "address": "0x140009358"
                    }, 
                    {
                        "name": "RtlVirtualUnwind", 
                        "address": "0x140009360"
                    }
                ], 
                "dll": "api-ms-win-core-rtlsupport-l1-1-0.dll"
            }, 
            {
                "imports": [
                    {
                        "name": "GetCurrentProcessId", 
                        "address": "0x1400092c8"
                    }, 
                    {
                        "name": "TerminateProcess", 
                        "address": "0x1400092d0"
                    }, 
                    {
                        "name": "GetCurrentProcess", 
                        "address": "0x1400092d8"
                    }, 
                    {
                        "name": "GetCurrentThreadId", 
                        "address": "0x1400092e0"
                    }
                ], 
                "dll": "api-ms-win-core-processthreads-l1-1-0.dll"
            }, 
            {
                "imports": [
                    {
                        "name": "QueryPerformanceCounter", 
                        "address": "0x1400092f0"
                    }
                ], 
                "dll": "api-ms-win-core-profile-l1-1-0.dll"
            }, 
            {
                "imports": [
                    {
                        "name": "EnableTrace", 
                        "address": "0x140009448"
                    }
                ], 
                "dll": "api-ms-win-eventing-legacy-l1-1-0.dll"
            }, 
            {
                "imports": [
                    {
                        "name": "RtlNtStatusToDosError", 
                        "address": "0x140009618"
                    }, 
                    {
                        "name": "RtlFreeHeap", 
                        "address": "0x140009620"
                    }, 
                    {
                        "name": "RtlGetNtProductType", 
                        "address": "0x140009628"
                    }, 
                    {
                        "name": "NtAdjustPrivilegesToken", 
                        "address": "0x140009630"
                    }, 
                    {
                        "name": "NtOpenProcessToken", 
                        "address": "0x140009638"
                    }, 
                    {
                        "name": "NtDuplicateToken", 
                        "address": "0x140009640"
                    }, 
                    {
                        "name": "DbgPrint", 
                        "address": "0x140009648"
                    }, 
                    {
                        "name": "RtlAllocateHeap", 
                        "address": "0x140009650"
                    }, 
                    {
                        "name": "NtSetInformationThread", 
                        "address": "0x140009658"
                    }, 
                    {
                        "name": "NtClose", 
                        "address": "0x140009660"
                    }
                ], 
                "dll": "ntdll.dll"
            }, 
            {
                "imports": [
                    {
                        "name": "SetEvent", 
                        "address": "0x140009370"
                    }, 
                    {
                        "name": "CreateEventW", 
                        "address": "0x140009378"
                    }, 
                    {
                        "name": "LeaveCriticalSection", 
                        "address": "0x140009380"
                    }, 
                    {
                        "name": "WaitForSingleObject", 
                        "address": "0x140009388"
                    }, 
                    {
                        "name": "InitializeCriticalSection", 
                        "address": "0x140009390"
                    }, 
                    {
                        "name": "EnterCriticalSection", 
                        "address": "0x140009398"
                    }, 
                    {
                        "name": "DeleteCriticalSection", 
                        "address": "0x1400093a0"
                    }, 
                    {
                        "name": "OpenEventW", 
                        "address": "0x1400093a8"
                    }
                ], 
                "dll": "api-ms-win-core-synch-l1-1-0.dll"
            }, 
            {
                "imports": [
                    {
                        "name": "RegisterTraceGuidsW", 
                        "address": "0x1400093f8"
                    }, 
                    {
                        "name": "UnregisterTraceGuids", 
                        "address": "0x140009400"
                    }, 
                    {
                        "name": "TraceEvent", 
                        "address": "0x140009408"
                    }, 
                    {
                        "name": "GetTraceLoggerHandle", 
                        "address": "0x140009410"
                    }, 
                    {
                        "name": "GetTraceEnableFlags", 
                        "address": "0x140009418"
                    }, 
                    {
                        "name": "GetTraceEnableLevel", 
                        "address": "0x140009420"
                    }
                ], 
                "dll": "api-ms-win-eventing-classicprovider-l1-1-0.dll"
            }, 
            {
                "imports": [
                    {
                        "name": "ResolveDelayLoadedAPI", 
                        "address": "0x140009190"
                    }
                ], 
                "dll": "api-ms-win-core-delayload-l1-1-1.dll"
            }, 
            {
                "imports": [
                    {
                        "name": "DelayLoadFailureHook", 
                        "address": "0x140009180"
                    }
                ], 
                "dll": "api-ms-win-core-delayload-l1-1-0.dll"
            }
        ], 
        "peid_signatures": null, 
        "keys": [], 
        "signature": [], 
        "pe_timestamp": "1992-04-29 20:30:32", 
        "pe_exports": [], 
        "imported_dll_count": 30, 
        "pe_imphash": "a0d2c238122b7ace2f6a5b53a13b9e40", 
        "pe_resources": [
            {
                "name": "MUI", 
                "language": "LANG_ENGLISH", 
                "filetype": "data", 
                "sublanguage": "SUBLANG_ENGLISH_US", 
                "offset": "0x0001f698", 
                "size": "0x000000d8"
            }, 
            {
                "name": "RT_STRING", 
                "language": "LANG_ENGLISH", 
                "filetype": "data", 
                "sublanguage": "SUBLANG_ENGLISH_US", 
                "offset": "0x0001f600", 
                "size": "0x00000096"
            }, 
            {
                "name": "RT_STRING", 
                "language": "LANG_ENGLISH", 
                "filetype": "data", 
                "sublanguage": "SUBLANG_ENGLISH_US", 
                "offset": "0x0001f600", 
                "size": "0x00000096"
            }, 
            {
                "name": "RT_STRING", 
                "language": "LANG_ENGLISH", 
                "filetype": "data", 
                "sublanguage": "SUBLANG_ENGLISH_US", 
                "offset": "0x0001f600", 
                "size": "0x00000096"
            }, 
            {
                "name": "RT_MESSAGETABLE", 
                "language": "LANG_ENGLISH", 
                "filetype": "data", 
                "sublanguage": "SUBLANG_ENGLISH_US", 
                "offset": "0x0001b970", 
                "size": "0x00003acc"
            }, 
            {
                "name": "RT_VERSION", 
                "language": "LANG_ENGLISH", 
                "filetype": "COM executable for DOS", 
                "sublanguage": "SUBLANG_ENGLISH_US", 
                "offset": "0x0001b5a8", 
                "size": "0x000003c8"
            }, 
            {
                "name": "RT_MANIFEST", 
                "language": "LANG_ENGLISH", 
                "filetype": "XML 1.0 document, ASCII text, with CRLF line terminators", 
                "sublanguage": "SUBLANG_ENGLISH_US", 
                "offset": "0x0001b1e0", 
                "size": "0x000003c5"
            }
        ], 
        "pe_versioninfo": [
            {
                "name": "LegalCopyright", 
                "value": "\\xa9 Microsoft Corporation. All rights reserved."
            }, 
            {
                "name": "InternalName", 
                "value": "djoin.exe"
            }, 
            {
                "name": "FileVersion", 
                "value": "10.0.22621.1 (WinBuild.160101.0800)"
            }, 
            {
                "name": "CompanyName", 
                "value": "Microsoft Corporation"
            }, 
            {
                "name": "ProductName", 
                "value": "Microsoft\\xae Windows\\xae Operating System"
            }, 
            {
                "name": "ProductVersion", 
                "value": "10.0.22621.1"
            }, 
            {
                "name": "FileDescription", 
                "value": "Unattended Setup Generic Command For Domain Join"
            }, 
            {
                "name": "OriginalFilename", 
                "value": "djoin.exe"
            }, 
            {
                "name": "Translation", 
                "value": "0x0409 0x04b0"
            }
        ], 
        "pe_sections": [
            {
                "size_of_data": "0x00008000", 
                "virtual_address": "0x00001000", 
                "entropy": 5.844703363042343, 
                "name": ".text", 
                "virtual_size": "0x00007527"
            }, 
            {
                "size_of_data": "0x00007000", 
                "virtual_address": "0x00009000", 
                "entropy": 3.615578974155312, 
                "name": ".rdata", 
                "virtual_size": "0x000060c6"
            }, 
            {
                "size_of_data": "0x00001000", 
                "virtual_address": "0x00010000", 
                "entropy": 0.8585211257448341, 
                "name": ".data", 
                "virtual_size": "0x00008d00"
            }, 
            {
                "size_of_data": "0x00001000", 
                "virtual_address": "0x00019000", 
                "entropy": 1.2621301306127188, 
                "name": ".pdata", 
                "virtual_size": "0x000003a8"
            }, 
            {
                "size_of_data": "0x00001000", 
                "virtual_address": "0x0001a000", 
                "entropy": 0.013126943721219527, 
                "name": ".didat", 
                "virtual_size": "0x00000010"
            }, 
            {
                "size_of_data": "0x00005000", 
                "virtual_address": "0x0001b000", 
                "entropy": 3.3923137778119554, 
                "name": ".rsrc", 
                "virtual_size": "0x00004770"
            }, 
            {
                "size_of_data": "0x00001000", 
                "virtual_address": "0x00020000", 
                "entropy": 0.46316547925040397, 
                "name": ".reloc", 
                "virtual_size": "0x000000cc"
            }
        ]
    }, 
    "behavior": {
        "generic": [
            {
                "process_path": "C:\\Windows\\System32\\lsass.exe", 
                "process_name": "lsass.exe", 
                "pid": 508, 
                "summary": {}, 
                "first_seen": 1742633420.046875, 
                "ppid": 400
            }
        ], 
        "processes": [
            {
                "process_path": "C:\\Windows\\System32\\lsass.exe", 
                "calls": [], 
                "track": false, 
                "pid": 508, 
                "process_name": "lsass.exe", 
                "command_line": "C:\\Windows\\system32\\lsass.exe", 
                "modules": [
                    {
                        "basename": "lsass.exe", 
                        "imgsize": 49152, 
                        "baseaddr": "0xffc70000", 
                        "filepath": "C:\\Windows\\system32\\lsass.exe"
                    }, 
                    {
                        "basename": "ntdll.dll", 
                        "imgsize": 1740800, 
                        "baseaddr": "0x76dd0000", 
                        "filepath": "C:\\Windows\\SYSTEM32\\ntdll.dll"
                    }, 
                    {
                        "basename": "kernel32.dll", 
                        "imgsize": 1175552, 
                        "baseaddr": "0x76bb0000", 
                        "filepath": "C:\\Windows\\system32\\kernel32.dll"
                    }, 
                    {
                        "basename": "KERNELBASE.dll", 
                        "imgsize": 438272, 
                        "baseaddr": "0x7fefcf80000", 
                        "filepath": "C:\\Windows\\system32\\KERNELBASE.dll"
                    }, 
                    {
                        "basename": "msvcrt.dll", 
                        "imgsize": 651264, 
                        "baseaddr": "0x7fefec80000", 
                        "filepath": "C:\\Windows\\system32\\msvcrt.dll"
                    }, 
                    {
                        "basename": "RPCRT4.dll", 
                        "imgsize": 1232896, 
                        "baseaddr": "0x7fefd2c0000", 
                        "filepath": "C:\\Windows\\system32\\RPCRT4.dll"
                    }, 
                    {
                        "basename": "SspiSrv.dll", 
                        "imgsize": 45056, 
                        "baseaddr": "0x7fefcb60000", 
                        "filepath": "C:\\Windows\\system32\\SspiSrv.dll"
                    }, 
                    {
                        "basename": "lsasrv.dll", 
                        "imgsize": 1470464, 
                        "baseaddr": "0x7fefc9e0000", 
                        "filepath": "C:\\Windows\\system32\\lsasrv.dll"
                    }, 
                    {
                        "basename": "sechost.dll", 
                        "imgsize": 126976, 
                        "baseaddr": "0x7fefea00000", 
                        "filepath": "C:\\Windows\\SYSTEM32\\sechost.dll"
                    }, 
                    {
                        "basename": "SspiCli.dll", 
                        "imgsize": 151552, 
                        "baseaddr": "0x7fefcb80000", 
                        "filepath": "C:\\Windows\\system32\\SspiCli.dll"
                    }, 
                    {
                        "basename": "ADVAPI32.dll", 
                        "imgsize": 897024, 
                        "baseaddr": "0x7fefd480000", 
                        "filepath": "C:\\Windows\\system32\\ADVAPI32.dll"
                    }, 
                    {
                        "basename": "USER32.dll", 
                        "imgsize": 1024000, 
                        "baseaddr": "0x76cd0000", 
                        "filepath": "C:\\Windows\\system32\\USER32.dll"
                    }, 
                    {
                        "basename": "GDI32.dll", 
                        "imgsize": 421888, 
                        "baseaddr": "0x7fefd560000", 
                        "filepath": "C:\\Windows\\system32\\GDI32.dll"
                    }, 
                    {
                        "basename": "LPK.dll", 
                        "imgsize": 57344, 
                        "baseaddr": "0x7fefd830000", 
                        "filepath": "C:\\Windows\\system32\\LPK.dll"
                    }, 
                    {
                        "basename": "USP10.dll", 
                        "imgsize": 823296, 
                        "baseaddr": "0x7feff010000", 
                        "filepath": "C:\\Windows\\system32\\USP10.dll"
                    }, 
                    {
                        "basename": "SAMSRV.dll", 
                        "imgsize": 774144, 
                        "baseaddr": "0x7fefc880000", 
                        "filepath": "C:\\Windows\\system32\\SAMSRV.dll"
                    }, 
                    {
                        "basename": "cryptdll.dll", 
                        "imgsize": 81920, 
                        "baseaddr": "0x7fefc860000", 
                        "filepath": "C:\\Windows\\system32\\cryptdll.dll"
                    }, 
                    {
                        "basename": "MSASN1.dll", 
                        "imgsize": 61440, 
                        "baseaddr": "0x7fefcdc0000", 
                        "filepath": "C:\\Windows\\system32\\MSASN1.dll"
                    }, 
                    {
                        "basename": "wevtapi.dll", 
                        "imgsize": 446464, 
                        "baseaddr": "0x7fefc7f0000", 
                        "filepath": "C:\\Windows\\system32\\wevtapi.dll"
                    }, 
                    {
                        "basename": "IMM32.DLL", 
                        "imgsize": 188416, 
                        "baseaddr": "0x7fefea20000", 
                        "filepath": "C:\\Windows\\system32\\IMM32.DLL"
                    }, 
                    {
                        "basename": "MSCTF.dll", 
                        "imgsize": 1085440, 
                        "baseaddr": "0x7fefed20000", 
                        "filepath": "C:\\Windows\\system32\\MSCTF.dll"
                    }, 
                    {
                        "basename": "cngaudit.dll", 
                        "imgsize": 36864, 
                        "baseaddr": "0x7fefc7b0000", 
                        "filepath": "C:\\Windows\\system32\\cngaudit.dll"
                    }, 
                    {
                        "basename": "AUTHZ.dll", 
                        "imgsize": 192512, 
                        "baseaddr": "0x7fefc780000", 
                        "filepath": "C:\\Windows\\system32\\AUTHZ.dll"
                    }, 
                    {
                        "basename": "ncrypt.dll", 
                        "imgsize": 319488, 
                        "baseaddr": "0x7fefc730000", 
                        "filepath": "C:\\Windows\\system32\\ncrypt.dll"
                    }, 
                    {
                        "basename": "bcrypt.dll", 
                        "imgsize": 139264, 
                        "baseaddr": "0x7fefc700000", 
                        "filepath": "C:\\Windows\\system32\\bcrypt.dll"
                    }, 
                    {
                        "basename": "msprivs.DLL", 
                        "imgsize": 8192, 
                        "baseaddr": "0x74af0000", 
                        "filepath": "C:\\Windows\\system32\\msprivs.DLL"
                    }, 
                    {
                        "basename": "netjoin.dll", 
                        "imgsize": 204800, 
                        "baseaddr": "0x7fefc6c0000", 
                        "filepath": "C:\\Windows\\system32\\netjoin.dll"
                    }, 
                    {
                        "basename": "negoexts.DLL", 
                        "imgsize": 147456, 
                        "baseaddr": "0x7fefc690000", 
                        "filepath": "C:\\Windows\\system32\\negoexts.DLL"
                    }, 
                    {
                        "basename": "Secur32.dll", 
                        "imgsize": 45056, 
                        "baseaddr": "0x7fefc9b0000", 
                        "filepath": "C:\\Windows\\system32\\Secur32.dll"
                    }, 
                    {
                        "basename": "cryptbase.dll", 
                        "imgsize": 61440, 
                        "baseaddr": "0x7fefcc50000", 
                        "filepath": "C:\\Windows\\system32\\cryptbase.dll"
                    }, 
                    {
                        "basename": "kerberos.DLL", 
                        "imgsize": 737280, 
                        "baseaddr": "0x7fefc5d0000", 
                        "filepath": "C:\\Windows\\system32\\kerberos.DLL"
                    }, 
                    {
                        "basename": "CRYPTSP.dll", 
                        "imgsize": 94208, 
                        "baseaddr": "0x7fefc5b0000", 
                        "filepath": "C:\\Windows\\system32\\CRYPTSP.dll"
                    }, 
                    {
                        "basename": "WS2_32.dll", 
                        "imgsize": 315392, 
                        "baseaddr": "0x7fefec30000", 
                        "filepath": "C:\\Windows\\system32\\WS2_32.dll"
                    }, 
                    {
                        "basename": "NSI.dll", 
                        "imgsize": 32768, 
                        "baseaddr": "0x7fefd3f0000", 
                        "filepath": "C:\\Windows\\system32\\NSI.dll"
                    }, 
                    {
                        "basename": "mswsock.dll", 
                        "imgsize": 348160, 
                        "baseaddr": "0x7fefc550000", 
                        "filepath": "C:\\Windows\\system32\\mswsock.dll"
                    }, 
                    {
                        "basename": "wship6.dll", 
                        "imgsize": 28672, 
                        "baseaddr": "0x7fefc540000", 
                        "filepath": "C:\\Windows\\System32\\wship6.dll"
                    }, 
                    {
                        "basename": "msv1_0.DLL", 
                        "imgsize": 331776, 
                        "baseaddr": "0x7fefc4e0000", 
                        "filepath": "C:\\Windows\\system32\\msv1_0.DLL"
                    }, 
                    {
                        "basename": "netlogon.DLL", 
                        "imgsize": 712704, 
                        "baseaddr": "0x7fefc430000", 
                        "filepath": "C:\\Windows\\system32\\netlogon.DLL"
                    }, 
                    {
                        "basename": "DNSAPI.dll", 
                        "imgsize": 372736, 
                        "baseaddr": "0x7fefc3d0000", 
                        "filepath": "C:\\Windows\\system32\\DNSAPI.dll"
                    }, 
                    {
                        "basename": "logoncli.dll", 
                        "imgsize": 196608, 
                        "baseaddr": "0x7fefc3a0000", 
                        "filepath": "C:\\Windows\\system32\\logoncli.dll"
                    }, 
                    {
                        "basename": "schannel.DLL", 
                        "imgsize": 356352, 
                        "baseaddr": "0x7fefc340000", 
                        "filepath": "C:\\Windows\\system32\\schannel.DLL"
                    }, 
                    {
                        "basename": "CRYPT32.dll", 
                        "imgsize": 1470464, 
                        "baseaddr": "0x7fefcdd0000", 
                        "filepath": "C:\\Windows\\system32\\CRYPT32.dll"
                    }, 
                    {
                        "basename": "wdigest.DLL", 
                        "imgsize": 221184, 
                        "baseaddr": "0x7fefc300000", 
                        "filepath": "C:\\Windows\\system32\\wdigest.DLL"
                    }, 
                    {
                        "basename": "rsaenh.dll", 
                        "imgsize": 290816, 
                        "baseaddr": "0x7fefc2b0000", 
                        "filepath": "C:\\Windows\\system32\\rsaenh.dll"
                    }, 
                    {
                        "basename": "tspkg.DLL", 
                        "imgsize": 98304, 
                        "baseaddr": "0x7fefc290000", 
                        "filepath": "C:\\Windows\\system32\\tspkg.DLL"
                    }, 
                    {
                        "basename": "pku2u.DLL", 
                        "imgsize": 282624, 
                        "baseaddr": "0x7fefc240000", 
                        "filepath": "C:\\Windows\\system32\\pku2u.DLL"
                    }, 
                    {
                        "basename": "bcryptprimitives.dll", 
                        "imgsize": 311296, 
                        "baseaddr": "0x7fefc1f0000", 
                        "filepath": "C:\\Windows\\system32\\bcryptprimitives.dll"
                    }, 
                    {
                        "basename": "RpcRtRemote.dll", 
                        "imgsize": 81920, 
                        "baseaddr": "0x7fefcd00000", 
                        "filepath": "C:\\Windows\\system32\\RpcRtRemote.dll"
                    }, 
                    {
                        "basename": "efslsaext.dll", 
                        "imgsize": 73728, 
                        "baseaddr": "0x7fefc1d0000", 
                        "filepath": "C:\\Windows\\system32\\efslsaext.dll"
                    }, 
                    {
                        "basename": "scecli.DLL", 
                        "imgsize": 253952, 
                        "baseaddr": "0x7fefc130000", 
                        "filepath": "C:\\Windows\\system32\\scecli.DLL"
                    }, 
                    {
                        "basename": "credssp.dll", 
                        "imgsize": 40960, 
                        "baseaddr": "0x7fefc1b0000", 
                        "filepath": "C:\\Windows\\system32\\credssp.dll"
                    }, 
                    {
                        "basename": "WINSTA.dll", 
                        "imgsize": 249856, 
                        "baseaddr": "0x7fefcc10000", 
                        "filepath": "C:\\Windows\\system32\\WINSTA.dll"
                    }, 
                    {
                        "basename": "IPHLPAPI.DLL", 
                        "imgsize": 159744, 
                        "baseaddr": "0x7fefbfd0000", 
                        "filepath": "C:\\Windows\\system32\\IPHLPAPI.DLL"
                    }, 
                    {
                        "basename": "WINNSI.DLL", 
                        "imgsize": 45056, 
                        "baseaddr": "0x7fefbfc0000", 
                        "filepath": "C:\\Windows\\system32\\WINNSI.DLL"
                    }, 
                    {
                        "basename": "netutils.dll", 
                        "imgsize": 49152, 
                        "baseaddr": "0x7fefa790000", 
                        "filepath": "C:\\Windows\\system32\\netutils.dll"
                    }, 
                    {
                        "basename": "USERENV.dll", 
                        "imgsize": 122880, 
                        "baseaddr": "0x7fefc060000", 
                        "filepath": "C:\\Windows\\system32\\USERENV.dll"
                    }, 
                    {
                        "basename": "profapi.dll", 
                        "imgsize": 61440, 
                        "baseaddr": "0x7fefcd20000", 
                        "filepath": "C:\\Windows\\system32\\profapi.dll"
                    }, 
                    {
                        "basename": "wshtcpip.dll", 
                        "imgsize": 28672, 
                        "baseaddr": "0x7fefbed0000", 
                        "filepath": "C:\\Windows\\System32\\wshtcpip.dll"
                    }, 
                    {
                        "basename": "monitor-x64.dll", 
                        "imgsize": 2269184, 
                        "baseaddr": "0x744c0000", 
                        "filepath": "C:\\tmpql7zol\\bin\\monitor-x64.dll"
                    }
                ], 
                "time": 0, 
                "tid": 1664, 
                "first_seen": 1742633420.046875, 
                "ppid": 400, 
                "type": "process"
            }
        ], 
        "processtree": [
            {
                "track": false, 
                "pid": 508, 
                "process_name": "lsass.exe", 
                "command_line": "C:\\Windows\\system32\\lsass.exe", 
                "first_seen": 1742633420.046875, 
                "ppid": 400, 
                "children": []
            }
        ]
    }, 
    "debug": {
        "action": [], 
        "dbgview": [], 
        "errors": [], 
        "log": [
            "2025-03-22 07:50:19,000 [analyzer] DEBUG: Starting analyzer from: C:\\tmpql7zol\n", 
            "2025-03-22 07:50:19,000 [analyzer] DEBUG: Pipe server name: \\??\\PIPE\\ZWuXGsXRqOBLzYeHsKhIuYsQtA\n", 
            "2025-03-22 07:50:19,000 [analyzer] DEBUG: Log pipe server name: \\??\\PIPE\\LfKWqWzGHcvERRqUN\n", 
            "2025-03-22 07:50:19,312 [analyzer] DEBUG: Started auxiliary module DbgView\n", 
            "2025-03-22 07:50:19,828 [analyzer] DEBUG: Started auxiliary module Disguise\n", 
            "2025-03-22 07:50:20,108 [analyzer] DEBUG: Loaded monitor into process with pid 508\n", 
            "2025-03-22 07:50:20,108 [analyzer] DEBUG: Started auxiliary module DumpTLSMasterSecrets\n", 
            "2025-03-22 07:50:20,125 [analyzer] DEBUG: Started auxiliary module Human\n", 
            "2025-03-22 07:50:20,125 [analyzer] DEBUG: Started auxiliary module InstallCertificate\n", 
            "2025-03-22 07:50:20,125 [analyzer] DEBUG: Started auxiliary module Reboot\n", 
            "2025-03-22 07:50:20,358 [analyzer] DEBUG: Started auxiliary module RecentFiles\n", 
            "2025-03-22 07:50:20,375 [analyzer] DEBUG: Started auxiliary module Screenshots\n", 
            "2025-03-22 07:50:20,375 [analyzer] DEBUG: Started auxiliary module LoadZer0m0n\n", 
            "2025-03-22 07:50:20,375 [modules.auxiliary.screenshots] INFO: Python Image Library (either PIL or Pillow) is not installed, screenshots are disabled.\n", 
            "2025-03-22 07:50:20,437 [lib.api.process] ERROR: Failed to execute process from path u'C:\\\\Users\\\\ADMINI~1\\\\AppData\\\\Local\\\\Temp\\\\djoin.exe' with arguments ['bin\\\\inject-x64.exe', '--app', u'C:\\\\Users\\\\ADMINI~1\\\\AppData\\\\Local\\\\Temp\\\\djoin.exe', '--only-start', '--curdir', 'C:\\\\Users\\\\ADMINI~1\\\\AppData\\\\Local\\\\Temp'] (Error: Command '['bin\\\\inject-x64.exe', '--app', u'C:\\\\Users\\\\ADMINI~1\\\\AppData\\\\Local\\\\Temp\\\\djoin.exe', '--only-start', '--curdir', 'C:\\\\Users\\\\ADMINI~1\\\\AppData\\\\Local\\\\Temp']' returned non-zero exit status 1)\n"
        ], 
        "cuckoo": [
            "2025-03-22 07:53:25,425 [cuckoo.core.scheduler] INFO: Task #394: acquired machine 192.168.56.1011 (label=192.168.56.1011)\n", 
            "2025-03-22 07:53:25,425 [cuckoo.core.resultserver] DEBUG: Now tracking machine 192.168.56.101 for task #394\n", 
            "2025-03-22 07:53:25,425 [cuckoo.core.plugins] DEBUG: Started auxiliary module: Replay\n", 
            "2025-03-22 07:53:25,447 [cuckoo.auxiliary.sniffer] INFO: Started sniffer with PID 51477 (interface=vboxnet0, host=192.168.56.101)\n", 
            "2025-03-22 07:53:25,448 [cuckoo.core.plugins] DEBUG: Started auxiliary module: Sniffer\n", 
            "2025-03-22 07:53:25,482 [cuckoo.machinery.virtualbox] DEBUG: Starting vm 192.168.56.1011\n", 
            "2025-03-22 07:53:25,572 [cuckoo.machinery.virtualbox] DEBUG: Restoring virtual machine 192.168.56.1011 to its current snapshot\n", 
            "2025-03-22 07:53:27,680 [cuckoo.core.guest] INFO: Starting analysis #394 on guest (id=192.168.56.1011, ip=192.168.56.101)\n", 
            "2025-03-22 07:53:28,683 [cuckoo.core.guest] DEBUG: 192.168.56.1011: not ready yet\n", 
            "2025-03-22 07:53:29,686 [cuckoo.core.guest] DEBUG: 192.168.56.1011: not ready yet\n", 
            "2025-03-22 07:53:30,689 [cuckoo.core.guest] DEBUG: 192.168.56.1011: not ready yet\n", 
            "2025-03-22 07:53:30,696 [cuckoo.core.guest] INFO: Guest is running Cuckoo Agent 0.10 (id=192.168.56.1011, ip=192.168.56.101)\n", 
            "2025-03-22 07:53:30,730 [cuckoo.core.guest] DEBUG: Uploading analyzer to guest (id=192.168.56.1011, ip=192.168.56.101, monitor=latest, size=3884763)\n", 
            "2025-03-22 07:53:31,339 [cuckoo.core.resultserver] DEBUG: Task #394: live log analysis.log initialized.\n", 
            "2025-03-22 07:53:32,413 [cuckoo.core.resultserver] DEBUG: Task #394 is sending a BSON stream\n", 
            "2025-03-22 07:53:33,103 [cuckoo.core.guest] WARNING: 192.168.56.1011: analysis #394 caught an exception\n", 
            "Traceback (most recent call last):\n", 
            "  File \"C:/tmpql7zol/analyzer.py\", line 808, in <module>\n", 
            "    success = analyzer.run()\n", 
            "  File \"C:/tmpql7zol/analyzer.py\", line 657, in run\n", 
            "    pids = self.package.start(self.target)\n", 
            "  File \"C:\\tmpql7zol\\modules\\packages\\exe.py\", line 23, in start\n", 
            "    return self.execute(path, args=shlex.split(args))\n", 
            "  File \"C:\\tmpql7zol\\lib\\common\\abstracts.py\", line 166, in execute\n", 
            "    \"Unable to execute the initial process, analysis aborted.\"\n", 
            "CuckooPackageError: Unable to execute the initial process, analysis aborted.\n", 
            "\n", 
            "2025-03-22 07:53:33,108 [cuckoo.core.plugins] DEBUG: Stopped auxiliary module: Replay\n", 
            "2025-03-22 07:53:33,157 [cuckoo.core.plugins] DEBUG: Stopped auxiliary module: Sniffer\n", 
            "2025-03-22 07:53:40,808 [cuckoo.machinery.virtualbox] INFO: Successfully generated memory dump for virtual machine with label 192.168.56.1011 to path /home/tesst/.cuckoo/storage/analyses/394/memory.dmp\n", 
            "2025-03-22 07:53:40,910 [cuckoo.machinery.virtualbox] DEBUG: Stopping vm 192.168.56.1011\n", 
            "2025-03-22 07:53:43,414 [cuckoo.core.resultserver] DEBUG: Stopped tracking machine 192.168.56.101 for task #394\n", 
            "2025-03-22 07:53:43,414 [cuckoo.core.resultserver] DEBUG: Cancel <Context for LOG> for task 394\n", 
            "2025-03-22 07:53:43,417 [cuckoo.core.scheduler] DEBUG: Released database task #394\n", 
            "2025-03-22 07:53:43,439 [cuckoo.core.plugins] DEBUG: Executed processing module \"AnalysisInfo\" for task #394\n", 
            "2025-03-22 07:53:43,440 [cuckoo.core.plugins] DEBUG: Executed processing module \"BehaviorAnalysis\" for task #394\n", 
            "2025-03-22 07:53:43,440 [cuckoo.core.plugins] DEBUG: Executed processing module \"Dropped\" for task #394\n", 
            "2025-03-22 07:53:43,440 [cuckoo.core.plugins] DEBUG: Executed processing module \"DroppedBuffer\" for task #394\n", 
            "2025-03-22 07:53:43,441 [cuckoo.core.plugins] DEBUG: Executed processing module \"MetaInfo\" for task #394\n", 
            "2025-03-22 07:53:43,441 [cuckoo.core.plugins] DEBUG: Executed processing module \"ProcessMemory\" for task #394\n", 
            "2025-03-22 07:53:43,441 [cuckoo.core.plugins] DEBUG: Executed processing module \"Procmon\" for task #394\n", 
            "2025-03-22 07:53:43,441 [cuckoo.core.plugins] DEBUG: Executed processing module \"Screenshots\" for task #394\n", 
            "2025-03-22 07:53:43,643 [cuckoo.core.plugins] DEBUG: Executed processing module \"Static\" for task #394\n", 
            "2025-03-22 07:53:43,646 [cuckoo.core.plugins] DEBUG: Executed processing module \"Strings\" for task #394\n", 
            "2025-03-22 07:53:43,649 [cuckoo.cor"
        ]
    }, 
    "strings": [
        "!This program cannot be run in DOS mode.", 
        "`.rdata", 
        "@.data", 
        ".pdata", 
        "@.didat", 
        "@.reloc", 
        "H SVWH", 
        "L$ SVWH", 
        "L$ SVWAVH", 
        "(A^_^[", 
        "\\$ UVWATAUAVAWH", 
        "pA_A^A]A\\_^]", 
        "USVWATAUAVAWH", 
        "A_A^A]A\\_^[]", 
        "p WATAUAVAWH", 
        "0A_A^A]A\\_", 
        "@USVWATAUAVAWH", 
        "ua@8=L", 
        "fB9<pu", 
        "HA_A^A]A\\_^[]", 
        "VWATAVAWH", 
        "A_A^A\\_^", 
        "x ATAVAWH", 
        "fE9$Fu", 
        "fD9$Nu", 
        "0A_A^A\\", 
        "USVWATAUAVAWH", 
        "fD9$Au", 
        "fE9$Gu", 
        "HA_A^A]A\\_^[]", 
        "@USVWATAUAVAWH", 
        "fD9,Au", 
        "fD91tV=", 
        "wVfD91H", 
        "A_A^A]A\\_^[]", 
        "x UATAUAVAWH", 
        "fE9<Pu", 
        "fD9<Ou", 
        "fF9<gu", 
        "A_A^A]A\\]", 
        "L$ SVWH", 
        "\\$ UVWATAUAVAWH", 
        "fD9,Ou", 
        "fD9,Bu", 
        "A_A^A]A\\_^]", 
        "UATAUAVAWH", 
        "thD8=9", 
        "A_A^A]A\\]", 
        "L$ SWH", 
        "UVWATAUAVAWH", 
        "f;DLpu", 
        "f;DLhu", 
        "x\"fE;>", 
        "A_A^A]A\\_^]", 
        "p WAVAWH", 
        "0A_A^_", 
        "WATAUAVAWH", 
        "fD9,Au", 
        "fD9,Fu", 
        "fD9,nu", 
        "fF9,vu", 
        " A_A^A]A\\_", 
        "f;+u&H", 
        "WAVAWH", 
        "fD9z*vh", 
        "s$fD;{*", 
        " A_A^_", 
        "R$fA;z*", 
        "fA9z*v$A", 
        "@SUVWATAVAWH", 
        "A_A^A\\_^][", 
        "x AUAVI", 
        "fD9,Cs", 
        "fD9,Ss", 
        "fD9,Ss", 
        "fD9,Ss", 
        "|$0A^A]", 
        "E7!U\u001f3", 
        "H!U'f!U?", 
        "q0R^G'", 
        "p0R^G'", 
        "q0R^G'", 
        "u*9Q<|%", 
        "LcA<E3", 
        " H3E H3E", 
        "netjoin.dll", 
        "DebugJoin unattend directive is being ignored due to not running under a Kernel debugger session", 
        "-WdsSetupLogInit", 
        "WdsGenericSetupLogInit", 
        "WdsSetupLogDestroy", 
        "WdsSetupLogMessageA", 
        "WdsSetupLogMessageW", 
        "ConstructPartialMsgVA", 
        "ConstructPartialMsgVW", 
        "CurrentIP", 
        "[%S] %S", 
        "EventWrite", 
        "EventRegister", 
        "EventUnregister", 
        "?456789:;<=", 
        "\u001f !\"#$%&'()*+,-./0123", 
        "RSDS=-^^", 
        "djoin.pdb", 
        ".text$di", 
        ".text$mn", 
        ".text$mn$00", 
        ".text$x", 
        ".text$yd", 
        ".rdata$brc", 
        ".idata$5", 
        ".00cfg", 
        ".CRT$XCA", 
        ".CRT$XCAA", 
        ".CRT$XCU", 
        ".CRT$XCZ", 
        ".CRT$XIA", 
        ".CRT$XIAA", 
        ".CRT$XIY", 
        ".CRT$XIZ", 
        ".gehcont", 
        ".gfids", 
        ".giats", 
        ".rdata", 
        ".rdata$voltmd", 
        ".rdata$zzzdbg", 
        ".xdata", 
        ".didat$2", 
        ".didat$3", 
        ".didat$4", 
        ".didat$6", 
        ".didat$7", 
        ".idata$2", 
        ".idata$3", 
        ".idata$4", 
        ".idata$6", 
        ".data$brc", 
        ".pdata", 
        ".didat$5", 
        ".rsrc$01", 
        ".rsrc$02", 
        "NetProvisionComputerAccount", 
        "wprintf", 
        "swprintf_s", 
        "fwprintf", 
        "_vsnwprintf", 
        "setlocale", 
        "_wcsicmp", 
        "_vsnprintf", 
        "wcscpy_s", 
        "wcschr", 
        "printf", 
        "malloc", 
        "_XcptFilter", 
        "_amsg_exit", 
        "__wgetmainargs", 
        "__set_app_type", 
        "_cexit", 
        "__setusermatherr", 
        "_initterm", 
        "__C_specific_handler", 
        "_fmode", 
        "_commode", 
        "msvcrt.dll", 
        "?terminate@@YAXXZ", 
        "_unlock", 
        "__dllonexit", 
        "_onexit", 
        "NetRequestProvisioningPackageInstall", 
        "NetCreateProvisioningPackage", 
        "netprovfw.dll", 
        "NetpAnalyzeProvisioningPackage", 
        "NetpProvDomainJoinLicensingCheck", 
        "NetpRequestProvisioningPackageInstallForIMC", 
        "FormatMessageW", 
        "GetLastError", 
        "LoadStringW", 
        "GetModuleHandleW", 
        "ReadFile", 
        "RegQueryValueExW", 
        "GetConsoleOutputCP", 
        "GetStdHandle", 
        "WriteFile", 
        "ExpandEnvironmentStringsW", 
        "OpenServiceW", 
        "RegDeleteValueW", 
        "ControlTraceW", 
        "RegOpenKeyExW", 
        "RegLoadKeyW", 
        "RegUnLoadKeyW", 
        "UuidToStringW", 
        "NetApiBufferAllocate", 
        "StartServiceW", 
        "LocalAlloc", 
        "CreateFileW", 
        "RegSetValueExW", 
        "DsGetDcNameW", 
        "RegSaveKeyExW", 
        "RpcStringFreeW", 
        "GetTickCount64", 
        "RegCreateKeyExW", 
        "NetUseAdd", 
        "NetJoinDomain", 
        "DeleteFileW", 
        "CloseHandle", 
        "HeapSetInformation", 
        "OpenSCManagerW", 
        "CloseServiceHandle", 
        "GetWindowsDirectoryW", 
        "LocalFree", 
        "GetFileSize", 
        "QueryServiceStatus", 
        "RegCloseKey", 
        "StartTraceW", 
        "NetUseDel", 
        "SetThreadPreferredUILanguages", 
        "UuidCreate", 
        "NetApiBufferFree", 
        "RtlCaptureContext", 
        "RtlLookupFunctionEntry", 
        "RtlVirtualUnwind", 
        "UnhandledExceptionFilter", 
        "SetUnhandledExceptionFilter", 
        "GetCurrentProcess", 
        "TerminateProcess", 
        "QueryPerformanceCounter", 
        "GetCurrentProcessId", 
        "GetCurrentThreadId", 
        "GetSystemTimeAsFileTime", 
        "GetTickCount", 
        "api-ms-win-core-localization-l1-2-0.dll", 
        "api-ms-win-core-errorhandling-l1-1-0.dll", 
        "api-ms-win-core-libraryloader-l1-2-0.dll", 
        "api-ms-win-core-file-l1-1-0.dll", 
        "api-ms-win-core-registry-l1-1-0.dll", 
        "api-ms-win-core-console-l1-1-0.dll", 
        "api-ms-win-core-processenvironment-l1-1-0.dll", 
        "api-ms-win-service-management-l1-1-0.dll", 
        "api-ms-win-eventing-controller-l1-1-0.dll", 
        "RPCRT4.dll", 
        "netutils.dll", 
        "api-ms-win-core-heap-l2-1-0.dll", 
        "logoncli.dll", 
        "api-ms-win-core-synch-l1-2-0.dll", 
        "api-ms-win-core-sysinfo-l1-1-0.dll", 
        "wkscli.dll", 
        "api-ms-win-core-handle-l1-1-0.dll", 
        "api-ms-win-core-heap-l1-1-0.dll", 
        "api-ms-win-service-winsvc-l1-1-0.dll", 
        "api-ms-win-core-rtlsupport-l1-1-0.dll", 
        "api-ms-win-core-processthreads-l1-1-0.dll", 
        "api-ms-win-core-profile-l1-1-0.dll", 
        "EnableTrace", 
        "api-ms-win-eventing-legacy-l1-1-0.dll", 
        "RtlGetNtProductType", 
        "DbgPrint", 
        "RtlNtStatusToDosError", 
        "RtlAllocateHeap", 
        "RtlFreeHeap", 
        "NtAdjustPrivilegesToken", 
        "NtOpenProcessToken", 
        "NtDuplicateToken", 
        "NtSetInformationThread", 
        "NtClose", 
        "ntdll.dll", 
        "__iob_func", 
        "wcsrchr", 
        "__CxxFrameHandler4", 
        "_wcsnicmp", 
        "wcsncmp", 
        "HeapFree", 
        "SetLastError", 
        "EnterCriticalSection", 
        "GetModuleFileNameW", 
        "LeaveCriticalSection", 
        "InitializeCriticalSection", 
        "HeapAlloc", 
        "GetProcAddress", 
        "DeleteCriticalSection", 
        "GetProcessHeap", 
        "FreeLibrary", 
        "LoadLibraryExW", 
        "TraceEvent", 
        "CreateEventW", 
        "SetEvent", 
        "WaitForSingleObject", 
        "OpenEventW", 
        "GetFileAttributesW", 
        "CreateDirectoryW", 
        "GetFullPathNameW", 
        "UnregisterTraceGuids", 
        "RegisterTraceGuidsW", 
        "GetTraceEnableLevel", 
        "GetVersionExW", 
        "GetTraceEnableFlags", 
        "GetTraceLoggerHandle", 
        "ResolveDelayLoadedAPI", 
        "DelayLoadFailureHook", 
        "api-ms-win-core-synch-l1-1-0.dll", 
        "api-ms-win-eventing-classicprovider-l1-1-0.dll", 
        "api-ms-win-core-delayload-l1-1-1.dll", 
        "api-ms-win-core-delayload-l1-1-0.dll", 
        "memcpy", 
        "memset", 
        "<?xml version=\"1.0\" encoding=\"UTF-8\" standalone=\"yes\"?>", 
        "<!-- Copyright (c) Microsoft Corporation -->", 
        "<assembly xmlns=\"urn:schemas-microsoft-com:asm.v1\"  xmlns:asmv3=\"urn:schemas-microsoft-com:asm.v3\" manifestVersion=\"1.0\">", 
        "  <assemblyIdentity version=\"1.0.0.0\"", 
        "     processorArchitecture=\"amd64\"", 
        "     name=\"Microsoft-Windows-UnattendedJoin\"", 
        "     type=\"win32\"/>", 
        "  <description>Domain Join Tool</description>", 
        "  <!-- Identify the application security requirements. -->", 
        "  <trustInfo xmlns=\"urn:schemas-microsoft-com:asm.v3\">", 
        "    <security>", 
        "      <requestedPrivileges>", 
        "        <requestedExecutionLevel", 
        "          level=\"asInvoker\"", 
        "          uiAccess=\"false\"/>", 
        "        </requestedPrivileges>", 
        "       </security>", 
        "  </trustInfo>", 
        "<asmv3:application>", 
        "   <asmv3:windowsSettings xmlns=\"http://schemas.microsoft.com/SMI/2005/WindowsSettings\">", 
        "        <autoElevate>true</autoElevate>", 
        "   </asmv3:windowsSettings>", 
        "</asmv3:application>", 
        "</assembly>", 
        "Message 0x%x not found. Error %d.", 
        "%ws%ws", 
        "Can't retrieve message string %d (0x%x), error %d.", 
        "** Cannot load string resource %d, error %d:", 
        "**     %ls", 
        "specialize", 
        "Provisioning", 
        "AccountData", 
        "UnsecureJoin", 
        "MachinePassword", 
        "JoinDomain", 
        "JoinWorkgroup", 
        "Credentials", 
        "Domain", 
        "Username", 
        "Password", 
        "MachineObjectOU", 
        "DebugJoin", 
        "DebugJoinOnlyOnThisError", 
        "TimeoutPeriodInMinutes", 
        "%windir%\\Panther\\UnattendGC\\UnattendedJoinDCLocator.etl", 
        "UnattendedJoinDCLocator", 
        "%s: Provision computer account", 
        "Domain: %s", 
        "Machine:%s", 
        "MachineOU:%s", 
        "%s: The operation will target the DC: %s", 
        "%s: Will reuse any existing account (password will be reset)", 
        "%s: Will fallback to pre-ldap provisioning algorithm", 
        "%s: Provisioning blob will be saved to a file %s", 
        "%s: Using default machine account password", 
        "%s: Warning! Skipping account conflict search per request", 
        "%s: Will return base64 encoded metadata blob", 
        "%s: Offline domain join requested", 
        "%s: Provisioning blob will be read from a file %s", 
        "WindowsPath specified:%s", 
        "%s: Dumping a provisioning blob from a file: %s", 
        "%s: Provisioning blob will be placed in the registry to allow setup testing", 
        "%s: Test mode - actual join will not be performed", 
        "Encoded provision data received:%s", 
        "%s: Allowing ODJ on local running OS per override switch /LOCALOS", 
        "CertTemplate:%s", 
        "PolicyNames:%s", 
        "PolicyPaths:%s", 
        "%s: Will include root Certificate Authority certificates", 
        "NetbiosName:%s", 
        "DynamicSite:%s", 
        "PersistentSite:%s", 
        "PrimaryDSDomain:%s", 
        "%s: Provisioning blob will be saved to a registry hive: %s", 
        "SYSTEM\\ControlSet001\\Control\\ComputerName\\ComputerName", 
        "ComputerName", 
        "Sequence", 
        "Software\\Microsoft\\Windows NT\\CurrentVersion", 
        "UnattendSettings", 
        "Microsoft-Windows-UnattendedJoin", 
        "Identification", 
        "Software\\Microsoft\\Windows NT\\CurrentVersion\\UnattendSettings\\Microsoft-Windows-UnattendedJoin\\Identification", 
        "Unattended Join", 
        "%s: PROVISIONDATA could not be base64 decoded", 
        "%s: Failed to pack the provisioning data", 
        "%s: Processing offline domain join", 
        "%s: %s data could not be base64 decoded", 
        "%s: Failed to determine the local Windows installation path: %d", 
        "%s: Offline domain join failed: %d", 
        "%s: Offline domain join request completed successfully.", 
        "%s: Loading provision data from file: %s", 
        "%s: Failed to load provision data from file: %s: %d", 
        "%s: Invalid input parameter combination", 
        "%s: Failed to request offline domain join", 
        "%s: Loading input parameters...", 
        "%s: Failed to open registry key [%s]: 0x%x", 
        "%s: Passing %s requires explicitly setting %s", 
        "%s: Passing %s or setting %s requires: %s, %s, and %s must be NULL", 
        "secret not logged", 
        "%s: %s = [%s]", 
        "%s: At least one of JoinWorkgroup/JoinDomain must be specified: 0x%x", 
        "Unknown", 
        "%s: Failed to load all required input parameters, error occured processing [%s]: 0x%x", 
        "%s: Checking that auto start services have started.", 
        "%s: ...one or more are not...waiting for auto start services...", 
        "%s: Failed to open SCM handle.  Error 0x%x.", 
        "%s: Failed to open service handle for service %ws.  Error 0x%x.", 
        "%s: Failed to query service %ws.  Error 0x%x.", 
        "%s: Failed to start service %ws.  Error 0x%x.", 
        "%s: Timeout while waiting for service %ws to start.  Timeout 0x%xms.", 
        "SYSTEM\\CurrentControlSet\\Services\\Tcpip\\Parameters", 
        "%s: Failed to open registry key [SYSTEM\\CurrentControlSet\\Services\\Tcpip\\Parameters]: 0x%x", 
        "Hostname", 
        "NV Hostname", 
        "%s: Failed to read registry value [SYSTEM\\CurrentControlSet\\Services\\Tcpip\\Parameters!NV Hostname]: 0x%x", 
        "%s: Failed to write new hostname \"%ws\": 0x%x", 
        "%s: Manually updated Hostname to \"%ws\".", 
        "%s: Calling DsGetDcName for %s...", 
        "%s: DsGetDcName failed: 0x%x, last error is 0x%x, will retry in %d seconds...", 
        "%s: DsGetDcName returned [%s]", 
        "%ws\\%ws", 
        "%s: Constructed domain parameter [%s]", 
        "TestMode enabled, Orchestrate* API errors ignored - ", 
        "%s: %sOrchestrateStartSystemServices failed: 0x%x, last error is 0x%x", 
        "mpssvc", 
        "LanmanWorkstation", 
        "Setting timeout period to default, user specified value of: %s minutes is out of range (5-60)", 
        "Setting timeout period to user specified value of: %s minutes", 
        "%s: Joining workgroup [%s]...", 
        "%s: NetJoinDomain attempt failed because account exists: 0x%x, will try to reuse existing account...", 
        "%s: NetJoinDomain attempt failed because Win8 DC required: 0x%x, will try to find a Win8 DC...", 
        "%s: NetJoinDomain not supported", 
        "%s: NetJoinDomain attempt failed: 0x%x, will retry in %d seconds...", 
        "%s: NetJoinDomain succeeded!", 
        "%s: NetJoinDomain failed error code is [%d]", 
        "%s: UjDebugManageIPCConnect: server name %ws too long - error out", 
        "%ws%ws%ws", 
        "%s: NetUseDel on %ws failed with %d", 
        "%s: NetUseDel with force on %ws failed with %d", 
        "%s: NetUseAdd to %ws returned %lu", 
        "%s: NetUseAdd bad parameter is %lu", 
        "%s: Trying add to %ws using NULL Session", 
        "%s: NullSession NetUseAdd to %ws returned %lu", 
        "%s: %s requires that JoinDomain be set.", 
        "%s: DebugJoin invoked...", 
        "%s: DsGetDcName test failed: 0x%x, last error is 0x%x, breaking if debugger attached...", 
        "%s: NetUseDel test failed: 0x%x, last error is 0x%x, breaking if debugger attached...", 
        "%s: NetUseAdd test failed: 0x%x, last error is 0x%x, breaking if debugger attached...", 
        "%s: UjStartDCLocatorTraceSession: ExpandEnvironmentStringsW failed for %ws, last error is 0x%x", 
        "%s: UjStartDCLocatorTraceSession: LocalAlloc failed for buffer size %d", 
        "%s: UjStartDCLocatorTraceSession: StartTraceW failed with error 0x%x", 
        "%s: UjStartDCLocatorTraceSession: EnableTrace failed with error 0x%x", 
        "%s: Enabled DC Locator ETW tracing. Log file: %ws", 
        "%s: UjStopDCLocatorTraceSession: LocalAlloc failed for buffer size %d", 
        "%s: UjStopDCLocatorTraceSession: ControlTraceW (EVENT_TRACE_CONTROL_STOP) failed with error 0x%x", 
        "u%s: Begin", 
        "Debug mode: Will break on error: %s", 
        " configured", 
        "Debug mode: Breaking to debugger on%s error: %d", 
        "%s: Unable to join; gdwError = 0x%x", 
        "%s: Exit, returning 0x%x", 
        "%windir%\\Panther\\UnattendGC", 
        "wdscore.dll", 
        "<unknown>", 
        "SUnattendLogWV", 
        "onecore\\base\\ntsetup\\lib\\unattendlog\\src\\unattendlog.cpp", 
        "Global\\OOBE_MACHINE_NAME_DONE", 
        "Global\\SC_AutoStartComplete", 
        "OrchestrateStartSystemServices: Timed out waiting for autostart services to start; timeout = %d ms.", 
        "OrchestrateStartSystemServices: Unknown error occurred while waiting for services to start; hr = 0x%x", 
        "OrchestrateStartSystemServices: Timed out while waiting for SCM to create autostart-done event; timeout = %d ms.", 
        "OrchestrateStartSystemServices: Unable to create/open event that signals autostart services have started; hr = 0x%x", 
        "OrchestrateStartSystemServices: Unable to set event to trigger start of autostart services; hr = 0x%x", 
        "OrchestrateStartSystemServices: Unable to create/open event to trigger start of autostart services; hr = 0x%x", 
        "\\\\?\\GLOBALROOT", 
        "\\\\?\\Volume{", 
        "\\\\?\\UNC", 
        "\\Device\\HarddiskVolume", 
        "\\Device\\Harddisk", 
        "Partition", 
        "CreatePath: Unable to create [%s]; GLE = 0x%x", 
        "\\\\?\\UNC\\", 
        "advapi32.dll", 
        "api-ms-win-eventing-provider-l1-1-0.dll", 
        "VS_VERSION_INFO", 
        "StringFileInfo", 
        "040904B0", 
        "CompanyName", 
        "Microsoft Corporation", 
        "FileDescription", 
        "Unattended Setup Generic Command For Domain Join", 
        "FileVersion", 
        "10.0.22621.1 (WinBuild.160101.0800)", 
        "InternalName", 
        "djoin.exe", 
        "LegalCopyright", 
        " Microsoft Corporation. All rights reserved.", 
        "OriginalFilename", 
        "djoin.exe", 
        "ProductName", 
        "Microsoft", 
        " Windows", 
        " Operating System", 
        "ProductVersion", 
        "10.0.22621.1", 
        "VarFileInfo", 
        "Translation", 
        "Usage: djoin.exe [/OPTIONS]", 
        "  /PROVISION  - Provision a computer account in the domain", 
        "      /DOMAIN <Name> - <Name> of the domain to join", 
        "      /MACHINE <Name> - Host <Name> of the computer joining the domain", 
        "      /MACHINEOU <OU> - Optional <OU> where the account is created", 
        "      /DCNAME <DC> - Optional <DC> to target for account creation", 
        "      /REUSE - Reuse any existing account (password will be reset)", 
        "      /SAVEFILE <FilePath> - Save provisioning data to a file at <FilePath>", 
        "      /NOSEARCH - Skip account conflict detection, requires DCNAME (faster)", 
        "      /DOWNLEVEL - Support using a Windows Server 2008 DC or earlier", 
        "      /PRINTBLOB - Return base64 encoded metadata blob for an answer file", 
        "      /DEFPWD - Use default machine account password (not recommended)", 
        "      /ROOTCACERTS - Opt. include root Certificate Authority certificates.", 
        "      /CERTTEMPLATE <Name> - Optional <Name> of machine certificate template.", 
        "                             Includes root Certificate Authority certificates.", 
        "      /POLICYNAMES <Name(s)> - Opt. semicolon-separated list of policy names.", 
        "                               Each name is the displayName of the GPO in AD.", 
        "      /POLICYPATHS <Path(s)> - Opt. semicolon-separated list of policy paths.", 
        "                               Each path is a path to a registry policy file.", 
        "      /NETBIOS <Name> - Opt. Netbios <Name> of the computer joining the domain.", 
        "      /PSITE <Name> - Opt. <Name> of persistent site to put the computer joining", 
        "                      the domain in.", 
        "      /DSITE <Name> - Opt. <Name> of dynamic site to initially put the computer ", 
        "                      joining the domain in.", 
        "      /PRIMARYDNS <Name> - Opt. <Name> of primary DNS domain of the computer", 
        "                           joining the domain.", 
        "  /REQUESTODJ  - Request offline domain join at next boot", 
        "      /LOADFILE <FilePath> - <FilePath> specified previously via /SAVEFILE", 
        "      /WINDOWSPATH <Path> - <Path> to the Windows directory in an offline image", 
        "      /LOCALOS - Allows /WINDOWSPATH to specify the locally running OS.", 
        "                 This command must be run as a local Administrator.", 
        "                 This option requires a reboot for changes to be applied.", 
        "      ", 
        "Examples:", 
        "To provision a computer account in the domain:", 
        "djoin.exe /PROVISION /DOMAIN <DomainName> /MACHINE <MachineName>", 
        "          /SAVEFILE <FilePath>", 
        "          Note: Other parameters are optional", 
        "          ", 
        "To request the local machine to perform an offline domain join:", 
        "djoin.exe /REQUESTODJ /LOADFILE <FilePath> /WINDOWSPATH <Path>", 
        "          Note: Other parameters are optional", 
        "Advanced options:", 
        "  /DUMP <FilePath> - Dump a provisioning blob's contents from <FilePath>", 
        "  /PROVISION  - Provision a computer account in the domain", 
        "      /PRIMEREG - Stores blob in local registry, re-run djoin.exe", 
        "                  to simulate setup. Then reboot to complete the ODJ.", 
        "                  This option requires that you are running as", 
        "                  an administrator.", 
        "                  ", 
        "  /REQUESTODJ - Request offline domain join at next boot", 
        "      /PRIMEREG - Stores blob in local registry, re-run djoin.exe", 
        "                  to simulate setup. Then reboot to complete the ODJ.", 
        "                  This option requires that you are running as", 
        "                  an administrator.", 
        "      /PROVISIONDATA - Output from a previous PROVISION invocation", 
        "  /SAVETOHIVE <FilePath> - Store results of a /PROVISION operation to a registry", 
        "      hive at <FilePath>.", 
        "      ", 
        "  /TEST - Test mode, NetJoinDomain is not actually called", 
        "  /FORCEERROR - Test mode only, NetJoinDomain failure simulated", 
        "   DomainDnsPolicy:", 
        "       Name: %1!wZ!", 
        "       DnsDomainName: %2!wZ!", 
        "       DnsForestName: %3!wZ!", 
        "       DomainGuid: %4!s!", 
        "       Sid: %5!s!", 
        "   DcInfo:", 
        "       DomainControllerName: %1!s!", 
        "       DomainControllerAddress: %2!s!", 
        "       DomainControllerAddressType: 0x%3!x!", 
        "       DomainGuid: %4!s!", 
        "       DomainName: %5!s!", 
        "       DnsForestName: %6!s!", 
        "       Flags: 0x%7!x!", 
        "       DcSiteName: %8!s!", 
        "       ClientSiteName: %9!s!", 
        "   Blob version: %1!d!", 
        "   Blob size: %2!d!", 
        "   lpDomain: %1!s!", 
        "   lpMachineName: %2!s!", 
        "   lpMachinePassword: <omitted>", 
        "   Options: 0x0", 
        "   Unknown version!", 
        "Failed to open the registry key %1!s!: 0x%2!x!.", 
        "Failed to create the registry key %1!s!: 0x%2!x!.", 
        "Successfully stored the encoded provisioning blob in [%1!s!] beneath [HKLM\\\\%2!s!].", 
        "Successfully provisioned [%1!s!] in the domain [%2!s!].", 
        "Failed to provision [%1!s!] in the domain [%2!s!]: 0x%3!x!.", 
        "TESTMODE, decoding...", 
        "The PROVISIONDATA value is not valid: 0x%1!x!.", 
        "The base64 blob was decoded, unpacking...", 
        "The PROVISIONDATA value could not be unpacked: 0x%1!x!.", 
        "The blob decoded successfully. Printing...", 
        "Failed to save provisioning data to the file [%1!s!]: 0x%2!x!.", 
        "Provisioning data was saved successfully to [%1!s!].", 
        "Loading provisioning data from the following file: [%1!s!].", 
        "Failed to load provisioning data from the file [%1!s!]: 0x%2!x!.", 
        "Base64 decoding blob...", 
        "The decoded value from the file [%1!s!] is not valid: 0x%2!x!.", 
        "The provisioning data could not be unpacked: 0x%1!x!.", 
        "Failed to create the registry value [%1!s!]: 0x%2!x!.", 
        "/REQUESTODJ operates on a Windows image. Supply a", 
        "path to this image via /WINDOWSPATH.", 
        "Loading provisioning data from the following file: [%1!s!].", 
        "The provisioning data could not be loaded: 0x%1!x!.", 
        "Failed to prime provisioning data in the registry: 0x%1!x!.", 
        "Provisioning data is primed in the registry, Run djoin.exe again to simulate setup.", 
        "The provisioning data is not valid: 0x%1!x!.", 
        "The PROVISIONDATA value could not be unpacked: 0x%1!x!.", 
        "This operating system is configured as a domain controller. ", 
        "The operation is not supported.", 
        "A reboot is required for changes to be applied.", 
        "Failed to load provision data from the file [%1!s!]: 0x%2!x!", 
        "Computer provisioning completed successfully.", 
        "Provisioning the computer...", 
        "/PRIMEREG operates on the local registry. Therefore /WINDOWSPATH", 
        "is an invalid parameter in combination with /PRIMEREG.", 
        "/REQUESTODJ only operates on an offline (not running) Windows image ", 
        "by default. The path supplied [%1!s!] is the current running Windows ", 
        "installation. To override the default behavior and target the currently ", 
        "running local operating system also specify /LOCALOS.", 
        "The operation is not supported.", 
        "Invalid input parameter combination.", 
        "PROVISION requires DOMAIN, MACHINE and SAVEFILE: 0x%1!x!.", 
        "It may be necessary to specify /REUSE when running", 
        "djoin.exe again with the same machine name.", 
        "Computer provisioning failed: 0x%1!x!.", 
        "Provisioning string (%1!ul! bytes): ", 
        "The offline domain join request failed: 0x%1!x!.", 
        "The offline domain join request completed. [TESTMODE - Dumping blob]", 
        "The provisioning request completed successfully.", 
        "The simulated setup offline domain join request failed: 0x%1!x!.", 
        "Simulated setup offline domain join request completed successfully.", 
        "A reboot is required for changes to be applied.", 
        "    Options:", 
        "       %1!s!", 
        "/LOCALOS operates on the local registry, this OS is configured", 
        "as a domain controller. The operation is not supported.", 
        "/LOCALOS specified but the current OS does not support domain join functionality.", 
        "/DSITE and /PSITE may not be specified at the same time.", 
        "AdvHelp", 
        "Provision", 
        "Domain", 
        "Machine", 
        "MachineOU", 
        "DCName", 
        "Downlevel", 
        "SaveFile", 
        "DefPwd", 
        "NoSearch", 
        "PrintBlob", 
        "RequestODJ", 
        "LoadFile", 
        "WindowsPath", 
        "PrimeReg", 
        "ForceError", 
        "ProvisionData", 
        "LocalOS", 
        "CertTemplate", 
        "PolicyNames", 
        "PolicyPaths", 
        "RootCACerts", 
        "Netbios", 
        "PrimaryDNS", 
        "SaveToHive"
    ], 
    "metadata": {
        "output": {
            "pcap": {
                "basename": "dump.pcap", 
                "sha256": "b9cb3f50c7c1f00851e7e8d1b7197a38698cf3572c17c41cf4e7d3c390f11f14", 
                "dirname": ""
            }
        }
    }
}