{
    "info": {
        "added": 1742630356.738928, 
        "started": 1742630423.158084, 
        "duration": 21, 
        "ended": 1742630444.442036, 
        "owner": null, 
        "score": 0.6, 
        "id": 400, 
        "category": "file", 
        "git": {
            "head": "13cbe0d9e457be3673304533043e992ead1ea9b2", 
            "fetch_head": "13cbe0d9e457be3673304533043e992ead1ea9b2"
        }, 
        "monitor": "2deb9ccd75d5a7a3fe05b2625b03a8639d6ee36b", 
        "package": "exe", 
        "route": "none", 
        "custom": null, 
        "machine": {
            "status": "stopped", 
            "name": "192.168.56.1011", 
            "label": "192.168.56.1011", 
            "manager": "VirtualBox", 
            "started_on": "2025-03-22 08:00:23", 
            "shutdown_on": "2025-03-22 08:00:44"
        }, 
        "platform": "windows", 
        "version": "2.0.7", 
        "options": "procmemdump=yes,route=none"
    }, 
    "signatures": [
        {
            "families": [], 
            "description": "This executable has a PDB path", 
            "severity": 1, 
            "ttp": {}, 
            "markcount": 1, 
            "references": [], 
            "marks": [
                {
                    "category": "pdb_path", 
                    "ioc": "DmNotificationBroker.pdb", 
                    "type": "ioc", 
                    "description": null
                }
            ], 
            "name": "has_pdb"
        }, 
        {
            "families": [], 
            "description": "The executable contains unknown PE section names indicative of a packer (could be a false positive)", 
            "severity": 1, 
            "ttp": {
                "T1045": {
                    "short": "Software Packing", 
                    "long": "Software packing is a method of compressing or encrypting an executable. Packing an executable changes the file signature in an attempt to avoid signature-based detection. Most decompression techniques decompress the executable code in memory."
                }
            }, 
            "markcount": 1, 
            "references": [], 
            "marks": [
                {
                    "category": "section", 
                    "ioc": ".imrsiv", 
                    "type": "ioc", 
                    "description": null
                }
            ], 
            "name": "pe_features"
        }, 
        {
            "families": [], 
            "description": "The file contains an unknown PE resource name possibly indicative of a packer", 
            "severity": 1, 
            "ttp": {
                "T1045": {
                    "short": "Software Packing", 
                    "long": "Software packing is a method of compressing or encrypting an executable. Packing an executable changes the file signature in an attempt to avoid signature-based detection. Most decompression techniques decompress the executable code in memory."
                }
            }, 
            "markcount": 2, 
            "references": [], 
            "marks": [
                {
                    "category": "resource name", 
                    "ioc": "MUI", 
                    "type": "ioc", 
                    "description": null
                }, 
                {
                    "category": "resource name", 
                    "ioc": "UIFILE", 
                    "type": "ioc", 
                    "description": null
                }
            ], 
            "name": "pe_unknown_resource_name"
        }
    ], 
    "target": {
        "category": "file", 
        "file": {
            "yara": [], 
            "sha1": "4b1b35c4a8c37d0ed1524645199aecdfa7c3c06e", 
            "name": "DmNotificationBroker.exe", 
            "type": "PE32+ executable (GUI) x86-64, for MS Windows", 
            "sha256": "a656ad4672d73cc5f8af26a02d773c5f034c69603888841190c4c74075229e58", 
            "urls": [], 
            "crc32": "993EC690", 
            "path": "/home/tesst/.cuckoo/storage/binaries/a656ad4672d73cc5f8af26a02d773c5f034c69603888841190c4c74075229e58", 
            "ssdeep": null, 
            "size": 53248, 
            "sha512": "872be1094d14d80d856a9b74c595c28181cc4feea8f87bab7fd4b0c2b060b005479a7166b93750ad1c073d9824d6e058f7c2223b4aba75c0cfa0c889af78bf34", 
            "md5": "e3902a3359ba87dd11911b7f4a153de1"
        }
    }, 
    "network": {
        "tls": [], 
        "udp": [
            {
                "src": "192.168.56.101", 
                "dst": "224.0.0.252", 
                "offset": 1214, 
                "time": 1.255784034729004, 
                "dport": 5355, 
                "sport": 64614
            }, 
            {
                "src": "192.168.56.101", 
                "dst": "224.0.0.252", 
                "offset": 1534, 
                "time": 1.5896189212799072, 
                "dport": 5355, 
                "sport": 65517
            }, 
            {
                "src": "192.168.56.101", 
                "dst": "239.255.255.250", 
                "offset": 1862, 
                "time": 1.4370088577270508, 
                "dport": 1900, 
                "sport": 64617
            }
        ], 
        "dns_servers": [], 
        "http": [], 
        "icmp": [], 
        "smtp": [], 
        "tcp": [], 
        "smtp_ex": [], 
        "mitm": [], 
        "hosts": [], 
        "pcap_sha256": "3215a742783578a90c6478d68322d604e0ec78d6620599cac4499ebfc38b09a6", 
        "dns": [], 
        "http_ex": [], 
        "domains": [], 
        "dead_hosts": [], 
        "sorted_pcap_sha256": "1d36030cd7254f9ffbe4c3e993191ffb849f6c2bab50318bbe046a76d09afea0", 
        "irc": [], 
        "https_ex": []
    }, 
    "static": {
        "pdb_path": "DmNotificationBroker.pdb", 
        "pe_imports": [
            {
                "imports": [
                    {
                        "name": "__CxxFrameHandler3", 
                        "address": "0x140007130"
                    }, 
                    {
                        "name": "malloc", 
                        "address": "0x140007138"
                    }, 
                    {
                        "name": "free", 
                        "address": "0x140007140"
                    }, 
                    {
                        "name": "_purecall", 
                        "address": "0x140007148"
                    }, 
                    {
                        "name": "__CxxFrameHandler4", 
                        "address": "0x140007150"
                    }, 
                    {
                        "name": "??3@YAXPEAX@Z", 
                        "address": "0x140007158"
                    }, 
                    {
                        "name": "??1type_info@@UEAA@XZ", 
                        "address": "0x140007160"
                    }, 
                    {
                        "name": "_onexit", 
                        "address": "0x140007168"
                    }, 
                    {
                        "name": "__dllonexit", 
                        "address": "0x140007170"
                    }, 
                    {
                        "name": "_unlock", 
                        "address": "0x140007178"
                    }, 
                    {
                        "name": "_lock", 
                        "address": "0x140007180"
                    }, 
                    {
                        "name": "?terminate@@YAXXZ", 
                        "address": "0x140007188"
                    }, 
                    {
                        "name": "_commode", 
                        "address": "0x140007190"
                    }, 
                    {
                        "name": "_fmode", 
                        "address": "0x140007198"
                    }, 
                    {
                        "name": "_wcmdln", 
                        "address": "0x1400071a0"
                    }, 
                    {
                        "name": "__C_specific_handler", 
                        "address": "0x1400071a8"
                    }, 
                    {
                        "name": "_initterm", 
                        "address": "0x1400071b0"
                    }, 
                    {
                        "name": "__setusermatherr", 
                        "address": "0x1400071b8"
                    }, 
                    {
                        "name": "_cexit", 
                        "address": "0x1400071c0"
                    }, 
                    {
                        "name": "_exit", 
                        "address": "0x1400071c8"
                    }, 
                    {
                        "name": "exit", 
                        "address": "0x1400071d0"
                    }, 
                    {
                        "name": "__set_app_type", 
                        "address": "0x1400071d8"
                    }, 
                    {
                        "name": "__wgetmainargs", 
                        "address": "0x1400071e0"
                    }, 
                    {
                        "name": "_amsg_exit", 
                        "address": "0x1400071e8"
                    }, 
                    {
                        "name": "_XcptFilter", 
                        "address": "0x1400071f0"
                    }, 
                    {
                        "name": "_wcsicmp", 
                        "address": "0x1400071f8"
                    }, 
                    {
                        "name": "_callnewh", 
                        "address": "0x140007200"
                    }, 
                    {
                        "name": "??0exception@@QEAA@AEBQEBD@Z", 
                        "address": "0x140007208"
                    }, 
                    {
                        "name": "??0exception@@QEAA@AEBQEBDH@Z", 
                        "address": "0x140007210"
                    }, 
                    {
                        "name": "??0exception@@QEAA@AEBV0@@Z", 
                        "address": "0x140007218"
                    }, 
                    {
                        "name": "??1exception@@UEAA@XZ", 
                        "address": "0x140007220"
                    }, 
                    {
                        "name": "?what@exception@@UEBAPEBDXZ", 
                        "address": "0x140007228"
                    }, 
                    {
                        "name": "_CxxThrowException", 
                        "address": "0x140007230"
                    }, 
                    {
                        "name": "memcpy", 
                        "address": "0x140007238"
                    }, 
                    {
                        "name": "memmove", 
                        "address": "0x140007240"
                    }, 
                    {
                        "name": "memset", 
                        "address": "0x140007248"
                    }
                ], 
                "dll": "msvcrt.dll"
            }, 
            {
                "imports": [
                    {
                        "name": "GetCommandLineW", 
                        "address": "0x140007070"
                    }
                ], 
                "dll": "api-ms-win-core-processenvironment-l1-1-0.dll"
            }, 
            {
                "imports": [
                    {
                        "name": "SetUnhandledExceptionFilter", 
                        "address": "0x140007020"
                    }, 
                    {
                        "name": "UnhandledExceptionFilter", 
                        "address": "0x140007028"
                    }, 
                    {
                        "name": "GetLastError", 
                        "address": "0x140007030"
                    }
                ], 
                "dll": "api-ms-win-core-errorhandling-l1-1-0.dll"
            }, 
            {
                "imports": [
                    {
                        "name": "CoCreateInstance", 
                        "address": "0x140006ff8"
                    }, 
                    {
                        "name": "CoTaskMemAlloc", 
                        "address": "0x140007000"
                    }, 
                    {
                        "name": "CoUninitialize", 
                        "address": "0x140007008"
                    }, 
                    {
                        "name": "CoInitializeEx", 
                        "address": "0x140007010"
                    }
                ], 
                "dll": "api-ms-win-core-com-l1-1-0.dll"
            }, 
            {
                "imports": [
                    {
                        "name": "LocalFree", 
                        "address": "0x140007050"
                    }
                ], 
                "dll": "api-ms-win-core-heap-l2-1-0.dll"
            }, 
            {
                "imports": [
                    {
                        "name": "Sleep", 
                        "address": "0x1400070f8"
                    }
                ], 
                "dll": "api-ms-win-core-synch-l1-2-0.dll"
            }, 
            {
                "imports": [
                    {
                        "name": "GetCurrentThreadId", 
                        "address": "0x140007080"
                    }, 
                    {
                        "name": "GetCurrentProcessId", 
                        "address": "0x140007088"
                    }, 
                    {
                        "name": "GetStartupInfoW", 
                        "address": "0x140007090"
                    }, 
                    {
                        "name": "CreateThread", 
                        "address": "0x140007098"
                    }, 
                    {
                        "name": "GetCurrentProcess", 
                        "address": "0x1400070a0"
                    }, 
                    {
                        "name": "TerminateProcess", 
                        "address": "0x1400070a8"
                    }
                ], 
                "dll": "api-ms-win-core-processthreads-l1-1-0.dll"
            }, 
            {
                "imports": [
                    {
                        "name": "GetModuleHandleW", 
                        "address": "0x140007060"
                    }
                ], 
                "dll": "api-ms-win-core-libraryloader-l1-2-0.dll"
            }, 
            {
                "imports": [
                    {
                        "name": "QueryPerformanceCounter", 
                        "address": "0x1400070b8"
                    }
                ], 
                "dll": "api-ms-win-core-profile-l1-1-0.dll"
            }, 
            {
                "imports": [
                    {
                        "name": "GetSystemTimeAsFileTime", 
                        "address": "0x140007108"
                    }, 
                    {
                        "name": "GetTickCount", 
                        "address": "0x140007110"
                    }
                ], 
                "dll": "api-ms-win-core-sysinfo-l1-1-0.dll"
            }, 
            {
                "imports": [
                    {
                        "name": "RtlCaptureContext", 
                        "address": "0x1400070c8"
                    }, 
                    {
                        "name": "RtlVirtualUnwind", 
                        "address": "0x1400070d0"
                    }, 
                    {
                        "name": "RtlLookupFunctionEntry", 
                        "address": "0x1400070d8"
                    }
                ], 
                "dll": "api-ms-win-core-rtlsupport-l1-1-0.dll"
            }, 
            {
                "imports": [
                    {
                        "name": "CommandLineToArgvW", 
                        "address": "0x140007120"
                    }
                ], 
                "dll": "api-ms-win-shcore-obsolete-l1-1-0.dll"
            }, 
            {
                "imports": [
                    {
                        "name": "CopyString", 
                        "address": "0x140006ee0"
                    }
                ], 
                "dll": "DMCmnUtils.dll"
            }, 
            {
                "imports": [
                    {
                        "name": "WaitForSingleObject", 
                        "address": "0x1400070e8"
                    }
                ], 
                "dll": "api-ms-win-core-synch-l1-1-0.dll"
            }, 
            {
                "imports": [
                    {
                        "name": "CloseHandle", 
                        "address": "0x140007040"
                    }
                ], 
                "dll": "api-ms-win-core-handle-l1-1-0.dll"
            }, 
            {
                "imports": [
                    {
                        "name": "RpcBindingBind", 
                        "address": "0x140006f90"
                    }, 
                    {
                        "name": "RpcBindingCreateW", 
                        "address": "0x140006f98"
                    }, 
                    {
                        "name": "I_RpcExceptionFilter", 
                        "address": "0x140006fa0"
                    }, 
                    {
                        "name": "NdrClientCall3", 
                        "address": "0x140006fa8"
                    }, 
                    {
                        "name": "RpcBindingFree", 
                        "address": "0x140006fb0"
                    }
                ], 
                "dll": "RPCRT4.dll"
            }, 
            {
                "imports": [
                    {
                        "name": "TranslateMessage", 
                        "address": "0x140006fc0"
                    }, 
                    {
                        "name": "GetMessageW", 
                        "address": "0x140006fc8"
                    }, 
                    {
                        "name": "DispatchMessageW", 
                        "address": "0x140006fd0"
                    }
                ], 
                "dll": "USER32.dll"
            }, 
            {
                "imports": [
                    {
                        "name": "?GetEncodedContentString@Element@DirectUI@@QEAAJPEAG_K@Z", 
                        "address": "0x140006ef0"
                    }, 
                    {
                        "name": "StrToID", 
                        "address": "0x140006ef8"
                    }, 
                    {
                        "name": "?GetClassInfoPtr@RichText@DirectUI@@SAPEAUIClassInfo@2@XZ", 
                        "address": "0x140006f00"
                    }, 
                    {
                        "name": "?GetClassInfoPtr@TouchEdit2@DirectUI@@SAPEAUIClassInfo@2@XZ", 
                        "address": "0x140006f08"
                    }, 
                    {
                        "name": "UnInitProcessPriv", 
                        "address": "0x140006f10"
                    }, 
                    {
                        "name": "UnInitThread", 
                        "address": "0x140006f18"
                    }, 
                    {
                        "name": "InitThread", 
                        "address": "0x140006f20"
                    }, 
                    {
                        "name": "InitProcessPriv", 
                        "address": "0x140006f28"
                    }, 
                    {
                        "name": "?CreateBool@Value@DirectUI@@SAPEAV12@_N@Z", 
                        "address": "0x140006f30"
                    }, 
                    {
                        "name": "?VisibleProp@Element@DirectUI@@SAPEBUPropertyInfo@2@XZ", 
                        "address": "0x140006f38"
                    }, 
                    {
                        "name": "?CreateString@Value@DirectUI@@SAPEAV12@PEBGPEAUHINSTANCE__@@@Z", 
                        "address": "0x140006f40"
                    }, 
                    {
                        "name": "?SetValue@Element@DirectUI@@QEAAJP6APEBUPropertyInfo@2@XZHPEAVValue@2@@Z", 
                        "address": "0x140006f48"
                    }, 
                    {
                        "name": "?ContentProp@Element@DirectUI@@SAPEBUPropertyInfo@2@XZ", 
                        "address": "0x140006f50"
                    }, 
                    {
                        "name": "?_ZeroRelease@Value@DirectUI@@AEAAXXZ", 
                        "address": "0x140006f58"
                    }, 
                    {
                        "name": "?Destroy@DUIXmlParser@DirectUI@@QEAAXXZ", 
                        "address": "0x140006f60"
                    }, 
                    {
                        "name": "?CreateElement@DUIXmlParser@DirectUI@@QEAAJPEBGPEAVElement@2@1PEAKPEAPEAV32@@Z", 
                        "address": "0x140006f68"
                    }, 
                    {
                        "name": "?SetXMLFromResource@DUIXmlParser@DirectUI@@QEAAJPEBGPEAUHINSTANCE__@@1@Z", 
                        "address": "0x140006f70"
                    }, 
                    {
                        "name": "?Create@DUIXmlParser@DirectUI@@SAJPEAPEAV12@P6APEAVValue@2@PEBGPEAX@Z2P6AX11H2@Z2@Z", 
                        "address": "0x140006f78"
                    }, 
                    {
                        "name": "?FindDescendent@Element@DirectUI@@QEAAPEAV12@G@Z", 
                        "address": "0x140006f80"
                    }
                ], 
                "dll": "DUI70.dll"
            }, 
            {
                "imports": [
                    {
                        "name": null, 
                        "address": "0x140006fe0"
                    }, 
                    {
                        "name": null, 
                        "address": "0x140006fe8"
                    }
                ], 
                "dll": "Windows.UI.Immersive.dll"
            }
        ], 
        "peid_signatures": null, 
        "keys": [], 
        "signature": [], 
        "pe_timestamp": "2040-02-28 20:49:48", 
        "pe_exports": [], 
        "imported_dll_count": 19, 
        "pe_imphash": "d0eed94b0572995c402050a0f22efdd9", 
        "pe_resources": [
            {
                "name": "MUI", 
                "language": "LANG_ENGLISH", 
                "filetype": "data", 
                "sublanguage": "SUBLANG_ENGLISH_US", 
                "offset": "0x0000c948", 
                "size": "0x000000d8"
            }, 
            {
                "name": "UIFILE", 
                "language": "LANG_ENGLISH", 
                "filetype": "C source, ASCII text, with CRLF line terminators", 
                "sublanguage": "SUBLANG_ENGLISH_US", 
                "offset": "0x0000c4c8", 
                "size": "0x0000047d"
            }, 
            {
                "name": "RT_VERSION", 
                "language": "LANG_ENGLISH", 
                "filetype": "COM executable for DOS", 
                "sublanguage": "SUBLANG_ENGLISH_US", 
                "offset": "0x0000c100", 
                "size": "0x000003c8"
            }
        ], 
        "pe_versioninfo": [
            {
                "name": "LegalCopyright", 
                "value": "\\xa9 Microsoft Corporation. All rights reserved."
            }, 
            {
                "name": "InternalName", 
                "value": "DmNotificationBroker"
            }, 
            {
                "name": "FileVersion", 
                "value": "10.0.22621.1 (WinBuild.160101.0800)"
            }, 
            {
                "name": "CompanyName", 
                "value": "Microsoft Corporation"
            }, 
            {
                "name": "ProductName", 
                "value": "Microsoft\\xae Windows\\xae Operating System"
            }, 
            {
                "name": "ProductVersion", 
                "value": "10.0.22621.1"
            }, 
            {
                "name": "FileDescription", 
                "value": "DmNotificationBroker"
            }, 
            {
                "name": "OriginalFilename", 
                "value": "DmNotificationBroker.exe"
            }, 
            {
                "name": "Translation", 
                "value": "0x0409 0x04b0"
            }
        ], 
        "pe_sections": [
            {
                "size_of_data": "0x00004000", 
                "virtual_address": "0x00001000", 
                "entropy": 5.206050357126238, 
                "name": ".text", 
                "virtual_size": "0x0000309f"
            }, 
            {
                "size_of_data": "0x00000000", 
                "virtual_address": "0x00005000", 
                "entropy": 0.0, 
                "name": ".imrsiv", 
                "virtual_size": "0x00000004"
            }, 
            {
                "size_of_data": "0x00004000", 
                "virtual_address": "0x00006000", 
                "entropy": 4.22099503909863, 
                "name": ".rdata", 
                "virtual_size": "0x00003a8e"
            }, 
            {
                "size_of_data": "0x00001000", 
                "virtual_address": "0x0000a000", 
                "entropy": 0.3935391205482677, 
                "name": ".data", 
                "virtual_size": "0x000007a0"
            }, 
            {
                "size_of_data": "0x00001000", 
                "virtual_address": "0x0000b000", 
                "entropy": 1.231294126478973, 
                "name": ".pdata", 
                "virtual_size": "0x000003a8"
            }, 
            {
                "size_of_data": "0x00001000", 
                "virtual_address": "0x0000c000", 
                "entropy": 3.358968306622297, 
                "name": ".rsrc", 
                "virtual_size": "0x00000a20"
            }, 
            {
                "size_of_data": "0x00001000", 
                "virtual_address": "0x0000d000", 
                "entropy": 1.2032029842405152, 
                "name": ".reloc", 
                "virtual_size": "0x00000220"
            }
        ]
    }, 
    "behavior": {
        "generic": [
            {
                "process_path": "C:\\Windows\\System32\\lsass.exe", 
                "process_name": "lsass.exe", 
                "pid": 508, 
                "summary": {}, 
                "first_seen": 1742633957.03125, 
                "ppid": 400
            }
        ], 
        "processes": [
            {
                "process_path": "C:\\Windows\\System32\\lsass.exe", 
                "calls": [], 
                "track": false, 
                "pid": 508, 
                "process_name": "lsass.exe", 
                "command_line": "C:\\Windows\\system32\\lsass.exe", 
                "modules": [
                    {
                        "basename": "lsass.exe", 
                        "imgsize": 49152, 
                        "baseaddr": "0xffc70000", 
                        "filepath": "C:\\Windows\\system32\\lsass.exe"
                    }, 
                    {
                        "basename": "ntdll.dll", 
                        "imgsize": 1740800, 
                        "baseaddr": "0x76dd0000", 
                        "filepath": "C:\\Windows\\SYSTEM32\\ntdll.dll"
                    }, 
                    {
                        "basename": "kernel32.dll", 
                        "imgsize": 1175552, 
                        "baseaddr": "0x76bb0000", 
                        "filepath": "C:\\Windows\\system32\\kernel32.dll"
                    }, 
                    {
                        "basename": "KERNELBASE.dll", 
                        "imgsize": 438272, 
                        "baseaddr": "0x7fefcf80000", 
                        "filepath": "C:\\Windows\\system32\\KERNELBASE.dll"
                    }, 
                    {
                        "basename": "msvcrt.dll", 
                        "imgsize": 651264, 
                        "baseaddr": "0x7fefec80000", 
                        "filepath": "C:\\Windows\\system32\\msvcrt.dll"
                    }, 
                    {
                        "basename": "RPCRT4.dll", 
                        "imgsize": 1232896, 
                        "baseaddr": "0x7fefd2c0000", 
                        "filepath": "C:\\Windows\\system32\\RPCRT4.dll"
                    }, 
                    {
                        "basename": "SspiSrv.dll", 
                        "imgsize": 45056, 
                        "baseaddr": "0x7fefcb60000", 
                        "filepath": "C:\\Windows\\system32\\SspiSrv.dll"
                    }, 
                    {
                        "basename": "lsasrv.dll", 
                        "imgsize": 1470464, 
                        "baseaddr": "0x7fefc9e0000", 
                        "filepath": "C:\\Windows\\system32\\lsasrv.dll"
                    }, 
                    {
                        "basename": "sechost.dll", 
                        "imgsize": 126976, 
                        "baseaddr": "0x7fefea00000", 
                        "filepath": "C:\\Windows\\SYSTEM32\\sechost.dll"
                    }, 
                    {
                        "basename": "SspiCli.dll", 
                        "imgsize": 151552, 
                        "baseaddr": "0x7fefcb80000", 
                        "filepath": "C:\\Windows\\system32\\SspiCli.dll"
                    }, 
                    {
                        "basename": "ADVAPI32.dll", 
                        "imgsize": 897024, 
                        "baseaddr": "0x7fefd480000", 
                        "filepath": "C:\\Windows\\system32\\ADVAPI32.dll"
                    }, 
                    {
                        "basename": "USER32.dll", 
                        "imgsize": 1024000, 
                        "baseaddr": "0x76cd0000", 
                        "filepath": "C:\\Windows\\system32\\USER32.dll"
                    }, 
                    {
                        "basename": "GDI32.dll", 
                        "imgsize": 421888, 
                        "baseaddr": "0x7fefd560000", 
                        "filepath": "C:\\Windows\\system32\\GDI32.dll"
                    }, 
                    {
                        "basename": "LPK.dll", 
                        "imgsize": 57344, 
                        "baseaddr": "0x7fefd830000", 
                        "filepath": "C:\\Windows\\system32\\LPK.dll"
                    }, 
                    {
                        "basename": "USP10.dll", 
                        "imgsize": 823296, 
                        "baseaddr": "0x7feff010000", 
                        "filepath": "C:\\Windows\\system32\\USP10.dll"
                    }, 
                    {
                        "basename": "SAMSRV.dll", 
                        "imgsize": 774144, 
                        "baseaddr": "0x7fefc880000", 
                        "filepath": "C:\\Windows\\system32\\SAMSRV.dll"
                    }, 
                    {
                        "basename": "cryptdll.dll", 
                        "imgsize": 81920, 
                        "baseaddr": "0x7fefc860000", 
                        "filepath": "C:\\Windows\\system32\\cryptdll.dll"
                    }, 
                    {
                        "basename": "MSASN1.dll", 
                        "imgsize": 61440, 
                        "baseaddr": "0x7fefcdc0000", 
                        "filepath": "C:\\Windows\\system32\\MSASN1.dll"
                    }, 
                    {
                        "basename": "wevtapi.dll", 
                        "imgsize": 446464, 
                        "baseaddr": "0x7fefc7f0000", 
                        "filepath": "C:\\Windows\\system32\\wevtapi.dll"
                    }, 
                    {
                        "basename": "IMM32.DLL", 
                        "imgsize": 188416, 
                        "baseaddr": "0x7fefea20000", 
                        "filepath": "C:\\Windows\\system32\\IMM32.DLL"
                    }, 
                    {
                        "basename": "MSCTF.dll", 
                        "imgsize": 1085440, 
                        "baseaddr": "0x7fefed20000", 
                        "filepath": "C:\\Windows\\system32\\MSCTF.dll"
                    }, 
                    {
                        "basename": "cngaudit.dll", 
                        "imgsize": 36864, 
                        "baseaddr": "0x7fefc7b0000", 
                        "filepath": "C:\\Windows\\system32\\cngaudit.dll"
                    }, 
                    {
                        "basename": "AUTHZ.dll", 
                        "imgsize": 192512, 
                        "baseaddr": "0x7fefc780000", 
                        "filepath": "C:\\Windows\\system32\\AUTHZ.dll"
                    }, 
                    {
                        "basename": "ncrypt.dll", 
                        "imgsize": 319488, 
                        "baseaddr": "0x7fefc730000", 
                        "filepath": "C:\\Windows\\system32\\ncrypt.dll"
                    }, 
                    {
                        "basename": "bcrypt.dll", 
                        "imgsize": 139264, 
                        "baseaddr": "0x7fefc700000", 
                        "filepath": "C:\\Windows\\system32\\bcrypt.dll"
                    }, 
                    {
                        "basename": "msprivs.DLL", 
                        "imgsize": 8192, 
                        "baseaddr": "0x74af0000", 
                        "filepath": "C:\\Windows\\system32\\msprivs.DLL"
                    }, 
                    {
                        "basename": "netjoin.dll", 
                        "imgsize": 204800, 
                        "baseaddr": "0x7fefc6c0000", 
                        "filepath": "C:\\Windows\\system32\\netjoin.dll"
                    }, 
                    {
                        "basename": "negoexts.DLL", 
                        "imgsize": 147456, 
                        "baseaddr": "0x7fefc690000", 
                        "filepath": "C:\\Windows\\system32\\negoexts.DLL"
                    }, 
                    {
                        "basename": "Secur32.dll", 
                        "imgsize": 45056, 
                        "baseaddr": "0x7fefc9b0000", 
                        "filepath": "C:\\Windows\\system32\\Secur32.dll"
                    }, 
                    {
                        "basename": "cryptbase.dll", 
                        "imgsize": 61440, 
                        "baseaddr": "0x7fefcc50000", 
                        "filepath": "C:\\Windows\\system32\\cryptbase.dll"
                    }, 
                    {
                        "basename": "kerberos.DLL", 
                        "imgsize": 737280, 
                        "baseaddr": "0x7fefc5d0000", 
                        "filepath": "C:\\Windows\\system32\\kerberos.DLL"
                    }, 
                    {
                        "basename": "CRYPTSP.dll", 
                        "imgsize": 94208, 
                        "baseaddr": "0x7fefc5b0000", 
                        "filepath": "C:\\Windows\\system32\\CRYPTSP.dll"
                    }, 
                    {
                        "basename": "WS2_32.dll", 
                        "imgsize": 315392, 
                        "baseaddr": "0x7fefec30000", 
                        "filepath": "C:\\Windows\\system32\\WS2_32.dll"
                    }, 
                    {
                        "basename": "NSI.dll", 
                        "imgsize": 32768, 
                        "baseaddr": "0x7fefd3f0000", 
                        "filepath": "C:\\Windows\\system32\\NSI.dll"
                    }, 
                    {
                        "basename": "mswsock.dll", 
                        "imgsize": 348160, 
                        "baseaddr": "0x7fefc550000", 
                        "filepath": "C:\\Windows\\system32\\mswsock.dll"
                    }, 
                    {
                        "basename": "wship6.dll", 
                        "imgsize": 28672, 
                        "baseaddr": "0x7fefc540000", 
                        "filepath": "C:\\Windows\\System32\\wship6.dll"
                    }, 
                    {
                        "basename": "msv1_0.DLL", 
                        "imgsize": 331776, 
                        "baseaddr": "0x7fefc4e0000", 
                        "filepath": "C:\\Windows\\system32\\msv1_0.DLL"
                    }, 
                    {
                        "basename": "netlogon.DLL", 
                        "imgsize": 712704, 
                        "baseaddr": "0x7fefc430000", 
                        "filepath": "C:\\Windows\\system32\\netlogon.DLL"
                    }, 
                    {
                        "basename": "DNSAPI.dll", 
                        "imgsize": 372736, 
                        "baseaddr": "0x7fefc3d0000", 
                        "filepath": "C:\\Windows\\system32\\DNSAPI.dll"
                    }, 
                    {
                        "basename": "logoncli.dll", 
                        "imgsize": 196608, 
                        "baseaddr": "0x7fefc3a0000", 
                        "filepath": "C:\\Windows\\system32\\logoncli.dll"
                    }, 
                    {
                        "basename": "schannel.DLL", 
                        "imgsize": 356352, 
                        "baseaddr": "0x7fefc340000", 
                        "filepath": "C:\\Windows\\system32\\schannel.DLL"
                    }, 
                    {
                        "basename": "CRYPT32.dll", 
                        "imgsize": 1470464, 
                        "baseaddr": "0x7fefcdd0000", 
                        "filepath": "C:\\Windows\\system32\\CRYPT32.dll"
                    }, 
                    {
                        "basename": "wdigest.DLL", 
                        "imgsize": 221184, 
                        "baseaddr": "0x7fefc300000", 
                        "filepath": "C:\\Windows\\system32\\wdigest.DLL"
                    }, 
                    {
                        "basename": "rsaenh.dll", 
                        "imgsize": 290816, 
                        "baseaddr": "0x7fefc2b0000", 
                        "filepath": "C:\\Windows\\system32\\rsaenh.dll"
                    }, 
                    {
                        "basename": "tspkg.DLL", 
                        "imgsize": 98304, 
                        "baseaddr": "0x7fefc290000", 
                        "filepath": "C:\\Windows\\system32\\tspkg.DLL"
                    }, 
                    {
                        "basename": "pku2u.DLL", 
                        "imgsize": 282624, 
                        "baseaddr": "0x7fefc240000", 
                        "filepath": "C:\\Windows\\system32\\pku2u.DLL"
                    }, 
                    {
                        "basename": "bcryptprimitives.dll", 
                        "imgsize": 311296, 
                        "baseaddr": "0x7fefc1f0000", 
                        "filepath": "C:\\Windows\\system32\\bcryptprimitives.dll"
                    }, 
                    {
                        "basename": "RpcRtRemote.dll", 
                        "imgsize": 81920, 
                        "baseaddr": "0x7fefcd00000", 
                        "filepath": "C:\\Windows\\system32\\RpcRtRemote.dll"
                    }, 
                    {
                        "basename": "efslsaext.dll", 
                        "imgsize": 73728, 
                        "baseaddr": "0x7fefc1d0000", 
                        "filepath": "C:\\Windows\\system32\\efslsaext.dll"
                    }, 
                    {
                        "basename": "scecli.DLL", 
                        "imgsize": 253952, 
                        "baseaddr": "0x7fefc130000", 
                        "filepath": "C:\\Windows\\system32\\scecli.DLL"
                    }, 
                    {
                        "basename": "credssp.dll", 
                        "imgsize": 40960, 
                        "baseaddr": "0x7fefc1b0000", 
                        "filepath": "C:\\Windows\\system32\\credssp.dll"
                    }, 
                    {
                        "basename": "WINSTA.dll", 
                        "imgsize": 249856, 
                        "baseaddr": "0x7fefcc10000", 
                        "filepath": "C:\\Windows\\system32\\WINSTA.dll"
                    }, 
                    {
                        "basename": "IPHLPAPI.DLL", 
                        "imgsize": 159744, 
                        "baseaddr": "0x7fefbfd0000", 
                        "filepath": "C:\\Windows\\system32\\IPHLPAPI.DLL"
                    }, 
                    {
                        "basename": "WINNSI.DLL", 
                        "imgsize": 45056, 
                        "baseaddr": "0x7fefbfc0000", 
                        "filepath": "C:\\Windows\\system32\\WINNSI.DLL"
                    }, 
                    {
                        "basename": "netutils.dll", 
                        "imgsize": 49152, 
                        "baseaddr": "0x7fefa790000", 
                        "filepath": "C:\\Windows\\system32\\netutils.dll"
                    }, 
                    {
                        "basename": "USERENV.dll", 
                        "imgsize": 122880, 
                        "baseaddr": "0x7fefc060000", 
                        "filepath": "C:\\Windows\\system32\\USERENV.dll"
                    }, 
                    {
                        "basename": "profapi.dll", 
                        "imgsize": 61440, 
                        "baseaddr": "0x7fefcd20000", 
                        "filepath": "C:\\Windows\\system32\\profapi.dll"
                    }, 
                    {
                        "basename": "wshtcpip.dll", 
                        "imgsize": 28672, 
                        "baseaddr": "0x7fefbed0000", 
                        "filepath": "C:\\Windows\\System32\\wshtcpip.dll"
                    }, 
                    {
                        "basename": "monitor-x64.dll", 
                        "imgsize": 2269184, 
                        "baseaddr": "0x744c0000", 
                        "filepath": "C:\\tmpql7zol\\bin\\monitor-x64.dll"
                    }
                ], 
                "time": 0, 
                "tid": 1636, 
                "first_seen": 1742633957.03125, 
                "ppid": 400, 
                "type": "process"
            }
        ], 
        "processtree": [
            {
                "track": false, 
                "pid": 508, 
                "process_name": "lsass.exe", 
                "command_line": "C:\\Windows\\system32\\lsass.exe", 
                "first_seen": 1742633957.03125, 
                "ppid": 400, 
                "children": []
            }
        ]
    }, 
    "debug": {
        "action": [], 
        "dbgview": [], 
        "errors": [], 
        "log": [
            "2025-03-22 07:59:16,000 [analyzer] DEBUG: Starting analyzer from: C:\\tmpql7zol\n", 
            "2025-03-22 07:59:16,000 [analyzer] DEBUG: Pipe server name: \\??\\PIPE\\iOsyBegURkCUqOlA\n", 
            "2025-03-22 07:59:16,000 [analyzer] DEBUG: Log pipe server name: \\??\\PIPE\\IYLykNdkdglgEUhxJapTasHMeeuF\n", 
            "2025-03-22 07:59:16,187 [analyzer] DEBUG: Started auxiliary module DbgView\n", 
            "2025-03-22 07:59:16,717 [analyzer] DEBUG: Started auxiliary module Disguise\n", 
            "2025-03-22 07:59:17,092 [analyzer] DEBUG: Loaded monitor into process with pid 508\n", 
            "2025-03-22 07:59:17,092 [analyzer] DEBUG: Started auxiliary module DumpTLSMasterSecrets\n", 
            "2025-03-22 07:59:17,092 [analyzer] DEBUG: Started auxiliary module Human\n", 
            "2025-03-22 07:59:17,092 [analyzer] DEBUG: Started auxiliary module InstallCertificate\n", 
            "2025-03-22 07:59:17,092 [analyzer] DEBUG: Started auxiliary module Reboot\n", 
            "2025-03-22 07:59:17,265 [analyzer] DEBUG: Started auxiliary module RecentFiles\n", 
            "2025-03-22 07:59:17,265 [analyzer] DEBUG: Started auxiliary module Screenshots\n", 
            "2025-03-22 07:59:17,280 [analyzer] DEBUG: Started auxiliary module LoadZer0m0n\n", 
            "2025-03-22 07:59:17,280 [modules.auxiliary.screenshots] INFO: Python Image Library (either PIL or Pillow) is not installed, screenshots are disabled.\n", 
            "2025-03-22 07:59:17,358 [lib.api.process] ERROR: Failed to execute process from path u'C:\\\\Users\\\\ADMINI~1\\\\AppData\\\\Local\\\\Temp\\\\DmNotificationBroker.exe' with arguments ['bin\\\\inject-x64.exe', '--app', u'C:\\\\Users\\\\ADMINI~1\\\\AppData\\\\Local\\\\Temp\\\\DmNotificationBroker.exe', '--only-start', '--curdir', 'C:\\\\Users\\\\ADMINI~1\\\\AppData\\\\Local\\\\Temp'] (Error: Command '['bin\\\\inject-x64.exe', '--app', u'C:\\\\Users\\\\ADMINI~1\\\\AppData\\\\Local\\\\Temp\\\\DmNotificationBroker.exe', '--only-start', '--curdir', 'C:\\\\Users\\\\ADMINI~1\\\\AppData\\\\Local\\\\Temp']' returned non-zero exit status 1)\n"
        ], 
        "cuckoo": [
            "2025-03-22 08:00:23,209 [cuckoo.core.scheduler] INFO: Task #400: acquired machine 192.168.56.1011 (label=192.168.56.1011)\n", 
            "2025-03-22 08:00:23,209 [cuckoo.core.resultserver] DEBUG: Now tracking machine 192.168.56.101 for task #400\n", 
            "2025-03-22 08:00:23,210 [cuckoo.core.plugins] DEBUG: Started auxiliary module: Replay\n", 
            "2025-03-22 08:00:23,222 [cuckoo.auxiliary.sniffer] INFO: Started sniffer with PID 53430 (interface=vboxnet0, host=192.168.56.101)\n", 
            "2025-03-22 08:00:23,222 [cuckoo.core.plugins] DEBUG: Started auxiliary module: Sniffer\n", 
            "2025-03-22 08:00:23,283 [cuckoo.machinery.virtualbox] DEBUG: Starting vm 192.168.56.1011\n", 
            "2025-03-22 08:00:23,378 [cuckoo.machinery.virtualbox] DEBUG: Restoring virtual machine 192.168.56.1011 to its current snapshot\n", 
            "2025-03-22 08:00:25,505 [cuckoo.core.guest] INFO: Starting analysis #400 on guest (id=192.168.56.1011, ip=192.168.56.101)\n", 
            "2025-03-22 08:00:26,508 [cuckoo.core.guest] DEBUG: 192.168.56.1011: not ready yet\n", 
            "2025-03-22 08:00:27,511 [cuckoo.core.guest] DEBUG: 192.168.56.1011: not ready yet\n", 
            "2025-03-22 08:00:28,514 [cuckoo.core.guest] DEBUG: 192.168.56.1011: not ready yet\n", 
            "2025-03-22 08:00:28,522 [cuckoo.core.guest] INFO: Guest is running Cuckoo Agent 0.10 (id=192.168.56.1011, ip=192.168.56.101)\n", 
            "2025-03-22 08:00:28,593 [cuckoo.core.guest] DEBUG: Uploading analyzer to guest (id=192.168.56.1011, ip=192.168.56.101, monitor=latest, size=3884763)\n", 
            "2025-03-22 08:00:29,252 [cuckoo.core.resultserver] DEBUG: Task #400: live log analysis.log initialized.\n", 
            "2025-03-22 08:00:30,439 [cuckoo.core.resultserver] DEBUG: Task #400 is sending a BSON stream\n", 
            "2025-03-22 08:00:30,997 [cuckoo.core.guest] WARNING: 192.168.56.1011: analysis #400 caught an exception\n", 
            "Traceback (most recent call last):\n", 
            "  File \"C:/tmpql7zol/analyzer.py\", line 808, in <module>\n", 
            "    success = analyzer.run()\n", 
            "  File \"C:/tmpql7zol/analyzer.py\", line 657, in run\n", 
            "    pids = self.package.start(self.target)\n", 
            "  File \"C:\\tmpql7zol\\modules\\packages\\exe.py\", line 23, in start\n", 
            "    return self.execute(path, args=shlex.split(args))\n", 
            "  File \"C:\\tmpql7zol\\lib\\common\\abstracts.py\", line 166, in execute\n", 
            "    \"Unable to execute the initial process, analysis aborted.\"\n", 
            "CuckooPackageError: Unable to execute the initial process, analysis aborted.\n", 
            "\n", 
            "2025-03-22 08:00:31,003 [cuckoo.core.plugins] DEBUG: Stopped auxiliary module: Replay\n", 
            "2025-03-22 08:00:31,050 [cuckoo.core.plugins] DEBUG: Stopped auxiliary module: Sniffer\n", 
            "2025-03-22 08:00:42,823 [cuckoo.machinery.virtualbox] INFO: Successfully generated memory dump for virtual machine with label 192.168.56.1011 to path /home/tesst/.cuckoo/storage/analyses/400/memory.dmp\n", 
            "2025-03-22 08:00:42,823 [cuckoo.machinery.virtualbox] DEBUG: Stopping vm 192.168.56.1011\n", 
            "2025-03-22 08:00:44,431 [cuckoo.core.resultserver] DEBUG: Stopped tracking machine 192.168.56.101 for task #400\n", 
            "2025-03-22 08:00:44,431 [cuckoo.core.resultserver] DEBUG: Cancel <Context for LOG> for task 400\n", 
            "2025-03-22 08:00:44,434 [cuckoo.core.scheduler] DEBUG: Released database task #400\n", 
            "2025-03-22 08:00:44,448 [cuckoo.core.plugins] DEBUG: Executed processing module \"AnalysisInfo\" for task #400\n", 
            "2025-03-22 08:00:44,449 [cuckoo.core.plugins] DEBUG: Executed processing module \"BehaviorAnalysis\" for task #400\n", 
            "2025-03-22 08:00:44,449 [cuckoo.core.plugins] DEBUG: Executed processing module \"Dropped\" for task #400\n", 
            "2025-03-22 08:00:44,449 [cuckoo.core.plugins] DEBUG: Executed processing module \"DroppedBuffer\" for task #400\n", 
            "2025-03-22 08:00:44,450 [cuckoo.core.plugins] DEBUG: Executed processing module \"MetaInfo\" for task #400\n", 
            "2025-03-22 08:00:44,450 [cuckoo.core.plugins] DEBUG: Executed processing module \"ProcessMemory\" for task #400\n", 
            "2025-03-22 08:00:44,450 [cuckoo.core.plugins] DEBUG: Executed processing module \"Procmon\" for task #400\n", 
            "2025-03-22 08:00:44,450 [cuckoo.core.plugins] DEBUG: Executed processing module \"Screenshots\" for task #400\n", 
            "2025-03-22 08:00:44,628 [cuckoo.core.plugins] DEBUG: Executed processing module \"Static\" for task #400\n", 
            "2025-03-22 08:00:44,630 [cuckoo.core.plugins] DEBUG: Executed processing module \"Strings\" for task #400\n", 
            "2025-03-22 08:00:44,631 [cuckoo.cor"
        ]
    }, 
    "strings": [
        "!This program cannot be run in DOS mode.", 
        "dVRichN", 
        "`.imrsiv", 
        ".rdata", 
        "@.data", 
        ".pdata", 
        "@.rsrc", 
        "@.reloc", 
        "WATAUAVAWH", 
        "h(fA9]", 
        "A_A^A]A\\_", 
        "` UAVAWH", 
        "xtH!|$(!|$ L", 
        "f9t$0u", 
        "WAVAWH", 
        "H9^ t@H", 
        "0A_A^_", 
        "WAVAWH", 
        "0A_A^_", 
        "UVWAVAWH", 
        "`A_A^_^]", 
        "WAVAWH", 
        "fD9<~u", 
        "@A_A^_", 
        "L$PH!D$X", 
        "H!D$hI", 
        "q0R^G'", 
        "u.L93t", 
        "p0R^G'", 
        "q0R^G'", 
        "u*9Q<|%", 
        "LcA<E3", 
        " H3E H3E", 
        "SVWAVH", 
        "8A^_^[", 
        "bad allocation", 
        "generic", 
        "unknown error", 
        "iostream", 
        "iostream stream error", 
        "system", 
        "invalid string position", 
        "string too long", 
        "permission denied", 
        "file exists", 
        "no such device", 
        "filename too long", 
        "device or resource busy", 
        "io error", 
        "directory not empty", 
        "invalid argument", 
        "no space on device", 
        "no such file or directory", 
        "function not supported", 
        "no lock available", 
        "not enough memory", 
        "resource unavailable try again", 
        "cross device link", 
        "operation canceled", 
        "too many files open", 
        "permission_denied", 
        "address_in_use", 
        "address_not_available", 
        "address_family_not_supported", 
        "connection_already_in_progress", 
        "bad_file_descriptor", 
        "connection_aborted", 
        "connection_refused", 
        "connection_reset", 
        "destination_address_required", 
        "bad_address", 
        "host_unreachable", 
        "operation_in_progress", 
        "interrupted", 
        "invalid_argument", 
        "already_connected", 
        "too_many_files_open", 
        "message_size", 
        "filename_too_long", 
        "network_down", 
        "network_reset", 
        "network_unreachable", 
        "no_buffer_space", 
        "no_protocol_option", 
        "not_connected", 
        "not_a_socket", 
        "operation_not_supported", 
        "protocol_not_supported", 
        "wrong_protocol_type", 
        "timed_out", 
        "operation_would_block", 
        "address family not supported", 
        "address in use", 
        "address not available", 
        "already connected", 
        "argument list too long", 
        "argument out of domain", 
        "bad address", 
        "bad file descriptor", 
        "bad message", 
        "broken pipe", 
        "connection aborted", 
        "connection already in progress", 
        "connection refused", 
        "connection reset", 
        "destination address required", 
        "executable format error", 
        "file too large", 
        "host unreachable", 
        "identifier removed", 
        "illegal byte sequence", 
        "inappropriate io control operation", 
        "invalid seek", 
        "is a directory", 
        "message size", 
        "network down", 
        "network reset", 
        "network unreachable", 
        "no buffer space", 
        "no child process", 
        "no link", 
        "no message available", 
        "no message", 
        "no protocol option", 
        "no stream resources", 
        "no such device or address", 
        "no such process", 
        "not a directory", 
        "not a socket", 
        "not a stream", 
        "not connected", 
        "not supported", 
        "operation in progress", 
        "operation not permitted", 
        "operation not supported", 
        "operation would block", 
        "owner dead", 
        "protocol error", 
        "protocol not supported", 
        "read only file system", 
        "resource deadlock would occur", 
        "result out of range", 
        "state not recoverable", 
        "stream timeout", 
        "text file busy", 
        "timed out", 
        "too many files open in system", 
        "too many links", 
        "too many symbolic link levels", 
        "value too large", 
        "wrong protocol type", 
        "DmNotificationBroker.pdb", 
        ".text$di", 
        ".text$mn", 
        ".text$mn$00", 
        ".text$x", 
        ".text$yd", 
        ".imrsiv", 
        ".rdata$brc", 
        ".idata$5", 
        ".00cfg", 
        ".CRT$XCA", 
        ".CRT$XCAA", 
        ".CRT$XCU", 
        ".CRT$XCZ", 
        ".CRT$XIA", 
        ".CRT$XIAA", 
        ".CRT$XIY", 
        ".CRT$XIZ", 
        ".gehcont", 
        ".gfids", 
        ".giats", 
        ".rdata", 
        ".rdata$voltmd", 
        ".rdata$zzzdbg", 
        ".xdata", 
        ".xdata$x", 
        ".idata$2", 
        ".idata$3", 
        ".idata$4", 
        ".idata$6", 
        ".data$brc", 
        ".data$r$brc", 
        ".pdata", 
        ".rsrc$01", 
        ".rsrc$02", 
        "_wcsicmp", 
        "_XcptFilter", 
        "_amsg_exit", 
        "__wgetmainargs", 
        "__set_app_type", 
        "_cexit", 
        "__setusermatherr", 
        "_initterm", 
        "__C_specific_handler", 
        "_wcmdln", 
        "_fmode", 
        "_commode", 
        "msvcrt.dll", 
        "?terminate@@YAXXZ", 
        "_unlock", 
        "__dllonexit", 
        "_onexit", 
        "GetCommandLineW", 
        "GetLastError", 
        "CoInitializeEx", 
        "LocalFree", 
        "CoUninitialize", 
        "GetStartupInfoW", 
        "SetUnhandledExceptionFilter", 
        "GetModuleHandleW", 
        "QueryPerformanceCounter", 
        "GetCurrentProcessId", 
        "GetCurrentThreadId", 
        "GetSystemTimeAsFileTime", 
        "GetTickCount", 
        "RtlCaptureContext", 
        "RtlLookupFunctionEntry", 
        "RtlVirtualUnwind", 
        "UnhandledExceptionFilter", 
        "GetCurrentProcess", 
        "TerminateProcess", 
        "api-ms-win-core-processenvironment-l1-1-0.dll", 
        "api-ms-win-core-errorhandling-l1-1-0.dll", 
        "api-ms-win-core-com-l1-1-0.dll", 
        "api-ms-win-core-heap-l2-1-0.dll", 
        "api-ms-win-core-synch-l1-2-0.dll", 
        "api-ms-win-core-processthreads-l1-1-0.dll", 
        "api-ms-win-core-libraryloader-l1-2-0.dll", 
        "api-ms-win-core-profile-l1-1-0.dll", 
        "api-ms-win-core-sysinfo-l1-1-0.dll", 
        "api-ms-win-core-rtlsupport-l1-1-0.dll", 
        "CommandLineToArgvW", 
        "api-ms-win-shcore-obsolete-l1-1-0.dll", 
        "CopyString", 
        "DMCmnUtils.dll", 
        "??3@YAXPEAX@Z", 
        "__CxxFrameHandler4", 
        "_purecall", 
        "malloc", 
        "__CxxFrameHandler3", 
        "CreateThread", 
        "WaitForSingleObject", 
        "CloseHandle", 
        "CoCreateInstance", 
        "CoTaskMemAlloc", 
        "RpcBindingCreateW", 
        "RpcBindingBind", 
        "I_RpcExceptionFilter", 
        "RpcBindingFree", 
        "NdrClientCall3", 
        "api-ms-win-core-synch-l1-1-0.dll", 
        "api-ms-win-core-handle-l1-1-0.dll", 
        "RPCRT4.dll", 
        "GetMessageW", 
        "TranslateMessage", 
        "DispatchMessageW", 
        "USER32.dll", 
        "?FindDescendent@Element@DirectUI@@QEAAPEAV12@G@Z", 
        "StrToID", 
        "?GetEncodedContentString@Element@DirectUI@@QEAAJPEAG_K@Z", 
        "?Create@DUIXmlParser@DirectUI@@SAJPEAPEAV12@P6APEAVValue@2@PEBGPEAX@Z2P6AX11H2@Z2@Z", 
        "?SetXMLFromResource@DUIXmlParser@DirectUI@@QEAAJPEBGPEAUHINSTANCE__@@1@Z", 
        "?CreateElement@DUIXmlParser@DirectUI@@QEAAJPEBGPEAVElement@2@1PEAKPEAPEAV32@@Z", 
        "?Destroy@DUIXmlParser@DirectUI@@QEAAXXZ", 
        "?_ZeroRelease@Value@DirectUI@@AEAAXXZ", 
        "?ContentProp@Element@DirectUI@@SAPEBUPropertyInfo@2@XZ", 
        "?SetValue@Element@DirectUI@@QEAAJP6APEBUPropertyInfo@2@XZHPEAVValue@2@@Z", 
        "?CreateString@Value@DirectUI@@SAPEAV12@PEBGPEAUHINSTANCE__@@@Z", 
        "?VisibleProp@Element@DirectUI@@SAPEBUPropertyInfo@2@XZ", 
        "?CreateBool@Value@DirectUI@@SAPEAV12@_N@Z", 
        "InitProcessPriv", 
        "InitThread", 
        "UnInitThread", 
        "UnInitProcessPriv", 
        "?GetClassInfoPtr@TouchEdit2@DirectUI@@SAPEAUIClassInfo@2@XZ", 
        "?GetClassInfoPtr@RichText@DirectUI@@SAPEAUIClassInfo@2@XZ", 
        "DUI70.dll", 
        "Windows.UI.Immersive.dll", 
        "_callnewh", 
        "??0exception@@QEAA@AEBQEBD@Z", 
        "??0exception@@QEAA@AEBQEBDH@Z", 
        "??0exception@@QEAA@AEBV0@@Z", 
        "??1exception@@UEAA@XZ", 
        "?what@exception@@UEBAPEBDXZ", 
        "_CxxThrowException", 
        "memcpy", 
        "memmove", 
        "??1type_info@@UEAA@XZ", 
        "memset", 
        ".?AVbad_alloc@std@@", 
        ".?AVexception@@", 
        ".?AVlogic_error@std@@", 
        ".?AVlength_error@std@@", 
        ".?AVout_of_range@std@@", 
        "<duixml>", 
        "#pragma once", 
        "extern HINSTANCE               g_hInst;", 
        "extern HINSTANCE               g_hInstRes;", 
        "<element resid=\"OmaCpDialogTop\" layout=\"borderlayout()\" accessible=\"true\" accrole=\"pane\">", 
        "<RichText id=\"atom(DmDialogContentId)\" layoutpos=\"top\" contentalign=\"wrapleft | noprefix\" accessible=\"true\" accrole=\"statictext\" content=\"\" font=\"gtf(TEXTSTYLE,1 , 0)\"/>", 
        "<element layout=\"verticalflowlayout(0,0,0,0)\" active=\"pointer\">", 
        "<element height=\"17rp\" active=\"pointer\"/>", 
        "<element id=\"atom(username_nopassword_spacer)\" height=\"24rp\" layoutpos=\"none\" active=\"pointer\"/>", 
        "<RichText class=\"header_text\" id=\"atom(upgradepassword_username)\"/>", 
        "<element id=\"atom(passwordsection)\" layout=\"verticalflowlayout(0,0,0,0)\" margin=\"rect(0,14rp,0,0)\" active=\"pointer\">", 
        "<element layout=\"flowlayout(0,0,0,0)\" behaviors=\"PVL::ImplicitAnimation()\" active=\"pointer\">", 
        "<TouchEdit2 class=\"moderneditsmall\" id=\"atom(UserPinInput)\" passwordcharacter=\"9679\" prompttext=\"\" promptwithcaret=\"true\" accname=\"\" visible=\"false\"/>", 
        "<RichText id=\"atom(capslockwarning)\" class=\"capslockwarning\" visible=\"false\"/>", 
        "</element>", 
        "</element>", 
        "</element>", 
        "</element>", 
        "</duixml>", 
        "\"J'u*9A", 
        "OmaCpDialogTop", 
        "DmDialogContentId", 
        "UserPinInput", 
        "UIFILE", 
        "VS_VERSION_INFO", 
        "StringFileInfo", 
        "040904B0", 
        "CompanyName", 
        "Microsoft Corporation", 
        "FileDescription", 
        "DmNotificationBroker", 
        "FileVersion", 
        "10.0.22621.1 (WinBuild.160101.0800)", 
        "InternalName", 
        "DmNotificationBroker", 
        "LegalCopyright", 
        " Microsoft Corporation. All rights reserved.", 
        "OriginalFilename", 
        "DmNotificationBroker.exe", 
        "ProductName", 
        "Microsoft", 
        " Windows", 
        " Operating System", 
        "ProductVersion", 
        "10.0.22621.1", 
        "VarFileInfo", 
        "Translation", 
        "UIFILE"
    ], 
    "metadata": {
        "output": {
            "pcap": {
                "basename": "dump.pcap", 
                "sha256": "3215a742783578a90c6478d68322d604e0ec78d6620599cac4499ebfc38b09a6", 
                "dirname": ""
            }
        }
    }
}