{
    "info": {
        "added": 1742630834.012394, 
        "started": 1742631068.559862, 
        "duration": 27, 
        "ended": 1742631095.974694, 
        "owner": null, 
        "score": 0.4, 
        "id": 419, 
        "category": "file", 
        "git": {
            "head": "13cbe0d9e457be3673304533043e992ead1ea9b2", 
            "fetch_head": "13cbe0d9e457be3673304533043e992ead1ea9b2"
        }, 
        "monitor": "2deb9ccd75d5a7a3fe05b2625b03a8639d6ee36b", 
        "package": "exe", 
        "route": "none", 
        "custom": null, 
        "machine": {
            "status": "stopped", 
            "name": "192.168.56.1011", 
            "label": "192.168.56.1011", 
            "manager": "VirtualBox", 
            "started_on": "2025-03-22 08:11:08", 
            "shutdown_on": "2025-03-22 08:11:35"
        }, 
        "platform": "windows", 
        "version": "2.0.7", 
        "options": "procmemdump=yes,route=none"
    }, 
    "signatures": [
        {
            "families": [], 
            "description": "This executable has a PDB path", 
            "severity": 1, 
            "ttp": {}, 
            "markcount": 1, 
            "references": [], 
            "marks": [
                {
                    "category": "pdb_path", 
                    "ioc": "DXGIAdapterCache.pdb", 
                    "type": "ioc", 
                    "description": null
                }
            ], 
            "name": "has_pdb"
        }, 
        {
            "families": [], 
            "description": "The executable contains unknown PE section names indicative of a packer (could be a false positive)", 
            "severity": 1, 
            "ttp": {
                "T1045": {
                    "short": "Software Packing", 
                    "long": "Software packing is a method of compressing or encrypting an executable. Packing an executable changes the file signature in an attempt to avoid signature-based detection. Most decompression techniques decompress the executable code in memory."
                }
            }, 
            "markcount": 1, 
            "references": [], 
            "marks": [
                {
                    "category": "section", 
                    "ioc": ".didat", 
                    "type": "ioc", 
                    "description": null
                }
            ], 
            "name": "pe_features"
        }
    ], 
    "target": {
        "category": "file", 
        "file": {
            "yara": [], 
            "sha1": "518b138de6fa362c7eb2b692a9786c85b438d824", 
            "name": "dxgiadaptercache.exe", 
            "type": "PE32+ executable (GUI) x86-64, for MS Windows", 
            "sha256": "4b03cf9140da96883c51ecfc6593389bc8c01d31775ec4409c111fea2f23a402", 
            "urls": [], 
            "crc32": "766FDDB3", 
            "path": "/home/tesst/.cuckoo/storage/binaries/4b03cf9140da96883c51ecfc6593389bc8c01d31775ec4409c111fea2f23a402", 
            "ssdeep": null, 
            "size": 135168, 
            "sha512": "43b2175251be391f675f0ff7331b6ba33d6a20f91edac90509203c9d78cde621d0fddbd9edfa084696883420f653ae1202fa526b2af94447342871f27d8e6b2d", 
            "md5": "95ffbefd3988f2d97713405245ab9c9d"
        }
    }, 
    "network": {
        "tls": [], 
        "udp": [
            {
                "src": "192.168.56.101", 
                "dst": "192.168.56.255", 
                "offset": 894, 
                "time": 3.261569023132324, 
                "dport": 137, 
                "sport": 137
            }, 
            {
                "src": "192.168.56.101", 
                "dst": "224.0.0.252", 
                "offset": 4666, 
                "time": 3.2066550254821777, 
                "dport": 5355, 
                "sport": 49779
            }, 
            {
                "src": "192.168.56.101", 
                "dst": "224.0.0.252", 
                "offset": 4986, 
                "time": 3.2164549827575684, 
                "dport": 5355, 
                "sport": 56720
            }, 
            {
                "src": "192.168.56.101", 
                "dst": "224.0.0.252", 
                "offset": 5314, 
                "time": 1.2866320610046387, 
                "dport": 5355, 
                "sport": 64614
            }, 
            {
                "src": "192.168.56.101", 
                "dst": "224.0.0.252", 
                "offset": 5634, 
                "time": 1.5557169914245605, 
                "dport": 5355, 
                "sport": 65517
            }, 
            {
                "src": "192.168.56.101", 
                "dst": "239.255.255.250", 
                "offset": 5962, 
                "time": 1.4045610427856445, 
                "dport": 1900, 
                "sport": 64617
            }, 
            {
                "src": "192.168.56.101", 
                "dst": "8.8.8.8", 
                "offset": 6726, 
                "time": 1.566762924194336, 
                "dport": 53, 
                "sport": 60350
            }, 
            {
                "src": "192.168.56.101", 
                "dst": "8.8.8.8", 
                "offset": 7002, 
                "time": 3.2025609016418457, 
                "dport": 53, 
                "sport": 64412
            }
        ], 
        "dns_servers": [
            "8.8.8.8"
        ], 
        "http": [], 
        "icmp": [], 
        "smtp": [], 
        "tcp": [], 
        "smtp_ex": [], 
        "mitm": [], 
        "hosts": [
            "8.8.8.8"
        ], 
        "pcap_sha256": "e363921c5ad933f59f1ff0168baca86a73901326711f1da20b216830a0440674", 
        "dns": [
            {
                "type": "A", 
                "request": "time.windows.com", 
                "answers": []
            }, 
            {
                "type": "A", 
                "request": "teredo.ipv6.microsoft.com", 
                "answers": []
            }
        ], 
        "http_ex": [], 
        "domains": [
            {
                "ip": "", 
                "domain": "teredo.ipv6.microsoft.com"
            }
        ], 
        "dead_hosts": [], 
        "sorted_pcap_sha256": "428e56b2ecc8a7efb4310be69ff699ad1aa9c3ab6b4f75c8e59b1568df5ef576", 
        "irc": [], 
        "https_ex": []
    }, 
    "static": {
        "pdb_path": "DXGIAdapterCache.pdb", 
        "pe_imports": [
            {
                "imports": [
                    {
                        "name": "?_Getgloballocale@locale@std@@CAPEAV_Locimp@12@XZ", 
                        "address": "0x140015780"
                    }, 
                    {
                        "name": "?id@?$time_put@GV?$ostreambuf_iterator@GU?$char_traits@G@std@@@std@@@std@@2V0locale@2@A", 
                        "address": "0x140015788"
                    }, 
                    {
                        "name": "??Bid@locale@std@@QEAA_KXZ", 
                        "address": "0x140015790"
                    }, 
                    {
                        "name": "??0_Lockit@std@@QEAA@H@Z", 
                        "address": "0x140015798"
                    }, 
                    {
                        "name": "?getloc@ios_base@std@@QEBA?AVlocale@2@XZ", 
                        "address": "0x1400157a0"
                    }, 
                    {
                        "name": "??1?$basic_iostream@GU?$char_traits@G@std@@@std@@UEAA@XZ", 
                        "address": "0x1400157a8"
                    }, 
                    {
                        "name": "?setstate@?$basic_ios@GU?$char_traits@G@std@@@std@@QEAAXH_N@Z", 
                        "address": "0x1400157b0"
                    }, 
                    {
                        "name": "??1?$basic_ios@GU?$char_traits@G@std@@@std@@UEAA@XZ", 
                        "address": "0x1400157b8"
                    }, 
                    {
                        "name": "?imbue@?$basic_streambuf@GU?$char_traits@G@std@@@std@@MEAAXAEBVlocale@2@@Z", 
                        "address": "0x1400157c0"
                    }, 
                    {
                        "name": "?sync@?$basic_streambuf@GU?$char_traits@G@std@@@std@@MEAAHXZ", 
                        "address": "0x1400157c8"
                    }, 
                    {
                        "name": "?setbuf@?$basic_streambuf@GU?$char_traits@G@std@@@std@@MEAAPEAV12@PEAG_J@Z", 
                        "address": "0x1400157d0"
                    }, 
                    {
                        "name": "?xsputn@?$basic_streambuf@GU?$char_traits@G@std@@@std@@MEAA_JPEBG_J@Z", 
                        "address": "0x1400157d8"
                    }, 
                    {
                        "name": "?xsgetn@?$basic_streambuf@GU?$char_traits@G@std@@@std@@MEAA_JPEAG_J@Z", 
                        "address": "0x1400157e0"
                    }, 
                    {
                        "name": "?uflow@?$basic_streambuf@GU?$char_traits@G@std@@@std@@MEAAGXZ", 
                        "address": "0x1400157e8"
                    }, 
                    {
                        "name": "?showmanyc@?$basic_streambuf@GU?$char_traits@G@std@@@std@@MEAA_JXZ", 
                        "address": "0x1400157f0"
                    }, 
                    {
                        "name": "?_Unlock@?$basic_streambuf@GU?$char_traits@G@std@@@std@@UEAAXXZ", 
                        "address": "0x1400157f8"
                    }, 
                    {
                        "name": "??1_Lockit@std@@QEAA@XZ", 
                        "address": "0x140015800"
                    }, 
                    {
                        "name": "?_Lock@?$basic_streambuf@GU?$char_traits@G@std@@@std@@UEAAXXZ", 
                        "address": "0x140015808"
                    }, 
                    {
                        "name": "??1?$basic_streambuf@GU?$char_traits@G@std@@@std@@UEAA@XZ", 
                        "address": "0x140015810"
                    }, 
                    {
                        "name": "??0?$basic_iostream@GU?$char_traits@G@std@@@std@@QEAA@PEAV?$basic_streambuf@GU?$char_traits@G@std@@@1@@Z", 
                        "address": "0x140015818"
                    }, 
                    {
                        "name": "?flush@?$basic_ostream@GU?$char_traits@G@std@@@std@@QEAAAEAV12@XZ", 
                        "address": "0x140015820"
                    }, 
                    {
                        "name": "?_Osfx@?$basic_ostream@GU?$char_traits@G@std@@@std@@QEAAXXZ", 
                        "address": "0x140015828"
                    }, 
                    {
                        "name": "?uncaught_exception@std@@YA_NXZ", 
                        "address": "0x140015830"
                    }, 
                    {
                        "name": "??0?$basic_ios@GU?$char_traits@G@std@@@std@@IEAA@XZ", 
                        "address": "0x140015838"
                    }, 
                    {
                        "name": "?_Pninc@?$basic_streambuf@GU?$char_traits@G@std@@@std@@IEAAPEAGXZ", 
                        "address": "0x140015840"
                    }, 
                    {
                        "name": "?gbump@?$basic_streambuf@GU?$char_traits@G@std@@@std@@IEAAXH@Z", 
                        "address": "0x140015848"
                    }, 
                    {
                        "name": "??0?$basic_streambuf@GU?$char_traits@G@std@@@std@@IEAA@XZ", 
                        "address": "0x140015850"
                    }, 
                    {
                        "name": "?put@?$time_put@GV?$ostreambuf_iterator@GU?$char_traits@G@std@@@std@@@std@@QEBA?AV?$ostreambuf_iterator@GU?$char_traits@G@std@@@2@V32@AEAVios_base@2@GPEBUtm@@PEBG3@Z", 
                        "address": "0x140015858"
                    }, 
                    {
                        "name": "?_Getcat@?$time_put@GV?$ostreambuf_iterator@GU?$char_traits@G@std@@@std@@@std@@SA_KPEAPEBVfacet@locale@2@PEBV42@@Z", 
                        "address": "0x140015860"
                    }, 
                    {
                        "name": "?_Xlength_error@std@@YAXPEBD@Z", 
                        "address": "0x140015868"
                    }
                ], 
                "dll": "msvcp_win.dll"
            }, 
            {
                "imports": [
                    {
                        "name": "_time64", 
                        "address": "0x140015730"
                    }
                ], 
                "dll": "api-ms-win-crt-time-l1-1-0.dll"
            }, 
            {
                "imports": [
                    {
                        "name": "_initterm_e", 
                        "address": "0x1400156f8"
                    }, 
                    {
                        "name": "_c_exit", 
                        "address": "0x140015700"
                    }, 
                    {
                        "name": "_initterm", 
                        "address": "0x140015708"
                    }, 
                    {
                        "name": "_register_thread_local_exe_atexit_callback", 
                        "address": "0x140015710"
                    }
                ], 
                "dll": "api-ms-win-crt-runtime-l1-1-0.dll"
            }, 
            {
                "imports": [
                    {
                        "name": "_o___std_exception_copy", 
                        "address": "0x1400155b0"
                    }, 
                    {
                        "name": "_o___std_exception_destroy", 
                        "address": "0x1400155b8"
                    }, 
                    {
                        "name": "_o___stdio_common_vsnprintf_s", 
                        "address": "0x1400155c0"
                    }, 
                    {
                        "name": "_o___stdio_common_vswprintf", 
                        "address": "0x1400155c8"
                    }, 
                    {
                        "name": "_o__callnewh", 
                        "address": "0x1400155d0"
                    }, 
                    {
                        "name": "_o__cexit", 
                        "address": "0x1400155d8"
                    }, 
                    {
                        "name": "_o__configthreadlocale", 
                        "address": "0x1400155e0"
                    }, 
                    {
                        "name": "_o__configure_wide_argv", 
                        "address": "0x1400155e8"
                    }, 
                    {
                        "name": "_o__crt_atexit", 
                        "address": "0x1400155f0"
                    }, 
                    {
                        "name": "_o__errno", 
                        "address": "0x1400155f8"
                    }, 
                    {
                        "name": "_o__exit", 
                        "address": "0x140015600"
                    }, 
                    {
                        "name": "_o__get_initial_wide_environment", 
                        "address": "0x140015608"
                    }, 
                    {
                        "name": "_o__gmtime64", 
                        "address": "0x140015610"
                    }, 
                    {
                        "name": "_o__initialize_onexit_table", 
                        "address": "0x140015618"
                    }, 
                    {
                        "name": "_o__initialize_wide_environment", 
                        "address": "0x140015620"
                    }, 
                    {
                        "name": "_o__invalid_parameter_noinfo", 
                        "address": "0x140015628"
                    }, 
                    {
                        "name": "_o__invalid_parameter_noinfo_noreturn", 
                        "address": "0x140015630"
                    }, 
                    {
                        "name": "_o__purecall", 
                        "address": "0x140015638"
                    }, 
                    {
                        "name": "_o__register_onexit_function", 
                        "address": "0x140015640"
                    }, 
                    {
                        "name": "_o__seh_filter_exe", 
                        "address": "0x140015648"
                    }, 
                    {
                        "name": "_o__set_app_type", 
                        "address": "0x140015650"
                    }, 
                    {
                        "name": "_o__set_fmode", 
                        "address": "0x140015658"
                    }, 
                    {
                        "name": "_o__set_new_mode", 
                        "address": "0x140015660"
                    }, 
                    {
                        "name": "memmove", 
                        "address": "0x140015668"
                    }, 
                    {
                        "name": "_o__wcsicmp", 
                        "address": "0x140015670"
                    }, 
                    {
                        "name": "_o_exit", 
                        "address": "0x140015678"
                    }, 
                    {
                        "name": "_o_free", 
                        "address": "0x140015680"
                    }, 
                    {
                        "name": "_o_malloc", 
                        "address": "0x140015688"
                    }, 
                    {
                        "name": "_o_terminate", 
                        "address": "0x140015690"
                    }, 
                    {
                        "name": "__C_specific_handler", 
                        "address": "0x140015698"
                    }, 
                    {
                        "name": "__current_exception", 
                        "address": "0x1400156a0"
                    }, 
                    {
                        "name": "__current_exception_context", 
                        "address": "0x1400156a8"
                    }, 
                    {
                        "name": "_CxxThrowException", 
                        "address": "0x1400156b0"
                    }, 
                    {
                        "name": "_o___p__commode", 
                        "address": "0x1400156b8"
                    }, 
                    {
                        "name": "__std_terminate", 
                        "address": "0x1400156c0"
                    }, 
                    {
                        "name": "__CxxFrameHandler4", 
                        "address": "0x1400156c8"
                    }, 
                    {
                        "name": "_o___p___wargv", 
                        "address": "0x1400156d0"
                    }, 
                    {
                        "name": "_o___p___argc", 
                        "address": "0x1400156d8"
                    }, 
                    {
                        "name": "memcmp", 
                        "address": "0x1400156e0"
                    }, 
                    {
                        "name": "memcpy", 
                        "address": "0x1400156e8"
                    }
                ], 
                "dll": "api-ms-win-crt-private-l1-1-0.dll"
            }, 
            {
                "imports": [
                    {
                        "name": "memset", 
                        "address": "0x140015720"
                    }
                ], 
                "dll": "api-ms-win-crt-string-l1-1-0.dll"
            }, 
            {
                "imports": [
                    {
                        "name": "EventActivityIdControl", 
                        "address": "0x140015740"
                    }, 
                    {
                        "name": "EventWriteTransfer", 
                        "address": "0x140015748"
                    }, 
                    {
                        "name": "EventUnregister", 
                        "address": "0x140015750"
                    }, 
                    {
                        "name": "EventRegister", 
                        "address": "0x140015758"
                    }, 
                    {
                        "name": "EventSetInformation", 
                        "address": "0x140015760"
                    }
                ], 
                "dll": "api-ms-win-eventing-provider-l1-1-0.dll"
            }, 
            {
                "imports": [
                    {
                        "name": "GetModuleHandleW", 
                        "address": "0x1400153c8"
                    }, 
                    {
                        "name": "GetModuleFileNameA", 
                        "address": "0x1400153d0"
                    }, 
                    {
                        "name": "GetProcAddress", 
                        "address": "0x1400153d8"
                    }, 
                    {
                        "name": "FreeLibrary", 
                        "address": "0x1400153e0"
                    }, 
                    {
                        "name": "GetModuleHandleExW", 
                        "address": "0x1400153e8"
                    }
                ], 
                "dll": "api-ms-win-core-libraryloader-l1-2-0.dll"
            }, 
            {
                "imports": [
                    {
                        "name": "InitOnceBeginInitialize", 
                        "address": "0x140015538"
                    }, 
                    {
                        "name": "InitOnceComplete", 
                        "address": "0x140015540"
                    }
                ], 
                "dll": "api-ms-win-core-synch-l1-2-0.dll"
            }, 
            {
                "imports": [
                    {
                        "name": "ReleaseSRWLockShared", 
                        "address": "0x1400154b8"
                    }, 
                    {
                        "name": "InitializeCriticalSectionEx", 
                        "address": "0x1400154c0"
                    }, 
                    {
                        "name": "AcquireSRWLockShared", 
                        "address": "0x1400154c8"
                    }, 
                    {
                        "name": "AcquireSRWLockExclusive", 
                        "address": "0x1400154d0"
                    }, 
                    {
                        "name": "LeaveCriticalSection", 
                        "address": "0x1400154d8"
                    }, 
                    {
                        "name": "ReleaseSemaphore", 
                        "address": "0x1400154e0"
                    }, 
                    {
                        "name": "EnterCriticalSection", 
                        "address": "0x1400154e8"
                    }, 
                    {
                        "name": "CreateMutexExW", 
                        "address": "0x1400154f0"
                    }, 
                    {
                        "name": "DeleteCriticalSection", 
                        "address": "0x1400154f8"
                    }, 
                    {
                        "name": "CreateSemaphoreExW", 
                        "address": "0x140015500"
                    }, 
                    {
                        "name": "ReleaseMutex", 
                        "address": "0x140015508"
                    }, 
                    {
                        "name": "WaitForSingleObjectEx", 
                        "address": "0x140015510"
                    }, 
                    {
                        "name": "OpenSemaphoreW", 
                        "address": "0x140015518"
                    }, 
                    {
                        "name": "WaitForSingleObject", 
                        "address": "0x140015520"
                    }, 
                    {
                        "name": "ReleaseSRWLockExclusive", 
                        "address": "0x140015528"
                    }
                ], 
                "dll": "api-ms-win-core-synch-l1-1-0.dll"
            }, 
            {
                "imports": [
                    {
                        "name": "GetProcessHeap", 
                        "address": "0x140015398"
                    }, 
                    {
                        "name": "HeapFree", 
                        "address": "0x1400153a0"
                    }, 
                    {
                        "name": "HeapAlloc", 
                        "address": "0x1400153a8"
                    }
                ], 
                "dll": "api-ms-win-core-heap-l1-1-0.dll"
            }, 
            {
                "imports": [
                    {
                        "name": "UnhandledExceptionFilter", 
                        "address": "0x140015358"
                    }, 
                    {
                        "name": "GetLastError", 
                        "address": "0x140015360"
                    }, 
                    {
                        "name": "SetLastError", 
                        "address": "0x140015368"
                    }, 
                    {
                        "name": "SetUnhandledExceptionFilter", 
                        "address": "0x140015370"
                    }, 
                    {
                        "name": "RaiseException", 
                        "address": "0x140015378"
                    }
                ], 
                "dll": "api-ms-win-core-errorhandling-l1-1-0.dll"
            }, 
            {
                "imports": [
                    {
                        "name": "NtCreateTransaction", 
                        "address": "0x140015878"
                    }, 
                    {
                        "name": "NtClose", 
                        "address": "0x140015880"
                    }, 
                    {
                        "name": "NtCommitTransaction", 
                        "address": "0x140015888"
                    }
                ], 
                "dll": "ntdll.dll"
            }, 
            {
                "imports": [
                    {
                        "name": "CoInitializeEx", 
                        "address": "0x140015300"
                    }, 
                    {
                        "name": "CoUninitialize", 
                        "address": "0x140015308"
                    }
                ], 
                "dll": "api-ms-win-core-com-l1-1-0.dll"
            }, 
            {
                "imports": [
                    {
                        "name": "RegSetValueExW", 
                        "address": "0x140015460"
                    }, 
                    {
                        "name": "RegOpenKeyExW", 
                        "address": "0x140015468"
                    }, 
                    {
                        "name": "RegCreateKeyExW", 
                        "address": "0x140015470"
                    }, 
                    {
                        "name": "RegGetValueW", 
                        "address": "0x140015478"
                    }, 
                    {
                        "name": "RegCloseKey", 
                        "address": "0x140015480"
                    }, 
                    {
                        "name": "RegDeleteTreeW", 
                        "address": "0x140015488"
                    }
                ], 
                "dll": "api-ms-win-core-registry-l1-1-0.dll"
            }, 
            {
                "imports": [
                    {
                        "name": "WindowsGetStringRawBuffer", 
                        "address": "0x140015598"
                    }, 
                    {
                        "name": "WindowsCreateStringReference", 
                        "address": "0x1400155a0"
                    }
                ], 
                "dll": "api-ms-win-core-winrt-string-l1-1-0.dll"
            }, 
            {
                "imports": [
                    {
                        "name": "RoGetActivationFactory", 
                        "address": "0x140015588"
                    }
                ], 
                "dll": "api-ms-win-core-winrt-l1-1-0.dll"
            }, 
            {
                "imports": [
                    {
                        "name": "GetPersistedRegistryLocationW", 
                        "address": "0x140015770"
                    }
                ], 
                "dll": "api-ms-win-stateseparation-helpers-l1-1-0.dll"
            }, 
            {
                "imports": [
                    {
                        "name": "CloseThreadpoolTimer", 
                        "address": "0x140015560"
                    }, 
                    {
                        "name": "WaitForThreadpoolTimerCallbacks", 
                        "address": "0x140015568"
                    }, 
                    {
                        "name": "SetThreadpoolTimer", 
                        "address": "0x140015570"
                    }, 
                    {
                        "name": "CreateThreadpoolTimer", 
                        "address": "0x140015578"
                    }
                ], 
                "dll": "api-ms-win-core-threadpool-l1-2-0.dll"
            }, 
            {
                "imports": [
                    {
                        "name": "GetCurrentProcessId", 
                        "address": "0x140015418"
                    }, 
                    {
                        "name": "GetCurrentProcess", 
                        "address": "0x140015420"
                    }, 
                    {
                        "name": "TerminateProcess", 
                        "address": "0x140015428"
                    }, 
                    {
                        "name": "GetCurrentThreadId", 
                        "address": "0x140015430"
                    }
                ], 
                "dll": "api-ms-win-core-processthreads-l1-1-0.dll"
            }, 
            {
                "imports": [
                    {
                        "name": "FormatMessageW", 
                        "address": "0x140015408"
                    }
                ], 
                "dll": "api-ms-win-core-localization-l1-2-0.dll"
            }, 
            {
                "imports": [
                    {
                        "name": "OutputDebugStringW", 
                        "address": "0x140015318"
                    }, 
                    {
                        "name": "DebugBreak", 
                        "address": "0x140015320"
                    }, 
                    {
                        "name": "IsDebuggerPresent", 
                        "address": "0x140015328"
                    }
                ], 
                "dll": "api-ms-win-core-debug-l1-1-0.dll"
            }, 
            {
                "imports": [
                    {
                        "name": "CloseHandle", 
                        "address": "0x140015388"
                    }
                ], 
                "dll": "api-ms-win-core-handle-l1-1-0.dll"
            }, 
            {
                "imports": [
                    {
                        "name": "LoadLibraryW", 
                        "address": "0x1400153f8"
                    }
                ], 
                "dll": "api-ms-win-core-libraryloader-l1-2-1.dll"
            }, 
            {
                "imports": [
                    {
                        "name": "ApiSetQueryApiSetPresence", 
                        "address": "0x1400152f0"
                    }
                ], 
                "dll": "api-ms-win-core-apiquery-l1-1-0.dll"
            }, 
            {
                "imports": [
                    {
                        "name": "GetSystemTimeAsFileTime", 
                        "address": "0x140015550"
                    }
                ], 
                "dll": "api-ms-win-core-sysinfo-l1-1-0.dll"
            }, 
            {
                "imports": [
                    {
                        "name": "RtlLookupFunctionEntry", 
                        "address": "0x140015498"
                    }, 
                    {
                        "name": "RtlCaptureContext", 
                        "address": "0x1400154a0"
                    }, 
                    {
                        "name": "RtlVirtualUnwind", 
                        "address": "0x1400154a8"
                    }
                ], 
                "dll": "api-ms-win-core-rtlsupport-l1-1-0.dll"
            }, 
            {
                "imports": [
                    {
                        "name": "IsProcessorFeaturePresent", 
                        "address": "0x140015440"
                    }
                ], 
                "dll": "api-ms-win-core-processthreads-l1-1-1.dll"
            }, 
            {
                "imports": [
                    {
                        "name": "QueryPerformanceCounter", 
                        "address": "0x140015450"
                    }
                ], 
                "dll": "api-ms-win-core-profile-l1-1-0.dll"
            }, 
            {
                "imports": [
                    {
                        "name": "InitializeSListHead", 
                        "address": "0x1400153b8"
                    }
                ], 
                "dll": "api-ms-win-core-interlocked-l1-1-0.dll"
            }, 
            {
                "imports": [
                    {
                        "name": "ResolveDelayLoadedAPI", 
                        "address": "0x140015348"
                    }
                ], 
                "dll": "api-ms-win-core-delayload-l1-1-1.dll"
            }, 
            {
                "imports": [
                    {
                        "name": "DelayLoadFailureHook", 
                        "address": "0x140015338"
                    }
                ], 
                "dll": "api-ms-win-core-delayload-l1-1-0.dll"
            }
        ], 
        "peid_signatures": null, 
        "keys": [], 
        "signature": [], 
        "pe_timestamp": "2019-03-30 08:05:22", 
        "pe_exports": [], 
        "imported_dll_count": 31, 
        "pe_imphash": "2d0256d01e3040c4cbac0b67964dbd15", 
        "pe_resources": [
            {
                "name": "RT_VERSION", 
                "language": "LANG_ENGLISH", 
                "filetype": "COM executable for DOS", 
                "sublanguage": "SUBLANG_ENGLISH_US", 
                "offset": "0x0001f060", 
                "size": "0x000003bc"
            }
        ], 
        "pe_versioninfo": [
            {
                "name": "LegalCopyright", 
                "value": "\\xa9 Microsoft Corporation. All rights reserved."
            }, 
            {
                "name": "InternalName", 
                "value": "DXGIAdapterCache.exe"
            }, 
            {
                "name": "FileVersion", 
                "value": "10.0.22621.4830 (WinBuild.160101.0800)"
            }, 
            {
                "name": "CompanyName", 
                "value": "Microsoft Corporation"
            }, 
            {
                "name": "ProductName", 
                "value": "Microsoft\\xae Windows\\xae Operating System"
            }, 
            {
                "name": "ProductVersion", 
                "value": "10.0.22621.4830"
            }, 
            {
                "name": "FileDescription", 
                "value": "DXGI Adapter Cache"
            }, 
            {
                "name": "OriginalFilename", 
                "value": "DXGIAdapterCache.exe"
            }, 
            {
                "name": "Translation", 
                "value": "0x0409 0x04b0"
            }
        ], 
        "pe_sections": [
            {
                "size_of_data": "0x00014000", 
                "virtual_address": "0x00001000", 
                "entropy": 6.050125817597615, 
                "name": ".text", 
                "virtual_size": "0x0001311c"
            }, 
            {
                "size_of_data": "0x00007000", 
                "virtual_address": "0x00015000", 
                "entropy": 4.917198671998707, 
                "name": ".rdata", 
                "virtual_size": "0x00006588"
            }, 
            {
                "size_of_data": "0x00001000", 
                "virtual_address": "0x0001c000", 
                "entropy": 0.5647854682567292, 
                "name": ".data", 
                "virtual_size": "0x00000d60"
            }, 
            {
                "size_of_data": "0x00001000", 
                "virtual_address": "0x0001d000", 
                "entropy": 4.729200228619168, 
                "name": ".pdata", 
                "virtual_size": "0x00000edc"
            }, 
            {
                "size_of_data": "0x00001000", 
                "virtual_address": "0x0001e000", 
                "entropy": 0.11138468118030767, 
                "name": ".didat", 
                "virtual_size": "0x00000088"
            }, 
            {
                "size_of_data": "0x00001000", 
                "virtual_address": "0x0001f000", 
                "entropy": 1.1279001480332491, 
                "name": ".rsrc", 
                "virtual_size": "0x00000420"
            }, 
            {
                "size_of_data": "0x00001000", 
                "virtual_address": "0x00020000", 
                "entropy": 0.5242420212601786, 
                "name": ".reloc", 
                "virtual_size": "0x000000e8"
            }
        ]
    }, 
    "behavior": {
        "generic": [
            {
                "process_path": "C:\\Windows\\System32\\lsass.exe", 
                "process_name": "lsass.exe", 
                "pid": 508, 
                "summary": {}, 
                "first_seen": 1742634435.453125, 
                "ppid": 400
            }
        ], 
        "processes": [
            {
                "process_path": "C:\\Windows\\System32\\lsass.exe", 
                "calls": [], 
                "track": false, 
                "pid": 508, 
                "process_name": "lsass.exe", 
                "command_line": "C:\\Windows\\system32\\lsass.exe", 
                "modules": [
                    {
                        "basename": "lsass.exe", 
                        "imgsize": 49152, 
                        "baseaddr": "0xffc70000", 
                        "filepath": "C:\\Windows\\system32\\lsass.exe"
                    }, 
                    {
                        "basename": "ntdll.dll", 
                        "imgsize": 1740800, 
                        "baseaddr": "0x76dd0000", 
                        "filepath": "C:\\Windows\\SYSTEM32\\ntdll.dll"
                    }, 
                    {
                        "basename": "kernel32.dll", 
                        "imgsize": 1175552, 
                        "baseaddr": "0x76bb0000", 
                        "filepath": "C:\\Windows\\system32\\kernel32.dll"
                    }, 
                    {
                        "basename": "KERNELBASE.dll", 
                        "imgsize": 438272, 
                        "baseaddr": "0x7fefcf80000", 
                        "filepath": "C:\\Windows\\system32\\KERNELBASE.dll"
                    }, 
                    {
                        "basename": "msvcrt.dll", 
                        "imgsize": 651264, 
                        "baseaddr": "0x7fefec80000", 
                        "filepath": "C:\\Windows\\system32\\msvcrt.dll"
                    }, 
                    {
                        "basename": "RPCRT4.dll", 
                        "imgsize": 1232896, 
                        "baseaddr": "0x7fefd2c0000", 
                        "filepath": "C:\\Windows\\system32\\RPCRT4.dll"
                    }, 
                    {
                        "basename": "SspiSrv.dll", 
                        "imgsize": 45056, 
                        "baseaddr": "0x7fefcb60000", 
                        "filepath": "C:\\Windows\\system32\\SspiSrv.dll"
                    }, 
                    {
                        "basename": "lsasrv.dll", 
                        "imgsize": 1470464, 
                        "baseaddr": "0x7fefc9e0000", 
                        "filepath": "C:\\Windows\\system32\\lsasrv.dll"
                    }, 
                    {
                        "basename": "sechost.dll", 
                        "imgsize": 126976, 
                        "baseaddr": "0x7fefea00000", 
                        "filepath": "C:\\Windows\\SYSTEM32\\sechost.dll"
                    }, 
                    {
                        "basename": "SspiCli.dll", 
                        "imgsize": 151552, 
                        "baseaddr": "0x7fefcb80000", 
                        "filepath": "C:\\Windows\\system32\\SspiCli.dll"
                    }, 
                    {
                        "basename": "ADVAPI32.dll", 
                        "imgsize": 897024, 
                        "baseaddr": "0x7fefd480000", 
                        "filepath": "C:\\Windows\\system32\\ADVAPI32.dll"
                    }, 
                    {
                        "basename": "USER32.dll", 
                        "imgsize": 1024000, 
                        "baseaddr": "0x76cd0000", 
                        "filepath": "C:\\Windows\\system32\\USER32.dll"
                    }, 
                    {
                        "basename": "GDI32.dll", 
                        "imgsize": 421888, 
                        "baseaddr": "0x7fefd560000", 
                        "filepath": "C:\\Windows\\system32\\GDI32.dll"
                    }, 
                    {
                        "basename": "LPK.dll", 
                        "imgsize": 57344, 
                        "baseaddr": "0x7fefd830000", 
                        "filepath": "C:\\Windows\\system32\\LPK.dll"
                    }, 
                    {
                        "basename": "USP10.dll", 
                        "imgsize": 823296, 
                        "baseaddr": "0x7feff010000", 
                        "filepath": "C:\\Windows\\system32\\USP10.dll"
                    }, 
                    {
                        "basename": "SAMSRV.dll", 
                        "imgsize": 774144, 
                        "baseaddr": "0x7fefc880000", 
                        "filepath": "C:\\Windows\\system32\\SAMSRV.dll"
                    }, 
                    {
                        "basename": "cryptdll.dll", 
                        "imgsize": 81920, 
                        "baseaddr": "0x7fefc860000", 
                        "filepath": "C:\\Windows\\system32\\cryptdll.dll"
                    }, 
                    {
                        "basename": "MSASN1.dll", 
                        "imgsize": 61440, 
                        "baseaddr": "0x7fefcdc0000", 
                        "filepath": "C:\\Windows\\system32\\MSASN1.dll"
                    }, 
                    {
                        "basename": "wevtapi.dll", 
                        "imgsize": 446464, 
                        "baseaddr": "0x7fefc7f0000", 
                        "filepath": "C:\\Windows\\system32\\wevtapi.dll"
                    }, 
                    {
                        "basename": "IMM32.DLL", 
                        "imgsize": 188416, 
                        "baseaddr": "0x7fefea20000", 
                        "filepath": "C:\\Windows\\system32\\IMM32.DLL"
                    }, 
                    {
                        "basename": "MSCTF.dll", 
                        "imgsize": 1085440, 
                        "baseaddr": "0x7fefed20000", 
                        "filepath": "C:\\Windows\\system32\\MSCTF.dll"
                    }, 
                    {
                        "basename": "cngaudit.dll", 
                        "imgsize": 36864, 
                        "baseaddr": "0x7fefc7b0000", 
                        "filepath": "C:\\Windows\\system32\\cngaudit.dll"
                    }, 
                    {
                        "basename": "AUTHZ.dll", 
                        "imgsize": 192512, 
                        "baseaddr": "0x7fefc780000", 
                        "filepath": "C:\\Windows\\system32\\AUTHZ.dll"
                    }, 
                    {
                        "basename": "ncrypt.dll", 
                        "imgsize": 319488, 
                        "baseaddr": "0x7fefc730000", 
                        "filepath": "C:\\Windows\\system32\\ncrypt.dll"
                    }, 
                    {
                        "basename": "bcrypt.dll", 
                        "imgsize": 139264, 
                        "baseaddr": "0x7fefc700000", 
                        "filepath": "C:\\Windows\\system32\\bcrypt.dll"
                    }, 
                    {
                        "basename": "msprivs.DLL", 
                        "imgsize": 8192, 
                        "baseaddr": "0x74af0000", 
                        "filepath": "C:\\Windows\\system32\\msprivs.DLL"
                    }, 
                    {
                        "basename": "netjoin.dll", 
                        "imgsize": 204800, 
                        "baseaddr": "0x7fefc6c0000", 
                        "filepath": "C:\\Windows\\system32\\netjoin.dll"
                    }, 
                    {
                        "basename": "negoexts.DLL", 
                        "imgsize": 147456, 
                        "baseaddr": "0x7fefc690000", 
                        "filepath": "C:\\Windows\\system32\\negoexts.DLL"
                    }, 
                    {
                        "basename": "Secur32.dll", 
                        "imgsize": 45056, 
                        "baseaddr": "0x7fefc9b0000", 
                        "filepath": "C:\\Windows\\system32\\Secur32.dll"
                    }, 
                    {
                        "basename": "cryptbase.dll", 
                        "imgsize": 61440, 
                        "baseaddr": "0x7fefcc50000", 
                        "filepath": "C:\\Windows\\system32\\cryptbase.dll"
                    }, 
                    {
                        "basename": "kerberos.DLL", 
                        "imgsize": 737280, 
                        "baseaddr": "0x7fefc5d0000", 
                        "filepath": "C:\\Windows\\system32\\kerberos.DLL"
                    }, 
                    {
                        "basename": "CRYPTSP.dll", 
                        "imgsize": 94208, 
                        "baseaddr": "0x7fefc5b0000", 
                        "filepath": "C:\\Windows\\system32\\CRYPTSP.dll"
                    }, 
                    {
                        "basename": "WS2_32.dll", 
                        "imgsize": 315392, 
                        "baseaddr": "0x7fefec30000", 
                        "filepath": "C:\\Windows\\system32\\WS2_32.dll"
                    }, 
                    {
                        "basename": "NSI.dll", 
                        "imgsize": 32768, 
                        "baseaddr": "0x7fefd3f0000", 
                        "filepath": "C:\\Windows\\system32\\NSI.dll"
                    }, 
                    {
                        "basename": "mswsock.dll", 
                        "imgsize": 348160, 
                        "baseaddr": "0x7fefc550000", 
                        "filepath": "C:\\Windows\\system32\\mswsock.dll"
                    }, 
                    {
                        "basename": "wship6.dll", 
                        "imgsize": 28672, 
                        "baseaddr": "0x7fefc540000", 
                        "filepath": "C:\\Windows\\System32\\wship6.dll"
                    }, 
                    {
                        "basename": "msv1_0.DLL", 
                        "imgsize": 331776, 
                        "baseaddr": "0x7fefc4e0000", 
                        "filepath": "C:\\Windows\\system32\\msv1_0.DLL"
                    }, 
                    {
                        "basename": "netlogon.DLL", 
                        "imgsize": 712704, 
                        "baseaddr": "0x7fefc430000", 
                        "filepath": "C:\\Windows\\system32\\netlogon.DLL"
                    }, 
                    {
                        "basename": "DNSAPI.dll", 
                        "imgsize": 372736, 
                        "baseaddr": "0x7fefc3d0000", 
                        "filepath": "C:\\Windows\\system32\\DNSAPI.dll"
                    }, 
                    {
                        "basename": "logoncli.dll", 
                        "imgsize": 196608, 
                        "baseaddr": "0x7fefc3a0000", 
                        "filepath": "C:\\Windows\\system32\\logoncli.dll"
                    }, 
                    {
                        "basename": "schannel.DLL", 
                        "imgsize": 356352, 
                        "baseaddr": "0x7fefc340000", 
                        "filepath": "C:\\Windows\\system32\\schannel.DLL"
                    }, 
                    {
                        "basename": "CRYPT32.dll", 
                        "imgsize": 1470464, 
                        "baseaddr": "0x7fefcdd0000", 
                        "filepath": "C:\\Windows\\system32\\CRYPT32.dll"
                    }, 
                    {
                        "basename": "wdigest.DLL", 
                        "imgsize": 221184, 
                        "baseaddr": "0x7fefc300000", 
                        "filepath": "C:\\Windows\\system32\\wdigest.DLL"
                    }, 
                    {
                        "basename": "rsaenh.dll", 
                        "imgsize": 290816, 
                        "baseaddr": "0x7fefc2b0000", 
                        "filepath": "C:\\Windows\\system32\\rsaenh.dll"
                    }, 
                    {
                        "basename": "tspkg.DLL", 
                        "imgsize": 98304, 
                        "baseaddr": "0x7fefc290000", 
                        "filepath": "C:\\Windows\\system32\\tspkg.DLL"
                    }, 
                    {
                        "basename": "pku2u.DLL", 
                        "imgsize": 282624, 
                        "baseaddr": "0x7fefc240000", 
                        "filepath": "C:\\Windows\\system32\\pku2u.DLL"
                    }, 
                    {
                        "basename": "bcryptprimitives.dll", 
                        "imgsize": 311296, 
                        "baseaddr": "0x7fefc1f0000", 
                        "filepath": "C:\\Windows\\system32\\bcryptprimitives.dll"
                    }, 
                    {
                        "basename": "RpcRtRemote.dll", 
                        "imgsize": 81920, 
                        "baseaddr": "0x7fefcd00000", 
                        "filepath": "C:\\Windows\\system32\\RpcRtRemote.dll"
                    }, 
                    {
                        "basename": "efslsaext.dll", 
                        "imgsize": 73728, 
                        "baseaddr": "0x7fefc1d0000", 
                        "filepath": "C:\\Windows\\system32\\efslsaext.dll"
                    }, 
                    {
                        "basename": "scecli.DLL", 
                        "imgsize": 253952, 
                        "baseaddr": "0x7fefc130000", 
                        "filepath": "C:\\Windows\\system32\\scecli.DLL"
                    }, 
                    {
                        "basename": "credssp.dll", 
                        "imgsize": 40960, 
                        "baseaddr": "0x7fefc1b0000", 
                        "filepath": "C:\\Windows\\system32\\credssp.dll"
                    }, 
                    {
                        "basename": "WINSTA.dll", 
                        "imgsize": 249856, 
                        "baseaddr": "0x7fefcc10000", 
                        "filepath": "C:\\Windows\\system32\\WINSTA.dll"
                    }, 
                    {
                        "basename": "IPHLPAPI.DLL", 
                        "imgsize": 159744, 
                        "baseaddr": "0x7fefbfd0000", 
                        "filepath": "C:\\Windows\\system32\\IPHLPAPI.DLL"
                    }, 
                    {
                        "basename": "WINNSI.DLL", 
                        "imgsize": 45056, 
                        "baseaddr": "0x7fefbfc0000", 
                        "filepath": "C:\\Windows\\system32\\WINNSI.DLL"
                    }, 
                    {
                        "basename": "netutils.dll", 
                        "imgsize": 49152, 
                        "baseaddr": "0x7fefa790000", 
                        "filepath": "C:\\Windows\\system32\\netutils.dll"
                    }, 
                    {
                        "basename": "USERENV.dll", 
                        "imgsize": 122880, 
                        "baseaddr": "0x7fefc060000", 
                        "filepath": "C:\\Windows\\system32\\USERENV.dll"
                    }, 
                    {
                        "basename": "profapi.dll", 
                        "imgsize": 61440, 
                        "baseaddr": "0x7fefcd20000", 
                        "filepath": "C:\\Windows\\system32\\profapi.dll"
                    }, 
                    {
                        "basename": "wshtcpip.dll", 
                        "imgsize": 28672, 
                        "baseaddr": "0x7fefbed0000", 
                        "filepath": "C:\\Windows\\System32\\wshtcpip.dll"
                    }, 
                    {
                        "basename": "monitor-x64.dll", 
                        "imgsize": 2269184, 
                        "baseaddr": "0x744c0000", 
                        "filepath": "C:\\tmpql7zol\\bin\\monitor-x64.dll"
                    }
                ], 
                "time": 0, 
                "tid": 2492, 
                "first_seen": 1742634435.453125, 
                "ppid": 400, 
                "type": "process"
            }
        ], 
        "processtree": [
            {
                "track": false, 
                "pid": 508, 
                "process_name": "lsass.exe", 
                "command_line": "C:\\Windows\\system32\\lsass.exe", 
                "first_seen": 1742634435.453125, 
                "ppid": 400, 
                "children": []
            }
        ]
    }, 
    "debug": {
        "action": [], 
        "dbgview": [], 
        "errors": [], 
        "log": [
            "2025-03-22 08:07:14,000 [analyzer] DEBUG: Starting analyzer from: C:\\tmpql7zol\n", 
            "2025-03-22 08:07:14,000 [analyzer] DEBUG: Pipe server name: \\??\\PIPE\\bLmOkvYsmKkMmMCKERHyInNFjRo\n", 
            "2025-03-22 08:07:14,000 [analyzer] DEBUG: Log pipe server name: \\??\\PIPE\\rEOPjJVyHZRZKgCLOJXpuBlPCdIVoQ\n", 
            "2025-03-22 08:07:14,217 [analyzer] DEBUG: Started auxiliary module DbgView\n", 
            "2025-03-22 08:07:15,108 [analyzer] DEBUG: Started auxiliary module Disguise\n", 
            "2025-03-22 08:07:15,515 [analyzer] DEBUG: Loaded monitor into process with pid 508\n", 
            "2025-03-22 08:07:15,530 [analyzer] DEBUG: Started auxiliary module DumpTLSMasterSecrets\n", 
            "2025-03-22 08:07:15,546 [analyzer] DEBUG: Started auxiliary module Human\n", 
            "2025-03-22 08:07:15,546 [analyzer] DEBUG: Started auxiliary module InstallCertificate\n", 
            "2025-03-22 08:07:15,546 [analyzer] DEBUG: Started auxiliary module Reboot\n", 
            "2025-03-22 08:07:16,217 [analyzer] DEBUG: Started auxiliary module RecentFiles\n", 
            "2025-03-22 08:07:16,217 [modules.auxiliary.screenshots] INFO: Python Image Library (either PIL or Pillow) is not installed, screenshots are disabled.\n", 
            "2025-03-22 08:07:16,233 [analyzer] DEBUG: Started auxiliary module Screenshots\n", 
            "2025-03-22 08:07:16,233 [analyzer] DEBUG: Started auxiliary module LoadZer0m0n\n", 
            "2025-03-22 08:07:16,312 [lib.api.process] ERROR: Failed to execute process from path u'C:\\\\Users\\\\ADMINI~1\\\\AppData\\\\Local\\\\Temp\\\\dxgiadaptercache.exe' with arguments ['bin\\\\inject-x64.exe', '--app', u'C:\\\\Users\\\\ADMINI~1\\\\AppData\\\\Local\\\\Temp\\\\dxgiadaptercache.exe', '--only-start', '--curdir', 'C:\\\\Users\\\\ADMINI~1\\\\AppData\\\\Local\\\\Temp'] (Error: Command '['bin\\\\inject-x64.exe', '--app', u'C:\\\\Users\\\\ADMINI~1\\\\AppData\\\\Local\\\\Temp\\\\dxgiadaptercache.exe', '--only-start', '--curdir', 'C:\\\\Users\\\\ADMINI~1\\\\AppData\\\\Local\\\\Temp']' returned non-zero exit status 1)\n"
        ], 
        "cuckoo": [
            "2025-03-22 08:11:08,675 [cuckoo.core.scheduler] INFO: Task #419: acquired machine 192.168.56.1011 (label=192.168.56.1011)\n", 
            "2025-03-22 08:11:08,676 [cuckoo.core.resultserver] DEBUG: Now tracking machine 192.168.56.101 for task #419\n", 
            "2025-03-22 08:11:08,677 [cuckoo.core.plugins] DEBUG: Started auxiliary module: Replay\n", 
            "2025-03-22 08:11:08,689 [cuckoo.auxiliary.sniffer] INFO: Started sniffer with PID 57259 (interface=vboxnet0, host=192.168.56.101)\n", 
            "2025-03-22 08:11:08,690 [cuckoo.core.plugins] DEBUG: Started auxiliary module: Sniffer\n", 
            "2025-03-22 08:11:08,803 [cuckoo.machinery.virtualbox] DEBUG: Starting vm 192.168.56.1011\n", 
            "2025-03-22 08:11:08,967 [cuckoo.machinery.virtualbox] DEBUG: Restoring virtual machine 192.168.56.1011 to its current snapshot\n", 
            "2025-03-22 08:11:12,089 [cuckoo.core.guest] INFO: Starting analysis #419 on guest (id=192.168.56.1011, ip=192.168.56.101)\n", 
            "2025-03-22 08:11:13,094 [cuckoo.core.guest] DEBUG: 192.168.56.1011: not ready yet\n", 
            "2025-03-22 08:11:14,100 [cuckoo.core.guest] DEBUG: 192.168.56.1011: not ready yet\n", 
            "2025-03-22 08:11:15,108 [cuckoo.core.guest] DEBUG: 192.168.56.1011: not ready yet\n", 
            "2025-03-22 08:11:15,126 [cuckoo.core.guest] INFO: Guest is running Cuckoo Agent 0.10 (id=192.168.56.1011, ip=192.168.56.101)\n", 
            "2025-03-22 08:11:15,223 [cuckoo.core.guest] DEBUG: Uploading analyzer to guest (id=192.168.56.1011, ip=192.168.56.101, monitor=latest, size=3884763)\n", 
            "2025-03-22 08:11:17,093 [cuckoo.core.resultserver] DEBUG: Task #419: live log analysis.log initialized.\n", 
            "2025-03-22 08:11:18,595 [cuckoo.core.resultserver] DEBUG: Task #419 is sending a BSON stream\n", 
            "2025-03-22 08:11:20,290 [cuckoo.core.guest] WARNING: 192.168.56.1011: analysis #419 caught an exception\n", 
            "Traceback (most recent call last):\n", 
            "  File \"C:/tmpql7zol/analyzer.py\", line 808, in <module>\n", 
            "    success = analyzer.run()\n", 
            "  File \"C:/tmpql7zol/analyzer.py\", line 657, in run\n", 
            "    pids = self.package.start(self.target)\n", 
            "  File \"C:\\tmpql7zol\\modules\\packages\\exe.py\", line 23, in start\n", 
            "    return self.execute(path, args=shlex.split(args))\n", 
            "  File \"C:\\tmpql7zol\\lib\\common\\abstracts.py\", line 166, in execute\n", 
            "    \"Unable to execute the initial process, analysis aborted.\"\n", 
            "CuckooPackageError: Unable to execute the initial process, analysis aborted.\n", 
            "\n", 
            "2025-03-22 08:11:20,295 [cuckoo.core.plugins] DEBUG: Stopped auxiliary module: Replay\n", 
            "2025-03-22 08:11:20,341 [cuckoo.core.plugins] DEBUG: Stopped auxiliary module: Sniffer\n", 
            "2025-03-22 08:11:34,566 [cuckoo.machinery.virtualbox] INFO: Successfully generated memory dump for virtual machine with label 192.168.56.1011 to path /home/tesst/.cuckoo/storage/analyses/419/memory.dmp\n", 
            "2025-03-22 08:11:34,567 [cuckoo.machinery.virtualbox] DEBUG: Stopping vm 192.168.56.1011\n", 
            "2025-03-22 08:11:35,964 [cuckoo.core.resultserver] DEBUG: Stopped tracking machine 192.168.56.101 for task #419\n", 
            "2025-03-22 08:11:35,965 [cuckoo.core.resultserver] DEBUG: Cancel <Context for LOG> for task 419\n", 
            "2025-03-22 08:11:35,968 [cuckoo.core.scheduler] DEBUG: Released database task #419\n", 
            "2025-03-22 08:11:35,993 [cuckoo.core.plugins] DEBUG: Executed processing module \"AnalysisInfo\" for task #419\n", 
            "2025-03-22 08:11:35,995 [cuckoo.core.plugins] DEBUG: Executed processing module \"BehaviorAnalysis\" for task #419\n", 
            "2025-03-22 08:11:35,995 [cuckoo.core.plugins] DEBUG: Executed processing module \"Dropped\" for task #419\n", 
            "2025-03-22 08:11:35,995 [cuckoo.core.plugins] DEBUG: Executed processing module \"DroppedBuffer\" for task #419\n", 
            "2025-03-22 08:11:35,995 [cuckoo.core.plugins] DEBUG: Executed processing module \"MetaInfo\" for task #419\n", 
            "2025-03-22 08:11:35,996 [cuckoo.core.plugins] DEBUG: Executed processing module \"ProcessMemory\" for task #419\n", 
            "2025-03-22 08:11:35,996 [cuckoo.core.plugins] DEBUG: Executed processing module \"Procmon\" for task #419\n", 
            "2025-03-22 08:11:35,996 [cuckoo.core.plugins] DEBUG: Executed processing module \"Screenshots\" for task #419\n", 
            "2025-03-22 08:11:36,252 [cuckoo.core.plugins] DEBUG: Executed processing module \"Static\" for task #419\n", 
            "2025-03-22 08:11:36,257 [cuckoo.core.plugins] DEBUG: Executed processing module \"Strings\" for task #419\n", 
            "2025-03-22 08:11:36,260 [cuckoo.cor"
        ]
    }, 
    "strings": [
        "!This program cannot be run in DOS mode.", 
        "Rich&n3", 
        "`.rdata", 
        "@.data", 
        ".pdata", 
        "@.didat", 
        "@.reloc", 
        "\\$ UVWAVAWH", 
        "fA94@u", 
        "fA94@u", 
        "A_A^_^]", 
        "\\$ UVWAVAWH", 
        "fA94@u", 
        "fA94@u", 
        "A_A^_^]", 
        "\\$ UVWATAVH", 
        "A^A\\_^]", 
        "q0R^G'", 
        "q0R^G'", 
        "q0R^G'", 
        "q0R^G'", 
        " H3E H3E", 
        "u/HcH<H", 
        "` UAUAVH", 
        "\\$ UVWATAUAVAWH", 
        "D9l$(|", 
        "D$,D8-", 
        "t(D8-*", 
        "t$ UWATAVAWH", 
        "D9d$(|", 
        "t(D8%E", 
        "@USVWATAVAWH", 
        "t(D8%+}", 
        "A_A^A\\_^[]", 
        "t:fA9(t4H", 
        "fA9,@u", 
        "x ATAVAWH", 
        " A_A^A\\", 
        "WATAUAVAWH", 
        " A_A^A]A\\_", 
        "WAVAWH", 
        " A_A^_", 
        "p WATAUAVAWH", 
        "fA94Tu", 
        "A_A^A]A\\_", 
        "\\$ UVWH", 
        "x UATAUAVAWH", 
        "A_A^A]A\\]", 
        "UVWAVAWH", 
        "H!\\$8H", 
        "H!\\$@I", 
        "A_A^_^]", 
        "UVWAVAWH", 
        "H!\\$8H", 
        "H!\\$@I", 
        "H!_(H!_0H!_8H!_@M", 
        "A_A^_^]", 
        "VWATAVAWH", 
        "fA9,@u", 
        "0A_A^A\\_^", 
        "l$ VWAVH", 
        "L$ UVWATAUAVAWH", 
        "pA_A^A]A\\_^]", 
        "@USVWATAUAVAWH", 
        "A_A^A]A\\_^[]", 
        "|$ AVH", 
        "UVWAVAWH", 
        "`A_A^_^]", 
        "\\$ UVWAVAWH", 
        "A_A^_^]", 
        "\\$ VWAVH", 
        "u%H!\\$8H", 
        "UVWATAUAVAWH", 
        "ty@8=(", 
        "@A_A^A]A\\_^]", 
        "L$ SUVWH", 
        "WAVAWH", 
        "}0H+}(H", 
        "0A_A^_", 
        "t$ WAVAWH", 
        "@utM9>u@H", 
        "0A_A^_", 
        "|$ AVH", 
        "VWATAVAWH", 
        " A_A^A\\_^", 
        "fD94Pu", 
        "UWATAVAWH", 
        "A_A^A\\_]", 
        "WATAUAVAWH", 
        "A_A^A]A\\_", 
        "L$ UVWATAUAVAWH", 
        "C D8U@u", 
        "A_A^A]A\\_^]", 
        "UVWATAUAVAWH", 
        "D+D$xD", 
        "A_A^A]A\\_^]", 
        "UATAUAVAWH", 
        "A_A^A]A\\]", 
        "SVWAVAWH", 
        "`A_A^_^[", 
        "UVWATAUAVAWH", 
        "}HL9M@t", 
        "L97sKI", 
        " A_A^A]A\\_^]", 
        "WAVAWH", 
        "rHfD9?w", 
        "C9fD9?u,", 
        " A_A^_", 
        "t$ WATAUAVAWH", 
        "fD94Ou", 
        "t4E88t/H", 
        " A_A^A]A\\_", 
        "L$ SVWH", 
        "L$ SVWAVH", 
        "(A^_^[", 
        "t$ WAVAWH", 
        "0A_A^_", 
        "VWATAVAWH", 
        " A_A^A\\_^", 
        "x UAVAWH", 
        "HcD$$HcL$ H", 
        "UATAUAVAWH", 
        "uO9\\$XuI9\\$`uC", 
        "@8t$Tu", 
        "@8t$Uu", 
        "A_A^A]A\\]", 
        "@SVWATAUAVH", 
        "@8>te3", 
        "fA9<Du", 
        "U8A+U0I", 
        "A^A]A\\_^[", 
        "WAVAWH", 
        "fD96u)L", 
        " A_A^_", 
        "x ATAVAWH", 
        " A_A^A\\", 
        "t$ WAVAWH", 
        " A_A^_", 
        "h UAVAWH", 
        "UVWAVAWH", 
        "PA_A^_^]", 
        "bad allocation", 
        "dxgi.dll", 
        "api-ms-win-dx-d3dkmt-l1-1-0.dll", 
        "d3d12.dll", 
        "api-ms-win-core-registry-l2-1-0.dll", 
        "api-ms-win-dx-d3dkmt-l1-1-1.dll", 
        "d3d11.dll", 
        "ext-ms-win-dx-dxdbhelper-l1-1-0.dll", 
        "Unknown exception", 
        "bad array new length", 
        "Exception", 
        "ReturnNt", 
        "ReturnHr", 
        "FailFast", 
        "RaiseFailFastException", 
        "onecore\\internal\\sdk\\inc\\wil\\opensource\\wil\\resource.h", 
        "RtlNtStatusToDosErrorNoTeb", 
        "RtlDllShutdownInProgress", 
        "RtlDisownModuleHeapAllocation", 
        "WilFailureNotifyWatchers", 
        "onecore\\internal\\sdk\\inc\\wil\\opensource\\wil\\result.h", 
        "WilError_03", 
        "map/set too long", 
        "string too long", 
        "bad cast", 
        "RtlQueryFeatureConfiguration", 
        "RtlRegisterFeatureConfigurationChangeNotification", 
        "RtlUnregisterFeatureConfigurationChangeNotification", 
        "RtlNotifyFeatureUsage", 
        "LogStagedFeatureUsage", 
        "NtQueryWnfStateData", 
        "NtUpdateWnfStateData", 
        "onecore\\internal\\sdk\\inc\\wil\\Staging.h", 
        "WilStaging_02", 
        "DXGIAdapterCacheHealthActivity", 
        "onecoreuap\\windows\\directx\\dxg\\dxgi\\adaptercache\\exe\\main.cpp", 
        "DismInitialize", 
        "DismOpenSession", 
        "DismCloseSession", 
        "DismShutdown", 
        "DismGetCapabilityInfo", 
        "vector too long", 
        "FallbackError", 
        "PartA_PrivTags", 
        "wilResult", 
        "hresult", 
        "fileName", 
        "lineNumber", 
        "module", 
        "failureType", 
        "message", 
        "threadId", 
        "callContext", 
        "originatingContextId", 
        "originatingContextName", 
        "originatingContextMessage", 
        "currentContextId", 
        "currentContextName", 
        "currentContextMessage", 
        "failureId", 
        "failureCount", 
        "function", 
        "FallbackError", 
        "PartA_PrivTags", 
        "wilResult", 
        "hresult", 
        "fileName", 
        "lineNumber", 
        "module", 
        "failureType", 
        "message", 
        "threadId", 
        "callContext", 
        "originatingContextId", 
        "originatingContextName", 
        "originatingContextMessage", 
        "currentContextId", 
        "currentContextName", 
        "currentContextMessage", 
        "ActivityError", 
        "PartA_PrivTags", 
        "wilActivity", 
        "hresult", 
        "fileName", 
        "lineNumber", 
        "module", 
        "failureType", 
        "message", 
        "threadId", 
        "callContext", 
        "originatingContextId", 
        "originatingContextName", 
        "originatingContextMessage", 
        "currentContextId", 
        "currentContextName", 
        "currentContextMessage", 
        "DXGIAdapterCacheHealthActivity", 
        "PartA_PrivTags", 
        "PartA_PrivTags", 
        "wilActivity", 
        "hresult", 
        "fileName", 
        "lineNumber", 
        "module", 
        "failureType", 
        "message", 
        "threadId", 
        "callContext", 
        "originatingContextId", 
        "originatingContextName", 
        "originatingContextMessage", 
        "currentContextId", 
        "currentContextName", 
        "currentContextMessage", 
        "DxDbHealthHeartbeat", 
        "PartA_PrivTags", 
        "schemaVersion", 
        "DxDbJsonVersion", 
        "DxDbJsonVersionHR", 
        "DxDbVersion", 
        "DxDbVersionHR", 
        "FODVersion", 
        "FODVersionHR", 
        "FODState", 
        "FODStateHR", 
        "HybridFirstSet", 
        "DxDbFodUninstallTime", 
        "DxDbFodUninstallReason", 
        "UpdaterStartLastRan", 
        "UpdaterStartLastHR", 
        "UpdaterCallbackLastRan", 
        "UpdaterCallbackLastHR", 
        "UsingDxDbForReparenting", 
        "ActivityIntermediateStop", 
        "PartA_PrivTags", 
        "wilActivity", 
        "hresult", 
        "threadId", 
        "ActivityError", 
        "PartA_PrivTags", 
        "wilActivity", 
        "hresult", 
        "fileName", 
        "lineNumber", 
        "module", 
        "failureType", 
        "message", 
        "threadId", 
        "callContext", 
        "originatingContextId", 
        "originatingContextName", 
        "originatingContextMessage", 
        "currentContextId", 
        "currentContextName", 
        "currentContextMessage", 
        "failureId", 
        "failureCount", 
        "function", 
        "DXGIAdapterCacheHealthActivity", 
        "PartA_PrivTags", 
        "wilActivity", 
        "threadId", 
        "DXGIAdapterCacheHealthActivity", 
        "PartA_PrivTags", 
        "wilActivity", 
        "hresult", 
        "threadId", 
        "ExistingRegValueOnFailure", 
        "RegKeyLocationStatus", 
        "RegKeyOpenStatus", 
        "HasValidExistingValues", 
        "PartA_PrivTags", 
        "ActivityStoppedAutomatically", 
        "Microsoft.Windows.Graphics.DirectXDatabaseUpdater", 
        "Microsoft.Windows.Graphics.AdapterCache", 
        "RSDSS1:", 
        "DXGIAdapterCache.pdb", 
        ".text$di", 
        ".text$mn", 
        ".text$mn$00", 
        ".text$x", 
        ".text$yd", 
        ".rdata$brc", 
        ".idata$5", 
        ".00cfg", 
        ".CRT$XCA", 
        ".CRT$XCAA", 
        ".CRT$XCL", 
        ".CRT$XCU", 
        ".CRT$XCZ", 
        ".CRT$XIA", 
        ".CRT$XIAA", 
        ".CRT$XIAC", 
        ".CRT$XIC", 
        ".CRT$XIZ", 
        ".CRT$XPA", 
        ".CRT$XPZ", 
        ".CRT$XTA", 
        ".CRT$XTZ", 
        ".gehcont", 
        ".gfids", 
        ".giats", 
        ".rdata", 
        ".rdata$r", 
        ".rdata$voltmd", 
        ".rdata$zETW0", 
        ".rdata$zETW1", 
        ".rdata$zETW2", 
        ".rdata$zETW9", 
        ".rdata$zzzdbg", 
        ".rtc$IAA", 
        ".rtc$IZZ", 
        ".rtc$TAA", 
        ".rtc$TZZ", 
        ".xdata", 
        ".xdata$x", 
        ".didat$2", 
        ".didat$3", 
        ".didat$4", 
        ".didat$6", 
        ".didat$7", 
        ".idata$2", 
        ".idata$3", 
        ".idata$4", 
        ".idata$6", 
        ".data$brc", 
        ".data$r$brc", 
        ".data$rs$brc", 
        ".pdata", 
        ".didat$5", 
        ".rsrc$01", 
        ".rsrc$02", 
        "CreateDXGIFactory1", 
        "D3DKMTQueryAdapterInfo", 
        "RegCreateKeyTransactedW", 
        "RegOpenKeyTransactedW", 
        "RegEnumKeyW", 
        "D3DKMTOpenAdapterFromLuid", 
        "D3DKMTCloseAdapter", 
        "D3D11CreateDevice", 
        "??1_Lockit@std@@QEAA@XZ", 
        "??0_Lockit@std@@QEAA@H@Z", 
        "?id@?$time_put@GV?$ostreambuf_iterator@GU?$char_traits@G@std@@@std@@@std@@2V0locale@2@A", 
        "?_Getgloballocale@locale@std@@CAPEAV_Locimp@12@XZ", 
        "?uncaught_exception@std@@YA_NXZ", 
        "?_Xlength_error@std@@YAXPEBD@Z", 
        "?_Getcat@?$time_put@GV?$ostreambuf_iterator@GU?$char_traits@G@std@@@std@@@std@@SA_KPEAPEBVfacet@locale@2@PEBV42@@Z", 
        "?put@?$time_put@GV?$ostreambuf_iterator@GU?$char_traits@G@std@@@std@@@std@@QEBA?AV?$ostreambuf_iterator@GU?$char_traits@G@std@@@2@V32@AEAVios_base@2@GPEBUtm@@PEBG3@Z", 
        "??0?$basic_streambuf@GU?$char_traits@G@std@@@std@@IEAA@XZ", 
        "?gbump@?$basic_streambuf@GU?$char_traits@G@std@@@std@@IEAAXH@Z", 
        "?_Pninc@?$basic_streambuf@GU?$char_traits@G@std@@@std@@IEAAPEAGXZ", 
        "??0?$basic_ios@GU?$char_traits@G@std@@@std@@IEAA@XZ", 
        "?_Osfx@?$basic_ostream@GU?$char_traits@G@std@@@std@@QEAAXXZ", 
        "?flush@?$basic_ostream@GU?$char_traits@G@std@@@std@@QEAAAEAV12@XZ", 
        "??0?$basic_iostream@GU?$char_traits@G@std@@@std@@QEAA@PEAV?$basic_streambuf@GU?$char_traits@G@std@@@1@@Z", 
        "??1?$basic_streambuf@GU?$char_traits@G@std@@@std@@UEAA@XZ", 
        "?_Lock@?$basic_streambuf@GU?$char_traits@G@std@@@std@@UEAAXXZ", 
        "?_Unlock@?$basic_streambuf@GU?$char_traits@G@std@@@std@@UEAAXXZ", 
        "?showmanyc@?$basic_streambuf@GU?$char_traits@G@std@@@std@@MEAA_JXZ", 
        "?uflow@?$basic_streambuf@GU?$char_traits@G@std@@@std@@MEAAGXZ", 
        "?xsgetn@?$basic_streambuf@GU?$char_traits@G@std@@@std@@MEAA_JPEAG_J@Z", 
        "?xsputn@?$basic_streambuf@GU?$char_traits@G@std@@@std@@MEAA_JPEBG_J@Z", 
        "?setbuf@?$basic_streambuf@GU?$char_traits@G@std@@@std@@MEAAPEAV12@PEAG_J@Z", 
        "?sync@?$basic_streambuf@GU?$char_traits@G@std@@@std@@MEAAHXZ", 
        "?imbue@?$basic_streambuf@GU?$char_traits@G@std@@@std@@MEAAXAEBVlocale@2@@Z", 
        "??1?$basic_ios@GU?$char_traits@G@std@@@std@@UEAA@XZ", 
        "?setstate@?$basic_ios@GU?$char_traits@G@std@@@std@@QEAAXH_N@Z", 
        "??1?$basic_iostream@GU?$char_traits@G@std@@@std@@UEAA@XZ", 
        "?getloc@ios_base@std@@QEBA?AVlocale@2@XZ", 
        "??Bid@locale@std@@QEAA_KXZ", 
        "msvcp_win.dll", 
        "_time64", 
        "_initterm", 
        "_initterm_e", 
        "_c_exit", 
        "_register_thread_local_exe_atexit_callback", 
        "api-ms-win-crt-time-l1-1-0.dll", 
        "api-ms-win-crt-runtime-l1-1-0.dll", 
        "__CxxFrameHandler4", 
        "__std_terminate", 
        "_o___p___argc", 
        "_o___p___wargv", 
        "_o___p__commode", 
        "_o___std_exception_copy", 
        "_o___std_exception_destroy", 
        "_o___stdio_common_vsnprintf_s", 
        "_o___stdio_common_vswprintf", 
        "_o__callnewh", 
        "_o__cexit", 
        "_o__configthreadlocale", 
        "_o__configure_wide_argv", 
        "_o__crt_atexit", 
        "_o__errno", 
        "_o__exit", 
        "_o__get_initial_wide_environment", 
        "_o__gmtime64", 
        "_o__initialize_onexit_table", 
        "_o__initialize_wide_environment", 
        "_o__invalid_parameter_noinfo", 
        "_o__invalid_parameter_noinfo_noreturn", 
        "_o__purecall", 
        "_o__register_onexit_function", 
        "_o__seh_filter_exe", 
        "_o__set_app_type", 
        "_o__set_fmode", 
        "_o__set_new_mode", 
        "_o__wcsicmp", 
        "_o_exit", 
        "_o_free", 
        "_o_malloc", 
        "_o_terminate", 
        "__C_specific_handler", 
        "__current_exception", 
        "__current_exception_context", 
        "memset", 
        "_CxxThrowException", 
        "api-ms-win-crt-private-l1-1-0.dll", 
        "api-ms-win-crt-string-l1-1-0.dll", 
        "EventActivityIdControl", 
        "GetModuleFileNameA", 
        "InitOnceBeginInitialize", 
        "CreateSemaphoreExW", 
        "HeapFree", 
        "SetLastError", 
        "EnterCriticalSection", 
        "ReleaseSemaphore", 
        "GetModuleHandleExW", 
        "NtCreateTransaction", 
        "CoUninitialize", 
        "EventUnregister", 
        "RegGetValueW", 
        "RegOpenKeyExW", 
        "LeaveCriticalSection", 
        "WindowsCreateStringReference", 
        "RoGetActivationFactory", 
        "InitializeCriticalSectionEx", 
        "GetPersistedRegistryLocationW", 
        "WaitForThreadpoolTimerCallbacks", 
        "WaitForSingleObject", 
        "GetCurrentThreadId", 
        "RegSetValueExW", 
        "ReleaseMutex", 
        "RegDeleteTreeW", 
        "EventSetInformation", 
        "FormatMessageW", 
        "GetLastError", 
        "ReleaseSRWLockExclusive", 
        "OutputDebugStringW", 
        "RegCreateKeyExW", 
        "NtClose", 
        "CloseThreadpoolTimer", 
        "InitOnceComplete", 
        "AcquireSRWLockExclusive", 
        "WaitForSingleObjectEx", 
        "OpenSemaphoreW", 
        "CloseHandle", 
        "SetThreadpoolTimer", 
        "ReleaseSRWLockShared", 
        "RaiseException", 
        "CreateThreadpoolTimer", 
        "LoadLibraryW", 
        "HeapAlloc", 
        "EventRegister", 
        "WindowsGetStringRawBuffer", 
        "NtCommitTransaction", 
        "GetProcAddress", 
        "CreateMutexExW", 
        "AcquireSRWLockShared", 
        "DeleteCriticalSection", 
        "GetCurrentProcessId", 
        "GetProcessHeap", 
        "EventWriteTransfer", 
        "GetModuleHandleW", 
        "FreeLibrary", 
        "CoInitializeEx", 
        "ApiSetQueryApiSetPresence", 
        "RegCloseKey", 
        "GetSystemTimeAsFileTime", 
        "DebugBreak", 
        "IsDebuggerPresent", 
        "RtlCaptureContext", 
        "RtlLookupFunctionEntry", 
        "RtlVirtualUnwind", 
        "UnhandledExceptionFilter", 
        "SetUnhandledExceptionFilter", 
        "GetCurrentProcess", 
        "TerminateProcess", 
        "IsProcessorFeaturePresent", 
        "QueryPerformanceCounter", 
        "InitializeSListHead", 
        "api-ms-win-eventing-provider-l1-1-0.dll", 
        "api-ms-win-core-libraryloader-l1-2-0.dll", 
        "api-ms-win-core-synch-l1-2-0.dll", 
        "api-ms-win-core-synch-l1-1-0.dll", 
        "api-ms-win-core-heap-l1-1-0.dll", 
        "api-ms-win-core-errorhandling-l1-1-0.dll", 
        "ntdll.dll", 
        "api-ms-win-core-com-l1-1-0.dll", 
        "api-ms-win-core-registry-l1-1-0.dll", 
        "api-ms-win-core-winrt-string-l1-1-0.dll", 
        "api-ms-win-core-winrt-l1-1-0.dll", 
        "api-ms-win-stateseparation-helpers-l1-1-0.dll", 
        "api-ms-win-core-threadpool-l1-2-0.dll", 
        "api-ms-win-core-processthreads-l1-1-0.dll", 
        "api-ms-win-core-localization-l1-2-0.dll", 
        "api-ms-win-core-debug-l1-1-0.dll", 
        "api-ms-win-core-handle-l1-1-0.dll", 
        "api-ms-win-core-libraryloader-l1-2-1.dll", 
        "api-ms-win-core-apiquery-l1-1-0.dll", 
        "api-ms-win-core-sysinfo-l1-1-0.dll", 
        "api-ms-win-core-rtlsupport-l1-1-0.dll", 
        "api-ms-win-core-processthreads-l1-1-1.dll", 
        "api-ms-win-core-profile-l1-1-0.dll", 
        "api-ms-win-core-interlocked-l1-1-0.dll", 
        "ResolveDelayLoadedAPI", 
        "DelayLoadFailureHook", 
        "api-ms-win-core-delayload-l1-1-1.dll", 
        "api-ms-win-core-delayload-l1-1-0.dll", 
        "memcmp", 
        "memcpy", 
        "memmove", 
        ".?AVbad_alloc@std@@", 
        ".?AVResultException@wil@@", 
        ".?AVbad_cast@std@@", 
        ".?AVexception@std@@", 
        ".?AVbad_array_new_length@std@@", 
        ".?AVtype_info@@", 
        "%hs(%u)\\%hs!%p: ", 
        "%hs!%p: ", 
        "(caller: %p) ", 
        "%hs(%d) tid(%x) %08X %ws", 
        "Msg:[%ws] ", 
        "CallContext:[%hs] ", 
        "[%hs(%hs)]", 
        "kernelbase.dll", 
        "lstd::exception: %hs", 
        "ntdll.dll", 
        "dismapi.dll", 
        "DISM_{53BFAE52-B167-4E2F-A258-0A37B57FF845}", 
        "ext-ms-win-ntos-tm-l1-1-0", 
        "4.09.00.0904", 
        "InstalledVersion", 
        "Version", 
        "DriverVersion", 
        "UMDVersion", 
        "Description", 
        "AdapterLuid", 
        "VendorId", 
        "DeviceId", 
        "DedicatedVideoMemory", 
        "DedicatedSystemMemory", 
        "SharedSystemMemory", 
        "SoftwareAdapter", 
        "LastSeen", 
        "MaxD3D11FeatureLevel", 
        "MaxD3D12FeatureLevel", 
        "Deprecated", 
        "UTC.%F.%T", 
        "DxDbVersion", 
        "MinFeatureLevel", 
        "MaxFeatureLevel", 
        "D3D12MinFeatureLevel", 
        "D3D12MaxFeatureLevel", 
        "MaxDedicatedVideoMemory", 
        "/force", 
        "Local\\SM0:%lu:%lu:%hs", 
        "LastUpdaterCallbackTimestamp", 
        "LastUpdaterCallbackHresult", 
        "DirectX.Configuration.Database~~~~0.0.1.0", 
        "LastUpdaterStartHresult", 
        "LastUpdaterStartTimestamp", 
        "HybridRegkeyWriteTimestamp", 
        "Windows.Internal.Flighting.OneSettings.OneSettingsPayload", 
        "AdapterCacheKeyID", 
        "HybridDeviceApplicableForDxDbGpuPreferences", 
        "VERSION", 
        "DxDbUninstallFodReason", 
        "DxDbUninstallFodTimestamp", 
        "Windows.Internal.Flighting.OneSettings.OneSettingsManager", 
        "Software\\Microsoft\\DirectX", 
        "VS_VERSION_INFO", 
        "StringFileInfo", 
        "040904B0", 
        "CompanyName", 
        "Microsoft Corporation", 
        "FileDescription", 
        "DXGI Adapter Cache", 
        "FileVersion", 
        "10.0.22621.4830 (WinBuild.160101.0800)", 
        "InternalName", 
        "DXGIAdapterCache.exe", 
        "LegalCopyright", 
        " Microsoft Corporation. All rights reserved.", 
        "OriginalFilename", 
        "DXGIAdapterCache.exe", 
        "ProductName", 
        "Microsoft", 
        " Windows", 
        " Operating System", 
        "ProductVersion", 
        "10.0.22621.4830", 
        "VarFileInfo", 
        "Translation"
    ], 
    "metadata": {
        "output": {
            "pcap": {
                "basename": "dump.pcap", 
                "sha256": "e363921c5ad933f59f1ff0168baca86a73901326711f1da20b216830a0440674", 
                "dirname": ""
            }
        }
    }
}