{
    "info": {
        "added": 1742631371.518399, 
        "started": 1742631371.921982, 
        "duration": 12, 
        "ended": 1742631384.029997, 
        "owner": null, 
        "score": 0.4, 
        "id": 423, 
        "category": "file", 
        "git": {
            "head": "13cbe0d9e457be3673304533043e992ead1ea9b2", 
            "fetch_head": "13cbe0d9e457be3673304533043e992ead1ea9b2"
        }, 
        "monitor": "2deb9ccd75d5a7a3fe05b2625b03a8639d6ee36b", 
        "package": "exe", 
        "route": "none", 
        "custom": null, 
        "machine": {
            "status": "stopped", 
            "name": "192.168.56.1011", 
            "label": "192.168.56.1011", 
            "manager": "VirtualBox", 
            "started_on": "2025-03-22 08:16:12", 
            "shutdown_on": "2025-03-22 08:16:24"
        }, 
        "platform": "windows", 
        "version": "2.0.7", 
        "options": "procmemdump=yes,route=none"
    }, 
    "signatures": [
        {
            "families": [], 
            "description": "This executable has a PDB path", 
            "severity": 1, 
            "ttp": {}, 
            "markcount": 1, 
            "references": [], 
            "marks": [
                {
                    "category": "pdb_path", 
                    "ioc": "easinvoker.pdb", 
                    "type": "ioc", 
                    "description": null
                }
            ], 
            "name": "has_pdb"
        }, 
        {
            "families": [], 
            "description": "The executable contains unknown PE section names indicative of a packer (could be a false positive)", 
            "severity": 1, 
            "ttp": {
                "T1045": {
                    "short": "Software Packing", 
                    "long": "Software packing is a method of compressing or encrypting an executable. Packing an executable changes the file signature in an attempt to avoid signature-based detection. Most decompression techniques decompress the executable code in memory."
                }
            }, 
            "markcount": 2, 
            "references": [], 
            "marks": [
                {
                    "category": "section", 
                    "ioc": ".imrsiv", 
                    "type": "ioc", 
                    "description": null
                }, 
                {
                    "category": "section", 
                    "ioc": ".didat", 
                    "type": "ioc", 
                    "description": null
                }
            ], 
            "name": "pe_features"
        }
    ], 
    "target": {
        "category": "file", 
        "file": {
            "yara": [], 
            "sha1": "bdc42b280446ba53624ff23f314aadb861566832", 
            "name": "easinvoker.exe", 
            "type": "PE32+ executable (GUI) x86-64, for MS Windows", 
            "sha256": "0db4d3ffdb96d13cf3b427af8be66d985728c55ae254e4b67d287797e4c0b323", 
            "urls": [
                "http://www.microsoft.com/pki/certs/MicRooCerAut_2010-06-23.crt0", 
                "http://www.microsoft.com/pkiops/certs/MicWinProPCA2011_2011-10-19.crt0", 
                "http://www.microsoft.com/pkiops/Docs/Repository.htm0", 
                "http://www.microsoft.com/windows0", 
                "http://www.microsoft.com/pkiops/crl/Microsoft%20Time-Stamp%20PCA%202010(1).crl0l", 
                "http://www.microsoft.com/pkiops/certs/Microsoft%20Time-Stamp%20PCA%202010(1).crt0", 
                "http://www.microsoft.com/pkiops/crl/MicWinProPCA2011_2011-10-19.crl0a"
            ], 
            "crc32": "EB84FFC4", 
            "path": "/home/tesst/.cuckoo/storage/binaries/0db4d3ffdb96d13cf3b427af8be66d985728c55ae254e4b67d287797e4c0b323", 
            "ssdeep": null, 
            "size": 96448, 
            "sha512": "6e775cfb350415434b18427d5ff79b930ed3b0b3fc3466bc195a796c95661d4696f2d662dd0e020c3a6c3419c2734468b1d7546712ecec868d2bbfd2bc2468a7", 
            "md5": "869640d0a3f838694ab4dfea9e2f544d"
        }
    }, 
    "network": {
        "tls": [], 
        "udp": [
            {
                "src": "192.168.56.101", 
                "dst": "224.0.0.252", 
                "offset": 1330, 
                "time": 4.311211824417114, 
                "dport": 5355, 
                "sport": 64614
            }, 
            {
                "src": "192.168.56.101", 
                "dst": "224.0.0.252", 
                "offset": 1650, 
                "time": 4.642315864562988, 
                "dport": 5355, 
                "sport": 65517
            }, 
            {
                "src": "192.168.56.101", 
                "dst": "239.255.255.250", 
                "offset": 1978, 
                "time": 4.487890005111694, 
                "dport": 1900, 
                "sport": 64617
            }
        ], 
        "dns_servers": [], 
        "http": [], 
        "icmp": [], 
        "smtp": [], 
        "tcp": [], 
        "smtp_ex": [], 
        "mitm": [], 
        "hosts": [], 
        "pcap_sha256": "48670985d8f20ecce3aee4f46b02cec03c119cade5382c1ffbf5fc8ba82843da", 
        "dns": [], 
        "http_ex": [], 
        "domains": [], 
        "dead_hosts": [], 
        "sorted_pcap_sha256": "544e6a962ec7ab07efbd065b92572cdd6a1dccb6fe7a0c7de2cb45ca2b002aa1", 
        "irc": [], 
        "https_ex": []
    }, 
    "static": {
        "pdb_path": "easinvoker.pdb", 
        "pe_imports": [
            {
                "imports": [
                    {
                        "name": "RegGetValueW", 
                        "address": "0x14000bb70"
                    }, 
                    {
                        "name": "TraceMessage", 
                        "address": "0x14000bb78"
                    }, 
                    {
                        "name": "UnregisterTraceGuids", 
                        "address": "0x14000bb80"
                    }, 
                    {
                        "name": "RegisterTraceGuidsW", 
                        "address": "0x14000bb88"
                    }, 
                    {
                        "name": "GetTraceEnableLevel", 
                        "address": "0x14000bb90"
                    }, 
                    {
                        "name": "GetTraceEnableFlags", 
                        "address": "0x14000bb98"
                    }, 
                    {
                        "name": "GetTraceLoggerHandle", 
                        "address": "0x14000bba0"
                    }, 
                    {
                        "name": "GetTokenInformation", 
                        "address": "0x14000bba8"
                    }, 
                    {
                        "name": "MakeAbsoluteSD", 
                        "address": "0x14000bbb0"
                    }, 
                    {
                        "name": "OpenThreadToken", 
                        "address": "0x14000bbb8"
                    }, 
                    {
                        "name": "ConvertStringSecurityDescriptorToSecurityDescriptorW", 
                        "address": "0x14000bbc0"
                    }, 
                    {
                        "name": "ConvertSidToStringSidW", 
                        "address": "0x14000bbc8"
                    }, 
                    {
                        "name": "OpenProcessToken", 
                        "address": "0x14000bbd0"
                    }, 
                    {
                        "name": "EventRegister", 
                        "address": "0x14000bbd8"
                    }, 
                    {
                        "name": "EventUnregister", 
                        "address": "0x14000bbe0"
                    }
                ], 
                "dll": "ADVAPI32.dll"
            }, 
            {
                "imports": [
                    {
                        "name": "GetProcessHeap", 
                        "address": "0x14000bc28"
                    }, 
                    {
                        "name": "HeapAlloc", 
                        "address": "0x14000bc30"
                    }, 
                    {
                        "name": "HeapFree", 
                        "address": "0x14000bc38"
                    }, 
                    {
                        "name": "GetModuleHandleExA", 
                        "address": "0x14000bc40"
                    }, 
                    {
                        "name": "ResolveDelayLoadedAPI", 
                        "address": "0x14000bc48"
                    }, 
                    {
                        "name": "DelayLoadFailureHook", 
                        "address": "0x14000bc50"
                    }, 
                    {
                        "name": "GetSystemWindowsDirectoryW", 
                        "address": "0x14000bc58"
                    }, 
                    {
                        "name": "LocalFree", 
                        "address": "0x14000bc60"
                    }, 
                    {
                        "name": "CloseHandle", 
                        "address": "0x14000bc68"
                    }, 
                    {
                        "name": "GetCurrentThread", 
                        "address": "0x14000bc70"
                    }, 
                    {
                        "name": "SetEvent", 
                        "address": "0x14000bc78"
                    }, 
                    {
                        "name": "GetLastError", 
                        "address": "0x14000bc80"
                    }, 
                    {
                        "name": "CreateEventW", 
                        "address": "0x14000bc88"
                    }, 
                    {
                        "name": "WaitForSingleObject", 
                        "address": "0x14000bc90"
                    }, 
                    {
                        "name": "GetCurrentProcess", 
                        "address": "0x14000bc98"
                    }
                ], 
                "dll": "KERNEL32.dll"
            }, 
            {
                "imports": [
                    {
                        "name": "_purecall", 
                        "address": "0x14000bf58"
                    }, 
                    {
                        "name": "__CxxFrameHandler3", 
                        "address": "0x14000bf60"
                    }, 
                    {
                        "name": "free", 
                        "address": "0x14000bf68"
                    }, 
                    {
                        "name": "malloc", 
                        "address": "0x14000bf70"
                    }, 
                    {
                        "name": "_vsnwprintf", 
                        "address": "0x14000bf78"
                    }, 
                    {
                        "name": "_XcptFilter", 
                        "address": "0x14000bf80"
                    }, 
                    {
                        "name": "_amsg_exit", 
                        "address": "0x14000bf88"
                    }, 
                    {
                        "name": "__wgetmainargs", 
                        "address": "0x14000bf90"
                    }, 
                    {
                        "name": "__set_app_type", 
                        "address": "0x14000bf98"
                    }, 
                    {
                        "name": "memcpy", 
                        "address": "0x14000bfa0"
                    }, 
                    {
                        "name": "_exit", 
                        "address": "0x14000bfa8"
                    }, 
                    {
                        "name": "_cexit", 
                        "address": "0x14000bfb0"
                    }, 
                    {
                        "name": "__setusermatherr", 
                        "address": "0x14000bfb8"
                    }, 
                    {
                        "name": "_initterm", 
                        "address": "0x14000bfc0"
                    }, 
                    {
                        "name": "__C_specific_handler", 
                        "address": "0x14000bfc8"
                    }, 
                    {
                        "name": "_fmode", 
                        "address": "0x14000bfd0"
                    }, 
                    {
                        "name": "memset", 
                        "address": "0x14000bfd8"
                    }, 
                    {
                        "name": "_commode", 
                        "address": "0x14000bfe0"
                    }, 
                    {
                        "name": "_lock", 
                        "address": "0x14000bfe8"
                    }, 
                    {
                        "name": "_unlock", 
                        "address": "0x14000bff0"
                    }, 
                    {
                        "name": "__dllonexit", 
                        "address": "0x14000bff8"
                    }, 
                    {
                        "name": "_onexit", 
                        "address": "0x14000c000"
                    }, 
                    {
                        "name": "?terminate@@YAXXZ", 
                        "address": "0x14000c008"
                    }, 
                    {
                        "name": "exit", 
                        "address": "0x14000c010"
                    }, 
                    {
                        "name": "_wcsicmp", 
                        "address": "0x14000c018"
                    }, 
                    {
                        "name": "_callnewh", 
                        "address": "0x14000c020"
                    }, 
                    {
                        "name": "_wtoi", 
                        "address": "0x14000c028"
                    }
                ], 
                "dll": "msvcrt.dll"
            }, 
            {
                "imports": [
                    {
                        "name": "CoRevokeClassObject", 
                        "address": "0x14000bd68"
                    }, 
                    {
                        "name": "CoInitializeSecurity", 
                        "address": "0x14000bd70"
                    }, 
                    {
                        "name": "CoTaskMemAlloc", 
                        "address": "0x14000bd78"
                    }, 
                    {
                        "name": "CoRegisterClassObject", 
                        "address": "0x14000bd80"
                    }, 
                    {
                        "name": "CoInitializeEx", 
                        "address": "0x14000bd88"
                    }, 
                    {
                        "name": "CoUninitialize", 
                        "address": "0x14000bd90"
                    }, 
                    {
                        "name": "CoCreateInstance", 
                        "address": "0x14000bd98"
                    }, 
                    {
                        "name": "CoReleaseServerProcess", 
                        "address": "0x14000bda0"
                    }, 
                    {
                        "name": "CoAddRefServerProcess", 
                        "address": "0x14000bda8"
                    }, 
                    {
                        "name": "CoTaskMemFree", 
                        "address": "0x14000bdb0"
                    }
                ], 
                "dll": "api-ms-win-core-com-l1-1-0.dll"
            }, 
            {
                "imports": [
                    {
                        "name": "Sleep", 
                        "address": "0x14000beb8"
                    }
                ], 
                "dll": "api-ms-win-core-synch-l1-2-0.dll"
            }, 
            {
                "imports": [
                    {
                        "name": "SetUnhandledExceptionFilter", 
                        "address": "0x14000bdc0"
                    }, 
                    {
                        "name": "UnhandledExceptionFilter", 
                        "address": "0x14000bdc8"
                    }
                ], 
                "dll": "api-ms-win-core-errorhandling-l1-1-0.dll"
            }, 
            {
                "imports": [
                    {
                        "name": "LoadLibraryExW", 
                        "address": "0x14000bdf8"
                    }, 
                    {
                        "name": "GetProcAddress", 
                        "address": "0x14000be00"
                    }, 
                    {
                        "name": "FreeLibrary", 
                        "address": "0x14000be08"
                    }, 
                    {
                        "name": "GetModuleHandleW", 
                        "address": "0x14000be10"
                    }
                ], 
                "dll": "api-ms-win-core-libraryloader-l1-2-0.dll"
            }, 
            {
                "imports": [
                    {
                        "name": "QueryPerformanceCounter", 
                        "address": "0x14000be40"
                    }
                ], 
                "dll": "api-ms-win-core-profile-l1-1-0.dll"
            }, 
            {
                "imports": [
                    {
                        "name": "GetCurrentProcessId", 
                        "address": "0x14000be20"
                    }, 
                    {
                        "name": "GetCurrentThreadId", 
                        "address": "0x14000be28"
                    }, 
                    {
                        "name": "TerminateProcess", 
                        "address": "0x14000be30"
                    }
                ], 
                "dll": "api-ms-win-core-processthreads-l1-1-0.dll"
            }, 
            {
                "imports": [
                    {
                        "name": "GetTickCount", 
                        "address": "0x14000bec8"
                    }, 
                    {
                        "name": "GetSystemTimeAsFileTime", 
                        "address": "0x14000bed0"
                    }, 
                    {
                        "name": "GetVersionExW", 
                        "address": "0x14000bed8"
                    }
                ], 
                "dll": "api-ms-win-core-sysinfo-l1-1-0.dll"
            }, 
            {
                "imports": [
                    {
                        "name": "RtlLookupFunctionEntry", 
                        "address": "0x14000be98"
                    }, 
                    {
                        "name": "RtlCaptureContext", 
                        "address": "0x14000bea0"
                    }, 
                    {
                        "name": "RtlVirtualUnwind", 
                        "address": "0x14000bea8"
                    }
                ], 
                "dll": "api-ms-win-core-rtlsupport-l1-1-0.dll"
            }, 
            {
                "imports": [
                    {
                        "name": "LocalAlloc", 
                        "address": "0x14000bde8"
                    }
                ], 
                "dll": "api-ms-win-core-heap-l2-1-0.dll"
            }, 
            {
                "imports": [
                    {
                        "name": "PrivilegeCheck", 
                        "address": "0x14000bee8"
                    }, 
                    {
                        "name": "GetSecurityDescriptorDacl", 
                        "address": "0x14000bef0"
                    }, 
                    {
                        "name": "CopySid", 
                        "address": "0x14000bef8"
                    }, 
                    {
                        "name": "CreateWellKnownSid", 
                        "address": "0x14000bf00"
                    }, 
                    {
                        "name": "EqualSid", 
                        "address": "0x14000bf08"
                    }, 
                    {
                        "name": "GetLengthSid", 
                        "address": "0x14000bf10"
                    }, 
                    {
                        "name": "CheckTokenMembership", 
                        "address": "0x14000bf18"
                    }
                ], 
                "dll": "api-ms-win-security-base-l1-1-0.dll"
            }, 
            {
                "imports": [
                    {
                        "name": "AuthzInitializeContextFromSid", 
                        "address": "0x14000bbf0"
                    }, 
                    {
                        "name": "AuthzAddSidsToContext", 
                        "address": "0x14000bbf8"
                    }, 
                    {
                        "name": "AuthzInitializeResourceManager", 
                        "address": "0x14000bc00"
                    }, 
                    {
                        "name": "AuthzAccessCheck", 
                        "address": "0x14000bc08"
                    }, 
                    {
                        "name": "AuthzFreeResourceManager", 
                        "address": "0x14000bc10"
                    }, 
                    {
                        "name": "AuthzFreeContext", 
                        "address": "0x14000bc18"
                    }
                ], 
                "dll": "AUTHZ.dll"
            }, 
            {
                "imports": [
                    {
                        "name": "NetUserGetInfo", 
                        "address": "0x14000c0f8"
                    }
                ], 
                "dll": "samcli.dll"
            }, 
            {
                "imports": [
                    {
                        "name": "NetApiBufferFree", 
                        "address": "0x14000c038"
                    }
                ], 
                "dll": "netutils.dll"
            }, 
            {
                "imports": [
                    {
                        "name": "RpcStringBindingComposeW", 
                        "address": "0x14000bca8"
                    }, 
                    {
                        "name": "RpcBindingFromStringBindingW", 
                        "address": "0x14000bcb0"
                    }, 
                    {
                        "name": "RpcStringFreeW", 
                        "address": "0x14000bcb8"
                    }, 
                    {
                        "name": "RpcBindingFree", 
                        "address": "0x14000bcc0"
                    }, 
                    {
                        "name": "I_RpcMapWin32Status", 
                        "address": "0x14000bcc8"
                    }, 
                    {
                        "name": "I_RpcExceptionFilter", 
                        "address": "0x14000bcd0"
                    }, 
                    {
                        "name": "RpcBindingCreateW", 
                        "address": "0x14000bcd8"
                    }, 
                    {
                        "name": "NdrClientCall3", 
                        "address": "0x14000bce0"
                    }, 
                    {
                        "name": "RpcBindingBind", 
                        "address": "0x14000bce8"
                    }
                ], 
                "dll": "RPCRT4.dll"
            }, 
            {
                "imports": [
                    {
                        "name": "RegEnumValueW", 
                        "address": "0x14000be50"
                    }, 
                    {
                        "name": "RegQueryInfoKeyW", 
                        "address": "0x14000be58"
                    }, 
                    {
                        "name": "RegCreateKeyExW", 
                        "address": "0x14000be60"
                    }, 
                    {
                        "name": "RegSetValueExW", 
                        "address": "0x14000be68"
                    }, 
                    {
                        "name": "RegDeleteValueW", 
                        "address": "0x14000be70"
                    }, 
                    {
                        "name": "RegOpenKeyExW", 
                        "address": "0x14000be78"
                    }, 
                    {
                        "name": "RegDeleteTreeW", 
                        "address": "0x14000be80"
                    }, 
                    {
                        "name": "RegCloseKey", 
                        "address": "0x14000be88"
                    }
                ], 
                "dll": "api-ms-win-core-registry-l1-1-0.dll"
            }, 
            {
                "imports": [
                    {
                        "name": "CreateFileW", 
                        "address": "0x14000bdd8"
                    }
                ], 
                "dll": "api-ms-win-core-file-l1-1-0.dll"
            }, 
            {
                "imports": [
                    {
                        "name": "LsaClose", 
                        "address": "0x14000bf28"
                    }, 
                    {
                        "name": "LsaFreeMemory", 
                        "address": "0x14000bf30"
                    }, 
                    {
                        "name": "LsaQueryInformationPolicy", 
                        "address": "0x14000bf38"
                    }, 
                    {
                        "name": "LsaOpenPolicy", 
                        "address": "0x14000bf40"
                    }, 
                    {
                        "name": "LsaLookupSids", 
                        "address": "0x14000bf48"
                    }
                ], 
                "dll": "api-ms-win-security-lsapolicy-l1-1-0.dll"
            }, 
            {
                "imports": [
                    {
                        "name": "SamQueryInformationDomain", 
                        "address": "0x14000bcf8"
                    }, 
                    {
                        "name": "SamConnect", 
                        "address": "0x14000bd00"
                    }, 
                    {
                        "name": "SamQuerySecurityObject", 
                        "address": "0x14000bd08"
                    }, 
                    {
                        "name": "SamOpenDomain", 
                        "address": "0x14000bd10"
                    }, 
                    {
                        "name": "SamQueryInformationUser", 
                        "address": "0x14000bd18"
                    }, 
                    {
                        "name": "SamCloseHandle", 
                        "address": "0x14000bd20"
                    }, 
                    {
                        "name": "SamFreeMemory", 
                        "address": "0x14000bd28"
                    }, 
                    {
                        "name": "SamOpenUser", 
                        "address": "0x14000bd30"
                    }
                ], 
                "dll": "SAMLIB.dll"
            }, 
            {
                "imports": [
                    {
                        "name": "NtGetCachedSigningLevel", 
                        "address": "0x14000c048"
                    }, 
                    {
                        "name": "NtQuerySystemInformation", 
                        "address": "0x14000c050"
                    }, 
                    {
                        "name": "RtlGetDeviceFamilyInfoEnum", 
                        "address": "0x14000c058"
                    }, 
                    {
                        "name": "NtDuplicateToken", 
                        "address": "0x14000c060"
                    }, 
                    {
                        "name": "NtOpenProcessToken", 
                        "address": "0x14000c068"
                    }, 
                    {
                        "name": "NtOpenThreadToken", 
                        "address": "0x14000c070"
                    }, 
                    {
                        "name": "RtlEqualSid", 
                        "address": "0x14000c078"
                    }, 
                    {
                        "name": "RtlSubAuthorityCountSid", 
                        "address": "0x14000c080"
                    }, 
                    {
                        "name": "RtlDeleteResource", 
                        "address": "0x14000c088"
                    }, 
                    {
                        "name": "RtlInitializeResource", 
                        "address": "0x14000c090"
                    }, 
                    {
                        "name": "NtClose", 
                        "address": "0x14000c098"
                    }, 
                    {
                        "name": "RtlReleaseResource", 
                        "address": "0x14000c0a0"
                    }, 
                    {
                        "name": "RtlAcquireResourceExclusive", 
                        "address": "0x14000c0a8"
                    }, 
                    {
                        "name": "RtlCopySid", 
                        "address": "0x14000c0b0"
                    }, 
                    {
                        "name": "RtlLengthSid", 
                        "address": "0x14000c0b8"
                    }, 
                    {
                        "name": "RtlGetNtProductType", 
                        "address": "0x14000c0c0"
                    }, 
                    {
                        "name": "RtlInitUnicodeString", 
                        "address": "0x14000c0c8"
                    }, 
                    {
                        "name": "RtlSubAuthoritySid", 
                        "address": "0x14000c0d0"
                    }, 
                    {
                        "name": "RtlInitializeSid", 
                        "address": "0x14000c0d8"
                    }, 
                    {
                        "name": "RtlIsMultiSessionSku", 
                        "address": "0x14000c0e0"
                    }, 
                    {
                        "name": "NtQueryInformationToken", 
                        "address": "0x14000c0e8"
                    }
                ], 
                "dll": "ntdll.dll"
            }, 
            {
                "imports": [
                    {
                        "name": "UpdatePerUserSystemParameters", 
                        "address": "0x14000bd40"
                    }, 
                    {
                        "name": "SystemParametersInfoW", 
                        "address": "0x14000bd48"
                    }
                ], 
                "dll": "USER32.dll"
            }, 
            {
                "imports": [
                    {
                        "name": "ApiSetQueryApiSetPresence", 
                        "address": "0x14000bd58"
                    }
                ], 
                "dll": "api-ms-win-core-apiquery-l1-1-0.dll"
            }
        ], 
        "peid_signatures": null, 
        "keys": [], 
        "signature": [], 
        "pe_timestamp": "2057-12-25 16:18:21", 
        "pe_exports": [], 
        "imported_dll_count": 24, 
        "pe_imphash": "3e94ccb6e60fc118db0d61a5306c8825", 
        "pe_resources": [
            {
                "name": "RT_STRING", 
                "language": "LANG_ENGLISH", 
                "filetype": "data", 
                "sublanguage": "SUBLANG_ENGLISH_US", 
                "offset": "0x00014840", 
                "size": "0x0000008c"
            }, 
            {
                "name": "RT_VERSION", 
                "language": "LANG_ENGLISH", 
                "filetype": "data", 
                "sublanguage": "SUBLANG_ENGLISH_US", 
                "offset": "0x00014488", 
                "size": "0x000003b4"
            }, 
            {
                "name": "RT_MANIFEST", 
                "language": "LANG_ENGLISH", 
                "filetype": "XML 1.0 document, ASCII text, with CRLF line terminators", 
                "sublanguage": "SUBLANG_ENGLISH_US", 
                "offset": "0x000140f0", 
                "size": "0x00000393"
            }
        ], 
        "pe_versioninfo": [
            {
                "name": "LegalCopyright", 
                "value": "\\xa9 Microsoft Corporation. All rights reserved."
            }, 
            {
                "name": "InternalName", 
                "value": "easinvoker.exe"
            }, 
            {
                "name": "FileVersion", 
                "value": "10.0.22621.1 (WinBuild.160101.0800)"
            }, 
            {
                "name": "CompanyName", 
                "value": "Microsoft Corporation"
            }, 
            {
                "name": "ProductName", 
                "value": "Microsoft\\xae Windows\\xae Operating System"
            }, 
            {
                "name": "ProductVersion", 
                "value": "10.0.22621.1"
            }, 
            {
                "name": "FileDescription", 
                "value": "Exchange ActiveSync Invoker"
            }, 
            {
                "name": "OriginalFilename", 
                "value": "easinvoker.exe"
            }, 
            {
                "name": "Translation", 
                "value": "0x0409 0x04b0"
            }
        ], 
        "pe_sections": [
            {
                "size_of_data": "0x00009000", 
                "virtual_address": "0x00001000", 
                "entropy": 6.103419069310976, 
                "name": ".text", 
                "virtual_size": "0x00008ec3"
            }, 
            {
                "size_of_data": "0x00000000", 
                "virtual_address": "0x0000a000", 
                "entropy": 0.0, 
                "name": ".imrsiv", 
                "virtual_size": "0x00000004"
            }, 
            {
                "size_of_data": "0x00006000", 
                "virtual_address": "0x0000b000", 
                "entropy": 4.097117382706894, 
                "name": ".rdata", 
                "virtual_size": "0x00005bb0"
            }, 
            {
                "size_of_data": "0x00001000", 
                "virtual_address": "0x00011000", 
                "entropy": 1.1981153976054564, 
                "name": ".data", 
                "virtual_size": "0x00000dc0"
            }, 
            {
                "size_of_data": "0x00001000", 
                "virtual_address": "0x00012000", 
                "entropy": 2.0650559415942737, 
                "name": ".pdata", 
                "virtual_size": "0x0000063c"
            }, 
            {
                "size_of_data": "0x00001000", 
                "virtual_address": "0x00013000", 
                "entropy": 0.0474323950472891, 
                "name": ".didat", 
                "virtual_size": "0x00000030"
            }, 
            {
                "size_of_data": "0x00001000", 
                "virtual_address": "0x00014000", 
                "entropy": 2.8687093594601625, 
                "name": ".rsrc", 
                "virtual_size": "0x000008d0"
            }, 
            {
                "size_of_data": "0x00001000", 
                "virtual_address": "0x00015000", 
                "entropy": 0.7911129350720325, 
                "name": ".reloc", 
                "virtual_size": "0x00000160"
            }
        ]
    }, 
    "debug": {
        "action": [], 
        "dbgview": [], 
        "errors": [], 
        "log": [
            "2025-03-22 08:16:11,015 [analyzer] DEBUG: Starting analyzer from: C:\\tmpql7zol\n", 
            "2025-03-22 08:16:11,015 [analyzer] DEBUG: Pipe server name: \\??\\PIPE\\ufOroLrxpdCFNXnPiJfDtWKWJsXmtAw\n", 
            "2025-03-22 08:16:11,015 [analyzer] DEBUG: Log pipe server name: \\??\\PIPE\\bBMllCefMRWoVVCVIDM\n", 
            "2025-03-22 08:16:11,250 [analyzer] DEBUG: Started auxiliary module DbgView\n", 
            "2025-03-22 08:16:11,796 [analyzer] DEBUG: Started auxiliary module Disguise\n", 
            "2025-03-22 08:16:12,062 [analyzer] DEBUG: Loaded monitor into process with pid 508\n", 
            "2025-03-22 08:16:12,062 [analyzer] DEBUG: Started auxiliary module DumpTLSMasterSecrets\n", 
            "2025-03-22 08:16:12,062 [analyzer] DEBUG: Started auxiliary module Human\n", 
            "2025-03-22 08:16:12,062 [analyzer] DEBUG: Started auxiliary module InstallCertificate\n", 
            "2025-03-22 08:16:12,062 [analyzer] DEBUG: Started auxiliary module Reboot\n", 
            "2025-03-22 08:16:12,250 [analyzer] DEBUG: Started auxiliary module RecentFiles\n", 
            "2025-03-22 08:16:12,265 [modules.auxiliary.screenshots] INFO: Python Image Library (either PIL or Pillow) is not installed, screenshots are disabled.\n", 
            "2025-03-22 08:16:12,265 [analyzer] DEBUG: Started auxiliary module Screenshots\n", 
            "2025-03-22 08:16:12,265 [analyzer] DEBUG: Started auxiliary module LoadZer0m0n\n", 
            "2025-03-22 08:16:12,312 [lib.api.process] ERROR: Failed to execute process from path u'C:\\\\Users\\\\ADMINI~1\\\\AppData\\\\Local\\\\Temp\\\\easinvoker.exe' with arguments ['bin\\\\inject-x64.exe', '--app', u'C:\\\\Users\\\\ADMINI~1\\\\AppData\\\\Local\\\\Temp\\\\easinvoker.exe', '--only-start', '--curdir', 'C:\\\\Users\\\\ADMINI~1\\\\AppData\\\\Local\\\\Temp'] (Error: Command '['bin\\\\inject-x64.exe', '--app', u'C:\\\\Users\\\\ADMINI~1\\\\AppData\\\\Local\\\\Temp\\\\easinvoker.exe', '--only-start', '--curdir', 'C:\\\\Users\\\\ADMINI~1\\\\AppData\\\\Local\\\\Temp']' returned non-zero exit status 1)\n"
        ], 
        "cuckoo": [
            "2025-03-22 08:16:11,968 [cuckoo.core.scheduler] INFO: Task #423: acquired machine 192.168.56.1011 (label=192.168.56.1011)\n", 
            "2025-03-22 08:16:11,969 [cuckoo.core.resultserver] DEBUG: Now tracking machine 192.168.56.101 for task #423\n", 
            "2025-03-22 08:16:11,969 [cuckoo.core.plugins] DEBUG: Started auxiliary module: Replay\n", 
            "2025-03-22 08:16:11,982 [cuckoo.auxiliary.sniffer] INFO: Started sniffer with PID 58925 (interface=vboxnet0, host=192.168.56.101)\n", 
            "2025-03-22 08:16:11,982 [cuckoo.core.plugins] DEBUG: Started auxiliary module: Sniffer\n", 
            "2025-03-22 08:16:12,037 [cuckoo.machinery.virtualbox] DEBUG: Starting vm 192.168.56.1011\n", 
            "2025-03-22 08:16:12,146 [cuckoo.machinery.virtualbox] DEBUG: Restoring virtual machine 192.168.56.1011 to its current snapshot\n", 
            "2025-03-22 08:16:14,273 [cuckoo.core.guest] INFO: Starting analysis #423 on guest (id=192.168.56.1011, ip=192.168.56.101)\n", 
            "2025-03-22 08:16:15,275 [cuckoo.core.guest] DEBUG: 192.168.56.1011: not ready yet\n", 
            "2025-03-22 08:16:16,279 [cuckoo.core.guest] DEBUG: 192.168.56.1011: not ready yet\n", 
            "2025-03-22 08:16:17,282 [cuckoo.core.guest] DEBUG: 192.168.56.1011: not ready yet\n", 
            "2025-03-22 08:16:17,346 [cuckoo.core.guest] DEBUG: 192.168.56.1011: not ready yet\n", 
            "2025-03-22 08:16:18,354 [cuckoo.core.guest] INFO: Guest is running Cuckoo Agent 0.10 (id=192.168.56.1011, ip=192.168.56.101)\n", 
            "2025-03-22 08:16:18,404 [cuckoo.core.guest] DEBUG: Uploading analyzer to guest (id=192.168.56.1011, ip=192.168.56.101, monitor=latest, size=3884763)\n", 
            "2025-03-22 08:16:19,051 [cuckoo.core.resultserver] DEBUG: Task #423: live log analysis.log initialized.\n", 
            "2025-03-22 08:16:20,770 [cuckoo.core.guest] WARNING: 192.168.56.1011: analysis #423 caught an exception\n", 
            "Traceback (most recent call last):\n", 
            "  File \"C:/tmpql7zol/analyzer.py\", line 808, in <module>\n", 
            "    success = analyzer.run()\n", 
            "  File \"C:/tmpql7zol/analyzer.py\", line 657, in run\n", 
            "    pids = self.package.start(self.target)\n", 
            "  File \"C:\\tmpql7zol\\modules\\packages\\exe.py\", line 23, in start\n", 
            "    return self.execute(path, args=shlex.split(args))\n", 
            "  File \"C:\\tmpql7zol\\lib\\common\\abstracts.py\", line 166, in execute\n", 
            "    \"Unable to execute the initial process, analysis aborted.\"\n", 
            "CuckooPackageError: Unable to execute the initial process, analysis aborted.\n", 
            "\n", 
            "2025-03-22 08:16:20,775 [cuckoo.core.plugins] DEBUG: Stopped auxiliary module: Replay\n", 
            "2025-03-22 08:16:20,833 [cuckoo.core.plugins] DEBUG: Stopped auxiliary module: Sniffer\n", 
            "2025-03-22 08:16:22,678 [cuckoo.machinery.virtualbox] INFO: Successfully generated memory dump for virtual machine with label 192.168.56.1011 to path /home/tesst/.cuckoo/storage/analyses/423/memory.dmp\n", 
            "2025-03-22 08:16:22,679 [cuckoo.machinery.virtualbox] DEBUG: Stopping vm 192.168.56.1011\n", 
            "2025-03-22 08:16:24,012 [cuckoo.core.resultserver] DEBUG: Stopped tracking machine 192.168.56.101 for task #423\n", 
            "2025-03-22 08:16:24,012 [cuckoo.core.resultserver] DEBUG: Cancel <Context for LOG> for task 423\n", 
            "2025-03-22 08:16:24,016 [cuckoo.core.scheduler] DEBUG: Released database task #423\n", 
            "2025-03-22 08:16:24,066 [cuckoo.core.plugins] DEBUG: Executed processing module \"AnalysisInfo\" for task #423\n", 
            "2025-03-22 08:16:24,067 [cuckoo.processing.behavior] WARNING: Analysis results folder does not contain any behavior log files.\n", 
            "2025-03-22 08:16:24,069 [cuckoo.core.plugins] DEBUG: Executed processing module \"BehaviorAnalysis\" for task #423\n", 
            "2025-03-22 08:16:24,071 [cuckoo.core.plugins] DEBUG: Executed processing module \"Dropped\" for task #423\n", 
            "2025-03-22 08:16:24,072 [cuckoo.core.plugins] DEBUG: Executed processing module \"DroppedBuffer\" for task #423\n", 
            "2025-03-22 08:16:24,097 [cuckoo.core.plugins] DEBUG: Executed processing module \"MetaInfo\" for task #423\n", 
            "2025-03-22 08:16:24,098 [cuckoo.core.plugins] DEBUG: Executed processing module \"ProcessMemory\" for task #423\n", 
            "2025-03-22 08:16:24,098 [cuckoo.core.plugins] DEBUG: Executed processing module \"Procmon\" for task #423\n", 
            "2025-03-22 08:16:24,098 [cuckoo.core.plugins] DEBUG: Executed processing module \"Screenshots\" for task #423\n", 
            "2025-03-22 08:16:24,586 [cuckoo.processing.static] CRITICAL: You do not have the m2crypto library installed preventing certifi"
        ]
    }, 
    "strings": [
        "!This program cannot be run in DOS mode.", 
        "<pRich", 
        "`.imrsiv", 
        ".rdata", 
        "@.data", 
        ".pdata", 
        "@.didat", 
        "@.reloc", 
        "q0R^G'", 
        "p0R^G'", 
        "q0R^G'", 
        "u*9Q<|%", 
        "LcA<E3", 
        " H3E H3E", 
        "UWATAVAWH", 
        "H!\\$ A", 
        "A_A^A\\_]", 
        "` UAVAWH", 
        "fD94Au", 
        "H!|$PH", 
        "L$ SVWAVH", 
        "(A^_^[", 
        "UVWATAUAVAWH", 
        "pA_A^A]A\\_^]", 
        "@USVWATAVAWH", 
        "A_A^A\\_^[]", 
        "UVWATAUAVAWH", 
        "A_A^A]A\\_^]", 
        "UVWAVAWH", 
        "A_A^_^]", 
        "UATAUAVAWH", 
        "9\\$DuCH", 
        "9\\$Du\"H", 
        "8\\$At]E", 
        "9\\$Du%H", 
        "A_A^A]A\\]", 
        "UVWATAUAVAWH", 
        "MwA9\u001ft", 
        "A_A^A]A\\_^]", 
        "USVWATAUAVAWH", 
        "tfA9D$", 
        "XA_A^A]A\\_^[]", 
        "USVWATAUAVAWH", 
        "tFfD9+t@", 
        "HA_A^A]A\\_^[]", 
        "UWATAVAWH", 
        "A_A^A\\_]", 
        "L$ SVWH", 
        "L$ SVWAVH", 
        "(A^_^[", 
        "t$ UWAWH", 
        "USVWATAUAVAWH", 
        "A_A^A]A\\_^[]", 
        "UAVAWH", 
        "UVWATAUAVAWH", 
        "A_A^A]A\\_^]", 
        "R$fA;Z*", 
        "fA9Z*v$A", 
        "@USVWAVH", 
        "pA^_^[]", 
        "ext-ms-win-biometrics-winbio-core-l1-1-0.dll", 
        "ext-ms-win-biometrics-winbio-core-l1-1-1.dll", 
        "Null/Invalid Arg", 
        "_SetMDMEnforced", 
        "GetTokenInformation", 
        "LocalAlloc", 
        "_CheckAdmin", 
        "FveGetStatusW", 
        "ntdll.dll", 
        "MicrosoftTelemetryAssertTriggeredUM", 
        "easinvoker.pdb", 
        ".text$di", 
        ".text$mn", 
        ".text$mn$00", 
        ".text$x", 
        ".text$yd", 
        ".imrsiv", 
        ".rdata$brc", 
        ".idata$5", 
        ".00cfg", 
        ".CRT$XCA", 
        ".CRT$XCAA", 
        ".CRT$XCU", 
        ".CRT$XCZ", 
        ".CRT$XIA", 
        ".CRT$XIAA", 
        ".CRT$XIY", 
        ".CRT$XIZ", 
        ".gehcont", 
        ".gfids", 
        ".giats", 
        ".rdata", 
        ".rdata$voltmd", 
        ".rdata$zzzdbg", 
        ".xdata", 
        ".didat$2", 
        ".didat$3", 
        ".didat$4", 
        ".didat$6", 
        ".didat$7", 
        ".idata$2", 
        ".idata$3", 
        ".idata$4", 
        ".idata$6", 
        ".data$brc", 
        ".pdata", 
        ".didat$5", 
        ".rsrc$01", 
        ".rsrc$02", 
        "WinBioRemoveAllCredentials", 
        "WinBioGetEnabledSetting", 
        "WinBioGetLogonSetting", 
        "WinBioGetDomainLogonSetting", 
        "RegGetValueW", 
        "TraceMessage", 
        "UnregisterTraceGuids", 
        "RegisterTraceGuidsW", 
        "GetTraceEnableLevel", 
        "GetTraceEnableFlags", 
        "GetTraceLoggerHandle", 
        "GetTokenInformation", 
        "MakeAbsoluteSD", 
        "OpenThreadToken", 
        "ConvertStringSecurityDescriptorToSecurityDescriptorW", 
        "ConvertSidToStringSidW", 
        "OpenProcessToken", 
        "ADVAPI32.dll", 
        "GetCurrentProcess", 
        "WaitForSingleObject", 
        "CreateEventW", 
        "GetLastError", 
        "SetEvent", 
        "GetCurrentThread", 
        "CloseHandle", 
        "LocalFree", 
        "KERNEL32.dll", 
        "_wcsicmp", 
        "_vsnwprintf", 
        "malloc", 
        "_callnewh", 
        "_XcptFilter", 
        "_amsg_exit", 
        "__wgetmainargs", 
        "__set_app_type", 
        "_cexit", 
        "__setusermatherr", 
        "_initterm", 
        "__C_specific_handler", 
        "_fmode", 
        "_commode", 
        "_unlock", 
        "__dllonexit", 
        "_onexit", 
        "msvcrt.dll", 
        "?terminate@@YAXXZ", 
        "CoAddRefServerProcess", 
        "CoReleaseServerProcess", 
        "CoCreateInstance", 
        "CoUninitialize", 
        "CoInitializeEx", 
        "CoTaskMemAlloc", 
        "CoTaskMemFree", 
        "CoRegisterClassObject", 
        "CoInitializeSecurity", 
        "CoRevokeClassObject", 
        "SetUnhandledExceptionFilter", 
        "GetModuleHandleW", 
        "QueryPerformanceCounter", 
        "GetCurrentProcessId", 
        "GetCurrentThreadId", 
        "GetSystemTimeAsFileTime", 
        "GetTickCount", 
        "RtlCaptureContext", 
        "RtlLookupFunctionEntry", 
        "RtlVirtualUnwind", 
        "UnhandledExceptionFilter", 
        "TerminateProcess", 
        "LocalAlloc", 
        "GetLengthSid", 
        "CopySid", 
        "CreateWellKnownSid", 
        "AuthzFreeResourceManager", 
        "AuthzInitializeResourceManager", 
        "EqualSid", 
        "GetVersionExW", 
        "NetUserGetInfo", 
        "NetApiBufferFree", 
        "GetSecurityDescriptorDacl", 
        "AuthzInitializeContextFromSid", 
        "AuthzAddSidsToContext", 
        "AuthzAccessCheck", 
        "AuthzFreeContext", 
        "I_RpcExceptionFilter", 
        "I_RpcMapWin32Status", 
        "RpcBindingFree", 
        "RegOpenKeyExW", 
        "RegCreateKeyExW", 
        "RegCloseKey", 
        "RegQueryInfoKeyW", 
        "RegEnumValueW", 
        "RegDeleteValueW", 
        "RegDeleteTreeW", 
        "PrivilegeCheck", 
        "CheckTokenMembership", 
        "RegSetValueExW", 
        "FreeLibrary", 
        "LoadLibraryExW", 
        "GetProcAddress", 
        "RpcStringBindingComposeW", 
        "RpcBindingFromStringBindingW", 
        "RpcStringFreeW", 
        "CreateFileW", 
        "NdrClientCall3", 
        "api-ms-win-core-com-l1-1-0.dll", 
        "api-ms-win-core-synch-l1-2-0.dll", 
        "api-ms-win-core-errorhandling-l1-1-0.dll", 
        "api-ms-win-core-libraryloader-l1-2-0.dll", 
        "api-ms-win-core-profile-l1-1-0.dll", 
        "api-ms-win-core-processthreads-l1-1-0.dll", 
        "api-ms-win-core-sysinfo-l1-1-0.dll", 
        "api-ms-win-core-rtlsupport-l1-1-0.dll", 
        "api-ms-win-core-heap-l2-1-0.dll", 
        "api-ms-win-security-base-l1-1-0.dll", 
        "AUTHZ.dll", 
        "samcli.dll", 
        "netutils.dll", 
        "RPCRT4.dll", 
        "api-ms-win-core-registry-l1-1-0.dll", 
        "api-ms-win-core-file-l1-1-0.dll", 
        "LsaOpenPolicy", 
        "SamConnect", 
        "SamOpenDomain", 
        "SamCloseHandle", 
        "LsaQueryInformationPolicy", 
        "LsaFreeMemory", 
        "LsaClose", 
        "LsaLookupSids", 
        "SamQuerySecurityObject", 
        "SamFreeMemory", 
        "SamQueryInformationUser", 
        "SamOpenUser", 
        "SamQueryInformationDomain", 
        "api-ms-win-security-lsapolicy-l1-1-0.dll", 
        "SAMLIB.dll", 
        "RtlInitializeSid", 
        "RtlSubAuthoritySid", 
        "RtlInitUnicodeString", 
        "RtlGetNtProductType", 
        "RtlLengthSid", 
        "RtlCopySid", 
        "RtlAcquireResourceExclusive", 
        "RtlReleaseResource", 
        "NtClose", 
        "RtlInitializeResource", 
        "RtlDeleteResource", 
        "RtlIsMultiSessionSku", 
        "RtlSubAuthorityCountSid", 
        "RtlEqualSid", 
        "NtOpenThreadToken", 
        "NtOpenProcessToken", 
        "NtDuplicateToken", 
        "NtQueryInformationToken", 
        "RtlGetDeviceFamilyInfoEnum", 
        "NtQuerySystemInformation", 
        "NtGetCachedSigningLevel", 
        "ntdll.dll", 
        "RpcBindingCreateW", 
        "RpcBindingBind", 
        "SystemParametersInfoW", 
        "UpdatePerUserSystemParameters", 
        "USER32.dll", 
        "EventUnregister", 
        "EventRegister", 
        "HeapFree", 
        "HeapAlloc", 
        "GetProcessHeap", 
        "GetSystemWindowsDirectoryW", 
        "GetModuleHandleExA", 
        "ResolveDelayLoadedAPI", 
        "DelayLoadFailureHook", 
        "_purecall", 
        "__CxxFrameHandler3", 
        "ApiSetQueryApiSetPresence", 
        "api-ms-win-core-apiquery-l1-1-0.dll", 
        "memcpy", 
        "memset", 
        "<?xml version=\"1.0\" encoding=\"UTF-8\" standalone=\"yes\"?>", 
        "<!-- Copyright (c) Microsoft Corporation -->", 
        "<assembly xmlns=\"urn:schemas-microsoft-com:asm.v1\"  xmlns:asmv3=\"urn:schemas-microsoft-com:asm.v3\" manifestVersion=\"1.0\">", 
        "  <assemblyIdentity", 
        "    version=\"1.0.0.0\"", 
        "    processorArchitecture=\"amd64\"", 
        "    name=\"easinvoker\"", 
        "    type=\"win32\"", 
        "    />", 
        "  <description>manifest file for easinvoker</description>", 
        "  <trustInfo xmlns=\"urn:schemas-microsoft-com:asm.v3\">", 
        "    <security>", 
        "      <requestedPrivileges>", 
        "        <requestedExecutionLevel ", 
        "          level=\"requireAdministrator\" ", 
        "          uiAccess=\"false\"", 
        "        />", 
        "      </requestedPrivileges>", 
        "    </security>", 
        "  </trustInfo>", 
        "  <asmv3:application>", 
        "    <asmv3:windowsSettings xmlns=\"http://schemas.microsoft.com/SMI/2005/WindowsSettings\">", 
        "      <autoElevate>true</autoElevate>", 
        "    </asmv3:windowsSettings>", 
        "  </asmv3:application>", 
        "</assembly>", 
        "mrE\"b7", 
        "Washington1", 
        "Redmond1", 
        "Microsoft Corporation1.0,", 
        "%Microsoft Windows Production PCA 20110", 
        "210902182341Z", 
        "220901182341Z0p1", 
        "Washington1", 
        "Redmond1", 
        "Microsoft Corporation1", 
        "Microsoft Windows0", 
        "I0G1-0+", 
        "$Microsoft Ireland Operations Limited1", 
        "229879+4675800\u001f", 
        "Chttp://www.microsoft.com/pkiops/crl/MicWinProPCA2011_2011-10-19.crl0a", 
        "Ehttp://www.microsoft.com/pkiops/certs/MicWinProPCA2011_2011-10-19.crt0", 
        "Washington1", 
        "Redmond1", 
        "Microsoft Corporation1200", 
        ")Microsoft Root Certificate Authority 20100", 
        "111019184142Z", 
        "261019185142Z0", 
        "Washington1", 
        "Redmond1", 
        "Microsoft Corporation1.0,", 
        "%Microsoft Windows Production PCA 20110", 
        "i\u001f%(\\6", 
        "Ehttp://crl.microsoft.com/pki/crl/products/MicRooCerAut_2010-06-23.crl0Z", 
        ">http://www.microsoft.com/pki/certs/MicRooCerAut_2010-06-23.crt0", 
        "Washington1", 
        "Redmond1", 
        "Microsoft Corporation1.0,", 
        "%Microsoft Windows Production PCA 2011", 
        ",H5urStiGfRE6VQ9IyGfcMcIO5uLHNISRyRpCKIk7e3k=0Z", 
        " http://www.microsoft.com/windows0", 
        "2z0'~uYTl", 
        "qC9S05", 
        "@LqT9m", 
        "20220507033339.527Z0", 
        "Washington1", 
        "Redmond1", 
        "Microsoft Corporation1-0+", 
        "$Microsoft Ireland Operations Limited1&0$", 
        "Thales TSS ESN:2AD4-4B92-FA011%0#", 
        "Microsoft Time-Stamp Service", 
        "Washington1", 
        "Redmond1", 
        "Microsoft Corporation1&0$", 
        "Microsoft Time-Stamp PCA 20100", 
        "211028192739Z", 
        "230126192739Z0", 
        "Washington1", 
        "Redmond1", 
        "Microsoft Corporation1-0+", 
        "$Microsoft Ireland Operations Limited1&0$", 
        "Thales TSS ESN:2AD4-4B92-FA011%0#", 
        "Microsoft Time-Stamp Service0", 
        "Nhttp://www.microsoft.com/pkiops/crl/Microsoft%20Time-Stamp%20PCA%202010(1).crl0l", 
        "Phttp://www.microsoft.com/pkiops/certs/Microsoft%20Time-Stamp%20PCA%202010(1).crt0", 
        "n{(aM0", 
        "Washington1", 
        "Redmond1", 
        "Microsoft Corporation1200", 
        ")Microsoft Root Certificate Authority 20100", 
        "210930182225Z", 
        "300930183225Z0|1", 
        "Washington1", 
        "Redmond1", 
        "Microsoft Corporation1&0$", 
        "Microsoft Time-Stamp PCA 20100", 
        "3http://www.microsoft.com/pkiops/Docs/Repository.htm0", 
        "Ehttp://crl.microsoft.com/pki/crl/products/MicRooCerAut_2010-06-23.crl0Z", 
        ">http://www.microsoft.com/pki/certs/MicRooCerAut_2010-06-23.crt0", 
        "as.,k{n?,", 
        "Washington1", 
        "Redmond1", 
        "Microsoft Corporation1-0+", 
        "$Microsoft Ireland Operations Limited1&0$", 
        "Thales TSS ESN:2AD4-4B92-FA011%0#", 
        "Microsoft Time-Stamp Service", 
        "Washington1", 
        "Redmond1", 
        "Microsoft Corporation1&0$", 
        "Microsoft Time-Stamp PCA 20100", 
        "20220507035814Z", 
        "20220508035814Z0t0:", 
        "Wc6H%`", 
        "*BBdsa$", 
        "Washington1", 
        "Redmond1", 
        "Microsoft Corporation1&0$", 
        "Microsoft Time-Stamp PCA 2010", 
        "Washington1", 
        "Redmond1", 
        "Microsoft Corporation1&0$", 
        "Microsoft Time-Stamp PCA 2010", 
        "ext-ms-win-biometrics-winbio-core-l1-1-0", 
        "ext-ms-win-biometrics-winbio-core-l1-1-1", 
        "ext-ms-win-biometrics-winbio-core-l1-1-2", 
        "ext-ms-win-biometrics-winbio-core-l1-1-3", 
        "ext-ms-win-biometrics-winbio-core-l1-1-4", 
        "HighConsentUI", 
        "SYSTEM\\CurrentControlSet\\Control\\EasTest", 
        "-Embedding", 
        "%ws%ws)", 
        "O:PSG:BUD:(A;;3;;;", 
        "LsaQueryInformationPolicy", 
        "onecore\\ds\\security\\eas\\policyengine\\evallib\\evalpolicies.cpp", 
        "(0x%08x) %ws:%u : %ws:%ws", 
        "RtlGetNtProductType", 
        "LocalAlloc", 
        "CreateWellKnownSid(WinWorldSid)", 
        "CreateWellKnownSid(WinLocalSystemSid)", 
        "_InitializeWellKnownGroups", 
        "_OpenLSAPolicyHandle", 
        "_GetDomainSIDs", 
        "_SamHandleForDomain", 
        "_GetBuiltInDomainSID", 
        "AuthzInitializeResourceManager", 
        "GetCurrentUserSID", 
        "EvaluteBitlockerPolicies", 
        "MarkUserAsControlled", 
        "_ExecuteMarkUserAsControlledAction", 
        "_ExecuteMDMEnforcedAction", 
        "Invalid Action Id", 
        "_ParsePolicies", 
        "_CheckWriteAccess", 
        "_Initialize", 
        "_ExecuteDefaultProviderActions", 
        "ExecutePasswordProviderActions", 
        "ExecuteInactivityProviderActions", 
        "Invalid Provider", 
        "Not initialized", 
        "_LockStore", 
        "_ReadPolicies", 
        "_GetToken", 
        "_TakeActionForBuiltInProviders", 
        "Extra EasEngineUninitialize call", 
        "onecore\\ds\\security\\eas\\policyengine\\initialize.cpp", 
        "onecore\\ds\\security\\eas\\policyengine\\evallib\\passwordprovider.cpp", 
        "fnWorker", 
        "out of bounds", 
        "_GetWindowsPasswordPolicies", 
        "GetControlledUsersInfo", 
        "_EnumLocalUsers", 
        "_WritePolicies", 
        "EvaluateBitlockerPolicies", 
        "WinBioRemoveAllCredentials", 
        "_UpdatePasswordPolicies", 
        "_UpdateConvenienceLogonPolicy", 
        "Invalid Setting Source", 
        "BlockDomainPicturePassword", 
        "Software\\Policies\\Microsoft\\Windows\\System", 
        "RegGetValueW", 
        "LsaLookupSids", 
        "_LocalAllocWStrFromString", 
        "NetUserGetInfo", 
        "SamQuerySecurityObject", 
        "GetSecurityDescriptorDacl", 
        "AuthzInitializeContextFromSid", 
        "AuthzAddSidsToContext", 
        "AuthzAccessCheck", 
        "SamQueryInformationUser", 
        "_CheckUserAccessForChangePassword", 
        "_CheckIfPasswordNeverExpires", 
        "_GetUserStatus", 
        "_EvaluateConvenienceLogonPolicy", 
        "SamOpenUser", 
        "GetCurrentUserPasswordProps", 
        "Agg password properties are NULL", 
        "_EvaluatePoliciesForLocalUser", 
        "SamQueryInformationDomain", 
        "_EvaluatePoliciesForCurrentUser", 
        "Null SID", 
        "onecore\\ds\\security\\eas\\policyengine\\evallib\\policies.cpp", 
        "ConvertSidToStringSid", 
        "LSA_EAS_ENDPOINT", 
        "LsapCreateBindingHandleForLocal", 
        "c_LsarEasMarkUserControlled", 
        "c_LsarEasGetCallerPasswordComplexity", 
        "c_LsarEasGetControlledUsersInfo", 
        "SYSTEM\\CurrentControlSet\\Control\\EAS\\Policies", 
        "RegOpenKeyEx", 
        "onecore\\ds\\security\\eas\\policyengine\\common.cpp", 
        "RegCreateKeyEx", 
        "RegQueryInfoKey", 
        "invalid type", 
        "RegEnumValue", 
        "Invalid policy id", 
        "_RegValueToVariant", 
        "Registry key is not opened", 
        "RtlStringCchPrintfW", 
        "RegDeleteValue", 
        "Invalid policy value", 
        "Invalid Policy Type", 
        "Invalid policy value:For new policies update nALL_POLICIES", 
        "RegDeleteKey", 
        "PrivilegeCheck", 
        "CreateWellKnownSid", 
        "NtOpenProcessToken", 
        "NtDuplicateToken", 
        "NtQueryInformationToken", 
        "Not an impersonation level token", 
        "NtOpenThreadToken", 
        "_CheckTCB", 
        "unexpected", 
        "RegSetValueEx", 
        "Error reading ScreenSaver Timeout", 
        "Error reading ScreenSaver setting", 
        "Error setting ScreenSaver Timeout", 
        "Error from UpdatePerUserSystemParamaters", 
        "Invalid Action id", 
        "onecore\\ds\\security\\eas\\policyengine\\evallib\\inactivityprovider.cpp", 
        "_ApplyEASTimeout", 
        "_DeletePolicies", 
        "onecore\\ds\\security\\eas\\policyengine\\evallib\\lockoutprovider.cpp", 
        "QueryEASProtectionStatus", 
        "onecore\\ds\\security\\eas\\policyengine\\evallib\\bitlockerprovider.cpp", 
        "BitLocker SubStatus should not be S_OK", 
        "QueryBitLockerStatus", 
        "QueryProtectionStatus", 
        "Invalid 3rd Party Error SubStatus = %#x", 
        "Invalid 3rd Party Device Status = %#x", 
        "PreProvisioningCheck", 
        "SOFTWARE\\Microsoft\\DeviceEncryption", 
        "fveapi.dll", 
        "ncalrpc", 
        "ThirdPartyEncryptionProviderPath", 
        "SYSTEM\\CurrentControlSet\\Control\\EAS", 
        "RegGetValueW(ThirdPartyEncryptionProviderPath)", 
        "onecore\\ds\\security\\eas\\policyengine\\utilregs.cxx", 
        "RegOpenKeyEx(SYSTEM\\CurrentControlSet\\Control\\EAS)", 
        "RegDeleteValue(ThirdPartyEncryptionProviderPath)", 
        "CreateFile(dllPath)", 
        "NtGetCachedSigningLevel", 
        "SE_SIGNING_LEVEL_MICROSOFT > resultSigningLevel", 
        "VS_VERSION_INFO", 
        "StringFileInfo", 
        "040904B0", 
        "CompanyName", 
        "Microsoft Corporation", 
        "FileDescription", 
        "Exchange ActiveSync Invoker", 
        "FileVersion", 
        "10.0.22621.1 (WinBuild.160101.0800)", 
        "InternalName", 
        "easinvoker.exe", 
        "LegalCopyright", 
        " Microsoft Corporation. All rights reserved.", 
        "OriginalFilename", 
        "easinvoker.exe", 
        "ProductName", 
        "Microsoft", 
        " Windows", 
        " Operating System", 
        "ProductVersion", 
        "10.0.22621.1", 
        "VarFileInfo", 
        "Translation", 
        "Exchange ActiveSync Invoker", 
        "Exchange ActiveSync Invoker", 
        "\"Microsoft Window"
    ], 
    "metadata": {
        "output": {
            "pcap": {
                "basename": "dump.pcap", 
                "sha256": "48670985d8f20ecce3aee4f46b02cec03c119cade5382c1ffbf5fc8ba82843da", 
                "dirname": ""
            }
        }
    }
}