{
    "info": {
        "added": 1742631371.551283, 
        "started": 1742631416.549144, 
        "duration": 25, 
        "ended": 1742631442.272392, 
        "owner": null, 
        "score": 0.4, 
        "id": 426, 
        "category": "file", 
        "git": {
            "head": "13cbe0d9e457be3673304533043e992ead1ea9b2", 
            "fetch_head": "13cbe0d9e457be3673304533043e992ead1ea9b2"
        }, 
        "monitor": "2deb9ccd75d5a7a3fe05b2625b03a8639d6ee36b", 
        "package": "exe", 
        "route": "none", 
        "custom": null, 
        "machine": {
            "status": "stopped", 
            "name": "192.168.56.1011", 
            "label": "192.168.56.1011", 
            "manager": "VirtualBox", 
            "started_on": "2025-03-22 08:16:57", 
            "shutdown_on": "2025-03-22 08:17:22"
        }, 
        "platform": "windows", 
        "version": "2.0.7", 
        "options": "procmemdump=yes,route=none"
    }, 
    "signatures": [
        {
            "families": [], 
            "description": "This executable has a PDB path", 
            "severity": 1, 
            "ttp": {}, 
            "markcount": 1, 
            "references": [], 
            "marks": [
                {
                    "category": "pdb_path", 
                    "ioc": "EdpNotify.pdb", 
                    "type": "ioc", 
                    "description": null
                }
            ], 
            "name": "has_pdb"
        }, 
        {
            "families": [], 
            "description": "The executable contains unknown PE section names indicative of a packer (could be a false positive)", 
            "severity": 1, 
            "ttp": {
                "T1045": {
                    "short": "Software Packing", 
                    "long": "Software packing is a method of compressing or encrypting an executable. Packing an executable changes the file signature in an attempt to avoid signature-based detection. Most decompression techniques decompress the executable code in memory."
                }
            }, 
            "markcount": 2, 
            "references": [], 
            "marks": [
                {
                    "category": "section", 
                    "ioc": ".imrsiv", 
                    "type": "ioc", 
                    "description": null
                }, 
                {
                    "category": "section", 
                    "ioc": ".didat", 
                    "type": "ioc", 
                    "description": null
                }
            ], 
            "name": "pe_features"
        }
    ], 
    "target": {
        "category": "file", 
        "file": {
            "yara": [], 
            "sha1": "7ba6a796a16706507f7dd096c523c1412f091fc8", 
            "name": "edpnotify.exe", 
            "type": "PE32 executable (GUI) Intel 80386, for MS Windows", 
            "sha256": "e068559807dc259bddf9c71b872f37b8461ca198560cb4654dc8efa4c169f75e", 
            "urls": [], 
            "crc32": "FC2BE0FA", 
            "path": "/home/tesst/.cuckoo/storage/binaries/e068559807dc259bddf9c71b872f37b8461ca198560cb4654dc8efa4c169f75e", 
            "ssdeep": null, 
            "size": 56320, 
            "sha512": "07600e02fdc72236e505a4b9c0d59246f25935483d979c0976c76a2850e8c1ed34fe42b9a6ffbd96e190609de3172672cfc13743b4432b93f4ea2d9bb98e023c", 
            "md5": "0a6b7397d09df710f637282ad928654d"
        }
    }, 
    "network": {
        "tls": [], 
        "udp": [
            {
                "src": "192.168.56.101", 
                "dst": "224.0.0.252", 
                "offset": 1214, 
                "time": 1.247380018234253, 
                "dport": 5355, 
                "sport": 64614
            }, 
            {
                "src": "192.168.56.101", 
                "dst": "224.0.0.252", 
                "offset": 1534, 
                "time": 1.5946121215820312, 
                "dport": 5355, 
                "sport": 65517
            }, 
            {
                "src": "192.168.56.101", 
                "dst": "239.255.255.250", 
                "offset": 1862, 
                "time": 1.43967604637146, 
                "dport": 1900, 
                "sport": 64617
            }
        ], 
        "dns_servers": [], 
        "http": [], 
        "icmp": [], 
        "smtp": [], 
        "tcp": [], 
        "smtp_ex": [], 
        "mitm": [], 
        "hosts": [], 
        "pcap_sha256": "44e5ded4addb5f5f74b89eaa526105b4d9ade32c6ed767889ed2b20856597aa1", 
        "dns": [], 
        "http_ex": [], 
        "domains": [], 
        "dead_hosts": [], 
        "sorted_pcap_sha256": "833dee391313f572333c25a17ce62d8fb9e92d75dc35009c5105560681c7cf8b", 
        "irc": [], 
        "https_ex": []
    }, 
    "static": {
        "pdb_path": "EdpNotify.pdb", 
        "pe_imports": [
            {
                "imports": [
                    {
                        "name": "_c_exit", 
                        "address": "0x40e230"
                    }, 
                    {
                        "name": "_register_thread_local_exe_atexit_callback", 
                        "address": "0x40e234"
                    }, 
                    {
                        "name": "_initterm_e", 
                        "address": "0x40e238"
                    }, 
                    {
                        "name": "_initterm", 
                        "address": "0x40e23c"
                    }
                ], 
                "dll": "api-ms-win-crt-runtime-l1-1-0.dll"
            }, 
            {
                "imports": [
                    {
                        "name": "_o__callnewh", 
                        "address": "0x40e198"
                    }, 
                    {
                        "name": "_o__cexit", 
                        "address": "0x40e19c"
                    }, 
                    {
                        "name": "_o__configthreadlocale", 
                        "address": "0x40e1a0"
                    }, 
                    {
                        "name": "_o__configure_wide_argv", 
                        "address": "0x40e1a4"
                    }, 
                    {
                        "name": "_o__controlfp_s", 
                        "address": "0x40e1a8"
                    }, 
                    {
                        "name": "_o__crt_atexit", 
                        "address": "0x40e1ac"
                    }, 
                    {
                        "name": "_o__errno", 
                        "address": "0x40e1b0"
                    }, 
                    {
                        "name": "_o__exit", 
                        "address": "0x40e1b4"
                    }, 
                    {
                        "name": "_o__get_wide_winmain_command_line", 
                        "address": "0x40e1b8"
                    }, 
                    {
                        "name": "_o__initialize_onexit_table", 
                        "address": "0x40e1bc"
                    }, 
                    {
                        "name": "_o__initialize_wide_environment", 
                        "address": "0x40e1c0"
                    }, 
                    {
                        "name": "_o__invalid_parameter_noinfo", 
                        "address": "0x40e1c4"
                    }, 
                    {
                        "name": "_o__purecall", 
                        "address": "0x40e1c8"
                    }, 
                    {
                        "name": "_o__register_onexit_function", 
                        "address": "0x40e1cc"
                    }, 
                    {
                        "name": "_o__seh_filter_exe", 
                        "address": "0x40e1d0"
                    }, 
                    {
                        "name": "_o__set_app_type", 
                        "address": "0x40e1d4"
                    }, 
                    {
                        "name": "_o__set_fmode", 
                        "address": "0x40e1d8"
                    }, 
                    {
                        "name": "_o__set_new_mode", 
                        "address": "0x40e1dc"
                    }, 
                    {
                        "name": "memcpy", 
                        "address": "0x40e1e0"
                    }, 
                    {
                        "name": "_o__wcsicmp", 
                        "address": "0x40e1e4"
                    }, 
                    {
                        "name": "_o__wcsnicmp", 
                        "address": "0x40e1e8"
                    }, 
                    {
                        "name": "_o_exit", 
                        "address": "0x40e1ec"
                    }, 
                    {
                        "name": "_o_free", 
                        "address": "0x40e1f0"
                    }, 
                    {
                        "name": "_o_malloc", 
                        "address": "0x40e1f4"
                    }, 
                    {
                        "name": "_o_terminate", 
                        "address": "0x40e1f8"
                    }, 
                    {
                        "name": "_o_wcstok_s", 
                        "address": "0x40e1fc"
                    }, 
                    {
                        "name": "__current_exception", 
                        "address": "0x40e200"
                    }, 
                    {
                        "name": "__current_exception_context", 
                        "address": "0x40e204"
                    }, 
                    {
                        "name": "_except_handler4_common", 
                        "address": "0x40e208"
                    }, 
                    {
                        "name": "_CxxThrowException", 
                        "address": "0x40e20c"
                    }, 
                    {
                        "name": "_o___stdio_common_vswprintf", 
                        "address": "0x40e210"
                    }, 
                    {
                        "name": "_o___stdio_common_vsnprintf_s", 
                        "address": "0x40e214"
                    }, 
                    {
                        "name": "_o___std_exception_destroy", 
                        "address": "0x40e218"
                    }, 
                    {
                        "name": "_o___std_exception_copy", 
                        "address": "0x40e21c"
                    }, 
                    {
                        "name": "__std_terminate", 
                        "address": "0x40e220"
                    }, 
                    {
                        "name": "__CxxFrameHandler3", 
                        "address": "0x40e224"
                    }, 
                    {
                        "name": "_o___p__commode", 
                        "address": "0x40e228"
                    }
                ], 
                "dll": "api-ms-win-crt-private-l1-1-0.dll"
            }, 
            {
                "imports": [
                    {
                        "name": "memset", 
                        "address": "0x40e244"
                    }
                ], 
                "dll": "api-ms-win-crt-string-l1-1-0.dll"
            }, 
            {
                "imports": [
                    {
                        "name": "CoAddRefServerProcess", 
                        "address": "0x40e008"
                    }, 
                    {
                        "name": "CoRevokeClassObject", 
                        "address": "0x40e00c"
                    }, 
                    {
                        "name": "CoReleaseServerProcess", 
                        "address": "0x40e010"
                    }, 
                    {
                        "name": "CoRegisterClassObject", 
                        "address": "0x40e014"
                    }, 
                    {
                        "name": "CoResumeClassObjects", 
                        "address": "0x40e018"
                    }, 
                    {
                        "name": "CoCreateFreeThreadedMarshaler", 
                        "address": "0x40e01c"
                    }, 
                    {
                        "name": "CoTaskMemFree", 
                        "address": "0x40e020"
                    }, 
                    {
                        "name": "CoTaskMemAlloc", 
                        "address": "0x40e024"
                    }, 
                    {
                        "name": "CoWaitForMultipleHandles", 
                        "address": "0x40e028"
                    }
                ], 
                "dll": "api-ms-win-core-com-l1-1-0.dll"
            }, 
            {
                "imports": [
                    {
                        "name": "InitOnceExecuteOnce", 
                        "address": "0x40e128"
                    }, 
                    {
                        "name": "InitOnceBeginInitialize", 
                        "address": "0x40e12c"
                    }, 
                    {
                        "name": "InitOnceComplete", 
                        "address": "0x40e130"
                    }
                ], 
                "dll": "api-ms-win-core-synch-l1-2-0.dll"
            }, 
            {
                "imports": [
                    {
                        "name": "WindowsGetStringRawBuffer", 
                        "address": "0x40e17c"
                    }, 
                    {
                        "name": "WindowsDeleteString", 
                        "address": "0x40e180"
                    }, 
                    {
                        "name": "WindowsIsStringEmpty", 
                        "address": "0x40e184"
                    }, 
                    {
                        "name": "WindowsStringHasEmbeddedNull", 
                        "address": "0x40e188"
                    }, 
                    {
                        "name": "WindowsCreateString", 
                        "address": "0x40e18c"
                    }, 
                    {
                        "name": "WindowsCreateStringReference", 
                        "address": "0x40e190"
                    }
                ], 
                "dll": "api-ms-win-core-winrt-string-l1-1-0.dll"
            }, 
            {
                "imports": [
                    {
                        "name": "EncodePointer", 
                        "address": "0x40e14c"
                    }, 
                    {
                        "name": "DecodePointer", 
                        "address": "0x40e150"
                    }
                ], 
                "dll": "api-ms-win-core-util-l1-1-0.dll"
            }, 
            {
                "imports": [
                    {
                        "name": "RoUninitialize", 
                        "address": "0x40e164"
                    }, 
                    {
                        "name": "RoRegisterActivationFactories", 
                        "address": "0x40e168"
                    }, 
                    {
                        "name": "RoGetActivationFactory", 
                        "address": "0x40e16c"
                    }, 
                    {
                        "name": "RoInitialize", 
                        "address": "0x40e170"
                    }, 
                    {
                        "name": "RoRevokeActivationFactories", 
                        "address": "0x40e174"
                    }
                ], 
                "dll": "api-ms-win-core-winrt-l1-1-0.dll"
            }, 
            {
                "imports": [
                    {
                        "name": "RoOriginateErrorW", 
                        "address": "0x40e158"
                    }, 
                    {
                        "name": "RoOriginateError", 
                        "address": "0x40e15c"
                    }
                ], 
                "dll": "api-ms-win-core-winrt-error-l1-1-0.dll"
            }, 
            {
                "imports": [
                    {
                        "name": "GetLastError", 
                        "address": "0x40e050"
                    }, 
                    {
                        "name": "UnhandledExceptionFilter", 
                        "address": "0x40e054"
                    }, 
                    {
                        "name": "RaiseException", 
                        "address": "0x40e058"
                    }, 
                    {
                        "name": "SetLastError", 
                        "address": "0x40e05c"
                    }, 
                    {
                        "name": "SetUnhandledExceptionFilter", 
                        "address": "0x40e060"
                    }
                ], 
                "dll": "api-ms-win-core-errorhandling-l1-1-0.dll"
            }, 
            {
                "imports": [
                    {
                        "name": "CreateMutexExW", 
                        "address": "0x40e0f0"
                    }, 
                    {
                        "name": "ReleaseSRWLockShared", 
                        "address": "0x40e0f4"
                    }, 
                    {
                        "name": "OpenSemaphoreW", 
                        "address": "0x40e0f8"
                    }, 
                    {
                        "name": "WaitForSingleObjectEx", 
                        "address": "0x40e0fc"
                    }, 
                    {
                        "name": "CreateSemaphoreExW", 
                        "address": "0x40e100"
                    }, 
                    {
                        "name": "SetEvent", 
                        "address": "0x40e104"
                    }, 
                    {
                        "name": "AcquireSRWLockExclusive", 
                        "address": "0x40e108"
                    }, 
                    {
                        "name": "ReleaseSRWLockExclusive", 
                        "address": "0x40e10c"
                    }, 
                    {
                        "name": "ReleaseMutex", 
                        "address": "0x40e110"
                    }, 
                    {
                        "name": "WaitForSingleObject", 
                        "address": "0x40e114"
                    }, 
                    {
                        "name": "AcquireSRWLockShared", 
                        "address": "0x40e118"
                    }, 
                    {
                        "name": "ReleaseSemaphore", 
                        "address": "0x40e11c"
                    }, 
                    {
                        "name": "CreateEventExW", 
                        "address": "0x40e120"
                    }
                ], 
                "dll": "api-ms-win-core-synch-l1-1-0.dll"
            }, 
            {
                "imports": [
                    {
                        "name": "GetModuleHandleW", 
                        "address": "0x40e088"
                    }, 
                    {
                        "name": "GetModuleFileNameA", 
                        "address": "0x40e08c"
                    }, 
                    {
                        "name": "GetModuleHandleExW", 
                        "address": "0x40e090"
                    }, 
                    {
                        "name": "GetProcAddress", 
                        "address": "0x40e094"
                    }
                ], 
                "dll": "api-ms-win-core-libraryloader-l1-2-0.dll"
            }, 
            {
                "imports": [
                    {
                        "name": "HeapFree", 
                        "address": "0x40e070"
                    }, 
                    {
                        "name": "HeapAlloc", 
                        "address": "0x40e074"
                    }, 
                    {
                        "name": "GetProcessHeap", 
                        "address": "0x40e078"
                    }
                ], 
                "dll": "api-ms-win-core-heap-l1-1-0.dll"
            }, 
            {
                "imports": [
                    {
                        "name": "EventSetInformation", 
                        "address": "0x40e24c"
                    }, 
                    {
                        "name": "EventRegister", 
                        "address": "0x40e250"
                    }, 
                    {
                        "name": "EventWriteTransfer", 
                        "address": "0x40e254"
                    }, 
                    {
                        "name": "EventUnregister", 
                        "address": "0x40e258"
                    }
                ], 
                "dll": "api-ms-win-eventing-provider-l1-1-0.dll"
            }, 
            {
                "imports": [
                    {
                        "name": "RegDeleteValueW", 
                        "address": "0x40e0cc"
                    }, 
                    {
                        "name": "RegOpenCurrentUser", 
                        "address": "0x40e0d0"
                    }, 
                    {
                        "name": "RegSetValueExW", 
                        "address": "0x40e0d4"
                    }, 
                    {
                        "name": "RegCreateKeyExW", 
                        "address": "0x40e0d8"
                    }, 
                    {
                        "name": "RegGetValueW", 
                        "address": "0x40e0dc"
                    }, 
                    {
                        "name": "RegCloseKey", 
                        "address": "0x40e0e0"
                    }
                ], 
                "dll": "api-ms-win-core-registry-l1-1-0.dll"
            }, 
            {
                "imports": [
                    {
                        "name": "GetCurrentProcess", 
                        "address": "0x40e0a4"
                    }, 
                    {
                        "name": "TerminateProcess", 
                        "address": "0x40e0a8"
                    }, 
                    {
                        "name": "GetStartupInfoW", 
                        "address": "0x40e0ac"
                    }, 
                    {
                        "name": "GetCurrentProcessId", 
                        "address": "0x40e0b0"
                    }, 
                    {
                        "name": "GetCurrentThreadId", 
                        "address": "0x40e0b4"
                    }
                ], 
                "dll": "api-ms-win-core-processthreads-l1-1-0.dll"
            }, 
            {
                "imports": [
                    {
                        "name": "FormatMessageW", 
                        "address": "0x40e09c"
                    }
                ], 
                "dll": "api-ms-win-core-localization-l1-2-0.dll"
            }, 
            {
                "imports": [
                    {
                        "name": "IsDebuggerPresent", 
                        "address": "0x40e030"
                    }, 
                    {
                        "name": "OutputDebugStringW", 
                        "address": "0x40e034"
                    }, 
                    {
                        "name": "DebugBreak", 
                        "address": "0x40e038"
                    }
                ], 
                "dll": "api-ms-win-core-debug-l1-1-0.dll"
            }, 
            {
                "imports": [
                    {
                        "name": "CloseHandle", 
                        "address": "0x40e068"
                    }
                ], 
                "dll": "api-ms-win-core-handle-l1-1-0.dll"
            }, 
            {
                "imports": [
                    {
                        "name": "GetSystemTime", 
                        "address": "0x40e138"
                    }, 
                    {
                        "name": "GetSystemTimeAsFileTime", 
                        "address": "0x40e13c"
                    }
                ], 
                "dll": "api-ms-win-core-sysinfo-l1-1-0.dll"
            }, 
            {
                "imports": [
                    {
                        "name": "RegSetKeyValueW", 
                        "address": "0x40e0e8"
                    }
                ], 
                "dll": "api-ms-win-core-registry-l1-1-1.dll"
            }, 
            {
                "imports": [
                    {
                        "name": "IsProcessorFeaturePresent", 
                        "address": "0x40e0bc"
                    }
                ], 
                "dll": "api-ms-win-core-processthreads-l1-1-1.dll"
            }, 
            {
                "imports": [
                    {
                        "name": "QueryPerformanceCounter", 
                        "address": "0x40e0c4"
                    }
                ], 
                "dll": "api-ms-win-core-profile-l1-1-0.dll"
            }, 
            {
                "imports": [
                    {
                        "name": "InitializeSListHead", 
                        "address": "0x40e080"
                    }
                ], 
                "dll": "api-ms-win-core-interlocked-l1-1-0.dll"
            }, 
            {
                "imports": [
                    {
                        "name": "SystemTimeToFileTime", 
                        "address": "0x40e144"
                    }
                ], 
                "dll": "api-ms-win-core-timezone-l1-1-0.dll"
            }, 
            {
                "imports": [
                    {
                        "name": "ApiSetQueryApiSetPresence", 
                        "address": "0x40e000"
                    }
                ], 
                "dll": "api-ms-win-core-apiquery-l1-1-0.dll"
            }, 
            {
                "imports": [
                    {
                        "name": "ResolveDelayLoadedAPI", 
                        "address": "0x40e048"
                    }
                ], 
                "dll": "api-ms-win-core-delayload-l1-1-1.dll"
            }, 
            {
                "imports": [
                    {
                        "name": "DelayLoadFailureHook", 
                        "address": "0x40e040"
                    }
                ], 
                "dll": "api-ms-win-core-delayload-l1-1-0.dll"
            }
        ], 
        "peid_signatures": null, 
        "keys": [], 
        "signature": [], 
        "pe_timestamp": "2101-01-13 13:04:49", 
        "pe_exports": [], 
        "imported_dll_count": 28, 
        "pe_imphash": "b7e426de79cd230dde244af2d08b5122", 
        "pe_resources": [
            {
                "name": "RT_VERSION", 
                "language": "LANG_ENGLISH", 
                "filetype": "COM executable for DOS", 
                "sublanguage": "SUBLANG_ENGLISH_US", 
                "offset": "0x00011060", 
                "size": "0x000003bc"
            }
        ], 
        "pe_versioninfo": [
            {
                "name": "LegalCopyright", 
                "value": "\\xa9 Microsoft Corporation. All rights reserved."
            }, 
            {
                "name": "InternalName", 
                "value": "EdpNotify.exe"
            }, 
            {
                "name": "FileVersion", 
                "value": "10.0.22621.3672 (WinBuild.160101.0800)"
            }, 
            {
                "name": "CompanyName", 
                "value": "Microsoft Corporation"
            }, 
            {
                "name": "ProductName", 
                "value": "Microsoft\\xae Windows\\xae Operating System"
            }, 
            {
                "name": "ProductVersion", 
                "value": "10.0.22621.3672"
            }, 
            {
                "name": "FileDescription", 
                "value": "Microsoft Enterpise Data Protection"
            }, 
            {
                "name": "OriginalFilename", 
                "value": "EdpNotify.exe"
            }, 
            {
                "name": "Translation", 
                "value": "0x0409 0x04b0"
            }
        ], 
        "pe_sections": [
            {
                "size_of_data": "0x0000ac00", 
                "virtual_address": "0x00001000", 
                "entropy": 6.177522241015547, 
                "name": ".text", 
                "virtual_size": "0x0000aab8"
            }, 
            {
                "size_of_data": "0x00000000", 
                "virtual_address": "0x0000c000", 
                "entropy": 0.0, 
                "name": ".imrsiv", 
                "virtual_size": "0x00000004"
            }, 
            {
                "size_of_data": "0x00000200", 
                "virtual_address": "0x0000d000", 
                "entropy": 2.317649969149817, 
                "name": ".data", 
                "virtual_size": "0x00000680"
            }, 
            {
                "size_of_data": "0x00001600", 
                "virtual_address": "0x0000e000", 
                "entropy": 4.980965549811577, 
                "name": ".idata", 
                "virtual_size": "0x00001548"
            }, 
            {
                "size_of_data": "0x00000200", 
                "virtual_address": "0x00010000", 
                "entropy": 0.4985513359061679, 
                "name": ".didat", 
                "virtual_size": "0x00000034"
            }, 
            {
                "size_of_data": "0x00000600", 
                "virtual_address": "0x00011000", 
                "entropy": 2.528967624059523, 
                "name": ".rsrc", 
                "virtual_size": "0x00000420"
            }, 
            {
                "size_of_data": "0x00000c00", 
                "virtual_address": "0x00012000", 
                "entropy": 6.303530725093601, 
                "name": ".reloc", 
                "virtual_size": "0x00000a9c"
            }
        ]
    }, 
    "behavior": {
        "generic": [
            {
                "process_path": "C:\\Windows\\System32\\lsass.exe", 
                "process_name": "lsass.exe", 
                "pid": 508, 
                "summary": {}, 
                "first_seen": 1742634971.9375, 
                "ppid": 400
            }
        ], 
        "processes": [
            {
                "process_path": "C:\\Windows\\System32\\lsass.exe", 
                "calls": [], 
                "track": false, 
                "pid": 508, 
                "process_name": "lsass.exe", 
                "command_line": "C:\\Windows\\system32\\lsass.exe", 
                "modules": [
                    {
                        "basename": "lsass.exe", 
                        "imgsize": 49152, 
                        "baseaddr": "0xffc70000", 
                        "filepath": "C:\\Windows\\system32\\lsass.exe"
                    }, 
                    {
                        "basename": "ntdll.dll", 
                        "imgsize": 1740800, 
                        "baseaddr": "0x76dd0000", 
                        "filepath": "C:\\Windows\\SYSTEM32\\ntdll.dll"
                    }, 
                    {
                        "basename": "kernel32.dll", 
                        "imgsize": 1175552, 
                        "baseaddr": "0x76bb0000", 
                        "filepath": "C:\\Windows\\system32\\kernel32.dll"
                    }, 
                    {
                        "basename": "KERNELBASE.dll", 
                        "imgsize": 438272, 
                        "baseaddr": "0x7fefcf80000", 
                        "filepath": "C:\\Windows\\system32\\KERNELBASE.dll"
                    }, 
                    {
                        "basename": "msvcrt.dll", 
                        "imgsize": 651264, 
                        "baseaddr": "0x7fefec80000", 
                        "filepath": "C:\\Windows\\system32\\msvcrt.dll"
                    }, 
                    {
                        "basename": "RPCRT4.dll", 
                        "imgsize": 1232896, 
                        "baseaddr": "0x7fefd2c0000", 
                        "filepath": "C:\\Windows\\system32\\RPCRT4.dll"
                    }, 
                    {
                        "basename": "SspiSrv.dll", 
                        "imgsize": 45056, 
                        "baseaddr": "0x7fefcb60000", 
                        "filepath": "C:\\Windows\\system32\\SspiSrv.dll"
                    }, 
                    {
                        "basename": "lsasrv.dll", 
                        "imgsize": 1470464, 
                        "baseaddr": "0x7fefc9e0000", 
                        "filepath": "C:\\Windows\\system32\\lsasrv.dll"
                    }, 
                    {
                        "basename": "sechost.dll", 
                        "imgsize": 126976, 
                        "baseaddr": "0x7fefea00000", 
                        "filepath": "C:\\Windows\\SYSTEM32\\sechost.dll"
                    }, 
                    {
                        "basename": "SspiCli.dll", 
                        "imgsize": 151552, 
                        "baseaddr": "0x7fefcb80000", 
                        "filepath": "C:\\Windows\\system32\\SspiCli.dll"
                    }, 
                    {
                        "basename": "ADVAPI32.dll", 
                        "imgsize": 897024, 
                        "baseaddr": "0x7fefd480000", 
                        "filepath": "C:\\Windows\\system32\\ADVAPI32.dll"
                    }, 
                    {
                        "basename": "USER32.dll", 
                        "imgsize": 1024000, 
                        "baseaddr": "0x76cd0000", 
                        "filepath": "C:\\Windows\\system32\\USER32.dll"
                    }, 
                    {
                        "basename": "GDI32.dll", 
                        "imgsize": 421888, 
                        "baseaddr": "0x7fefd560000", 
                        "filepath": "C:\\Windows\\system32\\GDI32.dll"
                    }, 
                    {
                        "basename": "LPK.dll", 
                        "imgsize": 57344, 
                        "baseaddr": "0x7fefd830000", 
                        "filepath": "C:\\Windows\\system32\\LPK.dll"
                    }, 
                    {
                        "basename": "USP10.dll", 
                        "imgsize": 823296, 
                        "baseaddr": "0x7feff010000", 
                        "filepath": "C:\\Windows\\system32\\USP10.dll"
                    }, 
                    {
                        "basename": "SAMSRV.dll", 
                        "imgsize": 774144, 
                        "baseaddr": "0x7fefc880000", 
                        "filepath": "C:\\Windows\\system32\\SAMSRV.dll"
                    }, 
                    {
                        "basename": "cryptdll.dll", 
                        "imgsize": 81920, 
                        "baseaddr": "0x7fefc860000", 
                        "filepath": "C:\\Windows\\system32\\cryptdll.dll"
                    }, 
                    {
                        "basename": "MSASN1.dll", 
                        "imgsize": 61440, 
                        "baseaddr": "0x7fefcdc0000", 
                        "filepath": "C:\\Windows\\system32\\MSASN1.dll"
                    }, 
                    {
                        "basename": "wevtapi.dll", 
                        "imgsize": 446464, 
                        "baseaddr": "0x7fefc7f0000", 
                        "filepath": "C:\\Windows\\system32\\wevtapi.dll"
                    }, 
                    {
                        "basename": "IMM32.DLL", 
                        "imgsize": 188416, 
                        "baseaddr": "0x7fefea20000", 
                        "filepath": "C:\\Windows\\system32\\IMM32.DLL"
                    }, 
                    {
                        "basename": "MSCTF.dll", 
                        "imgsize": 1085440, 
                        "baseaddr": "0x7fefed20000", 
                        "filepath": "C:\\Windows\\system32\\MSCTF.dll"
                    }, 
                    {
                        "basename": "cngaudit.dll", 
                        "imgsize": 36864, 
                        "baseaddr": "0x7fefc7b0000", 
                        "filepath": "C:\\Windows\\system32\\cngaudit.dll"
                    }, 
                    {
                        "basename": "AUTHZ.dll", 
                        "imgsize": 192512, 
                        "baseaddr": "0x7fefc780000", 
                        "filepath": "C:\\Windows\\system32\\AUTHZ.dll"
                    }, 
                    {
                        "basename": "ncrypt.dll", 
                        "imgsize": 319488, 
                        "baseaddr": "0x7fefc730000", 
                        "filepath": "C:\\Windows\\system32\\ncrypt.dll"
                    }, 
                    {
                        "basename": "bcrypt.dll", 
                        "imgsize": 139264, 
                        "baseaddr": "0x7fefc700000", 
                        "filepath": "C:\\Windows\\system32\\bcrypt.dll"
                    }, 
                    {
                        "basename": "msprivs.DLL", 
                        "imgsize": 8192, 
                        "baseaddr": "0x74af0000", 
                        "filepath": "C:\\Windows\\system32\\msprivs.DLL"
                    }, 
                    {
                        "basename": "netjoin.dll", 
                        "imgsize": 204800, 
                        "baseaddr": "0x7fefc6c0000", 
                        "filepath": "C:\\Windows\\system32\\netjoin.dll"
                    }, 
                    {
                        "basename": "negoexts.DLL", 
                        "imgsize": 147456, 
                        "baseaddr": "0x7fefc690000", 
                        "filepath": "C:\\Windows\\system32\\negoexts.DLL"
                    }, 
                    {
                        "basename": "Secur32.dll", 
                        "imgsize": 45056, 
                        "baseaddr": "0x7fefc9b0000", 
                        "filepath": "C:\\Windows\\system32\\Secur32.dll"
                    }, 
                    {
                        "basename": "cryptbase.dll", 
                        "imgsize": 61440, 
                        "baseaddr": "0x7fefcc50000", 
                        "filepath": "C:\\Windows\\system32\\cryptbase.dll"
                    }, 
                    {
                        "basename": "kerberos.DLL", 
                        "imgsize": 737280, 
                        "baseaddr": "0x7fefc5d0000", 
                        "filepath": "C:\\Windows\\system32\\kerberos.DLL"
                    }, 
                    {
                        "basename": "CRYPTSP.dll", 
                        "imgsize": 94208, 
                        "baseaddr": "0x7fefc5b0000", 
                        "filepath": "C:\\Windows\\system32\\CRYPTSP.dll"
                    }, 
                    {
                        "basename": "WS2_32.dll", 
                        "imgsize": 315392, 
                        "baseaddr": "0x7fefec30000", 
                        "filepath": "C:\\Windows\\system32\\WS2_32.dll"
                    }, 
                    {
                        "basename": "NSI.dll", 
                        "imgsize": 32768, 
                        "baseaddr": "0x7fefd3f0000", 
                        "filepath": "C:\\Windows\\system32\\NSI.dll"
                    }, 
                    {
                        "basename": "mswsock.dll", 
                        "imgsize": 348160, 
                        "baseaddr": "0x7fefc550000", 
                        "filepath": "C:\\Windows\\system32\\mswsock.dll"
                    }, 
                    {
                        "basename": "wship6.dll", 
                        "imgsize": 28672, 
                        "baseaddr": "0x7fefc540000", 
                        "filepath": "C:\\Windows\\System32\\wship6.dll"
                    }, 
                    {
                        "basename": "msv1_0.DLL", 
                        "imgsize": 331776, 
                        "baseaddr": "0x7fefc4e0000", 
                        "filepath": "C:\\Windows\\system32\\msv1_0.DLL"
                    }, 
                    {
                        "basename": "netlogon.DLL", 
                        "imgsize": 712704, 
                        "baseaddr": "0x7fefc430000", 
                        "filepath": "C:\\Windows\\system32\\netlogon.DLL"
                    }, 
                    {
                        "basename": "DNSAPI.dll", 
                        "imgsize": 372736, 
                        "baseaddr": "0x7fefc3d0000", 
                        "filepath": "C:\\Windows\\system32\\DNSAPI.dll"
                    }, 
                    {
                        "basename": "logoncli.dll", 
                        "imgsize": 196608, 
                        "baseaddr": "0x7fefc3a0000", 
                        "filepath": "C:\\Windows\\system32\\logoncli.dll"
                    }, 
                    {
                        "basename": "schannel.DLL", 
                        "imgsize": 356352, 
                        "baseaddr": "0x7fefc340000", 
                        "filepath": "C:\\Windows\\system32\\schannel.DLL"
                    }, 
                    {
                        "basename": "CRYPT32.dll", 
                        "imgsize": 1470464, 
                        "baseaddr": "0x7fefcdd0000", 
                        "filepath": "C:\\Windows\\system32\\CRYPT32.dll"
                    }, 
                    {
                        "basename": "wdigest.DLL", 
                        "imgsize": 221184, 
                        "baseaddr": "0x7fefc300000", 
                        "filepath": "C:\\Windows\\system32\\wdigest.DLL"
                    }, 
                    {
                        "basename": "rsaenh.dll", 
                        "imgsize": 290816, 
                        "baseaddr": "0x7fefc2b0000", 
                        "filepath": "C:\\Windows\\system32\\rsaenh.dll"
                    }, 
                    {
                        "basename": "tspkg.DLL", 
                        "imgsize": 98304, 
                        "baseaddr": "0x7fefc290000", 
                        "filepath": "C:\\Windows\\system32\\tspkg.DLL"
                    }, 
                    {
                        "basename": "pku2u.DLL", 
                        "imgsize": 282624, 
                        "baseaddr": "0x7fefc240000", 
                        "filepath": "C:\\Windows\\system32\\pku2u.DLL"
                    }, 
                    {
                        "basename": "bcryptprimitives.dll", 
                        "imgsize": 311296, 
                        "baseaddr": "0x7fefc1f0000", 
                        "filepath": "C:\\Windows\\system32\\bcryptprimitives.dll"
                    }, 
                    {
                        "basename": "RpcRtRemote.dll", 
                        "imgsize": 81920, 
                        "baseaddr": "0x7fefcd00000", 
                        "filepath": "C:\\Windows\\system32\\RpcRtRemote.dll"
                    }, 
                    {
                        "basename": "efslsaext.dll", 
                        "imgsize": 73728, 
                        "baseaddr": "0x7fefc1d0000", 
                        "filepath": "C:\\Windows\\system32\\efslsaext.dll"
                    }, 
                    {
                        "basename": "scecli.DLL", 
                        "imgsize": 253952, 
                        "baseaddr": "0x7fefc130000", 
                        "filepath": "C:\\Windows\\system32\\scecli.DLL"
                    }, 
                    {
                        "basename": "credssp.dll", 
                        "imgsize": 40960, 
                        "baseaddr": "0x7fefc1b0000", 
                        "filepath": "C:\\Windows\\system32\\credssp.dll"
                    }, 
                    {
                        "basename": "WINSTA.dll", 
                        "imgsize": 249856, 
                        "baseaddr": "0x7fefcc10000", 
                        "filepath": "C:\\Windows\\system32\\WINSTA.dll"
                    }, 
                    {
                        "basename": "IPHLPAPI.DLL", 
                        "imgsize": 159744, 
                        "baseaddr": "0x7fefbfd0000", 
                        "filepath": "C:\\Windows\\system32\\IPHLPAPI.DLL"
                    }, 
                    {
                        "basename": "WINNSI.DLL", 
                        "imgsize": 45056, 
                        "baseaddr": "0x7fefbfc0000", 
                        "filepath": "C:\\Windows\\system32\\WINNSI.DLL"
                    }, 
                    {
                        "basename": "netutils.dll", 
                        "imgsize": 49152, 
                        "baseaddr": "0x7fefa790000", 
                        "filepath": "C:\\Windows\\system32\\netutils.dll"
                    }, 
                    {
                        "basename": "USERENV.dll", 
                        "imgsize": 122880, 
                        "baseaddr": "0x7fefc060000", 
                        "filepath": "C:\\Windows\\system32\\USERENV.dll"
                    }, 
                    {
                        "basename": "profapi.dll", 
                        "imgsize": 61440, 
                        "baseaddr": "0x7fefcd20000", 
                        "filepath": "C:\\Windows\\system32\\profapi.dll"
                    }, 
                    {
                        "basename": "wshtcpip.dll", 
                        "imgsize": 28672, 
                        "baseaddr": "0x7fefbed0000", 
                        "filepath": "C:\\Windows\\System32\\wshtcpip.dll"
                    }, 
                    {
                        "basename": "monitor-x64.dll", 
                        "imgsize": 2269184, 
                        "baseaddr": "0x744c0000", 
                        "filepath": "C:\\tmpql7zol\\bin\\monitor-x64.dll"
                    }
                ], 
                "time": 0, 
                "tid": 1140, 
                "first_seen": 1742634971.9375, 
                "ppid": 400, 
                "type": "process"
            }
        ], 
        "processtree": [
            {
                "track": false, 
                "pid": 508, 
                "process_name": "lsass.exe", 
                "command_line": "C:\\Windows\\system32\\lsass.exe", 
                "first_seen": 1742634971.9375, 
                "ppid": 400, 
                "children": []
            }
        ]
    }, 
    "debug": {
        "action": [], 
        "dbgview": [], 
        "errors": [], 
        "log": [
            "2025-03-22 08:16:11,015 [analyzer] DEBUG: Starting analyzer from: C:\\tmpql7zol\n", 
            "2025-03-22 08:16:11,015 [analyzer] DEBUG: Pipe server name: \\??\\PIPE\\DKPmytCSXcXadNNUzmhcdJR\n", 
            "2025-03-22 08:16:11,015 [analyzer] DEBUG: Log pipe server name: \\??\\PIPE\\iuamMJLwiKFnjGuLeiUUAgKQMJpMhbM\n", 
            "2025-03-22 08:16:11,187 [analyzer] DEBUG: Started auxiliary module DbgView\n", 
            "2025-03-22 08:16:11,703 [analyzer] DEBUG: Started auxiliary module Disguise\n", 
            "2025-03-22 08:16:12,000 [analyzer] DEBUG: Loaded monitor into process with pid 508\n", 
            "2025-03-22 08:16:12,000 [analyzer] DEBUG: Started auxiliary module DumpTLSMasterSecrets\n", 
            "2025-03-22 08:16:12,015 [analyzer] DEBUG: Started auxiliary module Human\n", 
            "2025-03-22 08:16:12,015 [analyzer] DEBUG: Started auxiliary module InstallCertificate\n", 
            "2025-03-22 08:16:12,015 [analyzer] DEBUG: Started auxiliary module Reboot\n", 
            "2025-03-22 08:16:12,217 [analyzer] DEBUG: Started auxiliary module RecentFiles\n", 
            "2025-03-22 08:16:12,217 [modules.auxiliary.screenshots] INFO: Python Image Library (either PIL or Pillow) is not installed, screenshots are disabled.\n", 
            "2025-03-22 08:16:12,217 [analyzer] DEBUG: Started auxiliary module Screenshots\n", 
            "2025-03-22 08:16:12,217 [analyzer] DEBUG: Started auxiliary module LoadZer0m0n\n", 
            "2025-03-22 08:16:12,296 [lib.api.process] ERROR: Failed to execute process from path u'C:\\\\Users\\\\ADMINI~1\\\\AppData\\\\Local\\\\Temp\\\\edpnotify.exe' with arguments ['bin\\\\inject-x86.exe', '--app', u'C:\\\\Users\\\\ADMINI~1\\\\AppData\\\\Local\\\\Temp\\\\edpnotify.exe', '--only-start', '--curdir', 'C:\\\\Users\\\\ADMINI~1\\\\AppData\\\\Local\\\\Temp'] (Error: Command '['bin\\\\inject-x86.exe', '--app', u'C:\\\\Users\\\\ADMINI~1\\\\AppData\\\\Local\\\\Temp\\\\edpnotify.exe', '--only-start', '--curdir', 'C:\\\\Users\\\\ADMINI~1\\\\AppData\\\\Local\\\\Temp']' returned non-zero exit status 1)\n"
        ], 
        "cuckoo": [
            "2025-03-22 08:16:56,872 [cuckoo.core.scheduler] INFO: Task #426: acquired machine 192.168.56.1011 (label=192.168.56.1011)\n", 
            "2025-03-22 08:16:56,873 [cuckoo.core.resultserver] DEBUG: Now tracking machine 192.168.56.101 for task #426\n", 
            "2025-03-22 08:16:56,873 [cuckoo.core.plugins] DEBUG: Started auxiliary module: Replay\n", 
            "2025-03-22 08:16:56,976 [cuckoo.auxiliary.sniffer] INFO: Started sniffer with PID 59373 (interface=vboxnet0, host=192.168.56.101)\n", 
            "2025-03-22 08:16:56,976 [cuckoo.core.plugins] DEBUG: Started auxiliary module: Sniffer\n", 
            "2025-03-22 08:16:57,305 [cuckoo.machinery.virtualbox] DEBUG: Starting vm 192.168.56.1011\n", 
            "2025-03-22 08:16:57,410 [cuckoo.machinery.virtualbox] DEBUG: Restoring virtual machine 192.168.56.1011 to its current snapshot\n", 
            "2025-03-22 08:16:59,472 [cuckoo.core.guest] INFO: Starting analysis #426 on guest (id=192.168.56.1011, ip=192.168.56.101)\n", 
            "2025-03-22 08:17:00,475 [cuckoo.core.guest] DEBUG: 192.168.56.1011: not ready yet\n", 
            "2025-03-22 08:17:01,477 [cuckoo.core.guest] DEBUG: 192.168.56.1011: not ready yet\n", 
            "2025-03-22 08:17:02,482 [cuckoo.core.guest] DEBUG: 192.168.56.1011: not ready yet\n", 
            "2025-03-22 08:17:02,498 [cuckoo.core.guest] INFO: Guest is running Cuckoo Agent 0.10 (id=192.168.56.1011, ip=192.168.56.101)\n", 
            "2025-03-22 08:17:02,539 [cuckoo.core.guest] DEBUG: Uploading analyzer to guest (id=192.168.56.1011, ip=192.168.56.101, monitor=latest, size=3884763)\n", 
            "2025-03-22 08:17:03,241 [cuckoo.core.resultserver] DEBUG: Task #426: live log analysis.log initialized.\n", 
            "2025-03-22 08:17:04,309 [cuckoo.core.resultserver] DEBUG: Task #426 is sending a BSON stream\n", 
            "2025-03-22 08:17:04,983 [cuckoo.core.guest] WARNING: 192.168.56.1011: analysis #426 caught an exception\n", 
            "Traceback (most recent call last):\n", 
            "  File \"C:/tmpql7zol/analyzer.py\", line 808, in <module>\n", 
            "    success = analyzer.run()\n", 
            "  File \"C:/tmpql7zol/analyzer.py\", line 657, in run\n", 
            "    pids = self.package.start(self.target)\n", 
            "  File \"C:\\tmpql7zol\\modules\\packages\\exe.py\", line 23, in start\n", 
            "    return self.execute(path, args=shlex.split(args))\n", 
            "  File \"C:\\tmpql7zol\\lib\\common\\abstracts.py\", line 166, in execute\n", 
            "    \"Unable to execute the initial process, analysis aborted.\"\n", 
            "CuckooPackageError: Unable to execute the initial process, analysis aborted.\n", 
            "\n", 
            "2025-03-22 08:17:04,989 [cuckoo.core.plugins] DEBUG: Stopped auxiliary module: Replay\n", 
            "2025-03-22 08:17:05,029 [cuckoo.core.plugins] DEBUG: Stopped auxiliary module: Sniffer\n", 
            "2025-03-22 08:17:19,579 [cuckoo.machinery.virtualbox] INFO: Successfully generated memory dump for virtual machine with label 192.168.56.1011 to path /home/tesst/.cuckoo/storage/analyses/426/memory.dmp\n", 
            "2025-03-22 08:17:19,580 [cuckoo.machinery.virtualbox] DEBUG: Stopping vm 192.168.56.1011\n", 
            "2025-03-22 08:17:22,262 [cuckoo.core.resultserver] DEBUG: Stopped tracking machine 192.168.56.101 for task #426\n", 
            "2025-03-22 08:17:22,262 [cuckoo.core.resultserver] DEBUG: Cancel <Context for LOG> for task 426\n", 
            "2025-03-22 08:17:22,265 [cuckoo.core.scheduler] DEBUG: Released database task #426\n", 
            "2025-03-22 08:17:22,286 [cuckoo.core.plugins] DEBUG: Executed processing module \"AnalysisInfo\" for task #426\n", 
            "2025-03-22 08:17:22,287 [cuckoo.core.plugins] DEBUG: Executed processing module \"BehaviorAnalysis\" for task #426\n", 
            "2025-03-22 08:17:22,287 [cuckoo.core.plugins] DEBUG: Executed processing module \"Dropped\" for task #426\n", 
            "2025-03-22 08:17:22,288 [cuckoo.core.plugins] DEBUG: Executed processing module \"DroppedBuffer\" for task #426\n", 
            "2025-03-22 08:17:22,288 [cuckoo.core.plugins] DEBUG: Executed processing module \"MetaInfo\" for task #426\n", 
            "2025-03-22 08:17:22,288 [cuckoo.core.plugins] DEBUG: Executed processing module \"ProcessMemory\" for task #426\n", 
            "2025-03-22 08:17:22,288 [cuckoo.core.plugins] DEBUG: Executed processing module \"Procmon\" for task #426\n", 
            "2025-03-22 08:17:22,288 [cuckoo.core.plugins] DEBUG: Executed processing module \"Screenshots\" for task #426\n", 
            "2025-03-22 08:17:22,841 [cuckoo.core.plugins] DEBUG: Executed processing module \"Static\" for task #426\n", 
            "2025-03-22 08:17:22,845 [cuckoo.core.plugins] DEBUG: Executed processing module \"Strings\" for task #426\n", 
            "2025-03-22 08:17:22,849 [cuckoo.cor"
        ]
    }, 
    "strings": [
        "!This program cannot be run in DOS mode.", 
        "`.imrsiv", 
        ".idata", 
        "@.didat", 
        "@.reloc", 
        "bad array new length", 
        "ext-ms-win-rtcore-ntuser-window-ext-l1-1-0.dll", 
        "ext-ms-win-security-efs-l1-1-1.dll", 
        "ext-ms-win-shell-shell32-l1-2-0.dll", 
        "Unknown exception", 
        "Exception", 
        "ReturnNt", 
        "ReturnHr", 
        "FailFast", 
        "RaiseFailFastException", 
        "onecore\\internal\\sdk\\inc\\wil\\opensource\\wil\\resource.h", 
        "WilError_03", 
        "RtlDllShutdownInProgress", 
        "RtlDisownModuleHeapAllocation", 
        "WilFailureNotifyWatchers", 
        "onecoreuap\\ds\\security\\efs\\edpnotify\\dll\\edpnotificationactivator.cpp", 
        "onecoreuap\\ds\\security\\efs\\common\\lib\\efsenv.cxx", 
        "bad allocation", 
        "FallbackError", 
        "PartA_PrivTags", 
        "wilResult", 
        "hresult", 
        "fileName", 
        "lineNumber", 
        "module", 
        "failureType", 
        "message", 
        "threadId", 
        "callContext", 
        "originatingContextId", 
        "originatingContextName", 
        "originatingContextMessage", 
        "currentContextId", 
        "currentContextName", 
        "currentContextMessage", 
        "FallbackError", 
        "PartA_PrivTags", 
        "wilResult", 
        "hresult", 
        "fileName", 
        "lineNumber", 
        "module", 
        "failureType", 
        "message", 
        "threadId", 
        "callContext", 
        "originatingContextId", 
        "originatingContextName", 
        "originatingContextMessage", 
        "currentContextId", 
        "currentContextName", 
        "currentContextMessage", 
        "failureId", 
        "failureCount", 
        "function", 
        "LogLaunchMissingCredsPage", 
        "isShellExecuteExWPresent", 
        "LogSuppressMissingCredsWnf", 
        "dwIgnoreCounter", 
        "Microsoft.Windows.ErrorHandling.Fallback", 
        "Microsoft.Windows.Security.Efs", 
        "EdpNotify.pdb", 
        ".rdata$brc", 
        ".rdata$r$brc", 
        ".CRT$XCA", 
        ".CRT$XCAA", 
        ".CRT$XCU", 
        ".CRT$XCZ", 
        ".CRT$XIA", 
        ".CRT$XIAA", 
        ".CRT$XIAC", 
        ".CRT$XIC", 
        ".CRT$XIZ", 
        ".CRT$XPA", 
        ".CRT$XPZ", 
        ".CRT$XTA", 
        ".CRT$XTZ", 
        ".gfids", 
        ".giats", 
        ".rdata", 
        ".rdata$sxdata", 
        ".rdata$voltmd", 
        ".rdata$zETW0", 
        ".rdata$zETW1", 
        ".rdata$zETW2", 
        ".rdata$zETW9", 
        ".rdata$zzzdbg", 
        ".rtc$IAA", 
        ".rtc$IZZ", 
        ".rtc$TAA", 
        ".rtc$TZZ", 
        ".text$di", 
        ".text$mn", 
        ".text$x", 
        ".text$yd", 
        ".xdata$x", 
        "minATL$__a", 
        "minATL$__f", 
        "minATL$__m", 
        "minATL$__z", 
        ".didat$2", 
        ".didat$3", 
        ".didat$4", 
        ".didat$6", 
        ".didat$7", 
        ".imrsiv", 
        ".data$brc", 
        ".data$r$brc", 
        ".data$rs$brc", 
        ".idata$5", 
        ".00cfg", 
        ".idata$2", 
        ".idata$3", 
        ".idata$4", 
        ".idata$6", 
        ".didat$5", 
        ".rsrc$01", 
        ".rsrc$02", 
        "PQQSVW", 
        "t VWVV", 
        "PPPPPVSV", 
        "PQQSVW", 
        "PQQSVW", 
        "SVWQQ3", 
        "PQQSVW", 
        "VSh0,@", 
        "D$4PVj", 
        "t=hx @", 
        "93uHWV", 
        "L$D_^3", 
        "WWhV&@", 
        "PVQVVVhP", 
        "PostQuitMessage", 
        "TranslateMessage", 
        "RegisterClassW", 
        "DispatchMessageW", 
        "SendMessageW", 
        "CreateWindowExW", 
        "DefWindowProcW", 
        "GetMessageW", 
        "FVE_LaunchConsentPromptUI", 
        "ShellExecuteExW", 
        ".?AVbad_array_new_length@std@@", 
        ".?AVbad_alloc@std@@", 
        ".?AVResultException@wil@@", 
        ".?AVexception@std@@", 
        ".?AVtype_info@@", 
        "_initterm", 
        "_initterm_e", 
        "_c_exit", 
        "_register_thread_local_exe_atexit_callback", 
        "api-ms-win-crt-runtime-l1-1-0.dll", 
        "__CxxFrameHandler3", 
        "__std_terminate", 
        "_o___p__commode", 
        "_o___std_exception_copy", 
        "_o___std_exception_destroy", 
        "_o___stdio_common_vsnprintf_s", 
        "_o___stdio_common_vswprintf", 
        "_o__callnewh", 
        "_o__cexit", 
        "_o__configthreadlocale", 
        "_o__configure_wide_argv", 
        "_o__controlfp_s", 
        "_o__crt_atexit", 
        "_o__errno", 
        "_o__exit", 
        "_o__get_wide_winmain_command_line", 
        "_o__initialize_onexit_table", 
        "_o__initialize_wide_environment", 
        "_o__invalid_parameter_noinfo", 
        "_o__purecall", 
        "_o__register_onexit_function", 
        "_o__seh_filter_exe", 
        "_o__set_app_type", 
        "_o__set_fmode", 
        "_o__set_new_mode", 
        "_o__wcsicmp", 
        "_o__wcsnicmp", 
        "_o_exit", 
        "_o_free", 
        "_o_malloc", 
        "_o_terminate", 
        "_o_wcstok_s", 
        "__current_exception", 
        "__current_exception_context", 
        "memset", 
        "_except_handler4_common", 
        "_CxxThrowException", 
        "api-ms-win-crt-private-l1-1-0.dll", 
        "api-ms-win-crt-string-l1-1-0.dll", 
        "CoAddRefServerProcess", 
        "CoReleaseServerProcess", 
        "InitOnceExecuteOnce", 
        "WindowsCreateString", 
        "WindowsStringHasEmbeddedNull", 
        "WindowsIsStringEmpty", 
        "EncodePointer", 
        "CoRegisterClassObject", 
        "RoRegisterActivationFactories", 
        "RoOriginateErrorW", 
        "CoResumeClassObjects", 
        "GetLastError", 
        "RoUninitialize", 
        "ReleaseSRWLockExclusive", 
        "AcquireSRWLockExclusive", 
        "WindowsDeleteString", 
        "ReleaseSRWLockShared", 
        "RoOriginateError", 
        "DecodePointer", 
        "WindowsGetStringRawBuffer", 
        "AcquireSRWLockShared", 
        "CoRevokeClassObject", 
        "RoInitialize", 
        "RoRevokeActivationFactories", 
        "GetModuleFileNameA", 
        "InitOnceBeginInitialize", 
        "CreateSemaphoreExW", 
        "HeapFree", 
        "SetLastError", 
        "CreateEventExW", 
        "CoTaskMemAlloc", 
        "ReleaseSemaphore", 
        "GetModuleHandleExW", 
        "CoWaitForMultipleHandles", 
        "CoCreateFreeThreadedMarshaler", 
        "EventUnregister", 
        "RegGetValueW", 
        "WindowsCreateStringReference", 
        "CoTaskMemFree", 
        "RoGetActivationFactory", 
        "WaitForSingleObject", 
        "GetCurrentThreadId", 
        "ReleaseMutex", 
        "EventSetInformation", 
        "FormatMessageW", 
        "OutputDebugStringW", 
        "RegCreateKeyExW", 
        "SetEvent", 
        "InitOnceComplete", 
        "WaitForSingleObjectEx", 
        "OpenSemaphoreW", 
        "CloseHandle", 
        "RaiseException", 
        "HeapAlloc", 
        "EventRegister", 
        "GetProcAddress", 
        "CreateMutexExW", 
        "GetCurrentProcessId", 
        "GetProcessHeap", 
        "EventWriteTransfer", 
        "GetModuleHandleW", 
        "RegCloseKey", 
        "GetSystemTimeAsFileTime", 
        "RegSetKeyValueW", 
        "DebugBreak", 
        "IsDebuggerPresent", 
        "UnhandledExceptionFilter", 
        "SetUnhandledExceptionFilter", 
        "GetCurrentProcess", 
        "TerminateProcess", 
        "IsProcessorFeaturePresent", 
        "QueryPerformanceCounter", 
        "InitializeSListHead", 
        "GetStartupInfoW", 
        "RegOpenCurrentUser", 
        "RegDeleteValueW", 
        "RegSetValueExW", 
        "GetSystemTime", 
        "SystemTimeToFileTime", 
        "api-ms-win-core-com-l1-1-0.dll", 
        "api-ms-win-core-synch-l1-2-0.dll", 
        "api-ms-win-core-winrt-string-l1-1-0.dll", 
        "api-ms-win-core-util-l1-1-0.dll", 
        "api-ms-win-core-winrt-l1-1-0.dll", 
        "api-ms-win-core-winrt-error-l1-1-0.dll", 
        "api-ms-win-core-errorhandling-l1-1-0.dll", 
        "api-ms-win-core-synch-l1-1-0.dll", 
        "api-ms-win-core-libraryloader-l1-2-0.dll", 
        "api-ms-win-core-heap-l1-1-0.dll", 
        "api-ms-win-eventing-provider-l1-1-0.dll", 
        "api-ms-win-core-registry-l1-1-0.dll", 
        "api-ms-win-core-processthreads-l1-1-0.dll", 
        "api-ms-win-core-localization-l1-2-0.dll", 
        "api-ms-win-core-debug-l1-1-0.dll", 
        "api-ms-win-core-handle-l1-1-0.dll", 
        "api-ms-win-core-sysinfo-l1-1-0.dll", 
        "api-ms-win-core-registry-l1-1-1.dll", 
        "api-ms-win-core-processthreads-l1-1-1.dll", 
        "api-ms-win-core-profile-l1-1-0.dll", 
        "api-ms-win-core-interlocked-l1-1-0.dll", 
        "api-ms-win-core-timezone-l1-1-0.dll", 
        "ApiSetQueryApiSetPresence", 
        "ResolveDelayLoadedAPI", 
        "DelayLoadFailureHook", 
        "api-ms-win-core-apiquery-l1-1-0.dll", 
        "api-ms-win-core-delayload-l1-1-1.dll", 
        "api-ms-win-core-delayload-l1-1-0.dll", 
        "memcpy", 
        "<0@0H0P0h0", 
        "1 1$1(1,1014181<1@1D1H1L1P1T1X1\\1`1d1h1l1p1t1x1|1", 
        "2 2$2(2,2024282<2@2D2H2L2P2T2X2\\2`2d2h2l2p2t2x2|2", 
        "3$3(303H3X3\\3l3p3x3", 
        "4,44484<4@4D4H4L4P4T4X4d4h4l4p4", 
        "2 212Q2r2v2|2", 
        "3 414M4`4", 
        "6)676I6W6g6w6", 
        "7#8x8~8", 
        ":':B:Z:", 
        "<H<R<d<", 
        ">.>Q>`>i>", 
        "?!?C?X?", 
        "4%4<4c4", 
        "5#555H5x5", 
        "5A6S6l6q6w6}6", 
        "797F7X7`7g7", 
        "8-8J8Y8", 
        "8;9_9x9", 
        ":4:E:[:r:", 
        "<=<}<M>", 
        "1,1D1_1y1", 
        "3%353>3Y3r3", 
        "6A7O7i7*:`:", 
        "=&=.=>=F=[=c=p=x=", 
        ">,>I>U>^>j>", 
        "1$1T1`1", 
        "4.4R4\\4k4", 
        "5.5Z5!6+6", 
        ":$:*:7:B:[:f:", 
        ";$;4;h;u;", 
        ";+<L<U<^<d<i<n<u<}<", 
        "0\"1(1F1", 
        "262q2~2", 
        "3)3D3Y3", 
        "494H4O4c4", 
        "545S5x5", 
        "5<6B6n6", 
        "748J8}8", 
        "9/9E9f9o9", 
        ";O;T;d;", 
        "<'<9<\\<s<}<", 
        "<G=[=n=", 
        ">A>J>Q>m>|>", 
        ">&?/?6?[?j?", 
        "061G1V1]1", 
        "506I6c6y6", 
        "7\"7.7;7T7^7t7~7", 
        "=#=+=G=[=c=o=|=", 
        ">\u001f>'>3>", 
        "?%?F?~?", 
        "060?0Z0", 
        "0#1=1D1J1g1", 
        "3&3,3K3R3X3", 
        "4$4c4u4", 
        "626Z6f6", 
        "718U8^8s8", 
        ";F;[;`;e;", 
        "= >/>F>L>R>X>^>d>j>", 
        ">3?H?x?", 
        "0)070=0C0I0O0U0\\0c0j0q0x0", 
        "1.1^1m1v1", 
        "7$7-767K7T7", 
        "80868b8", 
        "9(9>9J9V9b9n9", 
        ":*:6:B:R:^:j:v:", 
        "< <0<@<P<]<v<", 
        "?3?V?y?", 
        "3$3A3Q3c3r3", 
        "4$4D4L4T4`4", 
        "5$5,545<5D5L5T5\\5d5l5t5|5", 
        "646<6H6h6p6x6", 
        "84888@8H8P8T8\\8p8x8", 
        "0,0P0X0", 
        "ext-ms-win-shell-shell32-l1-2-0", 
        "ext-ms-win-shell-shell32-l1-2-1", 
        "ext-ms-win-shell-shell32-l1-2-2", 
        "lhttps://login.windows.net", 
        "resource", 
        "authority", 
        "184cf516-5dd8-4ee8-afa7-14426f50cdfc", 
        "activatibleClassId", 
        "Edp Notify", 
        "%hs(%u)\\%hs!%p: ", 
        "%hs!%p: ", 
        "(caller: %p) ", 
        "%hs(%d) tid(%x) %08X %ws", 
        "Msg:[%ws] ", 
        "CallContext:[%hs] ", 
        "[%hs(%hs)]", 
        "kernelbase.dll", 
        "3ntdll.dll", 
        "Software\\Microsoft\\Windows NT\\CurrentVersion\\EFS\\RMS", 
        "AccountId", 
        "AccountIdLastWriteTime", 
        "https://go.microsoft.com/fwlink/?linkid=838019", 
        "MissingCredsIgnoreCounter", 
        "SOFTWARE\\Microsoft\\Windows NT\\CurrentVersion\\EFS\\EdpCredentials", 
        "SOFTWARE\\Microsoft\\Windows NT\\CurrentVersion\\EFS\\EdpCredentials\\Volatile", 
        "NoMissingCredsPromptUntil", 
        "Local\\SM0:%lu:%lu:%hs", 
        "Windows.Security.Authentication.Web.Core.WebTokenRequest", 
        "MissingCreds.Ignore", 
        "Windows.Security.Authentication.Web.Core.WebAuthenticationCoreManager", 
        "Windows.SystemToast.BitLockerPolicyRefresh", 
        "ReAuth", 
        "MissingCreds.LearnMore", 
        "Windows.SystemToast.EnterpriseDataProtection", 
        "MissingCreds", 
        "VS_VERSION_INFO", 
        "StringFileInfo", 
        "040904B0", 
        "CompanyName", 
        "Microsoft Corporation", 
        "FileDescription", 
        "Microsoft Enterpise Data Protection", 
        "FileVersion", 
        "10.0.22621.3672 (WinBuild.160101.0800)", 
        "InternalName", 
        "EdpNotify.exe", 
        "LegalCopyright", 
        " Microsoft Corporation. All rights reserved.", 
        "OriginalFilename", 
        "EdpNotify.exe", 
        "ProductName", 
        "Microsoft", 
        " Windows", 
        " Operating System", 
        "ProductVersion", 
        "10.0.22621.3672", 
        "VarFileInfo", 
        "Translation"
    ], 
    "metadata": {
        "output": {
            "pcap": {
                "basename": "dump.pcap", 
                "sha256": "44e5ded4addb5f5f74b89eaa526105b4d9ade32c6ed767889ed2b20856597aa1", 
                "dirname": ""
            }
        }
    }
}