{
    "info": {
        "added": 1742631371.572762, 
        "started": 1742631476.198653, 
        "duration": 14, 
        "ended": 1742631490.744543, 
        "owner": null, 
        "score": 0.2, 
        "id": 428, 
        "category": "file", 
        "git": {
            "head": "13cbe0d9e457be3673304533043e992ead1ea9b2", 
            "fetch_head": "13cbe0d9e457be3673304533043e992ead1ea9b2"
        }, 
        "monitor": "2deb9ccd75d5a7a3fe05b2625b03a8639d6ee36b", 
        "package": "exe", 
        "route": "none", 
        "custom": null, 
        "machine": {
            "status": "stopped", 
            "name": "192.168.56.1011", 
            "label": "192.168.56.1011", 
            "manager": "VirtualBox", 
            "started_on": "2025-03-22 08:17:56", 
            "shutdown_on": "2025-03-22 08:18:10"
        }, 
        "platform": "windows", 
        "version": "2.0.7", 
        "options": "procmemdump=yes,route=none"
    }, 
    "signatures": [
        {
            "families": [], 
            "description": "This executable has a PDB path", 
            "severity": 1, 
            "ttp": {}, 
            "markcount": 1, 
            "references": [], 
            "marks": [
                {
                    "category": "pdb_path", 
                    "ioc": "efsui.pdb", 
                    "type": "ioc", 
                    "description": null
                }
            ], 
            "name": "has_pdb"
        }
    ], 
    "target": {
        "category": "file", 
        "file": {
            "yara": [], 
            "sha1": "4fa2b03fd50951f9a80ef474c6f271130e557ea5", 
            "name": "efsui.exe", 
            "type": "PE32 executable (GUI) Intel 80386, for MS Windows", 
            "sha256": "7f2c563395004f8f3a6997f7d46da58a98627cb1fc6bbb0f0f035e3c7d395a60", 
            "urls": [], 
            "crc32": "754AD0A9", 
            "path": "/home/tesst/.cuckoo/storage/binaries/7f2c563395004f8f3a6997f7d46da58a98627cb1fc6bbb0f0f035e3c7d395a60", 
            "ssdeep": null, 
            "size": 12800, 
            "sha512": "204b703244ccbaa80aa6bb4ef0d77668cb589164dd4ce91b9fa4372e37ca35e1227ff9e1db3102f92783da2c56834e7f9288aeb37b693aefba6c2999e1a570f4", 
            "md5": "2c63942af7bc19d6b2a17531606bf4a0"
        }
    }, 
    "network": {
        "tls": [], 
        "udp": [
            {
                "src": "192.168.56.101", 
                "dst": "224.0.0.252", 
                "offset": 1214, 
                "time": 1.6237130165100098, 
                "dport": 5355, 
                "sport": 64412
            }, 
            {
                "src": "192.168.56.101", 
                "dst": "224.0.0.252", 
                "offset": 1542, 
                "time": 0.12962603569030762, 
                "dport": 5355, 
                "sport": 64614
            }, 
            {
                "src": "192.168.56.101", 
                "dst": "224.0.0.252", 
                "offset": 1870, 
                "time": 1.269430160522461, 
                "dport": 5355, 
                "sport": 65517
            }, 
            {
                "src": "192.168.56.101", 
                "dst": "239.255.255.250", 
                "offset": 2190, 
                "time": 1.4572761058807373, 
                "dport": 1900, 
                "sport": 65520
            }
        ], 
        "dns_servers": [], 
        "http": [], 
        "icmp": [], 
        "smtp": [], 
        "tcp": [], 
        "smtp_ex": [], 
        "mitm": [], 
        "hosts": [], 
        "pcap_sha256": "62ac02a7afd83f55db27a96c72438c16adfa937c3c7290a51545fed5c55bc8b4", 
        "dns": [], 
        "http_ex": [], 
        "domains": [], 
        "dead_hosts": [], 
        "sorted_pcap_sha256": "15213fe71ef6638aca1be6a97de1f1e3b02bda77fd1b87b6675fe9ee50387a01", 
        "irc": [], 
        "https_ex": []
    }, 
    "static": {
        "pdb_path": "efsui.pdb", 
        "pe_imports": [
            {
                "imports": [
                    {
                        "name": "GetTokenInformation", 
                        "address": "0x404000"
                    }, 
                    {
                        "name": "ConvertSidToStringSidW", 
                        "address": "0x404004"
                    }, 
                    {
                        "name": "OpenProcessToken", 
                        "address": "0x404008"
                    }
                ], 
                "dll": "ADVAPI32.dll"
            }, 
            {
                "imports": [
                    {
                        "name": "LocalFree", 
                        "address": "0x404048"
                    }, 
                    {
                        "name": "CreateMutexW", 
                        "address": "0x40404c"
                    }, 
                    {
                        "name": "CloseHandle", 
                        "address": "0x404050"
                    }, 
                    {
                        "name": "GetCurrentProcess", 
                        "address": "0x404054"
                    }, 
                    {
                        "name": "GetCommandLineW", 
                        "address": "0x404058"
                    }, 
                    {
                        "name": "GetLastError", 
                        "address": "0x40405c"
                    }, 
                    {
                        "name": "LocalAlloc", 
                        "address": "0x404060"
                    }
                ], 
                "dll": "KERNEL32.dll"
            }, 
            {
                "imports": [
                    {
                        "name": "_amsg_exit", 
                        "address": "0x4040b4"
                    }, 
                    {
                        "name": "_XcptFilter", 
                        "address": "0x4040b8"
                    }, 
                    {
                        "name": "_vsnwprintf", 
                        "address": "0x4040bc"
                    }, 
                    {
                        "name": "_except_handler4_common", 
                        "address": "0x4040c0"
                    }, 
                    {
                        "name": "_controlfp", 
                        "address": "0x4040c4"
                    }, 
                    {
                        "name": "?terminate@@YAXXZ", 
                        "address": "0x4040c8"
                    }, 
                    {
                        "name": "_acmdln", 
                        "address": "0x4040cc"
                    }, 
                    {
                        "name": "_initterm", 
                        "address": "0x4040d0"
                    }, 
                    {
                        "name": "__setusermatherr", 
                        "address": "0x4040d4"
                    }, 
                    {
                        "name": "_wcsicmp", 
                        "address": "0x4040d8"
                    }, 
                    {
                        "name": "_ismbblead", 
                        "address": "0x4040dc"
                    }, 
                    {
                        "name": "__p__fmode", 
                        "address": "0x4040e0"
                    }, 
                    {
                        "name": "__getmainargs", 
                        "address": "0x4040e4"
                    }, 
                    {
                        "name": "__set_app_type", 
                        "address": "0x4040e8"
                    }, 
                    {
                        "name": "exit", 
                        "address": "0x4040ec"
                    }, 
                    {
                        "name": "_exit", 
                        "address": "0x4040f0"
                    }, 
                    {
                        "name": "_cexit", 
                        "address": "0x4040f4"
                    }, 
                    {
                        "name": "__p__commode", 
                        "address": "0x4040f8"
                    }
                ], 
                "dll": "msvcrt.dll"
            }, 
            {
                "imports": [
                    {
                        "name": "EfsUIUtilEncryptMyDocuments", 
                        "address": "0x404020"
                    }, 
                    {
                        "name": "EfsUIUtilInstallDra", 
                        "address": "0x404024"
                    }, 
                    {
                        "name": "EfsUIUtilSelectCard", 
                        "address": "0x404028"
                    }, 
                    {
                        "name": "EfsUIUtilShowBalloonAndWait", 
                        "address": "0x40402c"
                    }, 
                    {
                        "name": "EfsUIUtilPromptForPin", 
                        "address": "0x404030"
                    }, 
                    {
                        "name": "EfsUIUtilEnrollEfsCertificate", 
                        "address": "0x404034"
                    }, 
                    {
                        "name": "EfsUIUtilKeyBackup", 
                        "address": "0x404038"
                    }
                ], 
                "dll": "EFSADU.dll"
            }, 
            {
                "imports": [
                    {
                        "name": "CryptBinaryToStringW", 
                        "address": "0x404010"
                    }, 
                    {
                        "name": "CryptStringToBinaryW", 
                        "address": "0x404014"
                    }, 
                    {
                        "name": "CertFreeCertificateContext", 
                        "address": "0x404018"
                    }
                ], 
                "dll": "CRYPT32.dll"
            }, 
            {
                "imports": [
                    {
                        "name": "Sleep", 
                        "address": "0x4040a0"
                    }
                ], 
                "dll": "api-ms-win-core-synch-l1-2-0.dll"
            }, 
            {
                "imports": [
                    {
                        "name": "GetCurrentThreadId", 
                        "address": "0x404084"
                    }, 
                    {
                        "name": "GetCurrentProcessId", 
                        "address": "0x404088"
                    }, 
                    {
                        "name": "GetStartupInfoW", 
                        "address": "0x40408c"
                    }, 
                    {
                        "name": "TerminateProcess", 
                        "address": "0x404090"
                    }
                ], 
                "dll": "api-ms-win-core-processthreads-l1-1-0.dll"
            }, 
            {
                "imports": [
                    {
                        "name": "UnhandledExceptionFilter", 
                        "address": "0x404070"
                    }, 
                    {
                        "name": "SetUnhandledExceptionFilter", 
                        "address": "0x404074"
                    }
                ], 
                "dll": "api-ms-win-core-errorhandling-l1-1-0.dll"
            }, 
            {
                "imports": [
                    {
                        "name": "GetModuleHandleW", 
                        "address": "0x40407c"
                    }
                ], 
                "dll": "api-ms-win-core-libraryloader-l1-2-0.dll"
            }, 
            {
                "imports": [
                    {
                        "name": "QueryPerformanceCounter", 
                        "address": "0x404098"
                    }
                ], 
                "dll": "api-ms-win-core-profile-l1-1-0.dll"
            }, 
            {
                "imports": [
                    {
                        "name": "GetSystemTimeAsFileTime", 
                        "address": "0x4040a8"
                    }, 
                    {
                        "name": "GetTickCount", 
                        "address": "0x4040ac"
                    }
                ], 
                "dll": "api-ms-win-core-sysinfo-l1-1-0.dll"
            }, 
            {
                "imports": [
                    {
                        "name": "EfsUtilGetCurrentKey", 
                        "address": "0x404040"
                    }
                ], 
                "dll": "EFSUTIL.dll"
            }, 
            {
                "imports": [
                    {
                        "name": "RtlImageNtHeader", 
                        "address": "0x404100"
                    }
                ], 
                "dll": "ntdll.dll"
            }, 
            {
                "imports": [
                    {
                        "name": "CommandLineToArgvW", 
                        "address": "0x404068"
                    }
                ], 
                "dll": "SHELL32.dll"
            }
        ], 
        "peid_signatures": null, 
        "keys": [], 
        "signature": [], 
        "pe_timestamp": "2002-12-11 15:25:39", 
        "pe_exports": [], 
        "imported_dll_count": 14, 
        "pe_imphash": "fbfcdb62e39168bd77f5a0d82001c66c", 
        "pe_resources": [
            {
                "name": "RT_VERSION", 
                "language": "LANG_ENGLISH", 
                "filetype": "data", 
                "sublanguage": "SUBLANG_ENGLISH_US", 
                "offset": "0x00005430", 
                "size": "0x00000384"
            }, 
            {
                "name": "RT_MANIFEST", 
                "language": "LANG_ENGLISH", 
                "filetype": "XML 1.0 document, ASCII text, with CRLF line terminators", 
                "sublanguage": "SUBLANG_ENGLISH_US", 
                "offset": "0x000050a0", 
                "size": "0x00000390"
            }
        ], 
        "pe_versioninfo": [
            {
                "name": "LegalCopyright", 
                "value": "\\xa9 Microsoft Corporation. All rights reserved."
            }, 
            {
                "name": "InternalName", 
                "value": "efsui"
            }, 
            {
                "name": "FileVersion", 
                "value": "10.0.22621.1 (WinBuild.160101.0800)"
            }, 
            {
                "name": "CompanyName", 
                "value": "Microsoft Corporation"
            }, 
            {
                "name": "ProductName", 
                "value": "Microsoft\\xae Windows\\xae Operating System"
            }, 
            {
                "name": "ProductVersion", 
                "value": "10.0.22621.1"
            }, 
            {
                "name": "FileDescription", 
                "value": "EFS UI Application"
            }, 
            {
                "name": "OriginalFilename", 
                "value": "efsui.exe"
            }, 
            {
                "name": "Translation", 
                "value": "0x0409 0x04b0"
            }
        ], 
        "pe_sections": [
            {
                "size_of_data": "0x00001800", 
                "virtual_address": "0x00001000", 
                "entropy": 5.736469977962577, 
                "name": ".text", 
                "virtual_size": "0x00001704"
            }, 
            {
                "size_of_data": "0x00000200", 
                "virtual_address": "0x00003000", 
                "entropy": 0.1833387916558982, 
                "name": ".data", 
                "virtual_size": "0x000003e0"
            }, 
            {
                "size_of_data": "0x00000a00", 
                "virtual_address": "0x00004000", 
                "entropy": 4.366052014784763, 
                "name": ".idata", 
                "virtual_size": "0x00000876"
            }, 
            {
                "size_of_data": "0x00000800", 
                "virtual_address": "0x00005000", 
                "entropy": 4.509351249440649, 
                "name": ".rsrc", 
                "virtual_size": "0x000007b8"
            }, 
            {
                "size_of_data": "0x00000200", 
                "virtual_address": "0x00006000", 
                "entropy": 6.068884078384651, 
                "name": ".reloc", 
                "virtual_size": "0x000001cc"
            }
        ]
    }, 
    "behavior": {
        "generic": [
            {
                "process_path": "C:\\Windows\\System32\\lsass.exe", 
                "process_name": "lsass.exe", 
                "pid": 508, 
                "summary": {}, 
                "first_seen": 1742634972.03125, 
                "ppid": 400
            }
        ], 
        "processes": [
            {
                "process_path": "C:\\Windows\\System32\\lsass.exe", 
                "calls": [], 
                "track": false, 
                "pid": 508, 
                "process_name": "lsass.exe", 
                "command_line": "C:\\Windows\\system32\\lsass.exe", 
                "modules": [
                    {
                        "basename": "lsass.exe", 
                        "imgsize": 49152, 
                        "baseaddr": "0xffc70000", 
                        "filepath": "C:\\Windows\\system32\\lsass.exe"
                    }, 
                    {
                        "basename": "ntdll.dll", 
                        "imgsize": 1740800, 
                        "baseaddr": "0x76dd0000", 
                        "filepath": "C:\\Windows\\SYSTEM32\\ntdll.dll"
                    }, 
                    {
                        "basename": "kernel32.dll", 
                        "imgsize": 1175552, 
                        "baseaddr": "0x76bb0000", 
                        "filepath": "C:\\Windows\\system32\\kernel32.dll"
                    }, 
                    {
                        "basename": "KERNELBASE.dll", 
                        "imgsize": 438272, 
                        "baseaddr": "0x7fefcf80000", 
                        "filepath": "C:\\Windows\\system32\\KERNELBASE.dll"
                    }, 
                    {
                        "basename": "msvcrt.dll", 
                        "imgsize": 651264, 
                        "baseaddr": "0x7fefec80000", 
                        "filepath": "C:\\Windows\\system32\\msvcrt.dll"
                    }, 
                    {
                        "basename": "RPCRT4.dll", 
                        "imgsize": 1232896, 
                        "baseaddr": "0x7fefd2c0000", 
                        "filepath": "C:\\Windows\\system32\\RPCRT4.dll"
                    }, 
                    {
                        "basename": "SspiSrv.dll", 
                        "imgsize": 45056, 
                        "baseaddr": "0x7fefcb60000", 
                        "filepath": "C:\\Windows\\system32\\SspiSrv.dll"
                    }, 
                    {
                        "basename": "lsasrv.dll", 
                        "imgsize": 1470464, 
                        "baseaddr": "0x7fefc9e0000", 
                        "filepath": "C:\\Windows\\system32\\lsasrv.dll"
                    }, 
                    {
                        "basename": "sechost.dll", 
                        "imgsize": 126976, 
                        "baseaddr": "0x7fefea00000", 
                        "filepath": "C:\\Windows\\SYSTEM32\\sechost.dll"
                    }, 
                    {
                        "basename": "SspiCli.dll", 
                        "imgsize": 151552, 
                        "baseaddr": "0x7fefcb80000", 
                        "filepath": "C:\\Windows\\system32\\SspiCli.dll"
                    }, 
                    {
                        "basename": "ADVAPI32.dll", 
                        "imgsize": 897024, 
                        "baseaddr": "0x7fefd480000", 
                        "filepath": "C:\\Windows\\system32\\ADVAPI32.dll"
                    }, 
                    {
                        "basename": "USER32.dll", 
                        "imgsize": 1024000, 
                        "baseaddr": "0x76cd0000", 
                        "filepath": "C:\\Windows\\system32\\USER32.dll"
                    }, 
                    {
                        "basename": "GDI32.dll", 
                        "imgsize": 421888, 
                        "baseaddr": "0x7fefd560000", 
                        "filepath": "C:\\Windows\\system32\\GDI32.dll"
                    }, 
                    {
                        "basename": "LPK.dll", 
                        "imgsize": 57344, 
                        "baseaddr": "0x7fefd830000", 
                        "filepath": "C:\\Windows\\system32\\LPK.dll"
                    }, 
                    {
                        "basename": "USP10.dll", 
                        "imgsize": 823296, 
                        "baseaddr": "0x7feff010000", 
                        "filepath": "C:\\Windows\\system32\\USP10.dll"
                    }, 
                    {
                        "basename": "SAMSRV.dll", 
                        "imgsize": 774144, 
                        "baseaddr": "0x7fefc880000", 
                        "filepath": "C:\\Windows\\system32\\SAMSRV.dll"
                    }, 
                    {
                        "basename": "cryptdll.dll", 
                        "imgsize": 81920, 
                        "baseaddr": "0x7fefc860000", 
                        "filepath": "C:\\Windows\\system32\\cryptdll.dll"
                    }, 
                    {
                        "basename": "MSASN1.dll", 
                        "imgsize": 61440, 
                        "baseaddr": "0x7fefcdc0000", 
                        "filepath": "C:\\Windows\\system32\\MSASN1.dll"
                    }, 
                    {
                        "basename": "wevtapi.dll", 
                        "imgsize": 446464, 
                        "baseaddr": "0x7fefc7f0000", 
                        "filepath": "C:\\Windows\\system32\\wevtapi.dll"
                    }, 
                    {
                        "basename": "IMM32.DLL", 
                        "imgsize": 188416, 
                        "baseaddr": "0x7fefea20000", 
                        "filepath": "C:\\Windows\\system32\\IMM32.DLL"
                    }, 
                    {
                        "basename": "MSCTF.dll", 
                        "imgsize": 1085440, 
                        "baseaddr": "0x7fefed20000", 
                        "filepath": "C:\\Windows\\system32\\MSCTF.dll"
                    }, 
                    {
                        "basename": "cngaudit.dll", 
                        "imgsize": 36864, 
                        "baseaddr": "0x7fefc7b0000", 
                        "filepath": "C:\\Windows\\system32\\cngaudit.dll"
                    }, 
                    {
                        "basename": "AUTHZ.dll", 
                        "imgsize": 192512, 
                        "baseaddr": "0x7fefc780000", 
                        "filepath": "C:\\Windows\\system32\\AUTHZ.dll"
                    }, 
                    {
                        "basename": "ncrypt.dll", 
                        "imgsize": 319488, 
                        "baseaddr": "0x7fefc730000", 
                        "filepath": "C:\\Windows\\system32\\ncrypt.dll"
                    }, 
                    {
                        "basename": "bcrypt.dll", 
                        "imgsize": 139264, 
                        "baseaddr": "0x7fefc700000", 
                        "filepath": "C:\\Windows\\system32\\bcrypt.dll"
                    }, 
                    {
                        "basename": "msprivs.DLL", 
                        "imgsize": 8192, 
                        "baseaddr": "0x74af0000", 
                        "filepath": "C:\\Windows\\system32\\msprivs.DLL"
                    }, 
                    {
                        "basename": "netjoin.dll", 
                        "imgsize": 204800, 
                        "baseaddr": "0x7fefc6c0000", 
                        "filepath": "C:\\Windows\\system32\\netjoin.dll"
                    }, 
                    {
                        "basename": "negoexts.DLL", 
                        "imgsize": 147456, 
                        "baseaddr": "0x7fefc690000", 
                        "filepath": "C:\\Windows\\system32\\negoexts.DLL"
                    }, 
                    {
                        "basename": "Secur32.dll", 
                        "imgsize": 45056, 
                        "baseaddr": "0x7fefc9b0000", 
                        "filepath": "C:\\Windows\\system32\\Secur32.dll"
                    }, 
                    {
                        "basename": "cryptbase.dll", 
                        "imgsize": 61440, 
                        "baseaddr": "0x7fefcc50000", 
                        "filepath": "C:\\Windows\\system32\\cryptbase.dll"
                    }, 
                    {
                        "basename": "kerberos.DLL", 
                        "imgsize": 737280, 
                        "baseaddr": "0x7fefc5d0000", 
                        "filepath": "C:\\Windows\\system32\\kerberos.DLL"
                    }, 
                    {
                        "basename": "CRYPTSP.dll", 
                        "imgsize": 94208, 
                        "baseaddr": "0x7fefc5b0000", 
                        "filepath": "C:\\Windows\\system32\\CRYPTSP.dll"
                    }, 
                    {
                        "basename": "WS2_32.dll", 
                        "imgsize": 315392, 
                        "baseaddr": "0x7fefec30000", 
                        "filepath": "C:\\Windows\\system32\\WS2_32.dll"
                    }, 
                    {
                        "basename": "NSI.dll", 
                        "imgsize": 32768, 
                        "baseaddr": "0x7fefd3f0000", 
                        "filepath": "C:\\Windows\\system32\\NSI.dll"
                    }, 
                    {
                        "basename": "mswsock.dll", 
                        "imgsize": 348160, 
                        "baseaddr": "0x7fefc550000", 
                        "filepath": "C:\\Windows\\system32\\mswsock.dll"
                    }, 
                    {
                        "basename": "wship6.dll", 
                        "imgsize": 28672, 
                        "baseaddr": "0x7fefc540000", 
                        "filepath": "C:\\Windows\\System32\\wship6.dll"
                    }, 
                    {
                        "basename": "msv1_0.DLL", 
                        "imgsize": 331776, 
                        "baseaddr": "0x7fefc4e0000", 
                        "filepath": "C:\\Windows\\system32\\msv1_0.DLL"
                    }, 
                    {
                        "basename": "netlogon.DLL", 
                        "imgsize": 712704, 
                        "baseaddr": "0x7fefc430000", 
                        "filepath": "C:\\Windows\\system32\\netlogon.DLL"
                    }, 
                    {
                        "basename": "DNSAPI.dll", 
                        "imgsize": 372736, 
                        "baseaddr": "0x7fefc3d0000", 
                        "filepath": "C:\\Windows\\system32\\DNSAPI.dll"
                    }, 
                    {
                        "basename": "logoncli.dll", 
                        "imgsize": 196608, 
                        "baseaddr": "0x7fefc3a0000", 
                        "filepath": "C:\\Windows\\system32\\logoncli.dll"
                    }, 
                    {
                        "basename": "schannel.DLL", 
                        "imgsize": 356352, 
                        "baseaddr": "0x7fefc340000", 
                        "filepath": "C:\\Windows\\system32\\schannel.DLL"
                    }, 
                    {
                        "basename": "CRYPT32.dll", 
                        "imgsize": 1470464, 
                        "baseaddr": "0x7fefcdd0000", 
                        "filepath": "C:\\Windows\\system32\\CRYPT32.dll"
                    }, 
                    {
                        "basename": "wdigest.DLL", 
                        "imgsize": 221184, 
                        "baseaddr": "0x7fefc300000", 
                        "filepath": "C:\\Windows\\system32\\wdigest.DLL"
                    }, 
                    {
                        "basename": "rsaenh.dll", 
                        "imgsize": 290816, 
                        "baseaddr": "0x7fefc2b0000", 
                        "filepath": "C:\\Windows\\system32\\rsaenh.dll"
                    }, 
                    {
                        "basename": "tspkg.DLL", 
                        "imgsize": 98304, 
                        "baseaddr": "0x7fefc290000", 
                        "filepath": "C:\\Windows\\system32\\tspkg.DLL"
                    }, 
                    {
                        "basename": "pku2u.DLL", 
                        "imgsize": 282624, 
                        "baseaddr": "0x7fefc240000", 
                        "filepath": "C:\\Windows\\system32\\pku2u.DLL"
                    }, 
                    {
                        "basename": "bcryptprimitives.dll", 
                        "imgsize": 311296, 
                        "baseaddr": "0x7fefc1f0000", 
                        "filepath": "C:\\Windows\\system32\\bcryptprimitives.dll"
                    }, 
                    {
                        "basename": "RpcRtRemote.dll", 
                        "imgsize": 81920, 
                        "baseaddr": "0x7fefcd00000", 
                        "filepath": "C:\\Windows\\system32\\RpcRtRemote.dll"
                    }, 
                    {
                        "basename": "efslsaext.dll", 
                        "imgsize": 73728, 
                        "baseaddr": "0x7fefc1d0000", 
                        "filepath": "C:\\Windows\\system32\\efslsaext.dll"
                    }, 
                    {
                        "basename": "scecli.DLL", 
                        "imgsize": 253952, 
                        "baseaddr": "0x7fefc130000", 
                        "filepath": "C:\\Windows\\system32\\scecli.DLL"
                    }, 
                    {
                        "basename": "credssp.dll", 
                        "imgsize": 40960, 
                        "baseaddr": "0x7fefc1b0000", 
                        "filepath": "C:\\Windows\\system32\\credssp.dll"
                    }, 
                    {
                        "basename": "WINSTA.dll", 
                        "imgsize": 249856, 
                        "baseaddr": "0x7fefcc10000", 
                        "filepath": "C:\\Windows\\system32\\WINSTA.dll"
                    }, 
                    {
                        "basename": "IPHLPAPI.DLL", 
                        "imgsize": 159744, 
                        "baseaddr": "0x7fefbfd0000", 
                        "filepath": "C:\\Windows\\system32\\IPHLPAPI.DLL"
                    }, 
                    {
                        "basename": "WINNSI.DLL", 
                        "imgsize": 45056, 
                        "baseaddr": "0x7fefbfc0000", 
                        "filepath": "C:\\Windows\\system32\\WINNSI.DLL"
                    }, 
                    {
                        "basename": "netutils.dll", 
                        "imgsize": 49152, 
                        "baseaddr": "0x7fefa790000", 
                        "filepath": "C:\\Windows\\system32\\netutils.dll"
                    }, 
                    {
                        "basename": "USERENV.dll", 
                        "imgsize": 122880, 
                        "baseaddr": "0x7fefc060000", 
                        "filepath": "C:\\Windows\\system32\\USERENV.dll"
                    }, 
                    {
                        "basename": "profapi.dll", 
                        "imgsize": 61440, 
                        "baseaddr": "0x7fefcd20000", 
                        "filepath": "C:\\Windows\\system32\\profapi.dll"
                    }, 
                    {
                        "basename": "wshtcpip.dll", 
                        "imgsize": 28672, 
                        "baseaddr": "0x7fefbed0000", 
                        "filepath": "C:\\Windows\\System32\\wshtcpip.dll"
                    }, 
                    {
                        "basename": "monitor-x64.dll", 
                        "imgsize": 2269184, 
                        "baseaddr": "0x744c0000", 
                        "filepath": "C:\\tmpql7zol\\bin\\monitor-x64.dll"
                    }
                ], 
                "time": 0, 
                "tid": 1904, 
                "first_seen": 1742634972.03125, 
                "ppid": 400, 
                "type": "process"
            }
        ], 
        "processtree": [
            {
                "track": false, 
                "pid": 508, 
                "process_name": "lsass.exe", 
                "command_line": "C:\\Windows\\system32\\lsass.exe", 
                "first_seen": 1742634972.03125, 
                "ppid": 400, 
                "children": []
            }
        ]
    }, 
    "debug": {
        "action": [], 
        "dbgview": [], 
        "errors": [], 
        "log": [
            "2025-03-22 08:16:11,000 [analyzer] DEBUG: Starting analyzer from: C:\\tmpql7zol\n", 
            "2025-03-22 08:16:11,000 [analyzer] DEBUG: Pipe server name: \\??\\PIPE\\yRVWWOvLngaVKytQGDWzc\n", 
            "2025-03-22 08:16:11,000 [analyzer] DEBUG: Log pipe server name: \\??\\PIPE\\QaBVVEBbOUmBhIcDaaRfzAfP\n", 
            "2025-03-22 08:16:11,280 [analyzer] DEBUG: Started auxiliary module DbgView\n", 
            "2025-03-22 08:16:11,812 [analyzer] DEBUG: Started auxiliary module Disguise\n", 
            "2025-03-22 08:16:12,092 [analyzer] DEBUG: Loaded monitor into process with pid 508\n", 
            "2025-03-22 08:16:12,092 [analyzer] DEBUG: Started auxiliary module DumpTLSMasterSecrets\n", 
            "2025-03-22 08:16:12,108 [analyzer] DEBUG: Started auxiliary module Human\n", 
            "2025-03-22 08:16:12,108 [analyzer] DEBUG: Started auxiliary module InstallCertificate\n", 
            "2025-03-22 08:16:12,108 [analyzer] DEBUG: Started auxiliary module Reboot\n", 
            "2025-03-22 08:16:12,296 [analyzer] DEBUG: Started auxiliary module RecentFiles\n", 
            "2025-03-22 08:16:12,296 [modules.auxiliary.screenshots] INFO: Python Image Library (either PIL or Pillow) is not installed, screenshots are disabled.\n", 
            "2025-03-22 08:16:12,296 [analyzer] DEBUG: Started auxiliary module Screenshots\n", 
            "2025-03-22 08:16:12,296 [analyzer] DEBUG: Started auxiliary module LoadZer0m0n\n", 
            "2025-03-22 08:16:12,358 [lib.api.process] ERROR: Failed to execute process from path u'C:\\\\Users\\\\ADMINI~1\\\\AppData\\\\Local\\\\Temp\\\\efsui.exe' with arguments ['bin\\\\inject-x86.exe', '--app', u'C:\\\\Users\\\\ADMINI~1\\\\AppData\\\\Local\\\\Temp\\\\efsui.exe', '--only-start', '--curdir', 'C:\\\\Users\\\\ADMINI~1\\\\AppData\\\\Local\\\\Temp'] (Error: Command '['bin\\\\inject-x86.exe', '--app', u'C:\\\\Users\\\\ADMINI~1\\\\AppData\\\\Local\\\\Temp\\\\efsui.exe', '--only-start', '--curdir', 'C:\\\\Users\\\\ADMINI~1\\\\AppData\\\\Local\\\\Temp']' returned non-zero exit status 1)\n"
        ], 
        "cuckoo": [
            "2025-03-22 08:17:56,279 [cuckoo.core.scheduler] INFO: Task #428: acquired machine 192.168.56.1011 (label=192.168.56.1011)\n", 
            "2025-03-22 08:17:56,280 [cuckoo.core.resultserver] DEBUG: Now tracking machine 192.168.56.101 for task #428\n", 
            "2025-03-22 08:17:56,280 [cuckoo.core.plugins] DEBUG: Started auxiliary module: Replay\n", 
            "2025-03-22 08:17:56,291 [cuckoo.auxiliary.sniffer] INFO: Started sniffer with PID 59684 (interface=vboxnet0, host=192.168.56.101)\n", 
            "2025-03-22 08:17:56,292 [cuckoo.core.plugins] DEBUG: Started auxiliary module: Sniffer\n", 
            "2025-03-22 08:17:56,398 [cuckoo.machinery.virtualbox] DEBUG: Starting vm 192.168.56.1011\n", 
            "2025-03-22 08:17:56,536 [cuckoo.machinery.virtualbox] DEBUG: Restoring virtual machine 192.168.56.1011 to its current snapshot\n", 
            "2025-03-22 08:17:58,594 [cuckoo.core.guest] INFO: Starting analysis #428 on guest (id=192.168.56.1011, ip=192.168.56.101)\n", 
            "2025-03-22 08:17:59,596 [cuckoo.core.guest] DEBUG: 192.168.56.1011: not ready yet\n", 
            "2025-03-22 08:18:00,599 [cuckoo.core.guest] DEBUG: 192.168.56.1011: not ready yet\n", 
            "2025-03-22 08:18:01,602 [cuckoo.core.guest] DEBUG: 192.168.56.1011: not ready yet\n", 
            "2025-03-22 08:18:01,613 [cuckoo.core.guest] INFO: Guest is running Cuckoo Agent 0.10 (id=192.168.56.1011, ip=192.168.56.101)\n", 
            "2025-03-22 08:18:01,654 [cuckoo.core.guest] DEBUG: Uploading analyzer to guest (id=192.168.56.1011, ip=192.168.56.101, monitor=latest, size=3884763)\n", 
            "2025-03-22 08:18:02,332 [cuckoo.core.resultserver] DEBUG: Task #428: live log analysis.log initialized.\n", 
            "2025-03-22 08:18:03,397 [cuckoo.core.resultserver] DEBUG: Task #428 is sending a BSON stream\n", 
            "2025-03-22 08:18:04,070 [cuckoo.core.guest] WARNING: 192.168.56.1011: analysis #428 caught an exception\n", 
            "Traceback (most recent call last):\n", 
            "  File \"C:/tmpql7zol/analyzer.py\", line 808, in <module>\n", 
            "    success = analyzer.run()\n", 
            "  File \"C:/tmpql7zol/analyzer.py\", line 657, in run\n", 
            "    pids = self.package.start(self.target)\n", 
            "  File \"C:\\tmpql7zol\\modules\\packages\\exe.py\", line 23, in start\n", 
            "    return self.execute(path, args=shlex.split(args))\n", 
            "  File \"C:\\tmpql7zol\\lib\\common\\abstracts.py\", line 166, in execute\n", 
            "    \"Unable to execute the initial process, analysis aborted.\"\n", 
            "CuckooPackageError: Unable to execute the initial process, analysis aborted.\n", 
            "\n", 
            "2025-03-22 08:18:04,075 [cuckoo.core.plugins] DEBUG: Stopped auxiliary module: Replay\n", 
            "2025-03-22 08:18:04,117 [cuckoo.core.plugins] DEBUG: Stopped auxiliary module: Sniffer\n", 
            "2025-03-22 08:18:09,486 [cuckoo.machinery.virtualbox] INFO: Successfully generated memory dump for virtual machine with label 192.168.56.1011 to path /home/tesst/.cuckoo/storage/analyses/428/memory.dmp\n", 
            "2025-03-22 08:18:09,487 [cuckoo.machinery.virtualbox] DEBUG: Stopping vm 192.168.56.1011\n", 
            "2025-03-22 08:18:10,735 [cuckoo.core.resultserver] DEBUG: Stopped tracking machine 192.168.56.101 for task #428\n", 
            "2025-03-22 08:18:10,735 [cuckoo.core.resultserver] DEBUG: Cancel <Context for LOG> for task 428\n", 
            "2025-03-22 08:18:10,738 [cuckoo.core.scheduler] DEBUG: Released database task #428\n", 
            "2025-03-22 08:18:10,758 [cuckoo.core.plugins] DEBUG: Executed processing module \"AnalysisInfo\" for task #428\n", 
            "2025-03-22 08:18:10,760 [cuckoo.core.plugins] DEBUG: Executed processing module \"BehaviorAnalysis\" for task #428\n", 
            "2025-03-22 08:18:10,760 [cuckoo.core.plugins] DEBUG: Executed processing module \"Dropped\" for task #428\n", 
            "2025-03-22 08:18:10,760 [cuckoo.core.plugins] DEBUG: Executed processing module \"DroppedBuffer\" for task #428\n", 
            "2025-03-22 08:18:10,761 [cuckoo.core.plugins] DEBUG: Executed processing module \"MetaInfo\" for task #428\n", 
            "2025-03-22 08:18:10,761 [cuckoo.core.plugins] DEBUG: Executed processing module \"ProcessMemory\" for task #428\n", 
            "2025-03-22 08:18:10,761 [cuckoo.core.plugins] DEBUG: Executed processing module \"Procmon\" for task #428\n", 
            "2025-03-22 08:18:10,761 [cuckoo.core.plugins] DEBUG: Executed processing module \"Screenshots\" for task #428\n", 
            "2025-03-22 08:18:10,931 [cuckoo.core.plugins] DEBUG: Executed processing module \"Static\" for task #428\n", 
            "2025-03-22 08:18:10,932 [cuckoo.core.plugins] DEBUG: Executed processing module \"Strings\" for task #428\n", 
            "2025-03-22 08:18:10,933 [cuckoo.cor"
        ]
    }, 
    "strings": [
        "!This program cannot be run in DOS mode.", 
        "`.data", 
        ".idata", 
        "@.rsrc", 
        "@.reloc", 
        "efsui.pdb", 
        ".rdata$brc", 
        ".CRT$XCA", 
        ".CRT$XCAA", 
        ".CRT$XCZ", 
        ".CRT$XIA", 
        ".CRT$XIAA", 
        ".CRT$XIY", 
        ".CRT$XIZ", 
        ".gfids", 
        ".rdata", 
        ".rdata$sxdata", 
        ".rdata$voltmd", 
        ".rdata$zzzdbg", 
        ".text$mn", 
        ".xdata$x", 
        ".idata$5", 
        ".00cfg", 
        ".idata$2", 
        ".idata$3", 
        ".idata$4", 
        ".idata$6", 
        ".rsrc$01", 
        ".rsrc$02", 
        "QQSVW3", 
        "F95|3@", 
        "OpenProcessToken", 
        "GetTokenInformation", 
        "ConvertSidToStringSidW", 
        "ADVAPI32.dll", 
        "GetLastError", 
        "LocalAlloc", 
        "LocalFree", 
        "CreateMutexW", 
        "CloseHandle", 
        "GetCurrentProcess", 
        "GetCommandLineW", 
        "KERNEL32.dll", 
        "_wcsicmp", 
        "_vsnwprintf", 
        "_XcptFilter", 
        "__p__commode", 
        "_amsg_exit", 
        "__getmainargs", 
        "__set_app_type", 
        "_cexit", 
        "__p__fmode", 
        "_ismbblead", 
        "__setusermatherr", 
        "_initterm", 
        "_acmdln", 
        "msvcrt.dll", 
        "?terminate@@YAXXZ", 
        "_controlfp", 
        "_except_handler4_common", 
        "EfsUIUtilKeyBackup", 
        "EfsUIUtilEnrollEfsCertificate", 
        "EfsUIUtilPromptForPin", 
        "EfsUIUtilShowBalloonAndWait", 
        "EfsUIUtilSelectCard", 
        "EfsUIUtilInstallDra", 
        "EfsUIUtilEncryptMyDocuments", 
        "EFSADU.dll", 
        "CertFreeCertificateContext", 
        "CryptStringToBinaryW", 
        "CryptBinaryToStringW", 
        "GetStartupInfoW", 
        "SetUnhandledExceptionFilter", 
        "GetModuleHandleW", 
        "QueryPerformanceCounter", 
        "GetCurrentProcessId", 
        "GetCurrentThreadId", 
        "GetSystemTimeAsFileTime", 
        "GetTickCount", 
        "UnhandledExceptionFilter", 
        "TerminateProcess", 
        "CRYPT32.dll", 
        "api-ms-win-core-synch-l1-2-0.dll", 
        "api-ms-win-core-processthreads-l1-1-0.dll", 
        "api-ms-win-core-errorhandling-l1-1-0.dll", 
        "api-ms-win-core-libraryloader-l1-2-0.dll", 
        "api-ms-win-core-profile-l1-1-0.dll", 
        "api-ms-win-core-sysinfo-l1-1-0.dll", 
        "EfsUtilGetCurrentKey", 
        "EFSUTIL.dll", 
        "RtlImageNtHeader", 
        "ntdll.dll", 
        "CommandLineToArgvW", 
        "SHELL32.dll", 
        "<?xml version=\"1.0\" encoding=\"UTF-8\" standalone=\"yes\"?>", 
        "<!-- Copyright (c) Microsoft Corporation -->", 
        "<assembly xmlns=\"urn:schemas-microsoft-com:asm.v1\" manifestVersion=\"1.0\" xmlns:asmv3=\"urn:schemas-microsoft-com:asm.v3\">", 
        "<assemblyIdentity", 
        "    version=\"5.1.0.0\"", 
        "    processorArchitecture=\"x86\"", 
        "    name=\"Microsoft.Windows.EFS.EFSUI\"", 
        "    type=\"win32\"", 
        "<description>EFS UI Application</description>", 
        "<trustInfo xmlns=\"urn:schemas-microsoft-com:asm.v3\">", 
        "    <security>", 
        "        <requestedPrivileges>", 
        "            <requestedExecutionLevel", 
        "                level=\"asInvoker\"", 
        "                uiAccess=\"false\"", 
        "            />", 
        "        </requestedPrivileges>", 
        "    </security>", 
        "</trustInfo>", 
        "<asmv3:application>", 
        "   <asmv3:windowsSettings xmlns=\"http://schemas.microsoft.com/SMI/2005/WindowsSettings\"> ", 
        "        <dpiAware>true</dpiAware> ", 
        "   </asmv3:windowsSettings>", 
        "</asmv3:application>", 
        "</assembly>", 
        "0D0H0P0X0", 
        "6E6O6r6", 
        "8#8,8E8N8u8|8", 
        "8$9,9d9o9", 
        "9L:g:l:", 
        ":%;8;=;[;q;|;", 
        "<*<E<P<_<", 
        "<8=?=W=`=w=", 
        ">+>3>9>Q>V>\\>a>f>k>p>v>~>", 
        "?=?C?J?O?\\?k?s?{?", 
        "0@0F0P0V0_0d0", 
        "3-3A3G3", 
        "4(474@4I4^4s4", 
        "42575T5]5h5o5", 
        "6\"626B6H6S6Y6e6u6~6", 
        "Local\\{A55C3BEE-5BFF-4c61-8833-39CD46D49BC7}", 
        "/setkey", 
        "/certhash", 
        "/selectcard", 
        "/pinprompt", 
        "/keybackup", 
        "/enroll", 
        "/installdra", 
        "/encryptmydocs", 
        "%s-%u-%s", 
        "%s%s%s", 
        "VS_VERSION_INFO", 
        "StringFileInfo", 
        "040904B0", 
        "CompanyName", 
        "Microsoft Corporation", 
        "FileDescription", 
        "EFS UI Application", 
        "FileVersion", 
        "10.0.22621.1 (WinBuild.160101.0800)", 
        "InternalName", 
        "LegalCopyright", 
        " Microsoft Corporation. All rights reserved.", 
        "OriginalFilename", 
        "efsui.exe", 
        "ProductName", 
        "Microsoft", 
        " Windows", 
        " Operating System", 
        "ProductVersion", 
        "10.0.22621.1", 
        "VarFileInfo", 
        "Translation"
    ], 
    "metadata": {
        "output": {
            "pcap": {
                "basename": "dump.pcap", 
                "sha256": "62ac02a7afd83f55db27a96c72438c16adfa937c3c7290a51545fed5c55bc8b4", 
                "dirname": ""
            }
        }
    }
}