{
    "info": {
        "added": 1742631371.620647, 
        "started": 1742631546.773368, 
        "duration": 13, 
        "ended": 1742631560.585596, 
        "owner": null, 
        "score": 0.2, 
        "id": 432, 
        "category": "file", 
        "git": {
            "head": "13cbe0d9e457be3673304533043e992ead1ea9b2", 
            "fetch_head": "13cbe0d9e457be3673304533043e992ead1ea9b2"
        }, 
        "monitor": "2deb9ccd75d5a7a3fe05b2625b03a8639d6ee36b", 
        "package": "exe", 
        "route": "none", 
        "custom": null, 
        "machine": {
            "status": "stopped", 
            "name": "192.168.56.1011", 
            "label": "192.168.56.1011", 
            "manager": "VirtualBox", 
            "started_on": "2025-03-22 08:19:06", 
            "shutdown_on": "2025-03-22 08:19:20"
        }, 
        "platform": "windows", 
        "version": "2.0.7", 
        "options": "procmemdump=yes,route=none"
    }, 
    "signatures": [
        {
            "families": [], 
            "description": "This executable has a PDB path", 
            "severity": 1, 
            "ttp": {}, 
            "markcount": 1, 
            "references": [], 
            "marks": [
                {
                    "category": "pdb_path", 
                    "ioc": "esimtool.pdb", 
                    "type": "ioc", 
                    "description": null
                }
            ], 
            "name": "has_pdb"
        }
    ], 
    "target": {
        "category": "file", 
        "file": {
            "yara": [], 
            "sha1": "c529b44eef9a5d351d7595030c3922d62beda1ad", 
            "name": "esimtool.exe", 
            "type": "PE32+ executable (console) x86-64, for MS Windows", 
            "sha256": "ca0139d25f586eda5ddaebdb47e0df4bd4e78d96b4797151d51f028f3752e2fe", 
            "urls": [
                "http://www.microsoft.com/pki/certs/MicRooCerAut_2010-06-23.crt0", 
                "http://www.microsoft.com/pkiops/certs/MicWinProPCA2011_2011-10-19.crt0", 
                "http://www.microsoft.com/pkiops/Docs/Repository.htm0", 
                "http://www.microsoft.com/windows0", 
                "http://www.microsoft.com/pkiops/crl/Microsoft%20Time-Stamp%20PCA%202010(1).crl0l", 
                "http://www.microsoft.com/pkiops/certs/Microsoft%20Time-Stamp%20PCA%202010(1).crt0", 
                "http://www.microsoft.com/pkiops/crl/MicWinProPCA2011_2011-10-19.crl0a"
            ], 
            "crc32": "B4101639", 
            "path": "/home/tesst/.cuckoo/storage/binaries/ca0139d25f586eda5ddaebdb47e0df4bd4e78d96b4797151d51f028f3752e2fe", 
            "ssdeep": null, 
            "size": 58736, 
            "sha512": "472428a094c3bdd65e5fa11282211d9434aebd9f33545bc7af24154d5ae8399313a0b92c84212f871eac68c24ef3d78d3954d344febac6ecb5bb04029e464e7b", 
            "md5": "4520cf62df5d3182909eb74bccb9bd12"
        }
    }, 
    "network": {
        "tls": [], 
        "udp": [
            {
                "src": "192.168.56.101", 
                "dst": "224.0.0.252", 
                "offset": 1214, 
                "time": 1.8500349521636963, 
                "dport": 5355, 
                "sport": 64412
            }, 
            {
                "src": "192.168.56.101", 
                "dst": "224.0.0.252", 
                "offset": 1542, 
                "time": 0.12597012519836426, 
                "dport": 5355, 
                "sport": 64614
            }, 
            {
                "src": "192.168.56.101", 
                "dst": "224.0.0.252", 
                "offset": 1870, 
                "time": 1.3302109241485596, 
                "dport": 5355, 
                "sport": 65517
            }, 
            {
                "src": "192.168.56.101", 
                "dst": "239.255.255.250", 
                "offset": 2190, 
                "time": 1.5000989437103271, 
                "dport": 1900, 
                "sport": 65520
            }
        ], 
        "dns_servers": [], 
        "http": [], 
        "icmp": [], 
        "smtp": [], 
        "tcp": [], 
        "smtp_ex": [], 
        "mitm": [], 
        "hosts": [], 
        "pcap_sha256": "97bed857666190269609fc963edd4d4dda9e529b47c68ae27948141b9f38c765", 
        "dns": [], 
        "http_ex": [], 
        "domains": [], 
        "dead_hosts": [], 
        "sorted_pcap_sha256": "c702ed19eea0ef563cbc936f2dbb41b6f00aaaffbcea28dad5750ac77ff85c1a", 
        "irc": [], 
        "https_ex": []
    }, 
    "static": {
        "pdb_path": "esimtool.pdb", 
        "pe_imports": [
            {
                "imports": [
                    {
                        "name": "?_Xlength_error@std@@YAXPEBD@Z", 
                        "address": "0x1400054d8"
                    }
                ], 
                "dll": "msvcp_win.dll"
            }, 
            {
                "imports": [
                    {
                        "name": "wcsncmp", 
                        "address": "0x140005440"
                    }, 
                    {
                        "name": "memset", 
                        "address": "0x140005448"
                    }
                ], 
                "dll": "api-ms-win-crt-string-l1-1-0.dll"
            }, 
            {
                "imports": [
                    {
                        "name": "_c_exit", 
                        "address": "0x140005418"
                    }, 
                    {
                        "name": "_initterm_e", 
                        "address": "0x140005420"
                    }, 
                    {
                        "name": "_register_thread_local_exe_atexit_callback", 
                        "address": "0x140005428"
                    }, 
                    {
                        "name": "_initterm", 
                        "address": "0x140005430"
                    }
                ], 
                "dll": "api-ms-win-crt-runtime-l1-1-0.dll"
            }, 
            {
                "imports": [
                    {
                        "name": "_o__exit", 
                        "address": "0x1400052f8"
                    }, 
                    {
                        "name": "_o__get_initial_wide_environment", 
                        "address": "0x140005300"
                    }, 
                    {
                        "name": "_o__initialize_onexit_table", 
                        "address": "0x140005308"
                    }, 
                    {
                        "name": "_o__initialize_wide_environment", 
                        "address": "0x140005310"
                    }, 
                    {
                        "name": "_o__invalid_parameter_noinfo_noreturn", 
                        "address": "0x140005318"
                    }, 
                    {
                        "name": "_o__register_onexit_function", 
                        "address": "0x140005320"
                    }, 
                    {
                        "name": "_o__seh_filter_exe", 
                        "address": "0x140005328"
                    }, 
                    {
                        "name": "_o__set_app_type", 
                        "address": "0x140005330"
                    }, 
                    {
                        "name": "_o__set_fmode", 
                        "address": "0x140005338"
                    }, 
                    {
                        "name": "_o__set_new_mode", 
                        "address": "0x140005340"
                    }, 
                    {
                        "name": "_o__crt_atexit", 
                        "address": "0x140005348"
                    }, 
                    {
                        "name": "_o__wcsicmp", 
                        "address": "0x140005350"
                    }, 
                    {
                        "name": "_o_exit", 
                        "address": "0x140005358"
                    }, 
                    {
                        "name": "_o_free", 
                        "address": "0x140005360"
                    }, 
                    {
                        "name": "_o_malloc", 
                        "address": "0x140005368"
                    }, 
                    {
                        "name": "_o_terminate", 
                        "address": "0x140005370"
                    }, 
                    {
                        "name": "__C_specific_handler", 
                        "address": "0x140005378"
                    }, 
                    {
                        "name": "__current_exception", 
                        "address": "0x140005380"
                    }, 
                    {
                        "name": "__current_exception_context", 
                        "address": "0x140005388"
                    }, 
                    {
                        "name": "_CxxThrowException", 
                        "address": "0x140005390"
                    }, 
                    {
                        "name": "_o__cexit", 
                        "address": "0x140005398"
                    }, 
                    {
                        "name": "_o__callnewh", 
                        "address": "0x1400053a0"
                    }, 
                    {
                        "name": "_o___p__commode", 
                        "address": "0x1400053a8"
                    }, 
                    {
                        "name": "_o___p___wargv", 
                        "address": "0x1400053b0"
                    }, 
                    {
                        "name": "_o___stdio_common_vfwprintf", 
                        "address": "0x1400053b8"
                    }, 
                    {
                        "name": "_o___p___argc", 
                        "address": "0x1400053c0"
                    }, 
                    {
                        "name": "_o__configure_wide_argv", 
                        "address": "0x1400053c8"
                    }, 
                    {
                        "name": "_o___acrt_iob_func", 
                        "address": "0x1400053d0"
                    }, 
                    {
                        "name": "__std_terminate", 
                        "address": "0x1400053d8"
                    }, 
                    {
                        "name": "__CxxFrameHandler4", 
                        "address": "0x1400053e0"
                    }, 
                    {
                        "name": "_o__configthreadlocale", 
                        "address": "0x1400053e8"
                    }, 
                    {
                        "name": "_o___std_exception_destroy", 
                        "address": "0x1400053f0"
                    }, 
                    {
                        "name": "_o___std_exception_copy", 
                        "address": "0x1400053f8"
                    }, 
                    {
                        "name": "memmove", 
                        "address": "0x140005400"
                    }, 
                    {
                        "name": "memcpy", 
                        "address": "0x140005408"
                    }
                ], 
                "dll": "api-ms-win-crt-private-l1-1-0.dll"
            }, 
            {
                "imports": [
                    {
                        "name": "InitializeCriticalSection", 
                        "address": "0x1400052a0"
                    }, 
                    {
                        "name": "WaitForSingleObject", 
                        "address": "0x1400052a8"
                    }, 
                    {
                        "name": "CreateEventW", 
                        "address": "0x1400052b0"
                    }, 
                    {
                        "name": "SetEvent", 
                        "address": "0x1400052b8"
                    }, 
                    {
                        "name": "DeleteCriticalSection", 
                        "address": "0x1400052c0"
                    }
                ], 
                "dll": "api-ms-win-core-synch-l1-1-0.dll"
            }, 
            {
                "imports": [
                    {
                        "name": "CloseHandle", 
                        "address": "0x1400051e0"
                    }
                ], 
                "dll": "api-ms-win-core-handle-l1-1-0.dll"
            }, 
            {
                "imports": [
                    {
                        "name": "GetOsManufacturingMode", 
                        "address": "0x1400052e8"
                    }
                ], 
                "dll": "api-ms-win-core-sysinfo-l1-2-3.dll"
            }, 
            {
                "imports": [
                    {
                        "name": "QueryPerformanceCounter", 
                        "address": "0x140005250"
                    }
                ], 
                "dll": "api-ms-win-core-profile-l1-1-0.dll"
            }, 
            {
                "imports": [
                    {
                        "name": "GetCurrentThreadId", 
                        "address": "0x140005218"
                    }, 
                    {
                        "name": "GetCurrentProcess", 
                        "address": "0x140005220"
                    }, 
                    {
                        "name": "GetCurrentProcessId", 
                        "address": "0x140005228"
                    }, 
                    {
                        "name": "TerminateProcess", 
                        "address": "0x140005230"
                    }
                ], 
                "dll": "api-ms-win-core-processthreads-l1-1-0.dll"
            }, 
            {
                "imports": [
                    {
                        "name": "GetVersionExW", 
                        "address": "0x1400052d0"
                    }, 
                    {
                        "name": "GetSystemTimeAsFileTime", 
                        "address": "0x1400052d8"
                    }
                ], 
                "dll": "api-ms-win-core-sysinfo-l1-1-0.dll"
            }, 
            {
                "imports": [
                    {
                        "name": "InitializeSListHead", 
                        "address": "0x1400051f0"
                    }
                ], 
                "dll": "api-ms-win-core-interlocked-l1-1-0.dll"
            }, 
            {
                "imports": [
                    {
                        "name": "RtlCaptureContext", 
                        "address": "0x140005280"
                    }, 
                    {
                        "name": "RtlVirtualUnwind", 
                        "address": "0x140005288"
                    }, 
                    {
                        "name": "RtlLookupFunctionEntry", 
                        "address": "0x140005290"
                    }
                ], 
                "dll": "api-ms-win-core-rtlsupport-l1-1-0.dll"
            }, 
            {
                "imports": [
                    {
                        "name": "IsDebuggerPresent", 
                        "address": "0x1400051b0"
                    }
                ], 
                "dll": "api-ms-win-core-debug-l1-1-0.dll"
            }, 
            {
                "imports": [
                    {
                        "name": "SetUnhandledExceptionFilter", 
                        "address": "0x1400051c0"
                    }, 
                    {
                        "name": "UnhandledExceptionFilter", 
                        "address": "0x1400051c8"
                    }, 
                    {
                        "name": "SetLastError", 
                        "address": "0x1400051d0"
                    }
                ], 
                "dll": "api-ms-win-core-errorhandling-l1-1-0.dll"
            }, 
            {
                "imports": [
                    {
                        "name": "IsProcessorFeaturePresent", 
                        "address": "0x140005240"
                    }
                ], 
                "dll": "api-ms-win-core-processthreads-l1-1-1.dll"
            }, 
            {
                "imports": [
                    {
                        "name": "GetProcAddress", 
                        "address": "0x140005200"
                    }, 
                    {
                        "name": "GetModuleHandleW", 
                        "address": "0x140005208"
                    }
                ], 
                "dll": "api-ms-win-core-libraryloader-l1-2-0.dll"
            }, 
            {
                "imports": [
                    {
                        "name": "LuiCloseHandle", 
                        "address": "0x140005488"
                    }, 
                    {
                        "name": "LuiWipeEsim", 
                        "address": "0x140005490"
                    }, 
                    {
                        "name": "LuiRegisterForLpaNotifications", 
                        "address": "0x140005498"
                    }, 
                    {
                        "name": "LuiDeleteProfile", 
                        "address": "0x1400054a0"
                    }, 
                    {
                        "name": "LuiRegisterForEsimNotifications", 
                        "address": "0x1400054a8"
                    }, 
                    {
                        "name": "LuiRegisterForAllProfileNotifications", 
                        "address": "0x1400054b0"
                    }, 
                    {
                        "name": "LuiDisableProfile", 
                        "address": "0x1400054b8"
                    }, 
                    {
                        "name": "LuiOpenHandle", 
                        "address": "0x1400054c0"
                    }, 
                    {
                        "name": "LuiEnableProfile", 
                        "address": "0x1400054c8"
                    }
                ], 
                "dll": "luiapi.dll"
            }, 
            {
                "imports": [
                    {
                        "name": "RegQueryValueExW", 
                        "address": "0x140005260"
                    }, 
                    {
                        "name": "RegCloseKey", 
                        "address": "0x140005268"
                    }, 
                    {
                        "name": "RegOpenKeyExW", 
                        "address": "0x140005270"
                    }
                ], 
                "dll": "api-ms-win-core-registry-l1-1-0.dll"
            }, 
            {
                "imports": [
                    {
                        "name": "UnregisterTraceGuids", 
                        "address": "0x140005458"
                    }, 
                    {
                        "name": "GetTraceLoggerHandle", 
                        "address": "0x140005460"
                    }, 
                    {
                        "name": "RegisterTraceGuidsW", 
                        "address": "0x140005468"
                    }, 
                    {
                        "name": "GetTraceEnableFlags", 
                        "address": "0x140005470"
                    }, 
                    {
                        "name": "GetTraceEnableLevel", 
                        "address": "0x140005478"
                    }
                ], 
                "dll": "api-ms-win-eventing-classicprovider-l1-1-0.dll"
            }
        ], 
        "peid_signatures": null, 
        "keys": [], 
        "signature": [], 
        "pe_timestamp": "2044-09-09 21:36:19", 
        "pe_exports": [], 
        "imported_dll_count": 19, 
        "pe_imphash": "3aeaa653c08dec60679fe0824a7702c2", 
        "pe_resources": [], 
        "pe_versioninfo": [], 
        "pe_sections": [
            {
                "size_of_data": "0x00004000", 
                "virtual_address": "0x00001000", 
                "entropy": 5.6591923753244435, 
                "name": ".text", 
                "virtual_size": "0x000036e3"
            }, 
            {
                "size_of_data": "0x00004000", 
                "virtual_address": "0x00005000", 
                "entropy": 3.5568757603790586, 
                "name": ".rdata", 
                "virtual_size": "0x000036ca"
            }, 
            {
                "size_of_data": "0x00001000", 
                "virtual_address": "0x00009000", 
                "entropy": 0.38428026669629234, 
                "name": ".data", 
                "virtual_size": "0x00000840"
            }, 
            {
                "size_of_data": "0x00001000", 
                "virtual_address": "0x0000a000", 
                "entropy": 1.0335454388950622, 
                "name": ".pdata", 
                "virtual_size": "0x00000318"
            }, 
            {
                "size_of_data": "0x00001000", 
                "virtual_address": "0x0000b000", 
                "entropy": 0.2323917445119414, 
                "name": ".reloc", 
                "virtual_size": "0x00000068"
            }
        ]
    }, 
    "behavior": {
        "generic": [
            {
                "process_path": "C:\\Windows\\System32\\lsass.exe", 
                "process_name": "lsass.exe", 
                "pid": 508, 
                "summary": {}, 
                "first_seen": 1742634972.0625, 
                "ppid": 400
            }
        ], 
        "processes": [
            {
                "process_path": "C:\\Windows\\System32\\lsass.exe", 
                "calls": [], 
                "track": false, 
                "pid": 508, 
                "process_name": "lsass.exe", 
                "command_line": "C:\\Windows\\system32\\lsass.exe", 
                "modules": [
                    {
                        "basename": "lsass.exe", 
                        "imgsize": 49152, 
                        "baseaddr": "0xffc70000", 
                        "filepath": "C:\\Windows\\system32\\lsass.exe"
                    }, 
                    {
                        "basename": "ntdll.dll", 
                        "imgsize": 1740800, 
                        "baseaddr": "0x76dd0000", 
                        "filepath": "C:\\Windows\\SYSTEM32\\ntdll.dll"
                    }, 
                    {
                        "basename": "kernel32.dll", 
                        "imgsize": 1175552, 
                        "baseaddr": "0x76bb0000", 
                        "filepath": "C:\\Windows\\system32\\kernel32.dll"
                    }, 
                    {
                        "basename": "KERNELBASE.dll", 
                        "imgsize": 438272, 
                        "baseaddr": "0x7fefcf80000", 
                        "filepath": "C:\\Windows\\system32\\KERNELBASE.dll"
                    }, 
                    {
                        "basename": "msvcrt.dll", 
                        "imgsize": 651264, 
                        "baseaddr": "0x7fefec80000", 
                        "filepath": "C:\\Windows\\system32\\msvcrt.dll"
                    }, 
                    {
                        "basename": "RPCRT4.dll", 
                        "imgsize": 1232896, 
                        "baseaddr": "0x7fefd2c0000", 
                        "filepath": "C:\\Windows\\system32\\RPCRT4.dll"
                    }, 
                    {
                        "basename": "SspiSrv.dll", 
                        "imgsize": 45056, 
                        "baseaddr": "0x7fefcb60000", 
                        "filepath": "C:\\Windows\\system32\\SspiSrv.dll"
                    }, 
                    {
                        "basename": "lsasrv.dll", 
                        "imgsize": 1470464, 
                        "baseaddr": "0x7fefc9e0000", 
                        "filepath": "C:\\Windows\\system32\\lsasrv.dll"
                    }, 
                    {
                        "basename": "sechost.dll", 
                        "imgsize": 126976, 
                        "baseaddr": "0x7fefea00000", 
                        "filepath": "C:\\Windows\\SYSTEM32\\sechost.dll"
                    }, 
                    {
                        "basename": "SspiCli.dll", 
                        "imgsize": 151552, 
                        "baseaddr": "0x7fefcb80000", 
                        "filepath": "C:\\Windows\\system32\\SspiCli.dll"
                    }, 
                    {
                        "basename": "ADVAPI32.dll", 
                        "imgsize": 897024, 
                        "baseaddr": "0x7fefd480000", 
                        "filepath": "C:\\Windows\\system32\\ADVAPI32.dll"
                    }, 
                    {
                        "basename": "USER32.dll", 
                        "imgsize": 1024000, 
                        "baseaddr": "0x76cd0000", 
                        "filepath": "C:\\Windows\\system32\\USER32.dll"
                    }, 
                    {
                        "basename": "GDI32.dll", 
                        "imgsize": 421888, 
                        "baseaddr": "0x7fefd560000", 
                        "filepath": "C:\\Windows\\system32\\GDI32.dll"
                    }, 
                    {
                        "basename": "LPK.dll", 
                        "imgsize": 57344, 
                        "baseaddr": "0x7fefd830000", 
                        "filepath": "C:\\Windows\\system32\\LPK.dll"
                    }, 
                    {
                        "basename": "USP10.dll", 
                        "imgsize": 823296, 
                        "baseaddr": "0x7feff010000", 
                        "filepath": "C:\\Windows\\system32\\USP10.dll"
                    }, 
                    {
                        "basename": "SAMSRV.dll", 
                        "imgsize": 774144, 
                        "baseaddr": "0x7fefc880000", 
                        "filepath": "C:\\Windows\\system32\\SAMSRV.dll"
                    }, 
                    {
                        "basename": "cryptdll.dll", 
                        "imgsize": 81920, 
                        "baseaddr": "0x7fefc860000", 
                        "filepath": "C:\\Windows\\system32\\cryptdll.dll"
                    }, 
                    {
                        "basename": "MSASN1.dll", 
                        "imgsize": 61440, 
                        "baseaddr": "0x7fefcdc0000", 
                        "filepath": "C:\\Windows\\system32\\MSASN1.dll"
                    }, 
                    {
                        "basename": "wevtapi.dll", 
                        "imgsize": 446464, 
                        "baseaddr": "0x7fefc7f0000", 
                        "filepath": "C:\\Windows\\system32\\wevtapi.dll"
                    }, 
                    {
                        "basename": "IMM32.DLL", 
                        "imgsize": 188416, 
                        "baseaddr": "0x7fefea20000", 
                        "filepath": "C:\\Windows\\system32\\IMM32.DLL"
                    }, 
                    {
                        "basename": "MSCTF.dll", 
                        "imgsize": 1085440, 
                        "baseaddr": "0x7fefed20000", 
                        "filepath": "C:\\Windows\\system32\\MSCTF.dll"
                    }, 
                    {
                        "basename": "cngaudit.dll", 
                        "imgsize": 36864, 
                        "baseaddr": "0x7fefc7b0000", 
                        "filepath": "C:\\Windows\\system32\\cngaudit.dll"
                    }, 
                    {
                        "basename": "AUTHZ.dll", 
                        "imgsize": 192512, 
                        "baseaddr": "0x7fefc780000", 
                        "filepath": "C:\\Windows\\system32\\AUTHZ.dll"
                    }, 
                    {
                        "basename": "ncrypt.dll", 
                        "imgsize": 319488, 
                        "baseaddr": "0x7fefc730000", 
                        "filepath": "C:\\Windows\\system32\\ncrypt.dll"
                    }, 
                    {
                        "basename": "bcrypt.dll", 
                        "imgsize": 139264, 
                        "baseaddr": "0x7fefc700000", 
                        "filepath": "C:\\Windows\\system32\\bcrypt.dll"
                    }, 
                    {
                        "basename": "msprivs.DLL", 
                        "imgsize": 8192, 
                        "baseaddr": "0x74af0000", 
                        "filepath": "C:\\Windows\\system32\\msprivs.DLL"
                    }, 
                    {
                        "basename": "netjoin.dll", 
                        "imgsize": 204800, 
                        "baseaddr": "0x7fefc6c0000", 
                        "filepath": "C:\\Windows\\system32\\netjoin.dll"
                    }, 
                    {
                        "basename": "negoexts.DLL", 
                        "imgsize": 147456, 
                        "baseaddr": "0x7fefc690000", 
                        "filepath": "C:\\Windows\\system32\\negoexts.DLL"
                    }, 
                    {
                        "basename": "Secur32.dll", 
                        "imgsize": 45056, 
                        "baseaddr": "0x7fefc9b0000", 
                        "filepath": "C:\\Windows\\system32\\Secur32.dll"
                    }, 
                    {
                        "basename": "cryptbase.dll", 
                        "imgsize": 61440, 
                        "baseaddr": "0x7fefcc50000", 
                        "filepath": "C:\\Windows\\system32\\cryptbase.dll"
                    }, 
                    {
                        "basename": "kerberos.DLL", 
                        "imgsize": 737280, 
                        "baseaddr": "0x7fefc5d0000", 
                        "filepath": "C:\\Windows\\system32\\kerberos.DLL"
                    }, 
                    {
                        "basename": "CRYPTSP.dll", 
                        "imgsize": 94208, 
                        "baseaddr": "0x7fefc5b0000", 
                        "filepath": "C:\\Windows\\system32\\CRYPTSP.dll"
                    }, 
                    {
                        "basename": "WS2_32.dll", 
                        "imgsize": 315392, 
                        "baseaddr": "0x7fefec30000", 
                        "filepath": "C:\\Windows\\system32\\WS2_32.dll"
                    }, 
                    {
                        "basename": "NSI.dll", 
                        "imgsize": 32768, 
                        "baseaddr": "0x7fefd3f0000", 
                        "filepath": "C:\\Windows\\system32\\NSI.dll"
                    }, 
                    {
                        "basename": "mswsock.dll", 
                        "imgsize": 348160, 
                        "baseaddr": "0x7fefc550000", 
                        "filepath": "C:\\Windows\\system32\\mswsock.dll"
                    }, 
                    {
                        "basename": "wship6.dll", 
                        "imgsize": 28672, 
                        "baseaddr": "0x7fefc540000", 
                        "filepath": "C:\\Windows\\System32\\wship6.dll"
                    }, 
                    {
                        "basename": "msv1_0.DLL", 
                        "imgsize": 331776, 
                        "baseaddr": "0x7fefc4e0000", 
                        "filepath": "C:\\Windows\\system32\\msv1_0.DLL"
                    }, 
                    {
                        "basename": "netlogon.DLL", 
                        "imgsize": 712704, 
                        "baseaddr": "0x7fefc430000", 
                        "filepath": "C:\\Windows\\system32\\netlogon.DLL"
                    }, 
                    {
                        "basename": "DNSAPI.dll", 
                        "imgsize": 372736, 
                        "baseaddr": "0x7fefc3d0000", 
                        "filepath": "C:\\Windows\\system32\\DNSAPI.dll"
                    }, 
                    {
                        "basename": "logoncli.dll", 
                        "imgsize": 196608, 
                        "baseaddr": "0x7fefc3a0000", 
                        "filepath": "C:\\Windows\\system32\\logoncli.dll"
                    }, 
                    {
                        "basename": "schannel.DLL", 
                        "imgsize": 356352, 
                        "baseaddr": "0x7fefc340000", 
                        "filepath": "C:\\Windows\\system32\\schannel.DLL"
                    }, 
                    {
                        "basename": "CRYPT32.dll", 
                        "imgsize": 1470464, 
                        "baseaddr": "0x7fefcdd0000", 
                        "filepath": "C:\\Windows\\system32\\CRYPT32.dll"
                    }, 
                    {
                        "basename": "wdigest.DLL", 
                        "imgsize": 221184, 
                        "baseaddr": "0x7fefc300000", 
                        "filepath": "C:\\Windows\\system32\\wdigest.DLL"
                    }, 
                    {
                        "basename": "rsaenh.dll", 
                        "imgsize": 290816, 
                        "baseaddr": "0x7fefc2b0000", 
                        "filepath": "C:\\Windows\\system32\\rsaenh.dll"
                    }, 
                    {
                        "basename": "tspkg.DLL", 
                        "imgsize": 98304, 
                        "baseaddr": "0x7fefc290000", 
                        "filepath": "C:\\Windows\\system32\\tspkg.DLL"
                    }, 
                    {
                        "basename": "pku2u.DLL", 
                        "imgsize": 282624, 
                        "baseaddr": "0x7fefc240000", 
                        "filepath": "C:\\Windows\\system32\\pku2u.DLL"
                    }, 
                    {
                        "basename": "bcryptprimitives.dll", 
                        "imgsize": 311296, 
                        "baseaddr": "0x7fefc1f0000", 
                        "filepath": "C:\\Windows\\system32\\bcryptprimitives.dll"
                    }, 
                    {
                        "basename": "RpcRtRemote.dll", 
                        "imgsize": 81920, 
                        "baseaddr": "0x7fefcd00000", 
                        "filepath": "C:\\Windows\\system32\\RpcRtRemote.dll"
                    }, 
                    {
                        "basename": "efslsaext.dll", 
                        "imgsize": 73728, 
                        "baseaddr": "0x7fefc1d0000", 
                        "filepath": "C:\\Windows\\system32\\efslsaext.dll"
                    }, 
                    {
                        "basename": "scecli.DLL", 
                        "imgsize": 253952, 
                        "baseaddr": "0x7fefc130000", 
                        "filepath": "C:\\Windows\\system32\\scecli.DLL"
                    }, 
                    {
                        "basename": "credssp.dll", 
                        "imgsize": 40960, 
                        "baseaddr": "0x7fefc1b0000", 
                        "filepath": "C:\\Windows\\system32\\credssp.dll"
                    }, 
                    {
                        "basename": "WINSTA.dll", 
                        "imgsize": 249856, 
                        "baseaddr": "0x7fefcc10000", 
                        "filepath": "C:\\Windows\\system32\\WINSTA.dll"
                    }, 
                    {
                        "basename": "IPHLPAPI.DLL", 
                        "imgsize": 159744, 
                        "baseaddr": "0x7fefbfd0000", 
                        "filepath": "C:\\Windows\\system32\\IPHLPAPI.DLL"
                    }, 
                    {
                        "basename": "WINNSI.DLL", 
                        "imgsize": 45056, 
                        "baseaddr": "0x7fefbfc0000", 
                        "filepath": "C:\\Windows\\system32\\WINNSI.DLL"
                    }, 
                    {
                        "basename": "netutils.dll", 
                        "imgsize": 49152, 
                        "baseaddr": "0x7fefa790000", 
                        "filepath": "C:\\Windows\\system32\\netutils.dll"
                    }, 
                    {
                        "basename": "USERENV.dll", 
                        "imgsize": 122880, 
                        "baseaddr": "0x7fefc060000", 
                        "filepath": "C:\\Windows\\system32\\USERENV.dll"
                    }, 
                    {
                        "basename": "profapi.dll", 
                        "imgsize": 61440, 
                        "baseaddr": "0x7fefcd20000", 
                        "filepath": "C:\\Windows\\system32\\profapi.dll"
                    }, 
                    {
                        "basename": "wshtcpip.dll", 
                        "imgsize": 28672, 
                        "baseaddr": "0x7fefbed0000", 
                        "filepath": "C:\\Windows\\System32\\wshtcpip.dll"
                    }, 
                    {
                        "basename": "monitor-x64.dll", 
                        "imgsize": 2269184, 
                        "baseaddr": "0x744c0000", 
                        "filepath": "C:\\tmpql7zol\\bin\\monitor-x64.dll"
                    }
                ], 
                "time": 0, 
                "tid": 1124, 
                "first_seen": 1742634972.0625, 
                "ppid": 400, 
                "type": "process"
            }
        ], 
        "processtree": [
            {
                "track": false, 
                "pid": 508, 
                "process_name": "lsass.exe", 
                "command_line": "C:\\Windows\\system32\\lsass.exe", 
                "first_seen": 1742634972.0625, 
                "ppid": 400, 
                "children": []
            }
        ]
    }, 
    "debug": {
        "action": [], 
        "dbgview": [], 
        "errors": [], 
        "log": [
            "2025-03-22 08:16:11,000 [analyzer] DEBUG: Starting analyzer from: C:\\tmpql7zol\n", 
            "2025-03-22 08:16:11,015 [analyzer] DEBUG: Pipe server name: \\??\\PIPE\\VDWBSfhSlIJEYPTWNlOTfrTQhISTF\n", 
            "2025-03-22 08:16:11,015 [analyzer] DEBUG: Log pipe server name: \\??\\PIPE\\rWvIpPiqTNUedOxdTQmpnCPsFPMAO\n", 
            "2025-03-22 08:16:11,328 [analyzer] DEBUG: Started auxiliary module DbgView\n", 
            "2025-03-22 08:16:11,842 [analyzer] DEBUG: Started auxiliary module Disguise\n", 
            "2025-03-22 08:16:12,125 [analyzer] DEBUG: Loaded monitor into process with pid 508\n", 
            "2025-03-22 08:16:12,125 [analyzer] DEBUG: Started auxiliary module DumpTLSMasterSecrets\n", 
            "2025-03-22 08:16:12,140 [analyzer] DEBUG: Started auxiliary module Human\n", 
            "2025-03-22 08:16:12,140 [analyzer] DEBUG: Started auxiliary module InstallCertificate\n", 
            "2025-03-22 08:16:12,140 [analyzer] DEBUG: Started auxiliary module Reboot\n", 
            "2025-03-22 08:16:12,328 [analyzer] DEBUG: Started auxiliary module RecentFiles\n", 
            "2025-03-22 08:16:12,342 [analyzer] DEBUG: Started auxiliary module Screenshots\n", 
            "2025-03-22 08:16:12,342 [analyzer] DEBUG: Started auxiliary module LoadZer0m0n\n", 
            "2025-03-22 08:16:12,342 [modules.auxiliary.screenshots] INFO: Python Image Library (either PIL or Pillow) is not installed, screenshots are disabled.\n", 
            "2025-03-22 08:16:12,390 [lib.api.process] ERROR: Failed to execute process from path u'C:\\\\Users\\\\ADMINI~1\\\\AppData\\\\Local\\\\Temp\\\\esimtool.exe' with arguments ['bin\\\\inject-x64.exe', '--app', u'C:\\\\Users\\\\ADMINI~1\\\\AppData\\\\Local\\\\Temp\\\\esimtool.exe', '--only-start', '--curdir', 'C:\\\\Users\\\\ADMINI~1\\\\AppData\\\\Local\\\\Temp'] (Error: Command '['bin\\\\inject-x64.exe', '--app', u'C:\\\\Users\\\\ADMINI~1\\\\AppData\\\\Local\\\\Temp\\\\esimtool.exe', '--only-start', '--curdir', 'C:\\\\Users\\\\ADMINI~1\\\\AppData\\\\Local\\\\Temp']' returned non-zero exit status 1)\n"
        ], 
        "cuckoo": [
            "2025-03-22 08:19:06,829 [cuckoo.core.scheduler] INFO: Task #432: acquired machine 192.168.56.1011 (label=192.168.56.1011)\n", 
            "2025-03-22 08:19:06,830 [cuckoo.core.resultserver] DEBUG: Now tracking machine 192.168.56.101 for task #432\n", 
            "2025-03-22 08:19:06,830 [cuckoo.core.plugins] DEBUG: Started auxiliary module: Replay\n", 
            "2025-03-22 08:19:06,841 [cuckoo.auxiliary.sniffer] INFO: Started sniffer with PID 60295 (interface=vboxnet0, host=192.168.56.101)\n", 
            "2025-03-22 08:19:06,842 [cuckoo.core.plugins] DEBUG: Started auxiliary module: Sniffer\n", 
            "2025-03-22 08:19:06,877 [cuckoo.machinery.virtualbox] DEBUG: Starting vm 192.168.56.1011\n", 
            "2025-03-22 08:19:06,974 [cuckoo.machinery.virtualbox] DEBUG: Restoring virtual machine 192.168.56.1011 to its current snapshot\n", 
            "2025-03-22 08:19:09,067 [cuckoo.core.guest] INFO: Starting analysis #432 on guest (id=192.168.56.1011, ip=192.168.56.101)\n", 
            "2025-03-22 08:19:10,069 [cuckoo.core.guest] DEBUG: 192.168.56.1011: not ready yet\n", 
            "2025-03-22 08:19:11,072 [cuckoo.core.guest] DEBUG: 192.168.56.1011: not ready yet\n", 
            "2025-03-22 08:19:12,074 [cuckoo.core.guest] DEBUG: 192.168.56.1011: not ready yet\n", 
            "2025-03-22 08:19:12,085 [cuckoo.core.guest] INFO: Guest is running Cuckoo Agent 0.10 (id=192.168.56.1011, ip=192.168.56.101)\n", 
            "2025-03-22 08:19:12,132 [cuckoo.core.guest] DEBUG: Uploading analyzer to guest (id=192.168.56.1011, ip=192.168.56.101, monitor=latest, size=3884763)\n", 
            "2025-03-22 08:19:12,824 [cuckoo.core.resultserver] DEBUG: Task #432: live log analysis.log initialized.\n", 
            "2025-03-22 08:19:13,919 [cuckoo.core.resultserver] DEBUG: Task #432 is sending a BSON stream\n", 
            "2025-03-22 08:19:14,560 [cuckoo.core.guest] WARNING: 192.168.56.1011: analysis #432 caught an exception\n", 
            "Traceback (most recent call last):\n", 
            "  File \"C:/tmpql7zol/analyzer.py\", line 808, in <module>\n", 
            "    success = analyzer.run()\n", 
            "  File \"C:/tmpql7zol/analyzer.py\", line 657, in run\n", 
            "    pids = self.package.start(self.target)\n", 
            "  File \"C:\\tmpql7zol\\modules\\packages\\exe.py\", line 23, in start\n", 
            "    return self.execute(path, args=shlex.split(args))\n", 
            "  File \"C:\\tmpql7zol\\lib\\common\\abstracts.py\", line 166, in execute\n", 
            "    \"Unable to execute the initial process, analysis aborted.\"\n", 
            "CuckooPackageError: Unable to execute the initial process, analysis aborted.\n", 
            "\n", 
            "2025-03-22 08:19:14,565 [cuckoo.core.plugins] DEBUG: Stopped auxiliary module: Replay\n", 
            "2025-03-22 08:19:14,601 [cuckoo.core.plugins] DEBUG: Stopped auxiliary module: Sniffer\n", 
            "2025-03-22 08:19:19,173 [cuckoo.machinery.virtualbox] INFO: Successfully generated memory dump for virtual machine with label 192.168.56.1011 to path /home/tesst/.cuckoo/storage/analyses/432/memory.dmp\n", 
            "2025-03-22 08:19:19,174 [cuckoo.machinery.virtualbox] DEBUG: Stopping vm 192.168.56.1011\n", 
            "2025-03-22 08:19:20,576 [cuckoo.core.resultserver] DEBUG: Stopped tracking machine 192.168.56.101 for task #432\n", 
            "2025-03-22 08:19:20,576 [cuckoo.core.resultserver] DEBUG: Cancel <Context for LOG> for task 432\n", 
            "2025-03-22 08:19:20,579 [cuckoo.core.scheduler] DEBUG: Released database task #432\n", 
            "2025-03-22 08:19:20,599 [cuckoo.core.plugins] DEBUG: Executed processing module \"AnalysisInfo\" for task #432\n", 
            "2025-03-22 08:19:20,600 [cuckoo.core.plugins] DEBUG: Executed processing module \"BehaviorAnalysis\" for task #432\n", 
            "2025-03-22 08:19:20,600 [cuckoo.core.plugins] DEBUG: Executed processing module \"Dropped\" for task #432\n", 
            "2025-03-22 08:19:20,600 [cuckoo.core.plugins] DEBUG: Executed processing module \"DroppedBuffer\" for task #432\n", 
            "2025-03-22 08:19:20,601 [cuckoo.core.plugins] DEBUG: Executed processing module \"MetaInfo\" for task #432\n", 
            "2025-03-22 08:19:20,601 [cuckoo.core.plugins] DEBUG: Executed processing module \"ProcessMemory\" for task #432\n", 
            "2025-03-22 08:19:20,601 [cuckoo.core.plugins] DEBUG: Executed processing module \"Procmon\" for task #432\n", 
            "2025-03-22 08:19:20,601 [cuckoo.core.plugins] DEBUG: Executed processing module \"Screenshots\" for task #432\n", 
            "2025-03-22 08:19:20,782 [cuckoo.processing.static] CRITICAL: You do not have the m2crypto library installed preventing certificate extraction. Please read the Cuckoo documentation on installing m2crypto (you need SWIG installed and then `pip "
        ]
    }, 
    "strings": [
        "!This program cannot be run in DOS mode.", 
        "`.rdata", 
        "@.data", 
        ".pdata", 
        "@.reloc", 
        "q0R^G'", 
        "q0R^G'", 
        "q0R^G'", 
        "q0R^G'", 
        " H3E H3E", 
        "u/HcH<H", 
        "x ATAVAWH", 
        " A_A^A\\", 
        "H WATAUAVAWH", 
        " A_A^A]A\\_", 
        "fA9,Qu", 
        "x UATAUAVAWH", 
        "fA;?tK", 
        "A_A^A]A\\]", 
        "H9w8taH", 
        "f;t$Xt.L", 
        "fA9,Qu", 
        "UWATAVAWH", 
        "A_A^A\\_]", 
        "WAVAWH", 
        "fD9z*vh", 
        "s$fD;{*", 
        " A_A^_", 
        "R$fA;z*", 
        "fA9z*v$A", 
        "@SUVWATAVAWH", 
        "A_A^A\\_^][", 
        "bad allocation", 
        "string too long", 
        "bad array new length", 
        "Unknown exception", 
        "EventWrite", 
        "EventRegister", 
        "EventUnregister", 
        "RSDSSs", 
        "esimtool.pdb", 
        ".text$di", 
        ".text$mn", 
        ".text$mn$00", 
        ".text$x", 
        ".text$yd", 
        ".rdata$brc", 
        ".idata$5", 
        ".00cfg", 
        ".CRT$XCA", 
        ".CRT$XCAA", 
        ".CRT$XCU", 
        ".CRT$XCZ", 
        ".CRT$XIA", 
        ".CRT$XIAA", 
        ".CRT$XIAC", 
        ".CRT$XIC", 
        ".CRT$XIZ", 
        ".CRT$XPA", 
        ".CRT$XPZ", 
        ".CRT$XTA", 
        ".CRT$XTZ", 
        ".gehcont", 
        ".gfids", 
        ".rdata", 
        ".rdata$r", 
        ".rdata$voltmd", 
        ".rdata$zzzdbg", 
        ".rtc$IAA", 
        ".rtc$IZZ", 
        ".rtc$TAA", 
        ".rtc$TZZ", 
        ".xdata", 
        ".xdata$x", 
        ".idata$2", 
        ".idata$3", 
        ".idata$4", 
        ".idata$6", 
        ".data$brc", 
        ".data$r$brc", 
        ".data$rs$brc", 
        ".pdata", 
        "?_Xlength_error@std@@YAXPEBD@Z", 
        "msvcp_win.dll", 
        "wcsncmp", 
        "_initterm", 
        "_initterm_e", 
        "_c_exit", 
        "_register_thread_local_exe_atexit_callback", 
        "api-ms-win-crt-string-l1-1-0.dll", 
        "api-ms-win-crt-runtime-l1-1-0.dll", 
        "__CxxFrameHandler4", 
        "__std_terminate", 
        "_o___acrt_iob_func", 
        "_o___p___argc", 
        "_o___p___wargv", 
        "_o___p__commode", 
        "_o___std_exception_copy", 
        "_o___std_exception_destroy", 
        "_o___stdio_common_vfwprintf", 
        "_o__callnewh", 
        "_o__cexit", 
        "_o__configthreadlocale", 
        "_o__configure_wide_argv", 
        "_o__crt_atexit", 
        "_o__exit", 
        "_o__get_initial_wide_environment", 
        "_o__initialize_onexit_table", 
        "_o__initialize_wide_environment", 
        "_o__invalid_parameter_noinfo_noreturn", 
        "_o__register_onexit_function", 
        "_o__seh_filter_exe", 
        "_o__set_app_type", 
        "_o__set_fmode", 
        "_o__set_new_mode", 
        "_o__wcsicmp", 
        "_o_exit", 
        "_o_free", 
        "_o_malloc", 
        "_o_terminate", 
        "__C_specific_handler", 
        "__current_exception", 
        "__current_exception_context", 
        "memset", 
        "_CxxThrowException", 
        "api-ms-win-crt-private-l1-1-0.dll", 
        "SetEvent", 
        "CreateEventW", 
        "WaitForSingleObject", 
        "CloseHandle", 
        "GetOsManufacturingMode", 
        "QueryPerformanceCounter", 
        "GetCurrentProcessId", 
        "GetCurrentThreadId", 
        "GetSystemTimeAsFileTime", 
        "InitializeSListHead", 
        "RtlCaptureContext", 
        "RtlLookupFunctionEntry", 
        "RtlVirtualUnwind", 
        "IsDebuggerPresent", 
        "UnhandledExceptionFilter", 
        "SetUnhandledExceptionFilter", 
        "IsProcessorFeaturePresent", 
        "GetModuleHandleW", 
        "GetCurrentProcess", 
        "TerminateProcess", 
        "api-ms-win-core-synch-l1-1-0.dll", 
        "api-ms-win-core-handle-l1-1-0.dll", 
        "api-ms-win-core-sysinfo-l1-2-3.dll", 
        "api-ms-win-core-profile-l1-1-0.dll", 
        "api-ms-win-core-processthreads-l1-1-0.dll", 
        "api-ms-win-core-sysinfo-l1-1-0.dll", 
        "api-ms-win-core-interlocked-l1-1-0.dll", 
        "api-ms-win-core-rtlsupport-l1-1-0.dll", 
        "api-ms-win-core-debug-l1-1-0.dll", 
        "api-ms-win-core-errorhandling-l1-1-0.dll", 
        "api-ms-win-core-processthreads-l1-1-1.dll", 
        "api-ms-win-core-libraryloader-l1-2-0.dll", 
        "LuiCloseHandle", 
        "LuiOpenHandle", 
        "LuiWipeEsim", 
        "LuiEnableProfile", 
        "LuiDisableProfile", 
        "LuiDeleteProfile", 
        "LuiRegisterForLpaNotifications", 
        "LuiRegisterForEsimNotifications", 
        "LuiRegisterForAllProfileNotifications", 
        "luiapi.dll", 
        "RegCloseKey", 
        "UnregisterTraceGuids", 
        "RegisterTraceGuidsW", 
        "GetTraceEnableLevel", 
        "GetVersionExW", 
        "GetTraceEnableFlags", 
        "GetTraceLoggerHandle", 
        "GetProcAddress", 
        "SetLastError", 
        "RegQueryValueExW", 
        "RegOpenKeyExW", 
        "InitializeCriticalSection", 
        "DeleteCriticalSection", 
        "api-ms-win-core-registry-l1-1-0.dll", 
        "api-ms-win-eventing-classicprovider-l1-1-0.dll", 
        "memcpy", 
        "memmove", 
        ".?AVbad_array_new_length@std@@", 
        ".?AVbad_alloc@std@@", 
        ".?AVexception@std@@", 
        ".?AVtype_info@@", 
        "Washington1", 
        "Redmond1", 
        "Microsoft Corporation1.0,", 
        "%Microsoft Windows Production PCA 20110", 
        "210902182341Z", 
        "220901182341Z0p1", 
        "Washington1", 
        "Redmond1", 
        "Microsoft Corporation1", 
        "Microsoft Windows0", 
        "I0G1-0+", 
        "$Microsoft Ireland Operations Limited1", 
        "229879+4675800\u001f", 
        "Chttp://www.microsoft.com/pkiops/crl/MicWinProPCA2011_2011-10-19.crl0a", 
        "Ehttp://www.microsoft.com/pkiops/certs/MicWinProPCA2011_2011-10-19.crt0", 
        "Washington1", 
        "Redmond1", 
        "Microsoft Corporation1200", 
        ")Microsoft Root Certificate Authority 20100", 
        "111019184142Z", 
        "261019185142Z0", 
        "Washington1", 
        "Redmond1", 
        "Microsoft Corporation1.0,", 
        "%Microsoft Windows Production PCA 20110", 
        "i\u001f%(\\6", 
        "Ehttp://crl.microsoft.com/pki/crl/products/MicRooCerAut_2010-06-23.crl0Z", 
        ">http://www.microsoft.com/pki/certs/MicRooCerAut_2010-06-23.crt0", 
        "Washington1", 
        "Redmond1", 
        "Microsoft Corporation1.0,", 
        "%Microsoft Windows Production PCA 2011", 
        ",hJUHI4wXKD5bqXtPKz/0Y860n8OCGnZjlPtUItWzki0=0Z", 
        " http://www.microsoft.com/windows0", 
        "j@\"FN~Z", 
        "20220506222128.128Z0", 
        "Washington1", 
        "Redmond1", 
        "Microsoft Corporation1-0+", 
        "$Microsoft Ireland Operations Limited1&0$", 
        "Thales TSS ESN:A240-4B82-130E1%0#", 
        "Microsoft Time-Stamp Service", 
        "Washington1", 
        "Redmond1", 
        "Microsoft Corporation1&0$", 
        "Microsoft Time-Stamp PCA 20100", 
        "211028192745Z", 
        "230126192745Z0", 
        "Washington1", 
        "Redmond1", 
        "Microsoft Corporation1-0+", 
        "$Microsoft Ireland Operations Limited1&0$", 
        "Thales TSS ESN:A240-4B82-130E1%0#", 
        "Microsoft Time-Stamp Service0", 
        ".ITtS)", 
        "!fk51o", 
        "Nhttp://www.microsoft.com/pkiops/crl/Microsoft%20Time-Stamp%20PCA%202010(1).crl0l", 
        "Phttp://www.microsoft.com/pkiops/certs/Microsoft%20Time-Stamp%20PCA%202010(1).crt0", 
        "<Qh{r<", 
        "Washington1", 
        "Redmond1", 
        "Microsoft Corporation1200", 
        ")Microsoft Root Certificate Authority 20100", 
        "210930182225Z", 
        "300930183225Z0|1", 
        "Washington1", 
        "Redmond1", 
        "Microsoft Corporation1&0$", 
        "Microsoft Time-Stamp PCA 20100", 
        "3http://www.microsoft.com/pkiops/Docs/Repository.htm0", 
        "Ehttp://crl.microsoft.com/pki/crl/products/MicRooCerAut_2010-06-23.crl0Z", 
        ">http://www.microsoft.com/pki/certs/MicRooCerAut_2010-06-23.crt0", 
        "as.,k{n?,", 
        "Washington1", 
        "Redmond1", 
        "Microsoft Corporation1-0+", 
        "$Microsoft Ireland Operations Limited1&0$", 
        "Thales TSS ESN:A240-4B82-130E1%0#", 
        "Microsoft Time-Stamp Service", 
        "Washington1", 
        "Redmond1", 
        "Microsoft Corporation1&0$", 
        "Microsoft Time-Stamp PCA 20100", 
        "20220507044727Z", 
        "20220508044727Z0w0=", 
        "Washington1", 
        "Redmond1", 
        "Microsoft Corporation1&0$", 
        "Microsoft Time-Stamp PCA 2010", 
        "Washington1", 
        "Redmond1", 
        "Microsoft Corporation1&0$", 
        "Microsoft Time-Stamp PCA 2010", 
        "T0dkNW", 
        "7khN?#", 
        "operational", 
        "provisioning", 
        "unknown_class", 
        "inactive", 
        "active", 
        "removed", 
        "availableforinstall", 
        "installwindowexpired", 
        "nolongeravailableforinstall", 
        "installnotallowedbypolicy", 
        "unknown_state", 
        "command completed with 0x%08x", 
        "no esims found", 
        "number of esims: %u", 
        "------------------", 
        "slot index=%u", 
        "slot active=%u", 
        "esim %s is not found", 
        "esimid=%s", 
        "esim details", 
        "------------", 
        "firmwareversion=%s", 
        "no profiles found", 
        "number of profiles: %u", 
        "---------------------", 
        "profile %s is not found", 
        "profile details", 
        "---------------", 
        "class=%s", 
        "nickname=%s", 
        "state=%s", 
        "disableprohibited", 
        "deleteprohibited", 
        "policies=%s", 
        "providername=%s", 
        "StringCchCopy failed with 0x%08x", 
        "Unable to create handle", 
        "LuiOpenHandle failed with 0x%08x", 
        "LuiWipeEsim failed with 0x%08x", 
        "LuiEnableProfile failed with 0x%08x", 
        "LuiDisableProfile failed with 0x%08x", 
        "LuiDeleteProfile failed with 0x%08x", 
        "LuiRegisterForLpaNotifications failed with 0x%08x", 
        "LuiRegisterForEsimNotifications failed with 0x%08x", 
        "LuiRegisterForAllProfileNotifications failed with 0x%08x", 
        "WaitForSingleObject failed with 0x%08x", 
        "Usage: esimtool <command> [options]", 
        "  Valid commands:", 
        "    showesims              --  Shows ids of eSIMs present in the system.", 
        "    showesimdetails        --  Shows details of a given eSIM. Should be used with -e option.", 
        "    showprofiles           --  Shows ids of profiles stored in a given eSIM. Should be used with -e option.", 
        "    showprofiledetails     --  Shows details of a given profile. Should be used with -e and -p options.", 
        "    showallprofiledetails  --  Shows all profile details on each eSIM. Can be used with optional -c and -s options.", 
        "    enableprofile          --  Enables a given profile. Should be used with -e and -p options.", 
        "    disableprofile         --  Disables a given profile. Should be used with -e and -p options.", 
        "    deleteprofile          --  Deletes a given profile. Should be used with -e and -p options.", 
        "    resetesim              --  Memory resets a given eSIM. Should be used with -e option.", 
        "  Valid options:", 
        "    -e [esimid]            --  eSIM id.", 
        "    -p [profileid]         --  Profile id.", 
        "    -c [classid]           --  Class id.", 
        "    -s [stateid]           --  State id.", 
        "  Examples:", 
        "    esimtool showesims", 
        "    esimtool resetesim -e 89012345678910000000000001234567", 
        "    esimtool enableprofile -e 89012345678910000000000001234567 -p 89120001234567891234", 
        "    esimtool showallprofiledetails [ -c operational ] [ -s active ]", 
        "Neither manufacturing mode nor audit mode is enabled", 
        "showesims", 
        "showesimdetails", 
        "showprofiles", 
        "showprofiledetails", 
        "showallprofiledetails", 
        "enableprofile", 
        "disableprofile", 
        "deleteprofile", 
        "resetesim", 
        "AuditBoot", 
        "System\\Setup\\Status", 
        "System\\Setup\\Status\\AuditBootVolatile", 
        "advapi32.dll", 
        "api-ms-win-eventing-provider-l1-1-0.dll", 
        "\"Microsoft Window"
    ], 
    "metadata": {
        "output": {
            "pcap": {
                "basename": "dump.pcap", 
                "sha256": "97bed857666190269609fc963edd4d4dda9e529b47c68ae27948141b9f38c765", 
                "dirname": ""
            }
        }
    }
}