{
    "info": {
        "added": 1742631371.642452, 
        "started": 1742631581.129271, 
        "duration": 15, 
        "ended": 1742631596.831081, 
        "owner": null, 
        "score": 0.4, 
        "id": 434, 
        "category": "file", 
        "git": {
            "head": "13cbe0d9e457be3673304533043e992ead1ea9b2", 
            "fetch_head": "13cbe0d9e457be3673304533043e992ead1ea9b2"
        }, 
        "monitor": "2deb9ccd75d5a7a3fe05b2625b03a8639d6ee36b", 
        "package": "exe", 
        "route": "none", 
        "custom": null, 
        "machine": {
            "status": "stopped", 
            "name": "192.168.56.1011", 
            "label": "192.168.56.1011", 
            "manager": "VirtualBox", 
            "started_on": "2025-03-22 08:19:41", 
            "shutdown_on": "2025-03-22 08:19:56"
        }, 
        "platform": "windows", 
        "version": "2.0.7", 
        "options": "procmemdump=yes,route=none"
    }, 
    "signatures": [
        {
            "families": [], 
            "description": "This executable has a PDB path", 
            "severity": 1, 
            "ttp": {}, 
            "markcount": 1, 
            "references": [], 
            "marks": [
                {
                    "category": "pdb_path", 
                    "ioc": "evcreate.pdb", 
                    "type": "ioc", 
                    "description": null
                }
            ], 
            "name": "has_pdb"
        }, 
        {
            "families": [], 
            "description": "The file contains an unknown PE resource name possibly indicative of a packer", 
            "severity": 1, 
            "ttp": {
                "T1045": {
                    "short": "Software Packing", 
                    "long": "Software packing is a method of compressing or encrypting an executable. Packing an executable changes the file signature in an attempt to avoid signature-based detection. Most decompression techniques decompress the executable code in memory."
                }
            }, 
            "markcount": 1, 
            "references": [], 
            "marks": [
                {
                    "category": "resource name", 
                    "ioc": "MUI", 
                    "type": "ioc", 
                    "description": null
                }
            ], 
            "name": "pe_unknown_resource_name"
        }
    ], 
    "target": {
        "category": "file", 
        "file": {
            "yara": [], 
            "sha1": "66ccdad6c810098788a96e53da2f36d3e17850b9", 
            "name": "eventcreate.exe", 
            "type": "PE32 executable (console) Intel 80386, for MS Windows", 
            "sha256": "d1450c40d89d1a250fd19f530cfb3b84b0e2c9d5889bec5e85444ea8ede7d11b", 
            "urls": [], 
            "crc32": "7F4ABB9D", 
            "path": "/home/tesst/.cuckoo/storage/binaries/d1450c40d89d1a250fd19f530cfb3b84b0e2c9d5889bec5e85444ea8ede7d11b", 
            "ssdeep": null, 
            "size": 34816, 
            "sha512": "2c0afb3d58d0235627b0017eb1fd7bf3f62d1d0fd339f7902eb90571074c25a3ddf7df61f16c12485c892de4dde6b3dbde453895bb1193cd7495333703d0bb8e", 
            "md5": "620321fe4ee715f43fd533fad7285bd0"
        }
    }, 
    "network": {
        "tls": [], 
        "udp": [
            {
                "src": "192.168.56.101", 
                "dst": "224.0.0.252", 
                "offset": 1214, 
                "time": 1.2516911029815674, 
                "dport": 5355, 
                "sport": 64614
            }, 
            {
                "src": "192.168.56.101", 
                "dst": "224.0.0.252", 
                "offset": 1534, 
                "time": 1.58449387550354, 
                "dport": 5355, 
                "sport": 65517
            }, 
            {
                "src": "192.168.56.101", 
                "dst": "239.255.255.250", 
                "offset": 1862, 
                "time": 1.4343230724334717, 
                "dport": 1900, 
                "sport": 64617
            }
        ], 
        "dns_servers": [], 
        "http": [], 
        "icmp": [], 
        "smtp": [], 
        "tcp": [], 
        "smtp_ex": [], 
        "mitm": [], 
        "hosts": [], 
        "pcap_sha256": "ff3b45279e3bc125c13f1c4039b83724bb9c7efa4b5a0ac7522b2bd67994bc0d", 
        "dns": [], 
        "http_ex": [], 
        "domains": [], 
        "dead_hosts": [], 
        "sorted_pcap_sha256": "7cf646a0fa1d2a19d10e2b6f8cf3aac1af1d4b5f65c5fbe7cb5ac8ab01765c01", 
        "irc": [], 
        "https_ex": []
    }, 
    "static": {
        "pdb_path": "evcreate.pdb", 
        "pe_imports": [
            {
                "imports": [
                    {
                        "name": "_controlfp", 
                        "address": "0x40818c"
                    }, 
                    {
                        "name": "_except_handler4_common", 
                        "address": "0x408190"
                    }, 
                    {
                        "name": "wcstoul", 
                        "address": "0x408194"
                    }, 
                    {
                        "name": "_initterm", 
                        "address": "0x408198"
                    }, 
                    {
                        "name": "exit", 
                        "address": "0x40819c"
                    }, 
                    {
                        "name": "_exit", 
                        "address": "0x4081a0"
                    }, 
                    {
                        "name": "__set_app_type", 
                        "address": "0x4081a4"
                    }, 
                    {
                        "name": "_cexit", 
                        "address": "0x4081a8"
                    }, 
                    {
                        "name": "__wgetmainargs", 
                        "address": "0x4081ac"
                    }, 
                    {
                        "name": "_amsg_exit", 
                        "address": "0x4081b0"
                    }, 
                    {
                        "name": "__p__commode", 
                        "address": "0x4081b4"
                    }, 
                    {
                        "name": "__p__fmode", 
                        "address": "0x4081b8"
                    }, 
                    {
                        "name": "__iob_func", 
                        "address": "0x4081bc"
                    }, 
                    {
                        "name": "_vsnwprintf", 
                        "address": "0x4081c0"
                    }, 
                    {
                        "name": "wcstok", 
                        "address": "0x4081c4"
                    }, 
                    {
                        "name": "wcstol", 
                        "address": "0x4081c8"
                    }, 
                    {
                        "name": "__setusermatherr", 
                        "address": "0x4081cc"
                    }, 
                    {
                        "name": "wcstod", 
                        "address": "0x4081d0"
                    }, 
                    {
                        "name": "?terminate@@YAXXZ", 
                        "address": "0x4081d4"
                    }, 
                    {
                        "name": "fflush", 
                        "address": "0x4081d8"
                    }, 
                    {
                        "name": "fprintf", 
                        "address": "0x4081dc"
                    }, 
                    {
                        "name": "_get_osfhandle", 
                        "address": "0x4081e0"
                    }, 
                    {
                        "name": "memset", 
                        "address": "0x4081e4"
                    }, 
                    {
                        "name": "_fileno", 
                        "address": "0x4081e8"
                    }, 
                    {
                        "name": "_errno", 
                        "address": "0x4081ec"
                    }, 
                    {
                        "name": "_memicmp", 
                        "address": "0x4081f0"
                    }, 
                    {
                        "name": "_XcptFilter", 
                        "address": "0x4081f4"
                    }
                ], 
                "dll": "msvcrt.dll"
            }, 
            {
                "imports": [
                    {
                        "name": "GetTokenInformation", 
                        "address": "0x408184"
                    }
                ], 
                "dll": "api-ms-win-security-base-l1-1-0.dll"
            }, 
            {
                "imports": [
                    {
                        "name": "RegOpenKeyExW", 
                        "address": "0x408104"
                    }, 
                    {
                        "name": "RegSetValueExW", 
                        "address": "0x408108"
                    }, 
                    {
                        "name": "RegEnumKeyExW", 
                        "address": "0x40810c"
                    }, 
                    {
                        "name": "RegCloseKey", 
                        "address": "0x408110"
                    }, 
                    {
                        "name": "RegQueryValueExW", 
                        "address": "0x408114"
                    }, 
                    {
                        "name": "RegCreateKeyExW", 
                        "address": "0x408118"
                    }
                ], 
                "dll": "api-ms-win-core-registry-l1-1-0.dll"
            }, 
            {
                "imports": [
                    {
                        "name": "ReportEventW", 
                        "address": "0x408174"
                    }, 
                    {
                        "name": "RegisterEventSourceW", 
                        "address": "0x408178"
                    }, 
                    {
                        "name": "DeregisterEventSource", 
                        "address": "0x40817c"
                    }
                ], 
                "dll": "api-ms-win-eventlog-legacy-l1-1-0.dll"
            }, 
            {
                "imports": [
                    {
                        "name": "SetUnhandledExceptionFilter", 
                        "address": "0x408064"
                    }, 
                    {
                        "name": "GetLastError", 
                        "address": "0x408068"
                    }, 
                    {
                        "name": "SetLastError", 
                        "address": "0x40806c"
                    }, 
                    {
                        "name": "UnhandledExceptionFilter", 
                        "address": "0x408070"
                    }
                ], 
                "dll": "api-ms-win-core-errorhandling-l1-1-0.dll"
            }, 
            {
                "imports": [
                    {
                        "name": "GetCurrentProcessId", 
                        "address": "0x4080e0"
                    }, 
                    {
                        "name": "GetCurrentProcess", 
                        "address": "0x4080e4"
                    }, 
                    {
                        "name": "ExitProcess", 
                        "address": "0x4080e8"
                    }, 
                    {
                        "name": "OpenProcessToken", 
                        "address": "0x4080ec"
                    }, 
                    {
                        "name": "GetCurrentThreadId", 
                        "address": "0x4080f0"
                    }, 
                    {
                        "name": "TerminateProcess", 
                        "address": "0x4080f4"
                    }
                ], 
                "dll": "api-ms-win-core-processthreads-l1-1-0.dll"
            }, 
            {
                "imports": [
                    {
                        "name": "RegConnectRegistryW", 
                        "address": "0x408120"
                    }
                ], 
                "dll": "api-ms-win-core-registry-l2-1-0.dll"
            }, 
            {
                "imports": [
                    {
                        "name": "CloseHandle", 
                        "address": "0x408084"
                    }
                ], 
                "dll": "api-ms-win-core-handle-l1-1-0.dll"
            }, 
            {
                "imports": [
                    {
                        "name": "Sleep", 
                        "address": "0x40814c"
                    }
                ], 
                "dll": "api-ms-win-core-synch-l1-2-0.dll"
            }, 
            {
                "imports": [
                    {
                        "name": "GetModuleHandleW", 
                        "address": "0x4080b0"
                    }, 
                    {
                        "name": "GetModuleFileNameW", 
                        "address": "0x4080b4"
                    }, 
                    {
                        "name": "FindStringOrdinal", 
                        "address": "0x4080b8"
                    }
                ], 
                "dll": "api-ms-win-core-libraryloader-l1-2-0.dll"
            }, 
            {
                "imports": [
                    {
                        "name": "QueryPerformanceCounter", 
                        "address": "0x4080fc"
                    }
                ], 
                "dll": "api-ms-win-core-profile-l1-1-0.dll"
            }, 
            {
                "imports": [
                    {
                        "name": "GetComputerNameExW", 
                        "address": "0x408154"
                    }, 
                    {
                        "name": "GetSystemTimeAsFileTime", 
                        "address": "0x408158"
                    }, 
                    {
                        "name": "GetTickCount", 
                        "address": "0x40815c"
                    }
                ], 
                "dll": "api-ms-win-core-sysinfo-l1-1-0.dll"
            }, 
            {
                "imports": [
                    {
                        "name": "RtlVerifyVersionInfo", 
                        "address": "0x408204"
                    }, 
                    {
                        "name": "VerSetConditionMask", 
                        "address": "0x408208"
                    }
                ], 
                "dll": "ntdll.dll"
            }, 
            {
                "imports": [
                    {
                        "name": "WNetCancelConnection2W", 
                        "address": "0x40800c"
                    }, 
                    {
                        "name": "WNetAddConnection2W", 
                        "address": "0x408010"
                    }, 
                    {
                        "name": "WNetGetLastErrorW", 
                        "address": "0x408014"
                    }
                ], 
                "dll": "MPR.dll"
            }, 
            {
                "imports": [
                    {
                        "name": "WSAGetLastError", 
                        "address": "0x408030"
                    }, 
                    {
                        "name": "WSAStartup", 
                        "address": "0x408034"
                    }, 
                    {
                        "name": "GetAddrInfoW", 
                        "address": "0x408038"
                    }, 
                    {
                        "name": "GetNameInfoW", 
                        "address": "0x40803c"
                    }, 
                    {
                        "name": "WSACleanup", 
                        "address": "0x408040"
                    }, 
                    {
                        "name": "FreeAddrInfoW", 
                        "address": "0x408044"
                    }
                ], 
                "dll": "WS2_32.dll"
            }, 
            {
                "imports": [
                    {
                        "name": "GetUserNameExW", 
                        "address": "0x40801c"
                    }
                ], 
                "dll": "SspiCli.dll"
            }, 
            {
                "imports": [
                    {
                        "name": "NetApiBufferFree", 
                        "address": "0x4081fc"
                    }
                ], 
                "dll": "netutils.dll"
            }, 
            {
                "imports": [
                    {
                        "name": "NetServerGetInfo", 
                        "address": "0x408210"
                    }
                ], 
                "dll": "srvcli.dll"
            }, 
            {
                "imports": [
                    {
                        "name": "CloseEventLog", 
                        "address": "0x408000"
                    }, 
                    {
                        "name": "OpenEventLogW", 
                        "address": "0x408004"
                    }
                ], 
                "dll": "ADVAPI32.dll"
            }, 
            {
                "imports": [
                    {
                        "name": "CharUpperW", 
                        "address": "0x408024"
                    }, 
                    {
                        "name": "LoadStringW", 
                        "address": "0x408028"
                    }
                ], 
                "dll": "USER32.dll"
            }, 
            {
                "imports": [
                    {
                        "name": "GetThreadLocale", 
                        "address": "0x4080c0"
                    }, 
                    {
                        "name": "FormatMessageW", 
                        "address": "0x4080c4"
                    }, 
                    {
                        "name": "SetThreadUILanguage", 
                        "address": "0x4080c8"
                    }
                ], 
                "dll": "api-ms-win-core-localization-l1-2-0.dll"
            }, 
            {
                "imports": [
                    {
                        "name": "LocalFree", 
                        "address": "0x4080a8"
                    }
                ], 
                "dll": "api-ms-win-core-heap-l2-1-0.dll"
            }, 
            {
                "imports": [
                    {
                        "name": "CompareStringW", 
                        "address": "0x408130"
                    }, 
                    {
                        "name": "WideCharToMultiByte", 
                        "address": "0x408134"
                    }, 
                    {
                        "name": "MultiByteToWideChar", 
                        "address": "0x408138"
                    }
                ], 
                "dll": "api-ms-win-core-string-l1-1-0.dll"
            }, 
            {
                "imports": [
                    {
                        "name": "StrChrW", 
                        "address": "0x408128"
                    }
                ], 
                "dll": "api-ms-win-core-shlwapi-obsolete-l1-1-0.dll"
            }, 
            {
                "imports": [
                    {
                        "name": "GetFileType", 
                        "address": "0x408078"
                    }, 
                    {
                        "name": "ReadFile", 
                        "address": "0x40807c"
                    }
                ], 
                "dll": "api-ms-win-core-file-l1-1-0.dll"
            }, 
            {
                "imports": [
                    {
                        "name": "SetConsoleMode", 
                        "address": "0x40804c"
                    }, 
                    {
                        "name": "GetConsoleOutputCP", 
                        "address": "0x408050"
                    }, 
                    {
                        "name": "WriteConsoleW", 
                        "address": "0x408054"
                    }, 
                    {
                        "name": "GetConsoleMode", 
                        "address": "0x408058"
                    }, 
                    {
                        "name": "ReadConsoleW", 
                        "address": "0x40805c"
                    }
                ], 
                "dll": "api-ms-win-core-console-l1-1-0.dll"
            }, 
            {
                "imports": [
                    {
                        "name": "GetStdHandle", 
                        "address": "0x4080d8"
                    }
                ], 
                "dll": "api-ms-win-core-processenvironment-l1-1-0.dll"
            }, 
            {
                "imports": [
                    {
                        "name": "lstrlenW", 
                        "address": "0x408140"
                    }, 
                    {
                        "name": "lstrlenA", 
                        "address": "0x408144"
                    }
                ], 
                "dll": "api-ms-win-core-string-obsolete-l1-1-0.dll"
            }, 
            {
                "imports": [
                    {
                        "name": "CompareStringA", 
                        "address": "0x4080d0"
                    }
                ], 
                "dll": "api-ms-win-core-localization-obsolete-l1-2-0.dll"
            }, 
            {
                "imports": [
                    {
                        "name": "HeapReAlloc", 
                        "address": "0x40808c"
                    }, 
                    {
                        "name": "GetProcessHeap", 
                        "address": "0x408090"
                    }, 
                    {
                        "name": "HeapSize", 
                        "address": "0x408094"
                    }, 
                    {
                        "name": "HeapAlloc", 
                        "address": "0x408098"
                    }, 
                    {
                        "name": "HeapFree", 
                        "address": "0x40809c"
                    }, 
                    {
                        "name": "HeapValidate", 
                        "address": "0x4080a0"
                    }
                ], 
                "dll": "api-ms-win-core-heap-l1-1-0.dll"
            }, 
            {
                "imports": [
                    {
                        "name": "VerQueryValueW", 
                        "address": "0x408164"
                    }, 
                    {
                        "name": "GetFileVersionInfoSizeExW", 
                        "address": "0x408168"
                    }, 
                    {
                        "name": "GetFileVersionInfoExW", 
                        "address": "0x40816c"
                    }
                ], 
                "dll": "api-ms-win-core-version-l1-1-0.dll"
            }
        ], 
        "peid_signatures": null, 
        "keys": [], 
        "signature": [], 
        "pe_timestamp": "2051-10-26 05:38:20", 
        "pe_exports": [], 
        "imported_dll_count": 31, 
        "pe_imphash": "9aa2b0ab7dc35fbb1ed0455f25254d9f", 
        "pe_resources": [
            {
                "name": "MUI", 
                "language": "LANG_ENGLISH", 
                "filetype": "data", 
                "sublanguage": "SUBLANG_ENGLISH_US", 
                "offset": "0x0000a7a0", 
                "size": "0x000000d0"
            }, 
            {
                "name": "RT_VERSION", 
                "language": "LANG_ENGLISH", 
                "filetype": "data", 
                "sublanguage": "SUBLANG_ENGLISH_US", 
                "offset": "0x0000a3b8", 
                "size": "0x000003e4"
            }, 
            {
                "name": "RT_MANIFEST", 
                "language": "LANG_ENGLISH", 
                "filetype": "XML 1.0 document, ASCII text, with CRLF line terminators", 
                "sublanguage": "SUBLANG_ENGLISH_US", 
                "offset": "0x0000a0f0", 
                "size": "0x000002c7"
            }
        ], 
        "pe_versioninfo": [
            {
                "name": "LegalCopyright", 
                "value": "\\xa9 Microsoft Corporation. All rights reserved."
            }, 
            {
                "name": "InternalName", 
                "value": "eventcreate.exe"
            }, 
            {
                "name": "FileVersion", 
                "value": "10.0.22621.1 (WinBuild.160101.0800)"
            }, 
            {
                "name": "CompanyName", 
                "value": "Microsoft Corporation"
            }, 
            {
                "name": "ProductName", 
                "value": "Microsoft\\xae Windows\\xae Operating System"
            }, 
            {
                "name": "ProductVersion", 
                "value": "10.0.22621.1"
            }, 
            {
                "name": "FileDescription", 
                "value": "Event Create - Creates a custom event in an event log"
            }, 
            {
                "name": "OriginalFilename", 
                "value": "evcreate.exe"
            }, 
            {
                "name": "Translation", 
                "value": "0x0409 0x04b0"
            }
        ], 
        "pe_sections": [
            {
                "size_of_data": "0x00006000", 
                "virtual_address": "0x00001000", 
                "entropy": 6.234129900063269, 
                "name": ".text", 
                "virtual_size": "0x00005f5c"
            }, 
            {
                "size_of_data": "0x00000200", 
                "virtual_address": "0x00007000", 
                "entropy": 0.5953743197310213, 
                "name": ".data", 
                "virtual_size": "0x00000500"
            }, 
            {
                "size_of_data": "0x00001200", 
                "virtual_address": "0x00008000", 
                "entropy": 4.7805466193974695, 
                "name": ".idata", 
                "virtual_size": "0x0000110e"
            }, 
            {
                "size_of_data": "0x00000a00", 
                "virtual_address": "0x0000a000", 
                "entropy": 3.811058250335362, 
                "name": ".rsrc", 
                "virtual_size": "0x00000870"
            }, 
            {
                "size_of_data": "0x00000600", 
                "virtual_address": "0x0000b000", 
                "entropy": 6.282017937591241, 
                "name": ".reloc", 
                "virtual_size": "0x0000054c"
            }
        ]
    }, 
    "behavior": {
        "generic": [
            {
                "process_path": "C:\\Windows\\System32\\lsass.exe", 
                "process_name": "lsass.exe", 
                "pid": 508, 
                "summary": {}, 
                "first_seen": 1742634971.9375, 
                "ppid": 400
            }
        ], 
        "processes": [
            {
                "process_path": "C:\\Windows\\System32\\lsass.exe", 
                "calls": [], 
                "track": false, 
                "pid": 508, 
                "process_name": "lsass.exe", 
                "command_line": "C:\\Windows\\system32\\lsass.exe", 
                "modules": [
                    {
                        "basename": "lsass.exe", 
                        "imgsize": 49152, 
                        "baseaddr": "0xffc70000", 
                        "filepath": "C:\\Windows\\system32\\lsass.exe"
                    }, 
                    {
                        "basename": "ntdll.dll", 
                        "imgsize": 1740800, 
                        "baseaddr": "0x76dd0000", 
                        "filepath": "C:\\Windows\\SYSTEM32\\ntdll.dll"
                    }, 
                    {
                        "basename": "kernel32.dll", 
                        "imgsize": 1175552, 
                        "baseaddr": "0x76bb0000", 
                        "filepath": "C:\\Windows\\system32\\kernel32.dll"
                    }, 
                    {
                        "basename": "KERNELBASE.dll", 
                        "imgsize": 438272, 
                        "baseaddr": "0x7fefcf80000", 
                        "filepath": "C:\\Windows\\system32\\KERNELBASE.dll"
                    }, 
                    {
                        "basename": "msvcrt.dll", 
                        "imgsize": 651264, 
                        "baseaddr": "0x7fefec80000", 
                        "filepath": "C:\\Windows\\system32\\msvcrt.dll"
                    }, 
                    {
                        "basename": "RPCRT4.dll", 
                        "imgsize": 1232896, 
                        "baseaddr": "0x7fefd2c0000", 
                        "filepath": "C:\\Windows\\system32\\RPCRT4.dll"
                    }, 
                    {
                        "basename": "SspiSrv.dll", 
                        "imgsize": 45056, 
                        "baseaddr": "0x7fefcb60000", 
                        "filepath": "C:\\Windows\\system32\\SspiSrv.dll"
                    }, 
                    {
                        "basename": "lsasrv.dll", 
                        "imgsize": 1470464, 
                        "baseaddr": "0x7fefc9e0000", 
                        "filepath": "C:\\Windows\\system32\\lsasrv.dll"
                    }, 
                    {
                        "basename": "sechost.dll", 
                        "imgsize": 126976, 
                        "baseaddr": "0x7fefea00000", 
                        "filepath": "C:\\Windows\\SYSTEM32\\sechost.dll"
                    }, 
                    {
                        "basename": "SspiCli.dll", 
                        "imgsize": 151552, 
                        "baseaddr": "0x7fefcb80000", 
                        "filepath": "C:\\Windows\\system32\\SspiCli.dll"
                    }, 
                    {
                        "basename": "ADVAPI32.dll", 
                        "imgsize": 897024, 
                        "baseaddr": "0x7fefd480000", 
                        "filepath": "C:\\Windows\\system32\\ADVAPI32.dll"
                    }, 
                    {
                        "basename": "USER32.dll", 
                        "imgsize": 1024000, 
                        "baseaddr": "0x76cd0000", 
                        "filepath": "C:\\Windows\\system32\\USER32.dll"
                    }, 
                    {
                        "basename": "GDI32.dll", 
                        "imgsize": 421888, 
                        "baseaddr": "0x7fefd560000", 
                        "filepath": "C:\\Windows\\system32\\GDI32.dll"
                    }, 
                    {
                        "basename": "LPK.dll", 
                        "imgsize": 57344, 
                        "baseaddr": "0x7fefd830000", 
                        "filepath": "C:\\Windows\\system32\\LPK.dll"
                    }, 
                    {
                        "basename": "USP10.dll", 
                        "imgsize": 823296, 
                        "baseaddr": "0x7feff010000", 
                        "filepath": "C:\\Windows\\system32\\USP10.dll"
                    }, 
                    {
                        "basename": "SAMSRV.dll", 
                        "imgsize": 774144, 
                        "baseaddr": "0x7fefc880000", 
                        "filepath": "C:\\Windows\\system32\\SAMSRV.dll"
                    }, 
                    {
                        "basename": "cryptdll.dll", 
                        "imgsize": 81920, 
                        "baseaddr": "0x7fefc860000", 
                        "filepath": "C:\\Windows\\system32\\cryptdll.dll"
                    }, 
                    {
                        "basename": "MSASN1.dll", 
                        "imgsize": 61440, 
                        "baseaddr": "0x7fefcdc0000", 
                        "filepath": "C:\\Windows\\system32\\MSASN1.dll"
                    }, 
                    {
                        "basename": "wevtapi.dll", 
                        "imgsize": 446464, 
                        "baseaddr": "0x7fefc7f0000", 
                        "filepath": "C:\\Windows\\system32\\wevtapi.dll"
                    }, 
                    {
                        "basename": "IMM32.DLL", 
                        "imgsize": 188416, 
                        "baseaddr": "0x7fefea20000", 
                        "filepath": "C:\\Windows\\system32\\IMM32.DLL"
                    }, 
                    {
                        "basename": "MSCTF.dll", 
                        "imgsize": 1085440, 
                        "baseaddr": "0x7fefed20000", 
                        "filepath": "C:\\Windows\\system32\\MSCTF.dll"
                    }, 
                    {
                        "basename": "cngaudit.dll", 
                        "imgsize": 36864, 
                        "baseaddr": "0x7fefc7b0000", 
                        "filepath": "C:\\Windows\\system32\\cngaudit.dll"
                    }, 
                    {
                        "basename": "AUTHZ.dll", 
                        "imgsize": 192512, 
                        "baseaddr": "0x7fefc780000", 
                        "filepath": "C:\\Windows\\system32\\AUTHZ.dll"
                    }, 
                    {
                        "basename": "ncrypt.dll", 
                        "imgsize": 319488, 
                        "baseaddr": "0x7fefc730000", 
                        "filepath": "C:\\Windows\\system32\\ncrypt.dll"
                    }, 
                    {
                        "basename": "bcrypt.dll", 
                        "imgsize": 139264, 
                        "baseaddr": "0x7fefc700000", 
                        "filepath": "C:\\Windows\\system32\\bcrypt.dll"
                    }, 
                    {
                        "basename": "msprivs.DLL", 
                        "imgsize": 8192, 
                        "baseaddr": "0x74af0000", 
                        "filepath": "C:\\Windows\\system32\\msprivs.DLL"
                    }, 
                    {
                        "basename": "netjoin.dll", 
                        "imgsize": 204800, 
                        "baseaddr": "0x7fefc6c0000", 
                        "filepath": "C:\\Windows\\system32\\netjoin.dll"
                    }, 
                    {
                        "basename": "negoexts.DLL", 
                        "imgsize": 147456, 
                        "baseaddr": "0x7fefc690000", 
                        "filepath": "C:\\Windows\\system32\\negoexts.DLL"
                    }, 
                    {
                        "basename": "Secur32.dll", 
                        "imgsize": 45056, 
                        "baseaddr": "0x7fefc9b0000", 
                        "filepath": "C:\\Windows\\system32\\Secur32.dll"
                    }, 
                    {
                        "basename": "cryptbase.dll", 
                        "imgsize": 61440, 
                        "baseaddr": "0x7fefcc50000", 
                        "filepath": "C:\\Windows\\system32\\cryptbase.dll"
                    }, 
                    {
                        "basename": "kerberos.DLL", 
                        "imgsize": 737280, 
                        "baseaddr": "0x7fefc5d0000", 
                        "filepath": "C:\\Windows\\system32\\kerberos.DLL"
                    }, 
                    {
                        "basename": "CRYPTSP.dll", 
                        "imgsize": 94208, 
                        "baseaddr": "0x7fefc5b0000", 
                        "filepath": "C:\\Windows\\system32\\CRYPTSP.dll"
                    }, 
                    {
                        "basename": "WS2_32.dll", 
                        "imgsize": 315392, 
                        "baseaddr": "0x7fefec30000", 
                        "filepath": "C:\\Windows\\system32\\WS2_32.dll"
                    }, 
                    {
                        "basename": "NSI.dll", 
                        "imgsize": 32768, 
                        "baseaddr": "0x7fefd3f0000", 
                        "filepath": "C:\\Windows\\system32\\NSI.dll"
                    }, 
                    {
                        "basename": "mswsock.dll", 
                        "imgsize": 348160, 
                        "baseaddr": "0x7fefc550000", 
                        "filepath": "C:\\Windows\\system32\\mswsock.dll"
                    }, 
                    {
                        "basename": "wship6.dll", 
                        "imgsize": 28672, 
                        "baseaddr": "0x7fefc540000", 
                        "filepath": "C:\\Windows\\System32\\wship6.dll"
                    }, 
                    {
                        "basename": "msv1_0.DLL", 
                        "imgsize": 331776, 
                        "baseaddr": "0x7fefc4e0000", 
                        "filepath": "C:\\Windows\\system32\\msv1_0.DLL"
                    }, 
                    {
                        "basename": "netlogon.DLL", 
                        "imgsize": 712704, 
                        "baseaddr": "0x7fefc430000", 
                        "filepath": "C:\\Windows\\system32\\netlogon.DLL"
                    }, 
                    {
                        "basename": "DNSAPI.dll", 
                        "imgsize": 372736, 
                        "baseaddr": "0x7fefc3d0000", 
                        "filepath": "C:\\Windows\\system32\\DNSAPI.dll"
                    }, 
                    {
                        "basename": "logoncli.dll", 
                        "imgsize": 196608, 
                        "baseaddr": "0x7fefc3a0000", 
                        "filepath": "C:\\Windows\\system32\\logoncli.dll"
                    }, 
                    {
                        "basename": "schannel.DLL", 
                        "imgsize": 356352, 
                        "baseaddr": "0x7fefc340000", 
                        "filepath": "C:\\Windows\\system32\\schannel.DLL"
                    }, 
                    {
                        "basename": "CRYPT32.dll", 
                        "imgsize": 1470464, 
                        "baseaddr": "0x7fefcdd0000", 
                        "filepath": "C:\\Windows\\system32\\CRYPT32.dll"
                    }, 
                    {
                        "basename": "wdigest.DLL", 
                        "imgsize": 221184, 
                        "baseaddr": "0x7fefc300000", 
                        "filepath": "C:\\Windows\\system32\\wdigest.DLL"
                    }, 
                    {
                        "basename": "rsaenh.dll", 
                        "imgsize": 290816, 
                        "baseaddr": "0x7fefc2b0000", 
                        "filepath": "C:\\Windows\\system32\\rsaenh.dll"
                    }, 
                    {
                        "basename": "tspkg.DLL", 
                        "imgsize": 98304, 
                        "baseaddr": "0x7fefc290000", 
                        "filepath": "C:\\Windows\\system32\\tspkg.DLL"
                    }, 
                    {
                        "basename": "pku2u.DLL", 
                        "imgsize": 282624, 
                        "baseaddr": "0x7fefc240000", 
                        "filepath": "C:\\Windows\\system32\\pku2u.DLL"
                    }, 
                    {
                        "basename": "bcryptprimitives.dll", 
                        "imgsize": 311296, 
                        "baseaddr": "0x7fefc1f0000", 
                        "filepath": "C:\\Windows\\system32\\bcryptprimitives.dll"
                    }, 
                    {
                        "basename": "RpcRtRemote.dll", 
                        "imgsize": 81920, 
                        "baseaddr": "0x7fefcd00000", 
                        "filepath": "C:\\Windows\\system32\\RpcRtRemote.dll"
                    }, 
                    {
                        "basename": "efslsaext.dll", 
                        "imgsize": 73728, 
                        "baseaddr": "0x7fefc1d0000", 
                        "filepath": "C:\\Windows\\system32\\efslsaext.dll"
                    }, 
                    {
                        "basename": "scecli.DLL", 
                        "imgsize": 253952, 
                        "baseaddr": "0x7fefc130000", 
                        "filepath": "C:\\Windows\\system32\\scecli.DLL"
                    }, 
                    {
                        "basename": "credssp.dll", 
                        "imgsize": 40960, 
                        "baseaddr": "0x7fefc1b0000", 
                        "filepath": "C:\\Windows\\system32\\credssp.dll"
                    }, 
                    {
                        "basename": "WINSTA.dll", 
                        "imgsize": 249856, 
                        "baseaddr": "0x7fefcc10000", 
                        "filepath": "C:\\Windows\\system32\\WINSTA.dll"
                    }, 
                    {
                        "basename": "IPHLPAPI.DLL", 
                        "imgsize": 159744, 
                        "baseaddr": "0x7fefbfd0000", 
                        "filepath": "C:\\Windows\\system32\\IPHLPAPI.DLL"
                    }, 
                    {
                        "basename": "WINNSI.DLL", 
                        "imgsize": 45056, 
                        "baseaddr": "0x7fefbfc0000", 
                        "filepath": "C:\\Windows\\system32\\WINNSI.DLL"
                    }, 
                    {
                        "basename": "netutils.dll", 
                        "imgsize": 49152, 
                        "baseaddr": "0x7fefa790000", 
                        "filepath": "C:\\Windows\\system32\\netutils.dll"
                    }, 
                    {
                        "basename": "USERENV.dll", 
                        "imgsize": 122880, 
                        "baseaddr": "0x7fefc060000", 
                        "filepath": "C:\\Windows\\system32\\USERENV.dll"
                    }, 
                    {
                        "basename": "profapi.dll", 
                        "imgsize": 61440, 
                        "baseaddr": "0x7fefcd20000", 
                        "filepath": "C:\\Windows\\system32\\profapi.dll"
                    }, 
                    {
                        "basename": "wshtcpip.dll", 
                        "imgsize": 28672, 
                        "baseaddr": "0x7fefbed0000", 
                        "filepath": "C:\\Windows\\System32\\wshtcpip.dll"
                    }, 
                    {
                        "basename": "monitor-x64.dll", 
                        "imgsize": 2269184, 
                        "baseaddr": "0x744c0000", 
                        "filepath": "C:\\tmpql7zol\\bin\\monitor-x64.dll"
                    }
                ], 
                "time": 0, 
                "tid": 1664, 
                "first_seen": 1742634971.9375, 
                "ppid": 400, 
                "type": "process"
            }
        ], 
        "processtree": [
            {
                "track": false, 
                "pid": 508, 
                "process_name": "lsass.exe", 
                "command_line": "C:\\Windows\\system32\\lsass.exe", 
                "first_seen": 1742634971.9375, 
                "ppid": 400, 
                "children": []
            }
        ]
    }, 
    "debug": {
        "action": [], 
        "dbgview": [], 
        "errors": [], 
        "log": [
            "2025-03-22 08:16:11,015 [analyzer] DEBUG: Starting analyzer from: C:\\tmpql7zol\n", 
            "2025-03-22 08:16:11,015 [analyzer] DEBUG: Pipe server name: \\??\\PIPE\\MZvRQUCVaZZFByTQy\n", 
            "2025-03-22 08:16:11,015 [analyzer] DEBUG: Log pipe server name: \\??\\PIPE\\gAouhJMNlrJZbURhVDjhFzmxykf\n", 
            "2025-03-22 08:16:11,171 [analyzer] DEBUG: Started auxiliary module DbgView\n", 
            "2025-03-22 08:16:11,703 [analyzer] DEBUG: Started auxiliary module Disguise\n", 
            "2025-03-22 08:16:12,000 [analyzer] DEBUG: Loaded monitor into process with pid 508\n", 
            "2025-03-22 08:16:12,000 [analyzer] DEBUG: Started auxiliary module DumpTLSMasterSecrets\n", 
            "2025-03-22 08:16:12,000 [analyzer] DEBUG: Started auxiliary module Human\n", 
            "2025-03-22 08:16:12,015 [analyzer] DEBUG: Started auxiliary module InstallCertificate\n", 
            "2025-03-22 08:16:12,015 [analyzer] DEBUG: Started auxiliary module Reboot\n", 
            "2025-03-22 08:16:12,171 [analyzer] DEBUG: Started auxiliary module RecentFiles\n", 
            "2025-03-22 08:16:12,171 [analyzer] DEBUG: Started auxiliary module Screenshots\n", 
            "2025-03-22 08:16:12,171 [analyzer] DEBUG: Started auxiliary module LoadZer0m0n\n", 
            "2025-03-22 08:16:12,171 [modules.auxiliary.screenshots] INFO: Python Image Library (either PIL or Pillow) is not installed, screenshots are disabled.\n", 
            "2025-03-22 08:16:12,233 [lib.api.process] ERROR: Failed to execute process from path u'C:\\\\Users\\\\ADMINI~1\\\\AppData\\\\Local\\\\Temp\\\\eventcreate.exe' with arguments ['bin\\\\inject-x86.exe', '--app', u'C:\\\\Users\\\\ADMINI~1\\\\AppData\\\\Local\\\\Temp\\\\eventcreate.exe', '--only-start', '--curdir', 'C:\\\\Users\\\\ADMINI~1\\\\AppData\\\\Local\\\\Temp'] (Error: Command '['bin\\\\inject-x86.exe', '--app', u'C:\\\\Users\\\\ADMINI~1\\\\AppData\\\\Local\\\\Temp\\\\eventcreate.exe', '--only-start', '--curdir', 'C:\\\\Users\\\\ADMINI~1\\\\AppData\\\\Local\\\\Temp']' returned non-zero exit status 1)\n"
        ], 
        "cuckoo": [
            "2025-03-22 08:19:41,242 [cuckoo.core.scheduler] INFO: Task #434: acquired machine 192.168.56.1011 (label=192.168.56.1011)\n", 
            "2025-03-22 08:19:41,242 [cuckoo.core.resultserver] DEBUG: Now tracking machine 192.168.56.101 for task #434\n", 
            "2025-03-22 08:19:41,242 [cuckoo.core.plugins] DEBUG: Started auxiliary module: Replay\n", 
            "2025-03-22 08:19:41,254 [cuckoo.auxiliary.sniffer] INFO: Started sniffer with PID 60593 (interface=vboxnet0, host=192.168.56.101)\n", 
            "2025-03-22 08:19:41,254 [cuckoo.core.plugins] DEBUG: Started auxiliary module: Sniffer\n", 
            "2025-03-22 08:19:41,297 [cuckoo.machinery.virtualbox] DEBUG: Starting vm 192.168.56.1011\n", 
            "2025-03-22 08:19:41,387 [cuckoo.machinery.virtualbox] DEBUG: Restoring virtual machine 192.168.56.1011 to its current snapshot\n", 
            "2025-03-22 08:19:43,514 [cuckoo.core.guest] INFO: Starting analysis #434 on guest (id=192.168.56.1011, ip=192.168.56.101)\n", 
            "2025-03-22 08:19:44,516 [cuckoo.core.guest] DEBUG: 192.168.56.1011: not ready yet\n", 
            "2025-03-22 08:19:45,519 [cuckoo.core.guest] DEBUG: 192.168.56.1011: not ready yet\n", 
            "2025-03-22 08:19:46,522 [cuckoo.core.guest] DEBUG: 192.168.56.1011: not ready yet\n", 
            "2025-03-22 08:19:46,534 [cuckoo.core.guest] INFO: Guest is running Cuckoo Agent 0.10 (id=192.168.56.1011, ip=192.168.56.101)\n", 
            "2025-03-22 08:19:46,584 [cuckoo.core.guest] DEBUG: Uploading analyzer to guest (id=192.168.56.1011, ip=192.168.56.101, monitor=latest, size=3884763)\n", 
            "2025-03-22 08:19:47,289 [cuckoo.core.resultserver] DEBUG: Task #434: live log analysis.log initialized.\n", 
            "2025-03-22 08:19:48,337 [cuckoo.core.resultserver] DEBUG: Task #434 is sending a BSON stream\n", 
            "2025-03-22 08:19:49,004 [cuckoo.core.guest] WARNING: 192.168.56.1011: analysis #434 caught an exception\n", 
            "Traceback (most recent call last):\n", 
            "  File \"C:/tmpql7zol/analyzer.py\", line 808, in <module>\n", 
            "    success = analyzer.run()\n", 
            "  File \"C:/tmpql7zol/analyzer.py\", line 657, in run\n", 
            "    pids = self.package.start(self.target)\n", 
            "  File \"C:\\tmpql7zol\\modules\\packages\\exe.py\", line 23, in start\n", 
            "    return self.execute(path, args=shlex.split(args))\n", 
            "  File \"C:\\tmpql7zol\\lib\\common\\abstracts.py\", line 166, in execute\n", 
            "    \"Unable to execute the initial process, analysis aborted.\"\n", 
            "CuckooPackageError: Unable to execute the initial process, analysis aborted.\n", 
            "\n", 
            "2025-03-22 08:19:49,009 [cuckoo.core.plugins] DEBUG: Stopped auxiliary module: Replay\n", 
            "2025-03-22 08:19:49,049 [cuckoo.core.plugins] DEBUG: Stopped auxiliary module: Sniffer\n", 
            "2025-03-22 08:19:55,331 [cuckoo.machinery.virtualbox] INFO: Successfully generated memory dump for virtual machine with label 192.168.56.1011 to path /home/tesst/.cuckoo/storage/analyses/434/memory.dmp\n", 
            "2025-03-22 08:19:55,332 [cuckoo.machinery.virtualbox] DEBUG: Stopping vm 192.168.56.1011\n", 
            "2025-03-22 08:19:56,822 [cuckoo.core.resultserver] DEBUG: Stopped tracking machine 192.168.56.101 for task #434\n", 
            "2025-03-22 08:19:56,822 [cuckoo.core.resultserver] DEBUG: Cancel <Context for LOG> for task 434\n", 
            "2025-03-22 08:19:56,825 [cuckoo.core.scheduler] DEBUG: Released database task #434\n", 
            "2025-03-22 08:19:56,849 [cuckoo.core.plugins] DEBUG: Executed processing module \"AnalysisInfo\" for task #434\n", 
            "2025-03-22 08:19:56,851 [cuckoo.core.plugins] DEBUG: Executed processing module \"BehaviorAnalysis\" for task #434\n", 
            "2025-03-22 08:19:56,851 [cuckoo.core.plugins] DEBUG: Executed processing module \"Dropped\" for task #434\n", 
            "2025-03-22 08:19:56,851 [cuckoo.core.plugins] DEBUG: Executed processing module \"DroppedBuffer\" for task #434\n", 
            "2025-03-22 08:19:56,852 [cuckoo.core.plugins] DEBUG: Executed processing module \"MetaInfo\" for task #434\n", 
            "2025-03-22 08:19:56,852 [cuckoo.core.plugins] DEBUG: Executed processing module \"ProcessMemory\" for task #434\n", 
            "2025-03-22 08:19:56,852 [cuckoo.core.plugins] DEBUG: Executed processing module \"Procmon\" for task #434\n", 
            "2025-03-22 08:19:56,852 [cuckoo.core.plugins] DEBUG: Executed processing module \"Screenshots\" for task #434\n", 
            "2025-03-22 08:19:57,038 [cuckoo.core.plugins] DEBUG: Executed processing module \"Static\" for task #434\n", 
            "2025-03-22 08:19:57,040 [cuckoo.core.plugins] DEBUG: Executed processing module \"Strings\" for task #434\n", 
            "2025-03-22 08:19:57,042 [cuckoo.cor"
        ]
    }, 
    "strings": [
        "!This program cannot be run in DOS mode.", 
        "`.data", 
        ".idata", 
        "@.rsrc", 
        "@.reloc", 
        "PARSER2", 
        "BUFFER", 
        "PARSER2", 
        "evcreate.pdb", 
        ".rdata$brc", 
        ".CRT$XCA", 
        ".CRT$XCAA", 
        ".CRT$XCZ", 
        ".CRT$XIA", 
        ".CRT$XIAA", 
        ".CRT$XIY", 
        ".CRT$XIZ", 
        ".gfids", 
        ".rdata", 
        ".rdata$sxdata", 
        ".rdata$voltmd", 
        ".rdata$zzzdbg", 
        ".text$mn", 
        ".xdata$x", 
        ".idata$5", 
        ".00cfg", 
        ".idata$2", 
        ".idata$3", 
        ".idata$4", 
        ".idata$6", 
        ".rsrc$01", 
        ".rsrc$02", 
        "D$@PRRR", 
        "D$@PRRR", 
        "D$@PRRR", 
        "ul9\\$,", 
        "tiSjgZ", 
        "WWWWVPW", 
        "D$@SVW", 
        "L$L_^[3", 
        "tiQQj|Z", 
        "L$$;L$(", 
        "_XcptFilter", 
        "__p__commode", 
        "_amsg_exit", 
        "__wgetmainargs", 
        "__set_app_type", 
        "_cexit", 
        "__p__fmode", 
        "__setusermatherr", 
        "_initterm", 
        "?terminate@@YAXXZ", 
        "msvcrt.dll", 
        "_controlfp", 
        "_except_handler4_common", 
        "GetTokenInformation", 
        "RegQueryValueExW", 
        "ReportEventW", 
        "RegisterEventSourceW", 
        "SetLastError", 
        "GetCurrentProcess", 
        "RegConnectRegistryW", 
        "RegOpenKeyExW", 
        "OpenProcessToken", 
        "RegSetValueExW", 
        "RegEnumKeyExW", 
        "GetLastError", 
        "RegCreateKeyExW", 
        "CloseHandle", 
        "RegCloseKey", 
        "DeregisterEventSource", 
        "SetUnhandledExceptionFilter", 
        "GetModuleHandleW", 
        "QueryPerformanceCounter", 
        "GetCurrentProcessId", 
        "GetCurrentThreadId", 
        "GetSystemTimeAsFileTime", 
        "GetTickCount", 
        "UnhandledExceptionFilter", 
        "TerminateProcess", 
        "api-ms-win-security-base-l1-1-0.dll", 
        "api-ms-win-core-registry-l1-1-0.dll", 
        "api-ms-win-eventlog-legacy-l1-1-0.dll", 
        "api-ms-win-core-errorhandling-l1-1-0.dll", 
        "api-ms-win-core-processthreads-l1-1-0.dll", 
        "api-ms-win-core-registry-l2-1-0.dll", 
        "api-ms-win-core-handle-l1-1-0.dll", 
        "api-ms-win-core-synch-l1-2-0.dll", 
        "api-ms-win-core-libraryloader-l1-2-0.dll", 
        "api-ms-win-core-profile-l1-1-0.dll", 
        "api-ms-win-core-sysinfo-l1-1-0.dll", 
        "VerSetConditionMask", 
        "RtlVerifyVersionInfo", 
        "ntdll.dll", 
        "WNetGetLastErrorW", 
        "WNetAddConnection2W", 
        "WNetCancelConnection2W", 
        "MPR.dll", 
        "GetAddrInfoW", 
        "GetNameInfoW", 
        "FreeAddrInfoW", 
        "WS2_32.dll", 
        "GetUserNameExW", 
        "SspiCli.dll", 
        "NetApiBufferFree", 
        "netutils.dll", 
        "NetServerGetInfo", 
        "srvcli.dll", 
        "OpenEventLogW", 
        "CloseEventLog", 
        "ADVAPI32.dll", 
        "LoadStringW", 
        "CharUpperW", 
        "USER32.dll", 
        "__iob_func", 
        "_memicmp", 
        "_vsnwprintf", 
        "_errno", 
        "wcstod", 
        "wcstol", 
        "wcstoul", 
        "_fileno", 
        "_get_osfhandle", 
        "fprintf", 
        "fflush", 
        "wcstok", 
        "SetThreadUILanguage", 
        "FormatMessageW", 
        "LocalFree", 
        "FindStringOrdinal", 
        "WideCharToMultiByte", 
        "StrChrW", 
        "GetFileType", 
        "GetConsoleMode", 
        "GetStdHandle", 
        "lstrlenA", 
        "lstrlenW", 
        "CompareStringW", 
        "GetThreadLocale", 
        "CompareStringA", 
        "WriteConsoleW", 
        "ExitProcess", 
        "GetConsoleOutputCP", 
        "MultiByteToWideChar", 
        "SetConsoleMode", 
        "ReadFile", 
        "ReadConsoleW", 
        "GetProcessHeap", 
        "HeapFree", 
        "HeapValidate", 
        "HeapAlloc", 
        "HeapReAlloc", 
        "HeapSize", 
        "GetComputerNameExW", 
        "GetModuleFileNameW", 
        "GetFileVersionInfoSizeExW", 
        "GetFileVersionInfoExW", 
        "VerQueryValueW", 
        "api-ms-win-core-localization-l1-2-0.dll", 
        "api-ms-win-core-heap-l2-1-0.dll", 
        "api-ms-win-core-string-l1-1-0.dll", 
        "api-ms-win-core-shlwapi-obsolete-l1-1-0.dll", 
        "api-ms-win-core-file-l1-1-0.dll", 
        "api-ms-win-core-console-l1-1-0.dll", 
        "api-ms-win-core-processenvironment-l1-1-0.dll", 
        "api-ms-win-core-string-obsolete-l1-1-0.dll", 
        "api-ms-win-core-localization-obsolete-l1-2-0.dll", 
        "api-ms-win-core-heap-l1-1-0.dll", 
        "api-ms-win-core-version-l1-1-0.dll", 
        "memset", 
        "<?xml version=\"1.0\" encoding=\"UTF-8\" standalone=\"yes\"?>", 
        "<!-- Copyright (c) Microsoft Corporation -->", 
        "<assembly xmlns=\"urn:schemas-microsoft-com:asm.v1\" manifestVersion=\"1.0\">", 
        "<assemblyIdentity", 
        "    version=\"5.1.0.0\"", 
        "    processorArchitecture=\"x86\"", 
        "    name=\"Microsoft.Windows.Cmdline.EventCreate\"", 
        "    type=\"win32\"", 
        "<description>Event Create - Creates a custom event in an event log</description>", 
        "<trustInfo xmlns=\"urn:schemas-microsoft-com:asm.v3\">", 
        "    <security>", 
        "        <requestedPrivileges>", 
        "            <requestedExecutionLevel", 
        "                level=\"asInvoker\"", 
        "                uiAccess=\"false\"", 
        "            />", 
        "        </requestedPrivileges>", 
        "    </security>", 
        "</trustInfo>", 
        "</assembly>", 
        "0D0H0P0X0", 
        ":&:=:D:^:d:", 
        "1 1D1M1X1f1", 
        "1#2T2p2", 
        "3!3@3\\3", 
        "41484^4", 
        "6?6O6]6", 
        "8\"828A8o8u8", 
        "8+9m9t9", 
        "9D:]:p:|:", 
        ":@;L;z;", 
        "='>2>>>O>p>|>", 
        ">,?8?W?t?", 
        ":0H0U0a0", 
        "1\u001f1>1J1", 
        "2'2N2^2", 
        "4#4/4L4V4d4", 
        "4+5Z5g5", 
        "62797D7P7u7", 
        "9X9l9w9~9", 
        "<$<V<f<s<", 
        "=M=o=v=}=", 
        ">\u001f>&>8>A>]>d>s>", 
        "?$?0?A?R?^?f?x?", 
        "20J0T0`0", 
        "3$3O3^3s3y3", 
        "3?4K4Q4z4", 
        "7T7^7j7", 
        "9A9V9m9", 
        ":N:Z:i:", 
        "=)=4=C=|=", 
        "=%>:>A>|>", 
        "?$?-?V?b?r?", 
        "0*0O0_0~0", 
        "1&353B3F3J3N3R3V3Z3^3b3f3", 
        "7C7A8T8y8", 
        "5(646:6A6J6P6X6^6k6s6y6", 
        "7%7-72777Y7_7f7k7x7", 
        "8\"8'8g8", 
        "9Y9q9w9", 
        "<.<C<R<Z<s<", 
        "=$=-=8=?=W=]=c=i=o=u=|=", 
        ">#>)>5>E>N>a>", 
        "?4?8?T?X?", 
        "SYSTEM\\CurrentControlSet\\Services\\EventLog", 
        "%s\\%s\\%s", 
        "CustomSource", 
        "%SystemRoot%\\System32\\EventCreate.exe", 
        "EventMessageFile", 
        "TypesSupported", 
        "|error|information|warning|success", 
        "security", 
        "SUCCESS", 
        "WARNING", 
        "INFORMATION", 
        "localhost", 
        " \\/[]:|<>+=;,?$#()!@^\"`{}*%", 
        "\\\\%s\\%s", 
        "\\VarFileInfo\\Translation", 
        "\\StringFileInfo\\%04x%04x\\InternalName", 
        "Application", 
        "EventCreate", 
        "VS_VERSION_INFO", 
        "StringFileInfo", 
        "040904B0", 
        "CompanyName", 
        "Microsoft Corporation", 
        "FileDescription", 
        "Event Create - Creates a custom event in an event log", 
        "FileVersion", 
        "10.0.22621.1 (WinBuild.160101.0800)", 
        "InternalName", 
        "eventcreate.exe", 
        "LegalCopyright", 
        " Microsoft Corporation. All rights reserved.", 
        "OriginalFilename", 
        "evcreate.exe", 
        "ProductName", 
        "Microsoft", 
        " Windows", 
        " Operating System", 
        "ProductVersion", 
        "10.0.22621.1", 
        "VarFileInfo", 
        "Translation"
    ], 
    "metadata": {
        "output": {
            "pcap": {
                "basename": "dump.pcap", 
                "sha256": "ff3b45279e3bc125c13f1c4039b83724bb9c7efa4b5a0ac7522b2bd67994bc0d", 
                "dirname": ""
            }
        }
    }
}