{
    "info": {
        "added": 1742631371.66442, 
        "started": 1742631597.310797, 
        "duration": 18, 
        "ended": 1742631616.246638, 
        "owner": null, 
        "score": 0.8, 
        "id": 435, 
        "category": "file", 
        "git": {
            "head": "13cbe0d9e457be3673304533043e992ead1ea9b2", 
            "fetch_head": "13cbe0d9e457be3673304533043e992ead1ea9b2"
        }, 
        "monitor": "2deb9ccd75d5a7a3fe05b2625b03a8639d6ee36b", 
        "package": "exe", 
        "route": "none", 
        "custom": null, 
        "machine": {
            "status": "stopped", 
            "name": "192.168.56.1011", 
            "label": "192.168.56.1011", 
            "manager": "VirtualBox", 
            "started_on": "2025-03-22 08:19:57", 
            "shutdown_on": "2025-03-22 08:20:16"
        }, 
        "platform": "windows", 
        "version": "2.0.7", 
        "options": "procmemdump=yes,route=none"
    }, 
    "signatures": [
        {
            "families": [], 
            "description": "This executable has a PDB path", 
            "severity": 1, 
            "ttp": {}, 
            "markcount": 1, 
            "references": [], 
            "marks": [
                {
                    "category": "pdb_path", 
                    "ioc": "eventvwr.pdb", 
                    "type": "ioc", 
                    "description": null
                }
            ], 
            "name": "has_pdb"
        }, 
        {
            "families": [], 
            "description": "The file contains an unknown PE resource name possibly indicative of a packer", 
            "severity": 1, 
            "ttp": {
                "T1045": {
                    "short": "Software Packing", 
                    "long": "Software packing is a method of compressing or encrypting an executable. Packing an executable changes the file signature in an attempt to avoid signature-based detection. Most decompression techniques decompress the executable code in memory."
                }
            }, 
            "markcount": 1, 
            "references": [], 
            "marks": [
                {
                    "category": "resource name", 
                    "ioc": "MUI", 
                    "type": "ioc", 
                    "description": null
                }
            ], 
            "name": "pe_unknown_resource_name"
        }, 
        {
            "families": [], 
            "description": "The binary likely contains encrypted or compressed data indicative of a packer", 
            "severity": 2, 
            "ttp": {
                "T1045": {
                    "short": "Software Packing", 
                    "long": "Software packing is a method of compressing or encrypting an executable. Packing an executable changes the file signature in an attempt to avoid signature-based detection. Most decompression techniques decompress the executable code in memory."
                }
            }, 
            "markcount": 2, 
            "references": [
                "http://www.forensickb.com/2013/03/file-entropy-explained.html", 
                "http://virii.es/U/Using%20Entropy%20Analysis%20to%20Find%20Encrypted%20and%20Packed%20Malware.pdf"
            ], 
            "marks": [
                {
                    "entropy": 6.9659649238898105, 
                    "section": {
                        "size_of_data": "0x00010c00", 
                        "virtual_address": "0x00005000", 
                        "entropy": 6.9659649238898105, 
                        "name": ".rsrc", 
                        "virtual_size": "0x00010b90"
                    }, 
                    "type": "generic", 
                    "description": "A section with a high entropy has been found"
                }, 
                {
                    "entropy": 0.8535031847133758, 
                    "type": "generic", 
                    "description": "Overall entropy of this PE file is high"
                }
            ], 
            "name": "packer_entropy"
        }
    ], 
    "target": {
        "category": "file", 
        "file": {
            "yara": [], 
            "sha1": "7cefff5f41b071d5d35984b9a262cb016c7c390a", 
            "name": "eventvwr.exe", 
            "type": "PE32 executable (GUI) Intel 80386, for MS Windows", 
            "sha256": "e2ba473a415fb4c5df2bd3e90157f92b7ded93b2cf7b95e82764dcc887816593", 
            "urls": [], 
            "crc32": "EA8BECE8", 
            "path": "/home/tesst/.cuckoo/storage/binaries/e2ba473a415fb4c5df2bd3e90157f92b7ded93b2cf7b95e82764dcc887816593", 
            "ssdeep": null, 
            "size": 81408, 
            "sha512": "8f174c8720a57655291f7f926302813054be86dd33500987ab5018f0ea5d30cf538221b4484a495fd26251ecdf38de5b96fb5f7788f33bad4120c8e0494cccc5", 
            "md5": "80c085f7fda810cca723749e4a8daa64"
        }
    }, 
    "network": {
        "tls": [], 
        "udp": [
            {
                "src": "192.168.56.101", 
                "dst": "224.0.0.252", 
                "offset": 1214, 
                "time": 1.7977910041809082, 
                "dport": 5355, 
                "sport": 64412
            }, 
            {
                "src": "192.168.56.101", 
                "dst": "224.0.0.252", 
                "offset": 1542, 
                "time": 0.09327983856201172, 
                "dport": 5355, 
                "sport": 64614
            }, 
            {
                "src": "192.168.56.101", 
                "dst": "224.0.0.252", 
                "offset": 1870, 
                "time": 1.259911060333252, 
                "dport": 5355, 
                "sport": 65517
            }, 
            {
                "src": "192.168.56.101", 
                "dst": "239.255.255.250", 
                "offset": 2190, 
                "time": 1.4476430416107178, 
                "dport": 1900, 
                "sport": 65520
            }
        ], 
        "dns_servers": [], 
        "http": [], 
        "icmp": [], 
        "smtp": [], 
        "tcp": [], 
        "smtp_ex": [], 
        "mitm": [], 
        "hosts": [], 
        "pcap_sha256": "ce2200f6f7aa326c85217d600d90dee989a04c28a44b90bcf9276d83f61119bc", 
        "dns": [], 
        "http_ex": [], 
        "domains": [], 
        "dead_hosts": [], 
        "sorted_pcap_sha256": "47c3e6dc8db6869a8169ac9945894137f813e0f51b8decebcdc39ea43571c0e3", 
        "irc": [], 
        "https_ex": []
    }, 
    "static": {
        "pdb_path": "eventvwr.pdb", 
        "pe_imports": [
            {
                "imports": [
                    {
                        "name": "GetModuleHandleW", 
                        "address": "0x404000"
                    }, 
                    {
                        "name": "FormatMessageW", 
                        "address": "0x404004"
                    }, 
                    {
                        "name": "LocalFree", 
                        "address": "0x404008"
                    }, 
                    {
                        "name": "GetLastError", 
                        "address": "0x40400c"
                    }, 
                    {
                        "name": "HeapSetInformation", 
                        "address": "0x404010"
                    }, 
                    {
                        "name": "GetSystemDirectoryW", 
                        "address": "0x404014"
                    }, 
                    {
                        "name": "GetCommandLineW", 
                        "address": "0x404018"
                    }, 
                    {
                        "name": "CreateFileW", 
                        "address": "0x40401c"
                    }, 
                    {
                        "name": "CloseHandle", 
                        "address": "0x404020"
                    }, 
                    {
                        "name": "CreateProcessW", 
                        "address": "0x404024"
                    }, 
                    {
                        "name": "UnhandledExceptionFilter", 
                        "address": "0x404028"
                    }, 
                    {
                        "name": "GetTickCount", 
                        "address": "0x40402c"
                    }, 
                    {
                        "name": "GetSystemTimeAsFileTime", 
                        "address": "0x404030"
                    }, 
                    {
                        "name": "GetCurrentThreadId", 
                        "address": "0x404034"
                    }, 
                    {
                        "name": "GetCurrentProcessId", 
                        "address": "0x404038"
                    }, 
                    {
                        "name": "QueryPerformanceCounter", 
                        "address": "0x40403c"
                    }, 
                    {
                        "name": "SetUnhandledExceptionFilter", 
                        "address": "0x404040"
                    }, 
                    {
                        "name": "Sleep", 
                        "address": "0x404044"
                    }, 
                    {
                        "name": "TerminateProcess", 
                        "address": "0x404048"
                    }, 
                    {
                        "name": "GetCurrentProcess", 
                        "address": "0x40404c"
                    }
                ], 
                "dll": "KERNEL32.dll"
            }, 
            {
                "imports": [
                    {
                        "name": "SendMessageW", 
                        "address": "0x404064"
                    }, 
                    {
                        "name": "EndDialog", 
                        "address": "0x404068"
                    }, 
                    {
                        "name": "WaitForInputIdle", 
                        "address": "0x40406c"
                    }, 
                    {
                        "name": "DialogBoxParamW", 
                        "address": "0x404070"
                    }, 
                    {
                        "name": "EnableWindow", 
                        "address": "0x404074"
                    }, 
                    {
                        "name": "GetWindowLongW", 
                        "address": "0x404078"
                    }, 
                    {
                        "name": "SetWindowLongW", 
                        "address": "0x40407c"
                    }, 
                    {
                        "name": "LoadIconW", 
                        "address": "0x404080"
                    }, 
                    {
                        "name": "DestroyWindow", 
                        "address": "0x404084"
                    }, 
                    {
                        "name": "ShowWindow", 
                        "address": "0x404088"
                    }, 
                    {
                        "name": "SetWindowTextW", 
                        "address": "0x40408c"
                    }, 
                    {
                        "name": "GetDlgItem", 
                        "address": "0x404090"
                    }, 
                    {
                        "name": "LoadStringW", 
                        "address": "0x404094"
                    }, 
                    {
                        "name": "SendDlgItemMessageW", 
                        "address": "0x404098"
                    }
                ], 
                "dll": "USER32.dll"
            }, 
            {
                "imports": [
                    {
                        "name": "__setusermatherr", 
                        "address": "0x4040a0"
                    }, 
                    {
                        "name": "_initterm", 
                        "address": "0x4040a4"
                    }, 
                    {
                        "name": "?terminate@@YAXXZ", 
                        "address": "0x4040a8"
                    }, 
                    {
                        "name": "_controlfp", 
                        "address": "0x4040ac"
                    }, 
                    {
                        "name": "_except_handler4_common", 
                        "address": "0x4040b0"
                    }, 
                    {
                        "name": "_exit", 
                        "address": "0x4040b4"
                    }, 
                    {
                        "name": "exit", 
                        "address": "0x4040b8"
                    }, 
                    {
                        "name": "__set_app_type", 
                        "address": "0x4040bc"
                    }, 
                    {
                        "name": "__getmainargs", 
                        "address": "0x4040c0"
                    }, 
                    {
                        "name": "_amsg_exit", 
                        "address": "0x4040c4"
                    }, 
                    {
                        "name": "__p__commode", 
                        "address": "0x4040c8"
                    }, 
                    {
                        "name": "_XcptFilter", 
                        "address": "0x4040cc"
                    }, 
                    {
                        "name": "_callnewh", 
                        "address": "0x4040d0"
                    }, 
                    {
                        "name": "free", 
                        "address": "0x4040d4"
                    }, 
                    {
                        "name": "_vsnwprintf", 
                        "address": "0x4040d8"
                    }, 
                    {
                        "name": "_cexit", 
                        "address": "0x4040dc"
                    }, 
                    {
                        "name": "__p__fmode", 
                        "address": "0x4040e0"
                    }, 
                    {
                        "name": "malloc", 
                        "address": "0x4040e4"
                    }, 
                    {
                        "name": "memset", 
                        "address": "0x4040e8"
                    }
                ], 
                "dll": "msvcrt.dll"
            }, 
            {
                "imports": [
                    {
                        "name": "CommandLineToArgvW", 
                        "address": "0x404054"
                    }
                ], 
                "dll": "SHELL32.dll"
            }, 
            {
                "imports": [
                    {
                        "name": "StrCmpNIW", 
                        "address": "0x40405c"
                    }
                ], 
                "dll": "SHLWAPI.dll"
            }
        ], 
        "peid_signatures": null, 
        "keys": [], 
        "signature": [], 
        "pe_timestamp": "1994-03-18 05:37:33", 
        "pe_exports": [], 
        "imported_dll_count": 5, 
        "pe_imphash": "85cf1d98c00bbd03929b3a386b38c29c", 
        "pe_resources": [
            {
                "name": "MUI", 
                "language": "LANG_ENGLISH", 
                "filetype": "data", 
                "sublanguage": "SUBLANG_ENGLISH_US", 
                "offset": "0x00015ab0", 
                "size": "0x000000e0"
            }, 
            {
                "name": "RT_ICON", 
                "language": "LANG_ENGLISH", 
                "filetype": "GLS_BINARY_LSB_FIRST", 
                "sublanguage": "SUBLANG_ENGLISH_US", 
                "offset": "0x000151e0", 
                "size": "0x00000468"
            }, 
            {
                "name": "RT_ICON", 
                "language": "LANG_ENGLISH", 
                "filetype": "GLS_BINARY_LSB_FIRST", 
                "sublanguage": "SUBLANG_ENGLISH_US", 
                "offset": "0x000151e0", 
                "size": "0x00000468"
            }, 
            {
                "name": "RT_ICON", 
                "language": "LANG_ENGLISH", 
                "filetype": "GLS_BINARY_LSB_FIRST", 
                "sublanguage": "SUBLANG_ENGLISH_US", 
                "offset": "0x000151e0", 
                "size": "0x00000468"
            }, 
            {
                "name": "RT_ICON", 
                "language": "LANG_ENGLISH", 
                "filetype": "GLS_BINARY_LSB_FIRST", 
                "sublanguage": "SUBLANG_ENGLISH_US", 
                "offset": "0x000151e0", 
                "size": "0x00000468"
            }, 
            {
                "name": "RT_ICON", 
                "language": "LANG_ENGLISH", 
                "filetype": "GLS_BINARY_LSB_FIRST", 
                "sublanguage": "SUBLANG_ENGLISH_US", 
                "offset": "0x000151e0", 
                "size": "0x00000468"
            }, 
            {
                "name": "RT_ICON", 
                "language": "LANG_ENGLISH", 
                "filetype": "GLS_BINARY_LSB_FIRST", 
                "sublanguage": "SUBLANG_ENGLISH_US", 
                "offset": "0x000151e0", 
                "size": "0x00000468"
            }, 
            {
                "name": "RT_ICON", 
                "language": "LANG_ENGLISH", 
                "filetype": "GLS_BINARY_LSB_FIRST", 
                "sublanguage": "SUBLANG_ENGLISH_US", 
                "offset": "0x000151e0", 
                "size": "0x00000468"
            }, 
            {
                "name": "RT_ICON", 
                "language": "LANG_ENGLISH", 
                "filetype": "GLS_BINARY_LSB_FIRST", 
                "sublanguage": "SUBLANG_ENGLISH_US", 
                "offset": "0x000151e0", 
                "size": "0x00000468"
            }, 
            {
                "name": "RT_ICON", 
                "language": "LANG_ENGLISH", 
                "filetype": "GLS_BINARY_LSB_FIRST", 
                "sublanguage": "SUBLANG_ENGLISH_US", 
                "offset": "0x000151e0", 
                "size": "0x00000468"
            }, 
            {
                "name": "RT_ICON", 
                "language": "LANG_ENGLISH", 
                "filetype": "GLS_BINARY_LSB_FIRST", 
                "sublanguage": "SUBLANG_ENGLISH_US", 
                "offset": "0x000151e0", 
                "size": "0x00000468"
            }, 
            {
                "name": "RT_ICON", 
                "language": "LANG_ENGLISH", 
                "filetype": "GLS_BINARY_LSB_FIRST", 
                "sublanguage": "SUBLANG_ENGLISH_US", 
                "offset": "0x000151e0", 
                "size": "0x00000468"
            }, 
            {
                "name": "RT_ICON", 
                "language": "LANG_ENGLISH", 
                "filetype": "GLS_BINARY_LSB_FIRST", 
                "sublanguage": "SUBLANG_ENGLISH_US", 
                "offset": "0x000151e0", 
                "size": "0x00000468"
            }, 
            {
                "name": "RT_ICON", 
                "language": "LANG_ENGLISH", 
                "filetype": "GLS_BINARY_LSB_FIRST", 
                "sublanguage": "SUBLANG_ENGLISH_US", 
                "offset": "0x000151e0", 
                "size": "0x00000468"
            }, 
            {
                "name": "RT_GROUP_ICON", 
                "language": "LANG_ENGLISH", 
                "filetype": "data", 
                "sublanguage": "SUBLANG_ENGLISH_US", 
                "offset": "0x00015648", 
                "size": "0x000000bc"
            }, 
            {
                "name": "RT_VERSION", 
                "language": "LANG_ENGLISH", 
                "filetype": "data", 
                "sublanguage": "SUBLANG_ENGLISH_US", 
                "offset": "0x00015708", 
                "size": "0x000003a8"
            }, 
            {
                "name": "RT_MANIFEST", 
                "language": "LANG_ENGLISH", 
                "filetype": "XML 1.0 document, ASCII text, with CRLF line terminators", 
                "sublanguage": "SUBLANG_ENGLISH_US", 
                "offset": "0x000053c0", 
                "size": "0x000003ae"
            }
        ], 
        "pe_versioninfo": [
            {
                "name": "LegalCopyright", 
                "value": "\\xa9 Microsoft Corporation. All rights reserved."
            }, 
            {
                "name": "InternalName", 
                "value": "eventvwr"
            }, 
            {
                "name": "FileVersion", 
                "value": "10.0.22621.4249 (WinBuild.160101.0800)"
            }, 
            {
                "name": "CompanyName", 
                "value": "Microsoft Corporation"
            }, 
            {
                "name": "ProductName", 
                "value": "Microsoft\\xae Windows\\xae Operating System"
            }, 
            {
                "name": "ProductVersion", 
                "value": "10.0.22621.4249"
            }, 
            {
                "name": "FileDescription", 
                "value": "Event Viewer Snapin Launcher"
            }, 
            {
                "name": "OriginalFilename", 
                "value": "eventvwr.exe"
            }, 
            {
                "name": "Translation", 
                "value": "0x0409 0x04b0"
            }
        ], 
        "pe_sections": [
            {
                "size_of_data": "0x00002000", 
                "virtual_address": "0x00001000", 
                "entropy": 6.030828096111806, 
                "name": ".text", 
                "virtual_size": "0x00001f94"
            }, 
            {
                "size_of_data": "0x00000200", 
                "virtual_address": "0x00003000", 
                "entropy": 0.1833387916558982, 
                "name": ".data", 
                "virtual_size": "0x000003e0"
            }, 
            {
                "size_of_data": "0x00000800", 
                "virtual_address": "0x00004000", 
                "entropy": 4.178887041688023, 
                "name": ".idata", 
                "virtual_size": "0x00000634"
            }, 
            {
                "size_of_data": "0x00010c00", 
                "virtual_address": "0x00005000", 
                "entropy": 6.9659649238898105, 
                "name": ".rsrc", 
                "virtual_size": "0x00010b90"
            }, 
            {
                "size_of_data": "0x00000400", 
                "virtual_address": "0x00016000", 
                "entropy": 4.503246748193917, 
                "name": ".reloc", 
                "virtual_size": "0x0000024c"
            }
        ]
    }, 
    "behavior": {
        "generic": [
            {
                "process_path": "C:\\Windows\\System32\\lsass.exe", 
                "process_name": "lsass.exe", 
                "pid": 508, 
                "summary": {}, 
                "first_seen": 1742634971.9375, 
                "ppid": 400
            }
        ], 
        "processes": [
            {
                "process_path": "C:\\Windows\\System32\\lsass.exe", 
                "calls": [], 
                "track": false, 
                "pid": 508, 
                "process_name": "lsass.exe", 
                "command_line": "C:\\Windows\\system32\\lsass.exe", 
                "modules": [
                    {
                        "basename": "lsass.exe", 
                        "imgsize": 49152, 
                        "baseaddr": "0xffc70000", 
                        "filepath": "C:\\Windows\\system32\\lsass.exe"
                    }, 
                    {
                        "basename": "ntdll.dll", 
                        "imgsize": 1740800, 
                        "baseaddr": "0x76dd0000", 
                        "filepath": "C:\\Windows\\SYSTEM32\\ntdll.dll"
                    }, 
                    {
                        "basename": "kernel32.dll", 
                        "imgsize": 1175552, 
                        "baseaddr": "0x76bb0000", 
                        "filepath": "C:\\Windows\\system32\\kernel32.dll"
                    }, 
                    {
                        "basename": "KERNELBASE.dll", 
                        "imgsize": 438272, 
                        "baseaddr": "0x7fefcf80000", 
                        "filepath": "C:\\Windows\\system32\\KERNELBASE.dll"
                    }, 
                    {
                        "basename": "msvcrt.dll", 
                        "imgsize": 651264, 
                        "baseaddr": "0x7fefec80000", 
                        "filepath": "C:\\Windows\\system32\\msvcrt.dll"
                    }, 
                    {
                        "basename": "RPCRT4.dll", 
                        "imgsize": 1232896, 
                        "baseaddr": "0x7fefd2c0000", 
                        "filepath": "C:\\Windows\\system32\\RPCRT4.dll"
                    }, 
                    {
                        "basename": "SspiSrv.dll", 
                        "imgsize": 45056, 
                        "baseaddr": "0x7fefcb60000", 
                        "filepath": "C:\\Windows\\system32\\SspiSrv.dll"
                    }, 
                    {
                        "basename": "lsasrv.dll", 
                        "imgsize": 1470464, 
                        "baseaddr": "0x7fefc9e0000", 
                        "filepath": "C:\\Windows\\system32\\lsasrv.dll"
                    }, 
                    {
                        "basename": "sechost.dll", 
                        "imgsize": 126976, 
                        "baseaddr": "0x7fefea00000", 
                        "filepath": "C:\\Windows\\SYSTEM32\\sechost.dll"
                    }, 
                    {
                        "basename": "SspiCli.dll", 
                        "imgsize": 151552, 
                        "baseaddr": "0x7fefcb80000", 
                        "filepath": "C:\\Windows\\system32\\SspiCli.dll"
                    }, 
                    {
                        "basename": "ADVAPI32.dll", 
                        "imgsize": 897024, 
                        "baseaddr": "0x7fefd480000", 
                        "filepath": "C:\\Windows\\system32\\ADVAPI32.dll"
                    }, 
                    {
                        "basename": "USER32.dll", 
                        "imgsize": 1024000, 
                        "baseaddr": "0x76cd0000", 
                        "filepath": "C:\\Windows\\system32\\USER32.dll"
                    }, 
                    {
                        "basename": "GDI32.dll", 
                        "imgsize": 421888, 
                        "baseaddr": "0x7fefd560000", 
                        "filepath": "C:\\Windows\\system32\\GDI32.dll"
                    }, 
                    {
                        "basename": "LPK.dll", 
                        "imgsize": 57344, 
                        "baseaddr": "0x7fefd830000", 
                        "filepath": "C:\\Windows\\system32\\LPK.dll"
                    }, 
                    {
                        "basename": "USP10.dll", 
                        "imgsize": 823296, 
                        "baseaddr": "0x7feff010000", 
                        "filepath": "C:\\Windows\\system32\\USP10.dll"
                    }, 
                    {
                        "basename": "SAMSRV.dll", 
                        "imgsize": 774144, 
                        "baseaddr": "0x7fefc880000", 
                        "filepath": "C:\\Windows\\system32\\SAMSRV.dll"
                    }, 
                    {
                        "basename": "cryptdll.dll", 
                        "imgsize": 81920, 
                        "baseaddr": "0x7fefc860000", 
                        "filepath": "C:\\Windows\\system32\\cryptdll.dll"
                    }, 
                    {
                        "basename": "MSASN1.dll", 
                        "imgsize": 61440, 
                        "baseaddr": "0x7fefcdc0000", 
                        "filepath": "C:\\Windows\\system32\\MSASN1.dll"
                    }, 
                    {
                        "basename": "wevtapi.dll", 
                        "imgsize": 446464, 
                        "baseaddr": "0x7fefc7f0000", 
                        "filepath": "C:\\Windows\\system32\\wevtapi.dll"
                    }, 
                    {
                        "basename": "IMM32.DLL", 
                        "imgsize": 188416, 
                        "baseaddr": "0x7fefea20000", 
                        "filepath": "C:\\Windows\\system32\\IMM32.DLL"
                    }, 
                    {
                        "basename": "MSCTF.dll", 
                        "imgsize": 1085440, 
                        "baseaddr": "0x7fefed20000", 
                        "filepath": "C:\\Windows\\system32\\MSCTF.dll"
                    }, 
                    {
                        "basename": "cngaudit.dll", 
                        "imgsize": 36864, 
                        "baseaddr": "0x7fefc7b0000", 
                        "filepath": "C:\\Windows\\system32\\cngaudit.dll"
                    }, 
                    {
                        "basename": "AUTHZ.dll", 
                        "imgsize": 192512, 
                        "baseaddr": "0x7fefc780000", 
                        "filepath": "C:\\Windows\\system32\\AUTHZ.dll"
                    }, 
                    {
                        "basename": "ncrypt.dll", 
                        "imgsize": 319488, 
                        "baseaddr": "0x7fefc730000", 
                        "filepath": "C:\\Windows\\system32\\ncrypt.dll"
                    }, 
                    {
                        "basename": "bcrypt.dll", 
                        "imgsize": 139264, 
                        "baseaddr": "0x7fefc700000", 
                        "filepath": "C:\\Windows\\system32\\bcrypt.dll"
                    }, 
                    {
                        "basename": "msprivs.DLL", 
                        "imgsize": 8192, 
                        "baseaddr": "0x74af0000", 
                        "filepath": "C:\\Windows\\system32\\msprivs.DLL"
                    }, 
                    {
                        "basename": "netjoin.dll", 
                        "imgsize": 204800, 
                        "baseaddr": "0x7fefc6c0000", 
                        "filepath": "C:\\Windows\\system32\\netjoin.dll"
                    }, 
                    {
                        "basename": "negoexts.DLL", 
                        "imgsize": 147456, 
                        "baseaddr": "0x7fefc690000", 
                        "filepath": "C:\\Windows\\system32\\negoexts.DLL"
                    }, 
                    {
                        "basename": "Secur32.dll", 
                        "imgsize": 45056, 
                        "baseaddr": "0x7fefc9b0000", 
                        "filepath": "C:\\Windows\\system32\\Secur32.dll"
                    }, 
                    {
                        "basename": "cryptbase.dll", 
                        "imgsize": 61440, 
                        "baseaddr": "0x7fefcc50000", 
                        "filepath": "C:\\Windows\\system32\\cryptbase.dll"
                    }, 
                    {
                        "basename": "kerberos.DLL", 
                        "imgsize": 737280, 
                        "baseaddr": "0x7fefc5d0000", 
                        "filepath": "C:\\Windows\\system32\\kerberos.DLL"
                    }, 
                    {
                        "basename": "CRYPTSP.dll", 
                        "imgsize": 94208, 
                        "baseaddr": "0x7fefc5b0000", 
                        "filepath": "C:\\Windows\\system32\\CRYPTSP.dll"
                    }, 
                    {
                        "basename": "WS2_32.dll", 
                        "imgsize": 315392, 
                        "baseaddr": "0x7fefec30000", 
                        "filepath": "C:\\Windows\\system32\\WS2_32.dll"
                    }, 
                    {
                        "basename": "NSI.dll", 
                        "imgsize": 32768, 
                        "baseaddr": "0x7fefd3f0000", 
                        "filepath": "C:\\Windows\\system32\\NSI.dll"
                    }, 
                    {
                        "basename": "mswsock.dll", 
                        "imgsize": 348160, 
                        "baseaddr": "0x7fefc550000", 
                        "filepath": "C:\\Windows\\system32\\mswsock.dll"
                    }, 
                    {
                        "basename": "wship6.dll", 
                        "imgsize": 28672, 
                        "baseaddr": "0x7fefc540000", 
                        "filepath": "C:\\Windows\\System32\\wship6.dll"
                    }, 
                    {
                        "basename": "msv1_0.DLL", 
                        "imgsize": 331776, 
                        "baseaddr": "0x7fefc4e0000", 
                        "filepath": "C:\\Windows\\system32\\msv1_0.DLL"
                    }, 
                    {
                        "basename": "netlogon.DLL", 
                        "imgsize": 712704, 
                        "baseaddr": "0x7fefc430000", 
                        "filepath": "C:\\Windows\\system32\\netlogon.DLL"
                    }, 
                    {
                        "basename": "DNSAPI.dll", 
                        "imgsize": 372736, 
                        "baseaddr": "0x7fefc3d0000", 
                        "filepath": "C:\\Windows\\system32\\DNSAPI.dll"
                    }, 
                    {
                        "basename": "logoncli.dll", 
                        "imgsize": 196608, 
                        "baseaddr": "0x7fefc3a0000", 
                        "filepath": "C:\\Windows\\system32\\logoncli.dll"
                    }, 
                    {
                        "basename": "schannel.DLL", 
                        "imgsize": 356352, 
                        "baseaddr": "0x7fefc340000", 
                        "filepath": "C:\\Windows\\system32\\schannel.DLL"
                    }, 
                    {
                        "basename": "CRYPT32.dll", 
                        "imgsize": 1470464, 
                        "baseaddr": "0x7fefcdd0000", 
                        "filepath": "C:\\Windows\\system32\\CRYPT32.dll"
                    }, 
                    {
                        "basename": "wdigest.DLL", 
                        "imgsize": 221184, 
                        "baseaddr": "0x7fefc300000", 
                        "filepath": "C:\\Windows\\system32\\wdigest.DLL"
                    }, 
                    {
                        "basename": "rsaenh.dll", 
                        "imgsize": 290816, 
                        "baseaddr": "0x7fefc2b0000", 
                        "filepath": "C:\\Windows\\system32\\rsaenh.dll"
                    }, 
                    {
                        "basename": "tspkg.DLL", 
                        "imgsize": 98304, 
                        "baseaddr": "0x7fefc290000", 
                        "filepath": "C:\\Windows\\system32\\tspkg.DLL"
                    }, 
                    {
                        "basename": "pku2u.DLL", 
                        "imgsize": 282624, 
                        "baseaddr": "0x7fefc240000", 
                        "filepath": "C:\\Windows\\system32\\pku2u.DLL"
                    }, 
                    {
                        "basename": "bcryptprimitives.dll", 
                        "imgsize": 311296, 
                        "baseaddr": "0x7fefc1f0000", 
                        "filepath": "C:\\Windows\\system32\\bcryptprimitives.dll"
                    }, 
                    {
                        "basename": "RpcRtRemote.dll", 
                        "imgsize": 81920, 
                        "baseaddr": "0x7fefcd00000", 
                        "filepath": "C:\\Windows\\system32\\RpcRtRemote.dll"
                    }, 
                    {
                        "basename": "efslsaext.dll", 
                        "imgsize": 73728, 
                        "baseaddr": "0x7fefc1d0000", 
                        "filepath": "C:\\Windows\\system32\\efslsaext.dll"
                    }, 
                    {
                        "basename": "scecli.DLL", 
                        "imgsize": 253952, 
                        "baseaddr": "0x7fefc130000", 
                        "filepath": "C:\\Windows\\system32\\scecli.DLL"
                    }, 
                    {
                        "basename": "credssp.dll", 
                        "imgsize": 40960, 
                        "baseaddr": "0x7fefc1b0000", 
                        "filepath": "C:\\Windows\\system32\\credssp.dll"
                    }, 
                    {
                        "basename": "WINSTA.dll", 
                        "imgsize": 249856, 
                        "baseaddr": "0x7fefcc10000", 
                        "filepath": "C:\\Windows\\system32\\WINSTA.dll"
                    }, 
                    {
                        "basename": "IPHLPAPI.DLL", 
                        "imgsize": 159744, 
                        "baseaddr": "0x7fefbfd0000", 
                        "filepath": "C:\\Windows\\system32\\IPHLPAPI.DLL"
                    }, 
                    {
                        "basename": "WINNSI.DLL", 
                        "imgsize": 45056, 
                        "baseaddr": "0x7fefbfc0000", 
                        "filepath": "C:\\Windows\\system32\\WINNSI.DLL"
                    }, 
                    {
                        "basename": "netutils.dll", 
                        "imgsize": 49152, 
                        "baseaddr": "0x7fefa790000", 
                        "filepath": "C:\\Windows\\system32\\netutils.dll"
                    }, 
                    {
                        "basename": "USERENV.dll", 
                        "imgsize": 122880, 
                        "baseaddr": "0x7fefc060000", 
                        "filepath": "C:\\Windows\\system32\\USERENV.dll"
                    }, 
                    {
                        "basename": "profapi.dll", 
                        "imgsize": 61440, 
                        "baseaddr": "0x7fefcd20000", 
                        "filepath": "C:\\Windows\\system32\\profapi.dll"
                    }, 
                    {
                        "basename": "wshtcpip.dll", 
                        "imgsize": 28672, 
                        "baseaddr": "0x7fefbed0000", 
                        "filepath": "C:\\Windows\\System32\\wshtcpip.dll"
                    }, 
                    {
                        "basename": "monitor-x64.dll", 
                        "imgsize": 2269184, 
                        "baseaddr": "0x744c0000", 
                        "filepath": "C:\\tmpql7zol\\bin\\monitor-x64.dll"
                    }
                ], 
                "time": 0, 
                "tid": 1068, 
                "first_seen": 1742634971.9375, 
                "ppid": 400, 
                "type": "process"
            }
        ], 
        "processtree": [
            {
                "track": false, 
                "pid": 508, 
                "process_name": "lsass.exe", 
                "command_line": "C:\\Windows\\system32\\lsass.exe", 
                "first_seen": 1742634971.9375, 
                "ppid": 400, 
                "children": []
            }
        ]
    }, 
    "debug": {
        "action": [], 
        "dbgview": [], 
        "errors": [], 
        "log": [
            "2025-03-22 08:16:11,015 [analyzer] DEBUG: Starting analyzer from: C:\\tmpql7zol\n", 
            "2025-03-22 08:16:11,015 [analyzer] DEBUG: Pipe server name: \\??\\PIPE\\vlwvRiamJyHHkuQM\n", 
            "2025-03-22 08:16:11,015 [analyzer] DEBUG: Log pipe server name: \\??\\PIPE\\wmmsqboHpPCQgHGOPaIoLJwFZCRsjUid\n", 
            "2025-03-22 08:16:11,155 [analyzer] DEBUG: Started auxiliary module DbgView\n", 
            "2025-03-22 08:16:11,671 [analyzer] DEBUG: Started auxiliary module Disguise\n", 
            "2025-03-22 08:16:12,000 [analyzer] DEBUG: Loaded monitor into process with pid 508\n", 
            "2025-03-22 08:16:12,000 [analyzer] DEBUG: Started auxiliary module DumpTLSMasterSecrets\n", 
            "2025-03-22 08:16:12,000 [analyzer] DEBUG: Started auxiliary module Human\n", 
            "2025-03-22 08:16:12,000 [analyzer] DEBUG: Started auxiliary module InstallCertificate\n", 
            "2025-03-22 08:16:12,000 [analyzer] DEBUG: Started auxiliary module Reboot\n", 
            "2025-03-22 08:16:12,155 [analyzer] DEBUG: Started auxiliary module RecentFiles\n", 
            "2025-03-22 08:16:12,155 [modules.auxiliary.screenshots] INFO: Python Image Library (either PIL or Pillow) is not installed, screenshots are disabled.\n", 
            "2025-03-22 08:16:12,171 [analyzer] DEBUG: Started auxiliary module Screenshots\n", 
            "2025-03-22 08:16:12,171 [analyzer] DEBUG: Started auxiliary module LoadZer0m0n\n", 
            "2025-03-22 08:16:12,233 [lib.api.process] ERROR: Failed to execute process from path u'C:\\\\Users\\\\ADMINI~1\\\\AppData\\\\Local\\\\Temp\\\\eventvwr.exe' with arguments ['bin\\\\inject-x86.exe', '--app', u'C:\\\\Users\\\\ADMINI~1\\\\AppData\\\\Local\\\\Temp\\\\eventvwr.exe', '--only-start', '--curdir', 'C:\\\\Users\\\\ADMINI~1\\\\AppData\\\\Local\\\\Temp'] (Error: Command '['bin\\\\inject-x86.exe', '--app', u'C:\\\\Users\\\\ADMINI~1\\\\AppData\\\\Local\\\\Temp\\\\eventvwr.exe', '--only-start', '--curdir', 'C:\\\\Users\\\\ADMINI~1\\\\AppData\\\\Local\\\\Temp']' returned non-zero exit status 1)\n"
        ], 
        "cuckoo": [
            "2025-03-22 08:19:57,342 [cuckoo.core.scheduler] INFO: Task #435: acquired machine 192.168.56.1011 (label=192.168.56.1011)\n", 
            "2025-03-22 08:19:57,342 [cuckoo.core.resultserver] DEBUG: Now tracking machine 192.168.56.101 for task #435\n", 
            "2025-03-22 08:19:57,342 [cuckoo.core.plugins] DEBUG: Started auxiliary module: Replay\n", 
            "2025-03-22 08:19:57,354 [cuckoo.auxiliary.sniffer] INFO: Started sniffer with PID 60743 (interface=vboxnet0, host=192.168.56.101)\n", 
            "2025-03-22 08:19:57,354 [cuckoo.core.plugins] DEBUG: Started auxiliary module: Sniffer\n", 
            "2025-03-22 08:19:57,377 [cuckoo.machinery.virtualbox] DEBUG: Starting vm 192.168.56.1011\n", 
            "2025-03-22 08:19:57,471 [cuckoo.machinery.virtualbox] DEBUG: Restoring virtual machine 192.168.56.1011 to its current snapshot\n", 
            "2025-03-22 08:19:59,564 [cuckoo.core.guest] INFO: Starting analysis #435 on guest (id=192.168.56.1011, ip=192.168.56.101)\n", 
            "2025-03-22 08:20:00,566 [cuckoo.core.guest] DEBUG: 192.168.56.1011: not ready yet\n", 
            "2025-03-22 08:20:01,570 [cuckoo.core.guest] DEBUG: 192.168.56.1011: not ready yet\n", 
            "2025-03-22 08:20:02,573 [cuckoo.core.guest] DEBUG: 192.168.56.1011: not ready yet\n", 
            "2025-03-22 08:20:02,583 [cuckoo.core.guest] INFO: Guest is running Cuckoo Agent 0.10 (id=192.168.56.1011, ip=192.168.56.101)\n", 
            "2025-03-22 08:20:02,625 [cuckoo.core.guest] DEBUG: Uploading analyzer to guest (id=192.168.56.1011, ip=192.168.56.101, monitor=latest, size=3884763)\n", 
            "2025-03-22 08:20:03,541 [cuckoo.core.resultserver] DEBUG: Task #435: live log analysis.log initialized.\n", 
            "2025-03-22 08:20:04,495 [cuckoo.core.resultserver] DEBUG: Task #435 is sending a BSON stream\n", 
            "2025-03-22 08:20:05,073 [cuckoo.core.guest] WARNING: 192.168.56.1011: analysis #435 caught an exception\n", 
            "Traceback (most recent call last):\n", 
            "  File \"C:/tmpql7zol/analyzer.py\", line 808, in <module>\n", 
            "    success = analyzer.run()\n", 
            "  File \"C:/tmpql7zol/analyzer.py\", line 657, in run\n", 
            "    pids = self.package.start(self.target)\n", 
            "  File \"C:\\tmpql7zol\\modules\\packages\\exe.py\", line 23, in start\n", 
            "    return self.execute(path, args=shlex.split(args))\n", 
            "  File \"C:\\tmpql7zol\\lib\\common\\abstracts.py\", line 166, in execute\n", 
            "    \"Unable to execute the initial process, analysis aborted.\"\n", 
            "CuckooPackageError: Unable to execute the initial process, analysis aborted.\n", 
            "\n", 
            "2025-03-22 08:20:05,078 [cuckoo.core.plugins] DEBUG: Stopped auxiliary module: Replay\n", 
            "2025-03-22 08:20:05,125 [cuckoo.core.plugins] DEBUG: Stopped auxiliary module: Sniffer\n", 
            "2025-03-22 08:20:14,754 [cuckoo.machinery.virtualbox] INFO: Successfully generated memory dump for virtual machine with label 192.168.56.1011 to path /home/tesst/.cuckoo/storage/analyses/435/memory.dmp\n", 
            "2025-03-22 08:20:14,756 [cuckoo.machinery.virtualbox] DEBUG: Stopping vm 192.168.56.1011\n", 
            "2025-03-22 08:20:16,237 [cuckoo.core.resultserver] DEBUG: Stopped tracking machine 192.168.56.101 for task #435\n", 
            "2025-03-22 08:20:16,237 [cuckoo.core.resultserver] DEBUG: Cancel <Context for LOG> for task 435\n", 
            "2025-03-22 08:20:16,240 [cuckoo.core.scheduler] DEBUG: Released database task #435\n", 
            "2025-03-22 08:20:16,264 [cuckoo.core.plugins] DEBUG: Executed processing module \"AnalysisInfo\" for task #435\n", 
            "2025-03-22 08:20:16,266 [cuckoo.core.plugins] DEBUG: Executed processing module \"BehaviorAnalysis\" for task #435\n", 
            "2025-03-22 08:20:16,266 [cuckoo.core.plugins] DEBUG: Executed processing module \"Dropped\" for task #435\n", 
            "2025-03-22 08:20:16,266 [cuckoo.core.plugins] DEBUG: Executed processing module \"DroppedBuffer\" for task #435\n", 
            "2025-03-22 08:20:16,266 [cuckoo.core.plugins] DEBUG: Executed processing module \"MetaInfo\" for task #435\n", 
            "2025-03-22 08:20:16,267 [cuckoo.core.plugins] DEBUG: Executed processing module \"ProcessMemory\" for task #435\n", 
            "2025-03-22 08:20:16,267 [cuckoo.core.plugins] DEBUG: Executed processing module \"Procmon\" for task #435\n", 
            "2025-03-22 08:20:16,267 [cuckoo.core.plugins] DEBUG: Executed processing module \"Screenshots\" for task #435\n", 
            "2025-03-22 08:20:16,496 [cuckoo.core.plugins] DEBUG: Executed processing module \"Static\" for task #435\n", 
            "2025-03-22 08:20:16,500 [cuckoo.core.plugins] DEBUG: Executed processing module \"Strings\" for task #435\n", 
            "2025-03-22 08:20:16,502 [cuckoo.cor"
        ]
    }, 
    "strings": [
        "!This program cannot be run in DOS mode.", 
        "Rich2J", 
        "`.data", 
        ".idata", 
        "@.rsrc", 
        "@.reloc", 
        "eventvwr.pdb", 
        ".rdata$brc", 
        ".CRT$XCA", 
        ".CRT$XCAA", 
        ".CRT$XCZ", 
        ".CRT$XIA", 
        ".CRT$XIAA", 
        ".CRT$XIY", 
        ".CRT$XIZ", 
        ".gfids", 
        ".rdata", 
        ".rdata$sxdata", 
        ".rdata$voltmd", 
        ".rdata$zzzdbg", 
        ".text$mn", 
        ".xdata$x", 
        ".idata$5", 
        ".00cfg", 
        ".idata$2", 
        ".idata$3", 
        ".idata$4", 
        ".idata$6", 
        ".rsrc$01", 
        ".rsrc$02", 
        "QQPQRQh", 
        "PPj PPPSP", 
        "F95|3@", 
        "GetModuleHandleW", 
        "FormatMessageW", 
        "LocalFree", 
        "GetLastError", 
        "HeapSetInformation", 
        "GetSystemDirectoryW", 
        "GetCommandLineW", 
        "CreateFileW", 
        "CloseHandle", 
        "CreateProcessW", 
        "KERNEL32.dll", 
        "DialogBoxParamW", 
        "GetWindowLongW", 
        "SetWindowLongW", 
        "DestroyWindow", 
        "LoadStringW", 
        "LoadIconW", 
        "SendDlgItemMessageW", 
        "SetWindowTextW", 
        "GetDlgItem", 
        "EnableWindow", 
        "ShowWindow", 
        "SendMessageW", 
        "EndDialog", 
        "WaitForInputIdle", 
        "USER32.dll", 
        "_vsnwprintf", 
        "malloc", 
        "_callnewh", 
        "_XcptFilter", 
        "__p__commode", 
        "_amsg_exit", 
        "__getmainargs", 
        "__set_app_type", 
        "_cexit", 
        "__p__fmode", 
        "__setusermatherr", 
        "_initterm", 
        "msvcrt.dll", 
        "?terminate@@YAXXZ", 
        "_controlfp", 
        "_except_handler4_common", 
        "CommandLineToArgvW", 
        "SHELL32.dll", 
        "StrCmpNIW", 
        "SHLWAPI.dll", 
        "SetUnhandledExceptionFilter", 
        "QueryPerformanceCounter", 
        "GetCurrentProcessId", 
        "GetCurrentThreadId", 
        "GetSystemTimeAsFileTime", 
        "GetTickCount", 
        "UnhandledExceptionFilter", 
        "GetCurrentProcess", 
        "TerminateProcess", 
        "memset", 
        "<?xml version=\"1.0\" encoding=\"UTF-8\" standalone=\"yes\"?>", 
        "<!-- Copyright (c) Microsoft Corporation -->", 
        "<assembly xmlns=\"urn:schemas-microsoft-com:asm.v1\"  xmlns:asmv3=\"urn:schemas-microsoft-com:asm.v3\" manifestVersion=\"1.0\">", 
        "<assemblyIdentity", 
        "    version=\"5.1.0.0\"", 
        "    processorArchitecture=\"x86\"", 
        "    name=\"Microsoft.Windows.Eventlog.EventVwr\"", 
        "    type=\"win32\"", 
        "<description>Event Viewer Snapin Launcher</description>", 
        "<trustInfo xmlns=\"urn:schemas-microsoft-com:asm.v3\">", 
        "    <security>", 
        "        <requestedPrivileges>", 
        "            <requestedExecutionLevel", 
        "                level=\"highestAvailable\"", 
        "                uiAccess=\"false\"", 
        "            />", 
        "        </requestedPrivileges>", 
        "    </security>", 
        "</trustInfo>", 
        "<asmv3:application>", 
        "   <asmv3:windowsSettings xmlns=\"http://schemas.microsoft.com/SMI/2005/WindowsSettings\">", 
        "        <autoElevate>true</autoElevate>", 
        "   </asmv3:windowsSettings>", 
        "</asmv3:application>", 
        "</assembly>", 
        "wwwuwx", 
        "333xxp", 
        "wwwwwp", 
        "wwwwwp", 
        "RD+.0-+%L", 
        "O./^___\\/!M", 
        "N4@V(^_2", 
        "dddcb?5", 
        "FUbdddV=7", 
        "YWBB=>X", 
        "~ontuumxx}}v", 
        "*'UA.,A~", 
        "?4990-q", 
        "tDLQO;1", 
        "`WWWWWW^", 
        "hjgXlhb", 
        "}4')9\"&s", 
        "1@,>.:", 
        "I6218z", 
        "TKKKKKKV", 
        "~_a^Lc_", 
        "NNNNNNNNN", 
        ":NNKG%$+HN", 
        ">CC'3.", 
        "@NNL25\"6-N", 
        "@CCC&1", 
        "ANNNI(/*NN", 
        "BNNNN+)JNN", 
        "BNNNNNNNNN", 
        "z5WWWO", 
        "[=TUwM", 
        "sw?43;", 
        "%$mO_VJ", 
        "^m9JkY", 
        "h4\\</$", 
        "bPo:=j", 
        "H)q]7U7Z", 
        "~)Drq,M", 
        "eV)V*(UF", 
        "KJI %n", 
        "_p {\u001fR", 
        "3U*2W)", 
        "Q^A\\!7", 
        "2+iIE ", 
        "zy\"6YjPR", 
        "\"B&[-{<", 
        ".09d46", 
        ".5750*", 
        "B8h#qLjDT", 
        "xXhm#E", 
        "1EH!g3?;", 
        "K,,,0??", 
        "IJ'C=l", 
        "e*S3(u*}", 
        "\\.cYV:q", 
        "Qzrj|K", 
        "2jef%u", 
        "s~'<Br", 
        ";w2>9Lv", 
        "K.ZOTuGN", 
        "yDb[H+", 
        "R uD$U", 
        "-,r*,UE", 
        "tv:M6$", 
        "Inr&'q", 
        "U*aMMa", 
        ".zzz8tb/S", 
        "eZT*:z", 
        "GNMrjj", 
        "eZNAQ-04", 
        "AQ$dIA", 
        "($bQ:RI", 
        "l*IO6C_g", 
        "IDAT(|", 
        "),dLK0U(P4", 
        "VXQc-H", 
        "d!jXL{*/'", 
        "156Baz", 
        "'Q#v>b", 
        "xHH8Sh", 
        "=tSgRozf", 
        "L@AV5b", 
        "3/`}6Z", 
        "\u001f^54f?", 
        "GSU,aa", 
        "a9K1g+", 
        "6C.^HVB", 
        " -^~If", 
        "0 0$0(0,0004080<0@0D0H0L0P0T0X0\\0", 
        "1$10141", 
        ":>:f:m:w:", 
        ">&>0>8>N>|>", 
        "0 0)080A0n0w0", 
        "1\"1+1T1]1h1q1e2", 
        "4*484U4q4", 
        "5*5G5c5q5", 
        "71767<7A7F7K7P7V7^7l7", 
        "8'8/878K8S8[8a8g8t8z8", 
        "9'9/959B9\\9g9q9|9", 
        ":1:7:F:S:", 
        "=3=B=M=j=", 
        ">#>)>/>5><>C>J>Q>X>_>f>n>v>~>", 
        "?!?-?L?P?l?p?", 
        "Error message not found.", 
        "-COMPUTER:", 
        "/COMPUTER:", 
        "eventvwr.msc", 
        "mmc.exe", 
        "VS_VERSION_INFO", 
        "StringFileInfo", 
        "040904B0", 
        "CompanyName", 
        "Microsoft Corporation", 
        "FileDescription", 
        "Event Viewer Snapin Launcher", 
        "FileVersion", 
        "10.0.22621.4249 (WinBuild.160101.0800)", 
        "InternalName", 
        "eventvwr", 
        "LegalCopyright", 
        " Microsoft Corporation. All rights reserved.", 
        "OriginalFilename", 
        "eventvwr.exe", 
        "ProductName", 
        "Microsoft", 
        " Windows", 
        " Operating System", 
        "ProductVersion", 
        "10.0.22621.4249", 
        "VarFileInfo", 
        "Translation"
    ], 
    "metadata": {
        "output": {
            "pcap": {
                "basename": "dump.pcap", 
                "sha256": "ce2200f6f7aa326c85217d600d90dee989a04c28a44b90bcf9276d83f61119bc", 
                "dirname": ""
            }
        }
    }
}