{
    "info": {
        "added": 1742631816.110392, 
        "started": 1742632008.604482, 
        "duration": 20, 
        "ended": 1742632029.545155, 
        "owner": null, 
        "score": 0.4, 
        "id": 447, 
        "category": "file", 
        "git": {
            "head": "13cbe0d9e457be3673304533043e992ead1ea9b2", 
            "fetch_head": "13cbe0d9e457be3673304533043e992ead1ea9b2"
        }, 
        "monitor": "2deb9ccd75d5a7a3fe05b2625b03a8639d6ee36b", 
        "package": "exe", 
        "route": "none", 
        "custom": null, 
        "machine": {
            "status": "stopped", 
            "name": "192.168.56.1011", 
            "label": "192.168.56.1011", 
            "manager": "VirtualBox", 
            "started_on": "2025-03-22 08:26:48", 
            "shutdown_on": "2025-03-22 08:27:09"
        }, 
        "platform": "windows", 
        "version": "2.0.7", 
        "options": "procmemdump=yes,route=none"
    }, 
    "signatures": [
        {
            "families": [], 
            "description": "This executable has a PDB path", 
            "severity": 1, 
            "ttp": {}, 
            "markcount": 1, 
            "references": [], 
            "marks": [
                {
                    "category": "pdb_path", 
                    "ioc": "fixmapi.pdb", 
                    "type": "ioc", 
                    "description": null
                }
            ], 
            "name": "has_pdb"
        }, 
        {
            "families": [], 
            "description": "The file contains an unknown PE resource name possibly indicative of a packer", 
            "severity": 1, 
            "ttp": {
                "T1045": {
                    "short": "Software Packing", 
                    "long": "Software packing is a method of compressing or encrypting an executable. Packing an executable changes the file signature in an attempt to avoid signature-based detection. Most decompression techniques decompress the executable code in memory."
                }
            }, 
            "markcount": 2, 
            "references": [], 
            "marks": [
                {
                    "category": "resource name", 
                    "ioc": "EDPENLIGHTENEDAPPINFOID", 
                    "type": "ioc", 
                    "description": null
                }, 
                {
                    "category": "resource name", 
                    "ioc": "MUI", 
                    "type": "ioc", 
                    "description": null
                }
            ], 
            "name": "pe_unknown_resource_name"
        }
    ], 
    "target": {
        "category": "file", 
        "file": {
            "yara": [], 
            "sha1": "8cb5275f2a247e9c915387b419b2c0f5cd938f94", 
            "name": "fixmapi.exe", 
            "type": "PE32 executable (GUI) Intel 80386, for MS Windows", 
            "sha256": "85d31aa543d42e9223e08f8432defed92b20ed3c8cbc431a59fa16ae473cf2fa", 
            "urls": [], 
            "crc32": "732548B8", 
            "path": "/home/tesst/.cuckoo/storage/binaries/85d31aa543d42e9223e08f8432defed92b20ed3c8cbc431a59fa16ae473cf2fa", 
            "ssdeep": null, 
            "size": 19968, 
            "sha512": "e6274b67d7456391cc84bf7c47a8f77380c4106103701c1a67b47eb8e04e76d34c57f17a5d3e204a723a87d320eca1cef835e25f2e0e63fbe72a9d143d4991df", 
            "md5": "38f6005a0cc6d23f9724fa2f523fa63b"
        }
    }, 
    "network": {
        "tls": [], 
        "udp": [
            {
                "src": "192.168.56.101", 
                "dst": "224.0.0.252", 
                "offset": 1214, 
                "time": 1.6043930053710938, 
                "dport": 5355, 
                "sport": 64412
            }, 
            {
                "src": "192.168.56.101", 
                "dst": "224.0.0.252", 
                "offset": 1542, 
                "time": 0.07622599601745605, 
                "dport": 5355, 
                "sport": 64614
            }, 
            {
                "src": "192.168.56.101", 
                "dst": "224.0.0.252", 
                "offset": 1870, 
                "time": 1.2752020359039307, 
                "dport": 5355, 
                "sport": 65517
            }, 
            {
                "src": "192.168.56.101", 
                "dst": "239.255.255.250", 
                "offset": 2190, 
                "time": 1.4573709964752197, 
                "dport": 1900, 
                "sport": 65520
            }
        ], 
        "dns_servers": [], 
        "http": [], 
        "icmp": [], 
        "smtp": [], 
        "tcp": [], 
        "smtp_ex": [], 
        "mitm": [], 
        "hosts": [], 
        "pcap_sha256": "5ea7635bbbafc48fbe9518e88fc394757dc07cf02b1ef32a777851a8d025f5ee", 
        "dns": [], 
        "http_ex": [], 
        "domains": [], 
        "dead_hosts": [], 
        "sorted_pcap_sha256": "b621ad597486ca641244cb5120cf8cc19b9964f68d1fde0ca577e276fe869a7a", 
        "irc": [], 
        "https_ex": []
    }, 
    "static": {
        "pdb_path": "fixmapi.pdb", 
        "pe_imports": [
            {
                "imports": [
                    {
                        "name": "GetLastError", 
                        "address": "0x405000"
                    }, 
                    {
                        "name": "LoadLibraryA", 
                        "address": "0x405004"
                    }, 
                    {
                        "name": "GetProcAddress", 
                        "address": "0x405008"
                    }, 
                    {
                        "name": "LoadLibraryW", 
                        "address": "0x40500c"
                    }, 
                    {
                        "name": "FreeLibrary", 
                        "address": "0x405010"
                    }, 
                    {
                        "name": "lstrcmpiA", 
                        "address": "0x405014"
                    }, 
                    {
                        "name": "IsDebuggerPresent", 
                        "address": "0x405018"
                    }, 
                    {
                        "name": "QueryPerformanceCounter", 
                        "address": "0x40501c"
                    }, 
                    {
                        "name": "GetCurrentProcessId", 
                        "address": "0x405020"
                    }, 
                    {
                        "name": "GetCurrentThreadId", 
                        "address": "0x405024"
                    }, 
                    {
                        "name": "GetSystemTimeAsFileTime", 
                        "address": "0x405028"
                    }, 
                    {
                        "name": "InitializeSListHead", 
                        "address": "0x40502c"
                    }, 
                    {
                        "name": "UnhandledExceptionFilter", 
                        "address": "0x405030"
                    }, 
                    {
                        "name": "SetUnhandledExceptionFilter", 
                        "address": "0x405034"
                    }, 
                    {
                        "name": "GetStartupInfoW", 
                        "address": "0x405038"
                    }, 
                    {
                        "name": "IsProcessorFeaturePresent", 
                        "address": "0x40503c"
                    }, 
                    {
                        "name": "GetModuleHandleW", 
                        "address": "0x405040"
                    }, 
                    {
                        "name": "GetCurrentProcess", 
                        "address": "0x405044"
                    }, 
                    {
                        "name": "TerminateProcess", 
                        "address": "0x405048"
                    }
                ], 
                "dll": "KERNEL32.dll"
            }, 
            {
                "imports": [
                    {
                        "name": "MessageBoxA", 
                        "address": "0x405060"
                    }, 
                    {
                        "name": "DispatchMessageA", 
                        "address": "0x405064"
                    }, 
                    {
                        "name": "GetMessageA", 
                        "address": "0x405068"
                    }, 
                    {
                        "name": "PostQuitMessage", 
                        "address": "0x40506c"
                    }
                ], 
                "dll": "USER32.dll"
            }, 
            {
                "imports": [
                    {
                        "name": "_register_thread_local_exe_atexit_callback", 
                        "address": "0x4050f0"
                    }, 
                    {
                        "name": "_c_exit", 
                        "address": "0x4050f4"
                    }, 
                    {
                        "name": "_initterm_e", 
                        "address": "0x4050f8"
                    }, 
                    {
                        "name": "_initterm", 
                        "address": "0x4050fc"
                    }
                ], 
                "dll": "api-ms-win-crt-runtime-l1-1-0.dll"
            }, 
            {
                "imports": [
                    {
                        "name": "_o___p__commode", 
                        "address": "0x405074"
                    }, 
                    {
                        "name": "_o___std_exception_copy", 
                        "address": "0x405078"
                    }, 
                    {
                        "name": "_o___std_exception_destroy", 
                        "address": "0x40507c"
                    }, 
                    {
                        "name": "_o___stdio_common_vsprintf_s", 
                        "address": "0x405080"
                    }, 
                    {
                        "name": "_o__callnewh", 
                        "address": "0x405084"
                    }, 
                    {
                        "name": "_o__cexit", 
                        "address": "0x405088"
                    }, 
                    {
                        "name": "_o__configthreadlocale", 
                        "address": "0x40508c"
                    }, 
                    {
                        "name": "_o__configure_narrow_argv", 
                        "address": "0x405090"
                    }, 
                    {
                        "name": "_o__controlfp_s", 
                        "address": "0x405094"
                    }, 
                    {
                        "name": "_o__crt_atexit", 
                        "address": "0x405098"
                    }, 
                    {
                        "name": "_o__exit", 
                        "address": "0x40509c"
                    }, 
                    {
                        "name": "_o__get_narrow_winmain_command_line", 
                        "address": "0x4050a0"
                    }, 
                    {
                        "name": "_o__initialize_narrow_environment", 
                        "address": "0x4050a4"
                    }, 
                    {
                        "name": "_o__initialize_onexit_table", 
                        "address": "0x4050a8"
                    }, 
                    {
                        "name": "_o__register_onexit_function", 
                        "address": "0x4050ac"
                    }, 
                    {
                        "name": "_o__seh_filter_exe", 
                        "address": "0x4050b0"
                    }, 
                    {
                        "name": "_o__set_app_type", 
                        "address": "0x4050b4"
                    }, 
                    {
                        "name": "_o__set_fmode", 
                        "address": "0x4050b8"
                    }, 
                    {
                        "name": "_o__set_new_mode", 
                        "address": "0x4050bc"
                    }, 
                    {
                        "name": "_o_exit", 
                        "address": "0x4050c0"
                    }, 
                    {
                        "name": "_o_free", 
                        "address": "0x4050c4"
                    }, 
                    {
                        "name": "_o_malloc", 
                        "address": "0x4050c8"
                    }, 
                    {
                        "name": "_o_strtok", 
                        "address": "0x4050cc"
                    }, 
                    {
                        "name": "_o_terminate", 
                        "address": "0x4050d0"
                    }, 
                    {
                        "name": "__current_exception", 
                        "address": "0x4050d4"
                    }, 
                    {
                        "name": "__current_exception_context", 
                        "address": "0x4050d8"
                    }, 
                    {
                        "name": "_except_handler4_common", 
                        "address": "0x4050dc"
                    }, 
                    {
                        "name": "_CxxThrowException", 
                        "address": "0x4050e0"
                    }, 
                    {
                        "name": "__CxxFrameHandler3", 
                        "address": "0x4050e4"
                    }, 
                    {
                        "name": "memcpy", 
                        "address": "0x4050e8"
                    }
                ], 
                "dll": "api-ms-win-crt-private-l1-1-0.dll"
            }, 
            {
                "imports": [
                    {
                        "name": "memset", 
                        "address": "0x405104"
                    }
                ], 
                "dll": "api-ms-win-crt-string-l1-1-0.dll"
            }, 
            {
                "imports": [
                    {
                        "name": "CoRevokeClassObject", 
                        "address": "0x40510c"
                    }, 
                    {
                        "name": "CoRegisterPSClsid", 
                        "address": "0x405110"
                    }, 
                    {
                        "name": "CoInitialize", 
                        "address": "0x405114"
                    }, 
                    {
                        "name": "CoRegisterClassObject", 
                        "address": "0x405118"
                    }, 
                    {
                        "name": "HWND_UserUnmarshal", 
                        "address": "0x40511c"
                    }, 
                    {
                        "name": "HWND_UserFree", 
                        "address": "0x405120"
                    }, 
                    {
                        "name": "HWND_UserSize", 
                        "address": "0x405124"
                    }, 
                    {
                        "name": "HWND_UserMarshal", 
                        "address": "0x405128"
                    }, 
                    {
                        "name": "CoUninitialize", 
                        "address": "0x40512c"
                    }
                ], 
                "dll": "ole32.dll"
            }, 
            {
                "imports": [
                    {
                        "name": "NdrOleFree", 
                        "address": "0x405050"
                    }, 
                    {
                        "name": "NdrDllGetClassObject", 
                        "address": "0x405054"
                    }, 
                    {
                        "name": "NdrOleAllocate", 
                        "address": "0x405058"
                    }
                ], 
                "dll": "RPCRT4.dll"
            }
        ], 
        "peid_signatures": null, 
        "keys": [], 
        "signature": [], 
        "pe_timestamp": "2056-06-11 01:59:43", 
        "pe_exports": [], 
        "imported_dll_count": 7, 
        "pe_imphash": "d3f6e9ace4901f633fa0f60c8ad30b47", 
        "pe_resources": [
            {
                "name": "EDPENLIGHTENEDAPPINFOID", 
                "language": "LANG_ENGLISH", 
                "filetype": "data", 
                "sublanguage": "SUBLANG_ENGLISH_US", 
                "offset": "0x000067f8", 
                "size": "0x00000002"
            }, 
            {
                "name": "MUI", 
                "language": "LANG_ENGLISH", 
                "filetype": "data", 
                "sublanguage": "SUBLANG_ENGLISH_US", 
                "offset": "0x00006800", 
                "size": "0x000000f8"
            }, 
            {
                "name": "RT_VERSION", 
                "language": "LANG_ENGLISH", 
                "filetype": "data", 
                "sublanguage": "SUBLANG_ENGLISH_US", 
                "offset": "0x00006458", 
                "size": "0x000003a0"
            }, 
            {
                "name": "RT_MANIFEST", 
                "language": "LANG_ENGLISH", 
                "filetype": "XML 1.0 document, ASCII text, with CRLF line terminators", 
                "sublanguage": "SUBLANG_ENGLISH_US", 
                "offset": "0x000061b0", 
                "size": "0x000002a7"
            }
        ], 
        "pe_versioninfo": [
            {
                "name": "LegalCopyright", 
                "value": "\\xa9 Microsoft Corporation. All rights reserved."
            }, 
            {
                "name": "InternalName", 
                "value": "FIXMAPI"
            }, 
            {
                "name": "FileVersion", 
                "value": "10.0.22621.3235 (WinBuild.160101.0800)"
            }, 
            {
                "name": "CompanyName", 
                "value": "Microsoft Corporation"
            }, 
            {
                "name": "ProductName", 
                "value": "Microsoft\\xae Windows\\xae Operating System"
            }, 
            {
                "name": "ProductVersion", 
                "value": "10.0.22621.3235"
            }, 
            {
                "name": "FileDescription", 
                "value": "FIXMAPI 1.0 MAPI Repair Tool"
            }, 
            {
                "name": "OriginalFilename", 
                "value": "FIXMAPI.EXE"
            }, 
            {
                "name": "Translation", 
                "value": "0x0409 0x04b0"
            }
        ], 
        "pe_sections": [
            {
                "size_of_data": "0x00003000", 
                "virtual_address": "0x00001000", 
                "entropy": 5.804516452063581, 
                "name": ".text", 
                "virtual_size": "0x00002e7c"
            }, 
            {
                "size_of_data": "0x00000200", 
                "virtual_address": "0x00004000", 
                "entropy": 1.698341429677877, 
                "name": ".data", 
                "virtual_size": "0x00000480"
            }, 
            {
                "size_of_data": "0x00000a00", 
                "virtual_address": "0x00005000", 
                "entropy": 4.822685694464373, 
                "name": ".idata", 
                "virtual_size": "0x00000936"
            }, 
            {
                "size_of_data": "0x00000a00", 
                "virtual_address": "0x00006000", 
                "entropy": 4.034257827050585, 
                "name": ".rsrc", 
                "virtual_size": "0x000008f8"
            }, 
            {
                "size_of_data": "0x00000400", 
                "virtual_address": "0x00007000", 
                "entropy": 5.606066298359494, 
                "name": ".reloc", 
                "virtual_size": "0x00000324"
            }
        ]
    }, 
    "behavior": {
        "generic": [
            {
                "process_path": "C:\\Windows\\System32\\lsass.exe", 
                "process_name": "lsass.exe", 
                "pid": 508, 
                "summary": {}, 
                "first_seen": 1742635416.9375, 
                "ppid": 400
            }
        ], 
        "processes": [
            {
                "process_path": "C:\\Windows\\System32\\lsass.exe", 
                "calls": [], 
                "track": false, 
                "pid": 508, 
                "process_name": "lsass.exe", 
                "command_line": "C:\\Windows\\system32\\lsass.exe", 
                "modules": [
                    {
                        "basename": "lsass.exe", 
                        "imgsize": 49152, 
                        "baseaddr": "0xffc70000", 
                        "filepath": "C:\\Windows\\system32\\lsass.exe"
                    }, 
                    {
                        "basename": "ntdll.dll", 
                        "imgsize": 1740800, 
                        "baseaddr": "0x76dd0000", 
                        "filepath": "C:\\Windows\\SYSTEM32\\ntdll.dll"
                    }, 
                    {
                        "basename": "kernel32.dll", 
                        "imgsize": 1175552, 
                        "baseaddr": "0x76bb0000", 
                        "filepath": "C:\\Windows\\system32\\kernel32.dll"
                    }, 
                    {
                        "basename": "KERNELBASE.dll", 
                        "imgsize": 438272, 
                        "baseaddr": "0x7fefcf80000", 
                        "filepath": "C:\\Windows\\system32\\KERNELBASE.dll"
                    }, 
                    {
                        "basename": "msvcrt.dll", 
                        "imgsize": 651264, 
                        "baseaddr": "0x7fefec80000", 
                        "filepath": "C:\\Windows\\system32\\msvcrt.dll"
                    }, 
                    {
                        "basename": "RPCRT4.dll", 
                        "imgsize": 1232896, 
                        "baseaddr": "0x7fefd2c0000", 
                        "filepath": "C:\\Windows\\system32\\RPCRT4.dll"
                    }, 
                    {
                        "basename": "SspiSrv.dll", 
                        "imgsize": 45056, 
                        "baseaddr": "0x7fefcb60000", 
                        "filepath": "C:\\Windows\\system32\\SspiSrv.dll"
                    }, 
                    {
                        "basename": "lsasrv.dll", 
                        "imgsize": 1470464, 
                        "baseaddr": "0x7fefc9e0000", 
                        "filepath": "C:\\Windows\\system32\\lsasrv.dll"
                    }, 
                    {
                        "basename": "sechost.dll", 
                        "imgsize": 126976, 
                        "baseaddr": "0x7fefea00000", 
                        "filepath": "C:\\Windows\\SYSTEM32\\sechost.dll"
                    }, 
                    {
                        "basename": "SspiCli.dll", 
                        "imgsize": 151552, 
                        "baseaddr": "0x7fefcb80000", 
                        "filepath": "C:\\Windows\\system32\\SspiCli.dll"
                    }, 
                    {
                        "basename": "ADVAPI32.dll", 
                        "imgsize": 897024, 
                        "baseaddr": "0x7fefd480000", 
                        "filepath": "C:\\Windows\\system32\\ADVAPI32.dll"
                    }, 
                    {
                        "basename": "USER32.dll", 
                        "imgsize": 1024000, 
                        "baseaddr": "0x76cd0000", 
                        "filepath": "C:\\Windows\\system32\\USER32.dll"
                    }, 
                    {
                        "basename": "GDI32.dll", 
                        "imgsize": 421888, 
                        "baseaddr": "0x7fefd560000", 
                        "filepath": "C:\\Windows\\system32\\GDI32.dll"
                    }, 
                    {
                        "basename": "LPK.dll", 
                        "imgsize": 57344, 
                        "baseaddr": "0x7fefd830000", 
                        "filepath": "C:\\Windows\\system32\\LPK.dll"
                    }, 
                    {
                        "basename": "USP10.dll", 
                        "imgsize": 823296, 
                        "baseaddr": "0x7feff010000", 
                        "filepath": "C:\\Windows\\system32\\USP10.dll"
                    }, 
                    {
                        "basename": "SAMSRV.dll", 
                        "imgsize": 774144, 
                        "baseaddr": "0x7fefc880000", 
                        "filepath": "C:\\Windows\\system32\\SAMSRV.dll"
                    }, 
                    {
                        "basename": "cryptdll.dll", 
                        "imgsize": 81920, 
                        "baseaddr": "0x7fefc860000", 
                        "filepath": "C:\\Windows\\system32\\cryptdll.dll"
                    }, 
                    {
                        "basename": "MSASN1.dll", 
                        "imgsize": 61440, 
                        "baseaddr": "0x7fefcdc0000", 
                        "filepath": "C:\\Windows\\system32\\MSASN1.dll"
                    }, 
                    {
                        "basename": "wevtapi.dll", 
                        "imgsize": 446464, 
                        "baseaddr": "0x7fefc7f0000", 
                        "filepath": "C:\\Windows\\system32\\wevtapi.dll"
                    }, 
                    {
                        "basename": "IMM32.DLL", 
                        "imgsize": 188416, 
                        "baseaddr": "0x7fefea20000", 
                        "filepath": "C:\\Windows\\system32\\IMM32.DLL"
                    }, 
                    {
                        "basename": "MSCTF.dll", 
                        "imgsize": 1085440, 
                        "baseaddr": "0x7fefed20000", 
                        "filepath": "C:\\Windows\\system32\\MSCTF.dll"
                    }, 
                    {
                        "basename": "cngaudit.dll", 
                        "imgsize": 36864, 
                        "baseaddr": "0x7fefc7b0000", 
                        "filepath": "C:\\Windows\\system32\\cngaudit.dll"
                    }, 
                    {
                        "basename": "AUTHZ.dll", 
                        "imgsize": 192512, 
                        "baseaddr": "0x7fefc780000", 
                        "filepath": "C:\\Windows\\system32\\AUTHZ.dll"
                    }, 
                    {
                        "basename": "ncrypt.dll", 
                        "imgsize": 319488, 
                        "baseaddr": "0x7fefc730000", 
                        "filepath": "C:\\Windows\\system32\\ncrypt.dll"
                    }, 
                    {
                        "basename": "bcrypt.dll", 
                        "imgsize": 139264, 
                        "baseaddr": "0x7fefc700000", 
                        "filepath": "C:\\Windows\\system32\\bcrypt.dll"
                    }, 
                    {
                        "basename": "msprivs.DLL", 
                        "imgsize": 8192, 
                        "baseaddr": "0x74af0000", 
                        "filepath": "C:\\Windows\\system32\\msprivs.DLL"
                    }, 
                    {
                        "basename": "netjoin.dll", 
                        "imgsize": 204800, 
                        "baseaddr": "0x7fefc6c0000", 
                        "filepath": "C:\\Windows\\system32\\netjoin.dll"
                    }, 
                    {
                        "basename": "negoexts.DLL", 
                        "imgsize": 147456, 
                        "baseaddr": "0x7fefc690000", 
                        "filepath": "C:\\Windows\\system32\\negoexts.DLL"
                    }, 
                    {
                        "basename": "Secur32.dll", 
                        "imgsize": 45056, 
                        "baseaddr": "0x7fefc9b0000", 
                        "filepath": "C:\\Windows\\system32\\Secur32.dll"
                    }, 
                    {
                        "basename": "cryptbase.dll", 
                        "imgsize": 61440, 
                        "baseaddr": "0x7fefcc50000", 
                        "filepath": "C:\\Windows\\system32\\cryptbase.dll"
                    }, 
                    {
                        "basename": "kerberos.DLL", 
                        "imgsize": 737280, 
                        "baseaddr": "0x7fefc5d0000", 
                        "filepath": "C:\\Windows\\system32\\kerberos.DLL"
                    }, 
                    {
                        "basename": "CRYPTSP.dll", 
                        "imgsize": 94208, 
                        "baseaddr": "0x7fefc5b0000", 
                        "filepath": "C:\\Windows\\system32\\CRYPTSP.dll"
                    }, 
                    {
                        "basename": "WS2_32.dll", 
                        "imgsize": 315392, 
                        "baseaddr": "0x7fefec30000", 
                        "filepath": "C:\\Windows\\system32\\WS2_32.dll"
                    }, 
                    {
                        "basename": "NSI.dll", 
                        "imgsize": 32768, 
                        "baseaddr": "0x7fefd3f0000", 
                        "filepath": "C:\\Windows\\system32\\NSI.dll"
                    }, 
                    {
                        "basename": "mswsock.dll", 
                        "imgsize": 348160, 
                        "baseaddr": "0x7fefc550000", 
                        "filepath": "C:\\Windows\\system32\\mswsock.dll"
                    }, 
                    {
                        "basename": "wship6.dll", 
                        "imgsize": 28672, 
                        "baseaddr": "0x7fefc540000", 
                        "filepath": "C:\\Windows\\System32\\wship6.dll"
                    }, 
                    {
                        "basename": "msv1_0.DLL", 
                        "imgsize": 331776, 
                        "baseaddr": "0x7fefc4e0000", 
                        "filepath": "C:\\Windows\\system32\\msv1_0.DLL"
                    }, 
                    {
                        "basename": "netlogon.DLL", 
                        "imgsize": 712704, 
                        "baseaddr": "0x7fefc430000", 
                        "filepath": "C:\\Windows\\system32\\netlogon.DLL"
                    }, 
                    {
                        "basename": "DNSAPI.dll", 
                        "imgsize": 372736, 
                        "baseaddr": "0x7fefc3d0000", 
                        "filepath": "C:\\Windows\\system32\\DNSAPI.dll"
                    }, 
                    {
                        "basename": "logoncli.dll", 
                        "imgsize": 196608, 
                        "baseaddr": "0x7fefc3a0000", 
                        "filepath": "C:\\Windows\\system32\\logoncli.dll"
                    }, 
                    {
                        "basename": "schannel.DLL", 
                        "imgsize": 356352, 
                        "baseaddr": "0x7fefc340000", 
                        "filepath": "C:\\Windows\\system32\\schannel.DLL"
                    }, 
                    {
                        "basename": "CRYPT32.dll", 
                        "imgsize": 1470464, 
                        "baseaddr": "0x7fefcdd0000", 
                        "filepath": "C:\\Windows\\system32\\CRYPT32.dll"
                    }, 
                    {
                        "basename": "wdigest.DLL", 
                        "imgsize": 221184, 
                        "baseaddr": "0x7fefc300000", 
                        "filepath": "C:\\Windows\\system32\\wdigest.DLL"
                    }, 
                    {
                        "basename": "rsaenh.dll", 
                        "imgsize": 290816, 
                        "baseaddr": "0x7fefc2b0000", 
                        "filepath": "C:\\Windows\\system32\\rsaenh.dll"
                    }, 
                    {
                        "basename": "tspkg.DLL", 
                        "imgsize": 98304, 
                        "baseaddr": "0x7fefc290000", 
                        "filepath": "C:\\Windows\\system32\\tspkg.DLL"
                    }, 
                    {
                        "basename": "pku2u.DLL", 
                        "imgsize": 282624, 
                        "baseaddr": "0x7fefc240000", 
                        "filepath": "C:\\Windows\\system32\\pku2u.DLL"
                    }, 
                    {
                        "basename": "bcryptprimitives.dll", 
                        "imgsize": 311296, 
                        "baseaddr": "0x7fefc1f0000", 
                        "filepath": "C:\\Windows\\system32\\bcryptprimitives.dll"
                    }, 
                    {
                        "basename": "RpcRtRemote.dll", 
                        "imgsize": 81920, 
                        "baseaddr": "0x7fefcd00000", 
                        "filepath": "C:\\Windows\\system32\\RpcRtRemote.dll"
                    }, 
                    {
                        "basename": "efslsaext.dll", 
                        "imgsize": 73728, 
                        "baseaddr": "0x7fefc1d0000", 
                        "filepath": "C:\\Windows\\system32\\efslsaext.dll"
                    }, 
                    {
                        "basename": "scecli.DLL", 
                        "imgsize": 253952, 
                        "baseaddr": "0x7fefc130000", 
                        "filepath": "C:\\Windows\\system32\\scecli.DLL"
                    }, 
                    {
                        "basename": "credssp.dll", 
                        "imgsize": 40960, 
                        "baseaddr": "0x7fefc1b0000", 
                        "filepath": "C:\\Windows\\system32\\credssp.dll"
                    }, 
                    {
                        "basename": "WINSTA.dll", 
                        "imgsize": 249856, 
                        "baseaddr": "0x7fefcc10000", 
                        "filepath": "C:\\Windows\\system32\\WINSTA.dll"
                    }, 
                    {
                        "basename": "IPHLPAPI.DLL", 
                        "imgsize": 159744, 
                        "baseaddr": "0x7fefbfd0000", 
                        "filepath": "C:\\Windows\\system32\\IPHLPAPI.DLL"
                    }, 
                    {
                        "basename": "WINNSI.DLL", 
                        "imgsize": 45056, 
                        "baseaddr": "0x7fefbfc0000", 
                        "filepath": "C:\\Windows\\system32\\WINNSI.DLL"
                    }, 
                    {
                        "basename": "netutils.dll", 
                        "imgsize": 49152, 
                        "baseaddr": "0x7fefa790000", 
                        "filepath": "C:\\Windows\\system32\\netutils.dll"
                    }, 
                    {
                        "basename": "USERENV.dll", 
                        "imgsize": 122880, 
                        "baseaddr": "0x7fefc060000", 
                        "filepath": "C:\\Windows\\system32\\USERENV.dll"
                    }, 
                    {
                        "basename": "profapi.dll", 
                        "imgsize": 61440, 
                        "baseaddr": "0x7fefcd20000", 
                        "filepath": "C:\\Windows\\system32\\profapi.dll"
                    }, 
                    {
                        "basename": "wshtcpip.dll", 
                        "imgsize": 28672, 
                        "baseaddr": "0x7fefbed0000", 
                        "filepath": "C:\\Windows\\System32\\wshtcpip.dll"
                    }, 
                    {
                        "basename": "monitor-x64.dll", 
                        "imgsize": 2269184, 
                        "baseaddr": "0x744c0000", 
                        "filepath": "C:\\tmpql7zol\\bin\\monitor-x64.dll"
                    }
                ], 
                "time": 0, 
                "tid": 1648, 
                "first_seen": 1742635416.9375, 
                "ppid": 400, 
                "type": "process"
            }
        ], 
        "processtree": [
            {
                "track": false, 
                "pid": 508, 
                "process_name": "lsass.exe", 
                "command_line": "C:\\Windows\\system32\\lsass.exe", 
                "first_seen": 1742635416.9375, 
                "ppid": 400, 
                "children": []
            }
        ]
    }, 
    "debug": {
        "action": [], 
        "dbgview": [], 
        "errors": [], 
        "log": [
            "2025-03-22 08:23:36,015 [analyzer] DEBUG: Starting analyzer from: C:\\tmpql7zol\n", 
            "2025-03-22 08:23:36,015 [analyzer] DEBUG: Pipe server name: \\??\\PIPE\\YsNaPUNndxMZuljSlfXPNOsi\n", 
            "2025-03-22 08:23:36,015 [analyzer] DEBUG: Log pipe server name: \\??\\PIPE\\EXnIgqFnrUgVSgiJZfBetqPh\n", 
            "2025-03-22 08:23:36,171 [analyzer] DEBUG: Started auxiliary module DbgView\n", 
            "2025-03-22 08:23:36,671 [analyzer] DEBUG: Started auxiliary module Disguise\n", 
            "2025-03-22 08:23:37,000 [analyzer] DEBUG: Loaded monitor into process with pid 508\n", 
            "2025-03-22 08:23:37,000 [analyzer] DEBUG: Started auxiliary module DumpTLSMasterSecrets\n", 
            "2025-03-22 08:23:37,000 [analyzer] DEBUG: Started auxiliary module Human\n", 
            "2025-03-22 08:23:37,000 [analyzer] DEBUG: Started auxiliary module InstallCertificate\n", 
            "2025-03-22 08:23:37,000 [analyzer] DEBUG: Started auxiliary module Reboot\n", 
            "2025-03-22 08:23:37,187 [analyzer] DEBUG: Started auxiliary module RecentFiles\n", 
            "2025-03-22 08:23:37,187 [analyzer] DEBUG: Started auxiliary module Screenshots\n", 
            "2025-03-22 08:23:37,187 [analyzer] DEBUG: Started auxiliary module LoadZer0m0n\n", 
            "2025-03-22 08:23:37,187 [modules.auxiliary.screenshots] INFO: Python Image Library (either PIL or Pillow) is not installed, screenshots are disabled.\n", 
            "2025-03-22 08:23:37,250 [lib.api.process] ERROR: Failed to execute process from path u'C:\\\\Users\\\\ADMINI~1\\\\AppData\\\\Local\\\\Temp\\\\fixmapi.exe' with arguments ['bin\\\\inject-x86.exe', '--app', u'C:\\\\Users\\\\ADMINI~1\\\\AppData\\\\Local\\\\Temp\\\\fixmapi.exe', '--only-start', '--curdir', 'C:\\\\Users\\\\ADMINI~1\\\\AppData\\\\Local\\\\Temp'] (Error: Command '['bin\\\\inject-x86.exe', '--app', u'C:\\\\Users\\\\ADMINI~1\\\\AppData\\\\Local\\\\Temp\\\\fixmapi.exe', '--only-start', '--curdir', 'C:\\\\Users\\\\ADMINI~1\\\\AppData\\\\Local\\\\Temp']' returned non-zero exit status 1)\n"
        ], 
        "cuckoo": [
            "2025-03-22 08:26:48,635 [cuckoo.core.scheduler] INFO: Task #447: acquired machine 192.168.56.1011 (label=192.168.56.1011)\n", 
            "2025-03-22 08:26:48,635 [cuckoo.core.resultserver] DEBUG: Now tracking machine 192.168.56.101 for task #447\n", 
            "2025-03-22 08:26:48,635 [cuckoo.core.plugins] DEBUG: Started auxiliary module: Replay\n", 
            "2025-03-22 08:26:48,648 [cuckoo.auxiliary.sniffer] INFO: Started sniffer with PID 63606 (interface=vboxnet0, host=192.168.56.101)\n", 
            "2025-03-22 08:26:48,648 [cuckoo.core.plugins] DEBUG: Started auxiliary module: Sniffer\n", 
            "2025-03-22 08:26:48,671 [cuckoo.machinery.virtualbox] DEBUG: Starting vm 192.168.56.1011\n", 
            "2025-03-22 08:26:48,769 [cuckoo.machinery.virtualbox] DEBUG: Restoring virtual machine 192.168.56.1011 to its current snapshot\n", 
            "2025-03-22 08:26:50,934 [cuckoo.core.guest] INFO: Starting analysis #447 on guest (id=192.168.56.1011, ip=192.168.56.101)\n", 
            "2025-03-22 08:26:51,936 [cuckoo.core.guest] DEBUG: 192.168.56.1011: not ready yet\n", 
            "2025-03-22 08:26:52,938 [cuckoo.core.guest] DEBUG: 192.168.56.1011: not ready yet\n", 
            "2025-03-22 08:26:53,941 [cuckoo.core.guest] DEBUG: 192.168.56.1011: not ready yet\n", 
            "2025-03-22 08:26:53,953 [cuckoo.core.guest] INFO: Guest is running Cuckoo Agent 0.10 (id=192.168.56.1011, ip=192.168.56.101)\n", 
            "2025-03-22 08:26:53,995 [cuckoo.core.guest] DEBUG: Uploading analyzer to guest (id=192.168.56.1011, ip=192.168.56.101, monitor=latest, size=3884763)\n", 
            "2025-03-22 08:26:54,840 [cuckoo.core.resultserver] DEBUG: Task #447: live log analysis.log initialized.\n", 
            "2025-03-22 08:26:55,812 [cuckoo.core.resultserver] DEBUG: Task #447 is sending a BSON stream\n", 
            "2025-03-22 08:26:56,368 [cuckoo.core.guest] WARNING: 192.168.56.1011: analysis #447 caught an exception\n", 
            "Traceback (most recent call last):\n", 
            "  File \"C:/tmpql7zol/analyzer.py\", line 808, in <module>\n", 
            "    success = analyzer.run()\n", 
            "  File \"C:/tmpql7zol/analyzer.py\", line 657, in run\n", 
            "    pids = self.package.start(self.target)\n", 
            "  File \"C:\\tmpql7zol\\modules\\packages\\exe.py\", line 23, in start\n", 
            "    return self.execute(path, args=shlex.split(args))\n", 
            "  File \"C:\\tmpql7zol\\lib\\common\\abstracts.py\", line 166, in execute\n", 
            "    \"Unable to execute the initial process, analysis aborted.\"\n", 
            "CuckooPackageError: Unable to execute the initial process, analysis aborted.\n", 
            "\n", 
            "2025-03-22 08:26:56,374 [cuckoo.core.plugins] DEBUG: Stopped auxiliary module: Replay\n", 
            "2025-03-22 08:26:56,418 [cuckoo.core.plugins] DEBUG: Stopped auxiliary module: Sniffer\n", 
            "2025-03-22 08:27:08,126 [cuckoo.machinery.virtualbox] INFO: Successfully generated memory dump for virtual machine with label 192.168.56.1011 to path /home/tesst/.cuckoo/storage/analyses/447/memory.dmp\n", 
            "2025-03-22 08:27:08,139 [cuckoo.machinery.virtualbox] DEBUG: Stopping vm 192.168.56.1011\n", 
            "2025-03-22 08:27:09,535 [cuckoo.core.resultserver] DEBUG: Stopped tracking machine 192.168.56.101 for task #447\n", 
            "2025-03-22 08:27:09,535 [cuckoo.core.resultserver] DEBUG: Cancel <Context for LOG> for task 447\n", 
            "2025-03-22 08:27:09,538 [cuckoo.core.scheduler] DEBUG: Released database task #447\n", 
            "2025-03-22 08:27:09,563 [cuckoo.core.plugins] DEBUG: Executed processing module \"AnalysisInfo\" for task #447\n", 
            "2025-03-22 08:27:09,564 [cuckoo.core.plugins] DEBUG: Executed processing module \"BehaviorAnalysis\" for task #447\n", 
            "2025-03-22 08:27:09,564 [cuckoo.core.plugins] DEBUG: Executed processing module \"Dropped\" for task #447\n", 
            "2025-03-22 08:27:09,564 [cuckoo.core.plugins] DEBUG: Executed processing module \"DroppedBuffer\" for task #447\n", 
            "2025-03-22 08:27:09,565 [cuckoo.core.plugins] DEBUG: Executed processing module \"MetaInfo\" for task #447\n", 
            "2025-03-22 08:27:09,565 [cuckoo.core.plugins] DEBUG: Executed processing module \"ProcessMemory\" for task #447\n", 
            "2025-03-22 08:27:09,565 [cuckoo.core.plugins] DEBUG: Executed processing module \"Procmon\" for task #447\n", 
            "2025-03-22 08:27:09,565 [cuckoo.core.plugins] DEBUG: Executed processing module \"Screenshots\" for task #447\n", 
            "2025-03-22 08:27:09,736 [cuckoo.core.plugins] DEBUG: Executed processing module \"Static\" for task #447\n", 
            "2025-03-22 08:27:09,737 [cuckoo.core.plugins] DEBUG: Executed processing module \"Strings\" for task #447\n", 
            "2025-03-22 08:27:09,739 [cuckoo.cor"
        ]
    }, 
    "strings": [
        "!This program cannot be run in DOS mode.", 
        "`.data", 
        ".idata", 
        "@.rsrc", 
        "@.reloc", 
        "Unknown exception", 
        "bad allocation", 
        "bad array new length", 
        "Fmapistub.dll", 
        "LoadLibrary: GetLastError = %d", 
        "FixMAPI", 
        "GetProcAddress: GetLastError = %d", 
        "MAPI Repair Tool", 
        "MAPI32.DLL", 
        "MAPISendMail", 
        "MAPISendMailW", 
        "UnregServer", 
        "RegServer", 
        "Embedding", 
        " ^^PqA", 
        "fixmapi.pdb", 
        ".rdata$brc", 
        ".rdata$r$brc", 
        ".CRT$XCA", 
        ".CRT$XCAA", 
        ".CRT$XCZ", 
        ".CRT$XIA", 
        ".CRT$XIAA", 
        ".CRT$XIAC", 
        ".CRT$XIC", 
        ".CRT$XIZ", 
        ".CRT$XPA", 
        ".CRT$XPZ", 
        ".CRT$XTA", 
        ".CRT$XTZ", 
        ".gfids", 
        ".rdata", 
        ".rdata$sxdata", 
        ".rdata$voltmd", 
        ".rdata$zzzdbg", 
        ".rtc$IAA", 
        ".rtc$IZZ", 
        ".rtc$TAA", 
        ".rtc$TZZ", 
        ".text$mn", 
        ".text$x", 
        ".xdata$x", 
        ".data$r$brc", 
        ".data$rs$brc", 
        ".idata$5", 
        ".00cfg", 
        ".idata$2", 
        ".idata$3", 
        ".idata$4", 
        ".idata$6", 
        ".rsrc$01", 
        ".rsrc$02", 
        " ^^PqA", 
        ".?AVbad_alloc@std@@", 
        ".?AVexception@std@@", 
        ".?AVbad_array_new_length@std@@", 
        ".?AVtype_info@@", 
        "GetLastError", 
        "LoadLibraryA", 
        "GetProcAddress", 
        "LoadLibraryW", 
        "FreeLibrary", 
        "lstrcmpiA", 
        "KERNEL32.dll", 
        "MessageBoxA", 
        "PostQuitMessage", 
        "DispatchMessageA", 
        "GetMessageA", 
        "USER32.dll", 
        "_initterm", 
        "_initterm_e", 
        "_c_exit", 
        "_register_thread_local_exe_atexit_callback", 
        "api-ms-win-crt-runtime-l1-1-0.dll", 
        "__CxxFrameHandler3", 
        "_o___p__commode", 
        "_o___std_exception_copy", 
        "_o___std_exception_destroy", 
        "_o___stdio_common_vsprintf_s", 
        "_o__callnewh", 
        "_o__cexit", 
        "_o__configthreadlocale", 
        "_o__configure_narrow_argv", 
        "_o__controlfp_s", 
        "_o__crt_atexit", 
        "_o__exit", 
        "_o__get_narrow_winmain_command_line", 
        "_o__initialize_narrow_environment", 
        "_o__initialize_onexit_table", 
        "_o__register_onexit_function", 
        "_o__seh_filter_exe", 
        "_o__set_app_type", 
        "_o__set_fmode", 
        "_o__set_new_mode", 
        "_o_exit", 
        "_o_free", 
        "_o_malloc", 
        "_o_strtok", 
        "_o_terminate", 
        "__current_exception", 
        "__current_exception_context", 
        "memset", 
        "_except_handler4_common", 
        "_CxxThrowException", 
        "api-ms-win-crt-private-l1-1-0.dll", 
        "api-ms-win-crt-string-l1-1-0.dll", 
        "CoInitialize", 
        "CoUninitialize", 
        "CoRegisterClassObject", 
        "CoRevokeClassObject", 
        "CoRegisterPSClsid", 
        "HWND_UserUnmarshal", 
        "HWND_UserFree", 
        "HWND_UserSize", 
        "HWND_UserMarshal", 
        "ole32.dll", 
        "NdrDllGetClassObject", 
        "NdrOleFree", 
        "NdrOleAllocate", 
        "RPCRT4.dll", 
        "IsDebuggerPresent", 
        "QueryPerformanceCounter", 
        "GetCurrentProcessId", 
        "GetCurrentThreadId", 
        "GetSystemTimeAsFileTime", 
        "InitializeSListHead", 
        "UnhandledExceptionFilter", 
        "SetUnhandledExceptionFilter", 
        "GetStartupInfoW", 
        "IsProcessorFeaturePresent", 
        "GetModuleHandleW", 
        "GetCurrentProcess", 
        "TerminateProcess", 
        "memcpy", 
        "<?xml version=\"1.0\" encoding=\"UTF-8\" standalone=\"yes\"?>", 
        "<!-- Copyright (c) Microsoft Corporation -->", 
        "<assembly xmlns=\"urn:schemas-microsoft-com:asm.v1\" manifestVersion=\"1.0\">", 
        "<assemblyIdentity", 
        "    version=\"5.1.0.0\"", 
        "    processorArchitecture=\"x86\"", 
        "    name=\"Microsoft.Windows.MAPI.FixMAPI\"", 
        "    type=\"win32\"", 
        "<description>FIXMAPI 1.0 MAPI Repair Tool</description>", 
        "<trustInfo xmlns=\"urn:schemas-microsoft-com:asm.v3\">", 
        "    <security>", 
        "        <requestedPrivileges>", 
        "            <requestedExecutionLevel", 
        "                level=\"asInvoker\"", 
        "                uiAccess=\"false\"", 
        "            />", 
        "        </requestedPrivileges>", 
        "    </security>", 
        "</trustInfo>", 
        "</assembly>", 
        "<0@0H0P0", 
        "1$1(1@1X1p1t1x1|1", 
        "2$2(282<2D2\\2l2p2", 
        "3 3(3@3H3T3X3\\3`3", 
        "=2=;=C=J=V=\\=", 
        "=#>)>5><>T>b>", 
        "1$121I1[1", 
        "2*212@2N2o2", 
        ":+:::@:Z:o:", 
        "<6<;<H<", 
        "?=?L?c?i?o?u?{?", 
        "171q1z1", 
        "3P4a4f4y4", 
        "4M5R5p5y5", 
        "6'60656;6E6O6_6o6", 
        "8&8U8^8g8u8~8", 
        "929P9V9}9", 
        ":8:X:~:", 
        ";*;6;B;N;Z;f;r;~;", 
        "<2<B<R<b<r<", 
        "<*=H=l=p=", 
        "> >(><>D>L>T>X>\\>d>x>", 
        "MAPI32.DLL", 
        "EDPENLIGHTENEDAPPINFOID", 
        "MICROSOFTEDPENLIGHTENEDAPPINFO", 
        "VS_VERSION_INFO", 
        "StringFileInfo", 
        "040904B0", 
        "CompanyName", 
        "Microsoft Corporation", 
        "FileDescription", 
        "FIXMAPI 1.0 MAPI Repair Tool", 
        "FileVersion", 
        "10.0.22621.3235 (WinBuild.160101.0800)", 
        "InternalName", 
        "FIXMAPI", 
        "LegalCopyright", 
        " Microsoft Corporation. All rights reserved.", 
        "OriginalFilename", 
        "FIXMAPI.EXE", 
        "ProductName", 
        "Microsoft", 
        " Windows", 
        " Operating System", 
        "ProductVersion", 
        "10.0.22621.3235", 
        "VarFileInfo", 
        "Translation", 
        "EDPENLIGHTENEDAPPINFOID"
    ], 
    "metadata": {
        "output": {
            "pcap": {
                "basename": "dump.pcap", 
                "sha256": "5ea7635bbbafc48fbe9518e88fc394757dc07cf02b1ef32a777851a8d025f5ee", 
                "dirname": ""
            }
        }
    }
}