{
    "info": {
        "added": 1742631816.122738, 
        "started": 1742632029.842923, 
        "duration": 15, 
        "ended": 1742632045.186872, 
        "owner": null, 
        "score": 0.4, 
        "id": 448, 
        "category": "file", 
        "git": {
            "head": "13cbe0d9e457be3673304533043e992ead1ea9b2", 
            "fetch_head": "13cbe0d9e457be3673304533043e992ead1ea9b2"
        }, 
        "monitor": "2deb9ccd75d5a7a3fe05b2625b03a8639d6ee36b", 
        "package": "exe", 
        "route": "none", 
        "custom": null, 
        "machine": {
            "status": "stopped", 
            "name": "192.168.56.1011", 
            "label": "192.168.56.1011", 
            "manager": "VirtualBox", 
            "started_on": "2025-03-22 08:27:09", 
            "shutdown_on": "2025-03-22 08:27:25"
        }, 
        "platform": "windows", 
        "version": "2.0.7", 
        "options": "procmemdump=yes,route=none"
    }, 
    "signatures": [
        {
            "families": [], 
            "description": "This executable has a PDB path", 
            "severity": 1, 
            "ttp": {}, 
            "markcount": 1, 
            "references": [], 
            "marks": [
                {
                    "category": "pdb_path", 
                    "ioc": "fltMC.pdb", 
                    "type": "ioc", 
                    "description": null
                }
            ], 
            "name": "has_pdb"
        }, 
        {
            "families": [], 
            "description": "The file contains an unknown PE resource name possibly indicative of a packer", 
            "severity": 1, 
            "ttp": {
                "T1045": {
                    "short": "Software Packing", 
                    "long": "Software packing is a method of compressing or encrypting an executable. Packing an executable changes the file signature in an attempt to avoid signature-based detection. Most decompression techniques decompress the executable code in memory."
                }
            }, 
            "markcount": 1, 
            "references": [], 
            "marks": [
                {
                    "category": "resource name", 
                    "ioc": "MUI", 
                    "type": "ioc", 
                    "description": null
                }
            ], 
            "name": "pe_unknown_resource_name"
        }
    ], 
    "target": {
        "category": "file", 
        "file": {
            "yara": [], 
            "sha1": "186a864f9ebd0503b216ecfb4037ce97a14ec383", 
            "name": "fltMC.exe", 
            "type": "PE32 executable (console) Intel 80386, for MS Windows", 
            "sha256": "2fba2e434ce906f9944714089d1016eb92f902cd894e7082c2c82750cc583057", 
            "urls": [], 
            "crc32": "1FF5D887", 
            "path": "/home/tesst/.cuckoo/storage/binaries/2fba2e434ce906f9944714089d1016eb92f902cd894e7082c2c82750cc583057", 
            "ssdeep": null, 
            "size": 26112, 
            "sha512": "97f7299410dc5e905bb568b0aa62d5b4cf6bc65ece3e2d26dd13a8d8938bdbfe8dff729bb380e33e21f1f625b066041a1ab4c0e6905313ce17518e070bd4a7e4", 
            "md5": "d1838cebe1cd0fc36f31320a3030cd30"
        }
    }, 
    "network": {
        "tls": [], 
        "udp": [
            {
                "src": "192.168.56.101", 
                "dst": "224.0.0.252", 
                "offset": 1214, 
                "time": 1.3011369705200195, 
                "dport": 5355, 
                "sport": 64614
            }, 
            {
                "src": "192.168.56.101", 
                "dst": "224.0.0.252", 
                "offset": 1534, 
                "time": 1.6336650848388672, 
                "dport": 5355, 
                "sport": 65517
            }, 
            {
                "src": "192.168.56.101", 
                "dst": "239.255.255.250", 
                "offset": 1862, 
                "time": 1.471808910369873, 
                "dport": 1900, 
                "sport": 64617
            }
        ], 
        "dns_servers": [], 
        "http": [], 
        "icmp": [], 
        "smtp": [], 
        "tcp": [], 
        "smtp_ex": [], 
        "mitm": [], 
        "hosts": [], 
        "pcap_sha256": "1363b1f5ac1f06dcd1cdbf1e1f23403d82a3ff7a6de607daed72e38bef4914d7", 
        "dns": [], 
        "http_ex": [], 
        "domains": [], 
        "dead_hosts": [], 
        "sorted_pcap_sha256": "8ab49e565495ea108c69d81c396f59bf3708e49e62c6a7af0ff4a68307020bca", 
        "irc": [], 
        "https_ex": []
    }, 
    "static": {
        "pdb_path": "fltMC.pdb", 
        "pe_imports": [
            {
                "imports": [
                    {
                        "name": "memset", 
                        "address": "0x40617c"
                    }, 
                    {
                        "name": "wcsncmp", 
                        "address": "0x406180"
                    }
                ], 
                "dll": "api-ms-win-crt-string-l1-1-0.dll"
            }, 
            {
                "imports": [
                    {
                        "name": "_register_thread_local_exe_atexit_callback", 
                        "address": "0x406168"
                    }, 
                    {
                        "name": "_initterm_e", 
                        "address": "0x40616c"
                    }, 
                    {
                        "name": "_initterm", 
                        "address": "0x406170"
                    }, 
                    {
                        "name": "_c_exit", 
                        "address": "0x406174"
                    }
                ], 
                "dll": "api-ms-win-crt-runtime-l1-1-0.dll"
            }, 
            {
                "imports": [
                    {
                        "name": "_o___stdio_common_vswprintf", 
                        "address": "0x4060f4"
                    }, 
                    {
                        "name": "_o__cexit", 
                        "address": "0x4060f8"
                    }, 
                    {
                        "name": "_o__configthreadlocale", 
                        "address": "0x4060fc"
                    }, 
                    {
                        "name": "_o__configure_wide_argv", 
                        "address": "0x406100"
                    }, 
                    {
                        "name": "_o__controlfp_s", 
                        "address": "0x406104"
                    }, 
                    {
                        "name": "_o__crt_atexit", 
                        "address": "0x406108"
                    }, 
                    {
                        "name": "_o__exit", 
                        "address": "0x40610c"
                    }, 
                    {
                        "name": "_o__get_initial_wide_environment", 
                        "address": "0x406110"
                    }, 
                    {
                        "name": "_o__initialize_onexit_table", 
                        "address": "0x406114"
                    }, 
                    {
                        "name": "_o__initialize_wide_environment", 
                        "address": "0x406118"
                    }, 
                    {
                        "name": "memcpy", 
                        "address": "0x40611c"
                    }, 
                    {
                        "name": "_o__register_onexit_function", 
                        "address": "0x406120"
                    }, 
                    {
                        "name": "_o__seh_filter_exe", 
                        "address": "0x406124"
                    }, 
                    {
                        "name": "_o__set_app_type", 
                        "address": "0x406128"
                    }, 
                    {
                        "name": "_o__set_fmode", 
                        "address": "0x40612c"
                    }, 
                    {
                        "name": "_o__set_new_mode", 
                        "address": "0x406130"
                    }, 
                    {
                        "name": "_o__wcsicmp", 
                        "address": "0x406134"
                    }, 
                    {
                        "name": "_o_exit", 
                        "address": "0x406138"
                    }, 
                    {
                        "name": "_o_free", 
                        "address": "0x40613c"
                    }, 
                    {
                        "name": "_o_malloc", 
                        "address": "0x406140"
                    }, 
                    {
                        "name": "_o_qsort", 
                        "address": "0x406144"
                    }, 
                    {
                        "name": "_o_terminate", 
                        "address": "0x406148"
                    }, 
                    {
                        "name": "_except_handler4_common", 
                        "address": "0x40614c"
                    }, 
                    {
                        "name": "__current_exception", 
                        "address": "0x406150"
                    }, 
                    {
                        "name": "__current_exception_context", 
                        "address": "0x406154"
                    }, 
                    {
                        "name": "_o___p__commode", 
                        "address": "0x406158"
                    }, 
                    {
                        "name": "_o___p___wargv", 
                        "address": "0x40615c"
                    }, 
                    {
                        "name": "_o___p___argc", 
                        "address": "0x406160"
                    }
                ], 
                "dll": "api-ms-win-crt-private-l1-1-0.dll"
            }, 
            {
                "imports": [
                    {
                        "name": "FilterFindFirst", 
                        "address": "0x406000"
                    }, 
                    {
                        "name": "FilterFindClose", 
                        "address": "0x406004"
                    }, 
                    {
                        "name": "FilterInstanceFindClose", 
                        "address": "0x406008"
                    }, 
                    {
                        "name": "FilterVolumeInstanceFindNext", 
                        "address": "0x40600c"
                    }, 
                    {
                        "name": "FilterAttach", 
                        "address": "0x406010"
                    }, 
                    {
                        "name": "FilterUnload", 
                        "address": "0x406014"
                    }, 
                    {
                        "name": "FilterVolumeInstanceFindClose", 
                        "address": "0x406018"
                    }, 
                    {
                        "name": "FilterFindNext", 
                        "address": "0x40601c"
                    }, 
                    {
                        "name": "FilterVolumeFindFirst", 
                        "address": "0x406020"
                    }, 
                    {
                        "name": "FilterGetDosName", 
                        "address": "0x406024"
                    }, 
                    {
                        "name": "FilterInstanceFindFirst", 
                        "address": "0x406028"
                    }, 
                    {
                        "name": "FilterAttachAtAltitude", 
                        "address": "0x40602c"
                    }, 
                    {
                        "name": "FilterLoad", 
                        "address": "0x406030"
                    }, 
                    {
                        "name": "FilterInstanceFindNext", 
                        "address": "0x406034"
                    }, 
                    {
                        "name": "FilterDetach", 
                        "address": "0x406038"
                    }, 
                    {
                        "name": "FilterVolumeFindNext", 
                        "address": "0x40603c"
                    }, 
                    {
                        "name": "FilterVolumeFindClose", 
                        "address": "0x406040"
                    }, 
                    {
                        "name": "FilterVolumeInstanceFindFirst", 
                        "address": "0x406044"
                    }
                ], 
                "dll": "FLTLIB.DLL"
            }, 
            {
                "imports": [
                    {
                        "name": "GetCurrentProcessId", 
                        "address": "0x4060bc"
                    }, 
                    {
                        "name": "OpenProcessToken", 
                        "address": "0x4060c0"
                    }, 
                    {
                        "name": "TerminateProcess", 
                        "address": "0x4060c4"
                    }, 
                    {
                        "name": "GetCurrentProcess", 
                        "address": "0x4060c8"
                    }, 
                    {
                        "name": "GetCurrentThreadId", 
                        "address": "0x4060cc"
                    }
                ], 
                "dll": "api-ms-win-core-processthreads-l1-1-0.dll"
            }, 
            {
                "imports": [
                    {
                        "name": "GetStdHandle", 
                        "address": "0x4060b4"
                    }
                ], 
                "dll": "api-ms-win-core-processenvironment-l1-1-0.dll"
            }, 
            {
                "imports": [
                    {
                        "name": "GetFileType", 
                        "address": "0x406070"
                    }, 
                    {
                        "name": "WriteFile", 
                        "address": "0x406074"
                    }
                ], 
                "dll": "api-ms-win-core-file-l1-1-0.dll"
            }, 
            {
                "imports": [
                    {
                        "name": "LocalAlloc", 
                        "address": "0x40608c"
                    }, 
                    {
                        "name": "LocalFree", 
                        "address": "0x406090"
                    }
                ], 
                "dll": "api-ms-win-core-heap-l2-1-0.dll"
            }, 
            {
                "imports": [
                    {
                        "name": "WriteConsoleW", 
                        "address": "0x40604c"
                    }, 
                    {
                        "name": "GetConsoleMode", 
                        "address": "0x406050"
                    }
                ], 
                "dll": "api-ms-win-core-console-l1-1-0.dll"
            }, 
            {
                "imports": [
                    {
                        "name": "FormatMessageW", 
                        "address": "0x4060a8"
                    }, 
                    {
                        "name": "SetThreadPreferredUILanguages", 
                        "address": "0x4060ac"
                    }
                ], 
                "dll": "api-ms-win-core-localization-l1-2-0.dll"
            }, 
            {
                "imports": [
                    {
                        "name": "SetUnhandledExceptionFilter", 
                        "address": "0x406060"
                    }, 
                    {
                        "name": "GetLastError", 
                        "address": "0x406064"
                    }, 
                    {
                        "name": "UnhandledExceptionFilter", 
                        "address": "0x406068"
                    }
                ], 
                "dll": "api-ms-win-core-errorhandling-l1-1-0.dll"
            }, 
            {
                "imports": [
                    {
                        "name": "CloseHandle", 
                        "address": "0x40607c"
                    }
                ], 
                "dll": "api-ms-win-core-handle-l1-1-0.dll"
            }, 
            {
                "imports": [
                    {
                        "name": "HeapSetInformation", 
                        "address": "0x406084"
                    }
                ], 
                "dll": "api-ms-win-core-heap-l1-1-0.dll"
            }, 
            {
                "imports": [
                    {
                        "name": "WideCharToMultiByte", 
                        "address": "0x4060e4"
                    }
                ], 
                "dll": "api-ms-win-core-string-l1-1-0.dll"
            }, 
            {
                "imports": [
                    {
                        "name": "AdjustTokenPrivileges", 
                        "address": "0x406188"
                    }
                ], 
                "dll": "api-ms-win-security-base-l1-1-0.dll"
            }, 
            {
                "imports": [
                    {
                        "name": "IsProcessorFeaturePresent", 
                        "address": "0x4060d4"
                    }
                ], 
                "dll": "api-ms-win-core-processthreads-l1-1-1.dll"
            }, 
            {
                "imports": [
                    {
                        "name": "QueryPerformanceCounter", 
                        "address": "0x4060dc"
                    }
                ], 
                "dll": "api-ms-win-core-profile-l1-1-0.dll"
            }, 
            {
                "imports": [
                    {
                        "name": "GetSystemTimeAsFileTime", 
                        "address": "0x4060ec"
                    }
                ], 
                "dll": "api-ms-win-core-sysinfo-l1-1-0.dll"
            }, 
            {
                "imports": [
                    {
                        "name": "InitializeSListHead", 
                        "address": "0x406098"
                    }
                ], 
                "dll": "api-ms-win-core-interlocked-l1-1-0.dll"
            }, 
            {
                "imports": [
                    {
                        "name": "IsDebuggerPresent", 
                        "address": "0x406058"
                    }
                ], 
                "dll": "api-ms-win-core-debug-l1-1-0.dll"
            }, 
            {
                "imports": [
                    {
                        "name": "GetModuleHandleW", 
                        "address": "0x4060a0"
                    }
                ], 
                "dll": "api-ms-win-core-libraryloader-l1-2-0.dll"
            }
        ], 
        "peid_signatures": null, 
        "keys": [], 
        "signature": [], 
        "pe_timestamp": "1971-12-29 01:30:55", 
        "pe_exports": [], 
        "imported_dll_count": 21, 
        "pe_imphash": "1e932c725fbe688280abe609b3499399", 
        "pe_resources": [
            {
                "name": "MUI", 
                "language": "LANG_ENGLISH", 
                "filetype": "data", 
                "sublanguage": "SUBLANG_ENGLISH_US", 
                "offset": "0x00007748", 
                "size": "0x000000c8"
            }, 
            {
                "name": "RT_VERSION", 
                "language": "LANG_ENGLISH", 
                "filetype": "data", 
                "sublanguage": "SUBLANG_ENGLISH_US", 
                "offset": "0x000073a0", 
                "size": "0x000003a4"
            }, 
            {
                "name": "RT_MANIFEST", 
                "language": "LANG_ENGLISH", 
                "filetype": "XML 1.0 document, ASCII text, with CRLF line terminators", 
                "sublanguage": "SUBLANG_ENGLISH_US", 
                "offset": "0x000070f0", 
                "size": "0x000002ad"
            }
        ], 
        "pe_versioninfo": [
            {
                "name": "LegalCopyright", 
                "value": "\\xa9 Microsoft Corporation. All rights reserved."
            }, 
            {
                "name": "InternalName", 
                "value": "fltMC.exe"
            }, 
            {
                "name": "FileVersion", 
                "value": "10.0.22621.1 (WinBuild.160101.0800)"
            }, 
            {
                "name": "CompanyName", 
                "value": "Microsoft Corporation"
            }, 
            {
                "name": "ProductName", 
                "value": "Microsoft\\xae Windows\\xae Operating System"
            }, 
            {
                "name": "ProductVersion", 
                "value": "10.0.22621.1"
            }, 
            {
                "name": "FileDescription", 
                "value": "Filter Manager Control Program"
            }, 
            {
                "name": "OriginalFilename", 
                "value": "fltMC.exe"
            }, 
            {
                "name": "Translation", 
                "value": "0x0409 0x04b0"
            }
        ], 
        "pe_sections": [
            {
                "size_of_data": "0x00004000", 
                "virtual_address": "0x00001000", 
                "entropy": 5.903601117381106, 
                "name": ".text", 
                "virtual_size": "0x00003e24"
            }, 
            {
                "size_of_data": "0x00000400", 
                "virtual_address": "0x00005000", 
                "entropy": 3.0099404245610404, 
                "name": ".data", 
                "virtual_size": "0x000006a0"
            }, 
            {
                "size_of_data": "0x00001000", 
                "virtual_address": "0x00006000", 
                "entropy": 4.443640000877309, 
                "name": ".idata", 
                "virtual_size": "0x00000e2c"
            }, 
            {
                "size_of_data": "0x00000a00", 
                "virtual_address": "0x00007000", 
                "entropy": 3.7102871148347343, 
                "name": ".rsrc", 
                "virtual_size": "0x00000810"
            }, 
            {
                "size_of_data": "0x00000400", 
                "virtual_address": "0x00008000", 
                "entropy": 6.3429162976665125, 
                "name": ".reloc", 
                "virtual_size": "0x000003e0"
            }
        ]
    }, 
    "behavior": {
        "generic": [
            {
                "process_path": "C:\\Windows\\System32\\lsass.exe", 
                "process_name": "lsass.exe", 
                "pid": 508, 
                "summary": {}, 
                "first_seen": 1742635416.96875, 
                "ppid": 400
            }
        ], 
        "processes": [
            {
                "process_path": "C:\\Windows\\System32\\lsass.exe", 
                "calls": [], 
                "track": false, 
                "pid": 508, 
                "process_name": "lsass.exe", 
                "command_line": "C:\\Windows\\system32\\lsass.exe", 
                "modules": [
                    {
                        "basename": "lsass.exe", 
                        "imgsize": 49152, 
                        "baseaddr": "0xffc70000", 
                        "filepath": "C:\\Windows\\system32\\lsass.exe"
                    }, 
                    {
                        "basename": "ntdll.dll", 
                        "imgsize": 1740800, 
                        "baseaddr": "0x76dd0000", 
                        "filepath": "C:\\Windows\\SYSTEM32\\ntdll.dll"
                    }, 
                    {
                        "basename": "kernel32.dll", 
                        "imgsize": 1175552, 
                        "baseaddr": "0x76bb0000", 
                        "filepath": "C:\\Windows\\system32\\kernel32.dll"
                    }, 
                    {
                        "basename": "KERNELBASE.dll", 
                        "imgsize": 438272, 
                        "baseaddr": "0x7fefcf80000", 
                        "filepath": "C:\\Windows\\system32\\KERNELBASE.dll"
                    }, 
                    {
                        "basename": "msvcrt.dll", 
                        "imgsize": 651264, 
                        "baseaddr": "0x7fefec80000", 
                        "filepath": "C:\\Windows\\system32\\msvcrt.dll"
                    }, 
                    {
                        "basename": "RPCRT4.dll", 
                        "imgsize": 1232896, 
                        "baseaddr": "0x7fefd2c0000", 
                        "filepath": "C:\\Windows\\system32\\RPCRT4.dll"
                    }, 
                    {
                        "basename": "SspiSrv.dll", 
                        "imgsize": 45056, 
                        "baseaddr": "0x7fefcb60000", 
                        "filepath": "C:\\Windows\\system32\\SspiSrv.dll"
                    }, 
                    {
                        "basename": "lsasrv.dll", 
                        "imgsize": 1470464, 
                        "baseaddr": "0x7fefc9e0000", 
                        "filepath": "C:\\Windows\\system32\\lsasrv.dll"
                    }, 
                    {
                        "basename": "sechost.dll", 
                        "imgsize": 126976, 
                        "baseaddr": "0x7fefea00000", 
                        "filepath": "C:\\Windows\\SYSTEM32\\sechost.dll"
                    }, 
                    {
                        "basename": "SspiCli.dll", 
                        "imgsize": 151552, 
                        "baseaddr": "0x7fefcb80000", 
                        "filepath": "C:\\Windows\\system32\\SspiCli.dll"
                    }, 
                    {
                        "basename": "ADVAPI32.dll", 
                        "imgsize": 897024, 
                        "baseaddr": "0x7fefd480000", 
                        "filepath": "C:\\Windows\\system32\\ADVAPI32.dll"
                    }, 
                    {
                        "basename": "USER32.dll", 
                        "imgsize": 1024000, 
                        "baseaddr": "0x76cd0000", 
                        "filepath": "C:\\Windows\\system32\\USER32.dll"
                    }, 
                    {
                        "basename": "GDI32.dll", 
                        "imgsize": 421888, 
                        "baseaddr": "0x7fefd560000", 
                        "filepath": "C:\\Windows\\system32\\GDI32.dll"
                    }, 
                    {
                        "basename": "LPK.dll", 
                        "imgsize": 57344, 
                        "baseaddr": "0x7fefd830000", 
                        "filepath": "C:\\Windows\\system32\\LPK.dll"
                    }, 
                    {
                        "basename": "USP10.dll", 
                        "imgsize": 823296, 
                        "baseaddr": "0x7feff010000", 
                        "filepath": "C:\\Windows\\system32\\USP10.dll"
                    }, 
                    {
                        "basename": "SAMSRV.dll", 
                        "imgsize": 774144, 
                        "baseaddr": "0x7fefc880000", 
                        "filepath": "C:\\Windows\\system32\\SAMSRV.dll"
                    }, 
                    {
                        "basename": "cryptdll.dll", 
                        "imgsize": 81920, 
                        "baseaddr": "0x7fefc860000", 
                        "filepath": "C:\\Windows\\system32\\cryptdll.dll"
                    }, 
                    {
                        "basename": "MSASN1.dll", 
                        "imgsize": 61440, 
                        "baseaddr": "0x7fefcdc0000", 
                        "filepath": "C:\\Windows\\system32\\MSASN1.dll"
                    }, 
                    {
                        "basename": "wevtapi.dll", 
                        "imgsize": 446464, 
                        "baseaddr": "0x7fefc7f0000", 
                        "filepath": "C:\\Windows\\system32\\wevtapi.dll"
                    }, 
                    {
                        "basename": "IMM32.DLL", 
                        "imgsize": 188416, 
                        "baseaddr": "0x7fefea20000", 
                        "filepath": "C:\\Windows\\system32\\IMM32.DLL"
                    }, 
                    {
                        "basename": "MSCTF.dll", 
                        "imgsize": 1085440, 
                        "baseaddr": "0x7fefed20000", 
                        "filepath": "C:\\Windows\\system32\\MSCTF.dll"
                    }, 
                    {
                        "basename": "cngaudit.dll", 
                        "imgsize": 36864, 
                        "baseaddr": "0x7fefc7b0000", 
                        "filepath": "C:\\Windows\\system32\\cngaudit.dll"
                    }, 
                    {
                        "basename": "AUTHZ.dll", 
                        "imgsize": 192512, 
                        "baseaddr": "0x7fefc780000", 
                        "filepath": "C:\\Windows\\system32\\AUTHZ.dll"
                    }, 
                    {
                        "basename": "ncrypt.dll", 
                        "imgsize": 319488, 
                        "baseaddr": "0x7fefc730000", 
                        "filepath": "C:\\Windows\\system32\\ncrypt.dll"
                    }, 
                    {
                        "basename": "bcrypt.dll", 
                        "imgsize": 139264, 
                        "baseaddr": "0x7fefc700000", 
                        "filepath": "C:\\Windows\\system32\\bcrypt.dll"
                    }, 
                    {
                        "basename": "msprivs.DLL", 
                        "imgsize": 8192, 
                        "baseaddr": "0x74af0000", 
                        "filepath": "C:\\Windows\\system32\\msprivs.DLL"
                    }, 
                    {
                        "basename": "netjoin.dll", 
                        "imgsize": 204800, 
                        "baseaddr": "0x7fefc6c0000", 
                        "filepath": "C:\\Windows\\system32\\netjoin.dll"
                    }, 
                    {
                        "basename": "negoexts.DLL", 
                        "imgsize": 147456, 
                        "baseaddr": "0x7fefc690000", 
                        "filepath": "C:\\Windows\\system32\\negoexts.DLL"
                    }, 
                    {
                        "basename": "Secur32.dll", 
                        "imgsize": 45056, 
                        "baseaddr": "0x7fefc9b0000", 
                        "filepath": "C:\\Windows\\system32\\Secur32.dll"
                    }, 
                    {
                        "basename": "cryptbase.dll", 
                        "imgsize": 61440, 
                        "baseaddr": "0x7fefcc50000", 
                        "filepath": "C:\\Windows\\system32\\cryptbase.dll"
                    }, 
                    {
                        "basename": "kerberos.DLL", 
                        "imgsize": 737280, 
                        "baseaddr": "0x7fefc5d0000", 
                        "filepath": "C:\\Windows\\system32\\kerberos.DLL"
                    }, 
                    {
                        "basename": "CRYPTSP.dll", 
                        "imgsize": 94208, 
                        "baseaddr": "0x7fefc5b0000", 
                        "filepath": "C:\\Windows\\system32\\CRYPTSP.dll"
                    }, 
                    {
                        "basename": "WS2_32.dll", 
                        "imgsize": 315392, 
                        "baseaddr": "0x7fefec30000", 
                        "filepath": "C:\\Windows\\system32\\WS2_32.dll"
                    }, 
                    {
                        "basename": "NSI.dll", 
                        "imgsize": 32768, 
                        "baseaddr": "0x7fefd3f0000", 
                        "filepath": "C:\\Windows\\system32\\NSI.dll"
                    }, 
                    {
                        "basename": "mswsock.dll", 
                        "imgsize": 348160, 
                        "baseaddr": "0x7fefc550000", 
                        "filepath": "C:\\Windows\\system32\\mswsock.dll"
                    }, 
                    {
                        "basename": "wship6.dll", 
                        "imgsize": 28672, 
                        "baseaddr": "0x7fefc540000", 
                        "filepath": "C:\\Windows\\System32\\wship6.dll"
                    }, 
                    {
                        "basename": "msv1_0.DLL", 
                        "imgsize": 331776, 
                        "baseaddr": "0x7fefc4e0000", 
                        "filepath": "C:\\Windows\\system32\\msv1_0.DLL"
                    }, 
                    {
                        "basename": "netlogon.DLL", 
                        "imgsize": 712704, 
                        "baseaddr": "0x7fefc430000", 
                        "filepath": "C:\\Windows\\system32\\netlogon.DLL"
                    }, 
                    {
                        "basename": "DNSAPI.dll", 
                        "imgsize": 372736, 
                        "baseaddr": "0x7fefc3d0000", 
                        "filepath": "C:\\Windows\\system32\\DNSAPI.dll"
                    }, 
                    {
                        "basename": "logoncli.dll", 
                        "imgsize": 196608, 
                        "baseaddr": "0x7fefc3a0000", 
                        "filepath": "C:\\Windows\\system32\\logoncli.dll"
                    }, 
                    {
                        "basename": "schannel.DLL", 
                        "imgsize": 356352, 
                        "baseaddr": "0x7fefc340000", 
                        "filepath": "C:\\Windows\\system32\\schannel.DLL"
                    }, 
                    {
                        "basename": "CRYPT32.dll", 
                        "imgsize": 1470464, 
                        "baseaddr": "0x7fefcdd0000", 
                        "filepath": "C:\\Windows\\system32\\CRYPT32.dll"
                    }, 
                    {
                        "basename": "wdigest.DLL", 
                        "imgsize": 221184, 
                        "baseaddr": "0x7fefc300000", 
                        "filepath": "C:\\Windows\\system32\\wdigest.DLL"
                    }, 
                    {
                        "basename": "rsaenh.dll", 
                        "imgsize": 290816, 
                        "baseaddr": "0x7fefc2b0000", 
                        "filepath": "C:\\Windows\\system32\\rsaenh.dll"
                    }, 
                    {
                        "basename": "tspkg.DLL", 
                        "imgsize": 98304, 
                        "baseaddr": "0x7fefc290000", 
                        "filepath": "C:\\Windows\\system32\\tspkg.DLL"
                    }, 
                    {
                        "basename": "pku2u.DLL", 
                        "imgsize": 282624, 
                        "baseaddr": "0x7fefc240000", 
                        "filepath": "C:\\Windows\\system32\\pku2u.DLL"
                    }, 
                    {
                        "basename": "bcryptprimitives.dll", 
                        "imgsize": 311296, 
                        "baseaddr": "0x7fefc1f0000", 
                        "filepath": "C:\\Windows\\system32\\bcryptprimitives.dll"
                    }, 
                    {
                        "basename": "RpcRtRemote.dll", 
                        "imgsize": 81920, 
                        "baseaddr": "0x7fefcd00000", 
                        "filepath": "C:\\Windows\\system32\\RpcRtRemote.dll"
                    }, 
                    {
                        "basename": "efslsaext.dll", 
                        "imgsize": 73728, 
                        "baseaddr": "0x7fefc1d0000", 
                        "filepath": "C:\\Windows\\system32\\efslsaext.dll"
                    }, 
                    {
                        "basename": "scecli.DLL", 
                        "imgsize": 253952, 
                        "baseaddr": "0x7fefc130000", 
                        "filepath": "C:\\Windows\\system32\\scecli.DLL"
                    }, 
                    {
                        "basename": "credssp.dll", 
                        "imgsize": 40960, 
                        "baseaddr": "0x7fefc1b0000", 
                        "filepath": "C:\\Windows\\system32\\credssp.dll"
                    }, 
                    {
                        "basename": "WINSTA.dll", 
                        "imgsize": 249856, 
                        "baseaddr": "0x7fefcc10000", 
                        "filepath": "C:\\Windows\\system32\\WINSTA.dll"
                    }, 
                    {
                        "basename": "IPHLPAPI.DLL", 
                        "imgsize": 159744, 
                        "baseaddr": "0x7fefbfd0000", 
                        "filepath": "C:\\Windows\\system32\\IPHLPAPI.DLL"
                    }, 
                    {
                        "basename": "WINNSI.DLL", 
                        "imgsize": 45056, 
                        "baseaddr": "0x7fefbfc0000", 
                        "filepath": "C:\\Windows\\system32\\WINNSI.DLL"
                    }, 
                    {
                        "basename": "netutils.dll", 
                        "imgsize": 49152, 
                        "baseaddr": "0x7fefa790000", 
                        "filepath": "C:\\Windows\\system32\\netutils.dll"
                    }, 
                    {
                        "basename": "USERENV.dll", 
                        "imgsize": 122880, 
                        "baseaddr": "0x7fefc060000", 
                        "filepath": "C:\\Windows\\system32\\USERENV.dll"
                    }, 
                    {
                        "basename": "profapi.dll", 
                        "imgsize": 61440, 
                        "baseaddr": "0x7fefcd20000", 
                        "filepath": "C:\\Windows\\system32\\profapi.dll"
                    }, 
                    {
                        "basename": "wshtcpip.dll", 
                        "imgsize": 28672, 
                        "baseaddr": "0x7fefbed0000", 
                        "filepath": "C:\\Windows\\System32\\wshtcpip.dll"
                    }, 
                    {
                        "basename": "monitor-x64.dll", 
                        "imgsize": 2269184, 
                        "baseaddr": "0x744c0000", 
                        "filepath": "C:\\tmpql7zol\\bin\\monitor-x64.dll"
                    }
                ], 
                "time": 0, 
                "tid": 2408, 
                "first_seen": 1742635416.96875, 
                "ppid": 400, 
                "type": "process"
            }
        ], 
        "processtree": [
            {
                "track": false, 
                "pid": 508, 
                "process_name": "lsass.exe", 
                "command_line": "C:\\Windows\\system32\\lsass.exe", 
                "first_seen": 1742635416.96875, 
                "ppid": 400, 
                "children": []
            }
        ]
    }, 
    "debug": {
        "action": [], 
        "dbgview": [], 
        "errors": [], 
        "log": [
            "2025-03-22 08:23:36,000 [analyzer] DEBUG: Starting analyzer from: C:\\tmpql7zol\n", 
            "2025-03-22 08:23:36,015 [analyzer] DEBUG: Pipe server name: \\??\\PIPE\\JSxnpiLhlHkqpJNbaXQR\n", 
            "2025-03-22 08:23:36,015 [analyzer] DEBUG: Log pipe server name: \\??\\PIPE\\PXefJamoFugAzNtpVJkzhxl\n", 
            "2025-03-22 08:23:36,203 [analyzer] DEBUG: Started auxiliary module DbgView\n", 
            "2025-03-22 08:23:36,733 [analyzer] DEBUG: Started auxiliary module Disguise\n", 
            "2025-03-22 08:23:37,030 [analyzer] DEBUG: Loaded monitor into process with pid 508\n", 
            "2025-03-22 08:23:37,030 [analyzer] DEBUG: Started auxiliary module DumpTLSMasterSecrets\n", 
            "2025-03-22 08:23:37,030 [analyzer] DEBUG: Started auxiliary module Human\n", 
            "2025-03-22 08:23:37,030 [analyzer] DEBUG: Started auxiliary module InstallCertificate\n", 
            "2025-03-22 08:23:37,030 [analyzer] DEBUG: Started auxiliary module Reboot\n", 
            "2025-03-22 08:23:37,217 [analyzer] DEBUG: Started auxiliary module RecentFiles\n", 
            "2025-03-22 08:23:37,217 [analyzer] DEBUG: Started auxiliary module Screenshots\n", 
            "2025-03-22 08:23:37,217 [analyzer] DEBUG: Started auxiliary module LoadZer0m0n\n", 
            "2025-03-22 08:23:37,217 [modules.auxiliary.screenshots] INFO: Python Image Library (either PIL or Pillow) is not installed, screenshots are disabled.\n", 
            "2025-03-22 08:23:37,280 [lib.api.process] ERROR: Failed to execute process from path u'C:\\\\Users\\\\ADMINI~1\\\\AppData\\\\Local\\\\Temp\\\\fltMC.exe' with arguments ['bin\\\\inject-x86.exe', '--app', u'C:\\\\Users\\\\ADMINI~1\\\\AppData\\\\Local\\\\Temp\\\\fltMC.exe', '--only-start', '--curdir', 'C:\\\\Users\\\\ADMINI~1\\\\AppData\\\\Local\\\\Temp'] (Error: Command '['bin\\\\inject-x86.exe', '--app', u'C:\\\\Users\\\\ADMINI~1\\\\AppData\\\\Local\\\\Temp\\\\fltMC.exe', '--only-start', '--curdir', 'C:\\\\Users\\\\ADMINI~1\\\\AppData\\\\Local\\\\Temp']' returned non-zero exit status 1)\n"
        ], 
        "cuckoo": [
            "2025-03-22 08:27:09,897 [cuckoo.core.scheduler] INFO: Task #448: acquired machine 192.168.56.1011 (label=192.168.56.1011)\n", 
            "2025-03-22 08:27:09,899 [cuckoo.core.resultserver] DEBUG: Now tracking machine 192.168.56.101 for task #448\n", 
            "2025-03-22 08:27:09,900 [cuckoo.core.plugins] DEBUG: Started auxiliary module: Replay\n", 
            "2025-03-22 08:27:09,912 [cuckoo.auxiliary.sniffer] INFO: Started sniffer with PID 63767 (interface=vboxnet0, host=192.168.56.101)\n", 
            "2025-03-22 08:27:09,912 [cuckoo.core.plugins] DEBUG: Started auxiliary module: Sniffer\n", 
            "2025-03-22 08:27:09,940 [cuckoo.machinery.virtualbox] DEBUG: Starting vm 192.168.56.1011\n", 
            "2025-03-22 08:27:10,035 [cuckoo.machinery.virtualbox] DEBUG: Restoring virtual machine 192.168.56.1011 to its current snapshot\n", 
            "2025-03-22 08:27:12,072 [cuckoo.core.guest] INFO: Starting analysis #448 on guest (id=192.168.56.1011, ip=192.168.56.101)\n", 
            "2025-03-22 08:27:13,075 [cuckoo.core.guest] DEBUG: 192.168.56.1011: not ready yet\n", 
            "2025-03-22 08:27:14,078 [cuckoo.core.guest] DEBUG: 192.168.56.1011: not ready yet\n", 
            "2025-03-22 08:27:15,082 [cuckoo.core.guest] DEBUG: 192.168.56.1011: not ready yet\n", 
            "2025-03-22 08:27:15,094 [cuckoo.core.guest] INFO: Guest is running Cuckoo Agent 0.10 (id=192.168.56.1011, ip=192.168.56.101)\n", 
            "2025-03-22 08:27:15,143 [cuckoo.core.guest] DEBUG: Uploading analyzer to guest (id=192.168.56.1011, ip=192.168.56.101, monitor=latest, size=3884763)\n", 
            "2025-03-22 08:27:15,849 [cuckoo.core.resultserver] DEBUG: Task #448: live log analysis.log initialized.\n", 
            "2025-03-22 08:27:16,935 [cuckoo.core.resultserver] DEBUG: Task #448 is sending a BSON stream\n", 
            "2025-03-22 08:27:17,575 [cuckoo.core.guest] WARNING: 192.168.56.1011: analysis #448 caught an exception\n", 
            "Traceback (most recent call last):\n", 
            "  File \"C:/tmpql7zol/analyzer.py\", line 808, in <module>\n", 
            "    success = analyzer.run()\n", 
            "  File \"C:/tmpql7zol/analyzer.py\", line 657, in run\n", 
            "    pids = self.package.start(self.target)\n", 
            "  File \"C:\\tmpql7zol\\modules\\packages\\exe.py\", line 23, in start\n", 
            "    return self.execute(path, args=shlex.split(args))\n", 
            "  File \"C:\\tmpql7zol\\lib\\common\\abstracts.py\", line 166, in execute\n", 
            "    \"Unable to execute the initial process, analysis aborted.\"\n", 
            "CuckooPackageError: Unable to execute the initial process, analysis aborted.\n", 
            "\n", 
            "2025-03-22 08:27:17,579 [cuckoo.core.plugins] DEBUG: Stopped auxiliary module: Replay\n", 
            "2025-03-22 08:27:17,614 [cuckoo.core.plugins] DEBUG: Stopped auxiliary module: Sniffer\n", 
            "2025-03-22 08:27:23,708 [cuckoo.machinery.virtualbox] INFO: Successfully generated memory dump for virtual machine with label 192.168.56.1011 to path /home/tesst/.cuckoo/storage/analyses/448/memory.dmp\n", 
            "2025-03-22 08:27:23,710 [cuckoo.machinery.virtualbox] DEBUG: Stopping vm 192.168.56.1011\n", 
            "2025-03-22 08:27:25,177 [cuckoo.core.resultserver] DEBUG: Stopped tracking machine 192.168.56.101 for task #448\n", 
            "2025-03-22 08:27:25,177 [cuckoo.core.resultserver] DEBUG: Cancel <Context for LOG> for task 448\n", 
            "2025-03-22 08:27:25,181 [cuckoo.core.scheduler] DEBUG: Released database task #448\n", 
            "2025-03-22 08:27:25,206 [cuckoo.core.plugins] DEBUG: Executed processing module \"AnalysisInfo\" for task #448\n", 
            "2025-03-22 08:27:25,207 [cuckoo.core.plugins] DEBUG: Executed processing module \"BehaviorAnalysis\" for task #448\n", 
            "2025-03-22 08:27:25,207 [cuckoo.core.plugins] DEBUG: Executed processing module \"Dropped\" for task #448\n", 
            "2025-03-22 08:27:25,207 [cuckoo.core.plugins] DEBUG: Executed processing module \"DroppedBuffer\" for task #448\n", 
            "2025-03-22 08:27:25,208 [cuckoo.core.plugins] DEBUG: Executed processing module \"MetaInfo\" for task #448\n", 
            "2025-03-22 08:27:25,208 [cuckoo.core.plugins] DEBUG: Executed processing module \"ProcessMemory\" for task #448\n", 
            "2025-03-22 08:27:25,208 [cuckoo.core.plugins] DEBUG: Executed processing module \"Procmon\" for task #448\n", 
            "2025-03-22 08:27:25,208 [cuckoo.core.plugins] DEBUG: Executed processing module \"Screenshots\" for task #448\n", 
            "2025-03-22 08:27:25,405 [cuckoo.core.plugins] DEBUG: Executed processing module \"Static\" for task #448\n", 
            "2025-03-22 08:27:25,406 [cuckoo.core.plugins] DEBUG: Executed processing module \"Strings\" for task #448\n", 
            "2025-03-22 08:27:25,408 [cuckoo.cor"
        ]
    }, 
    "strings": [
        "!This program cannot be run in DOS mode.", 
        "jncRich", 
        "`.data", 
        ".idata", 
        "@.rsrc", 
        "@.reloc", 
        "fltMC.pdb", 
        ".rdata$brc", 
        ".CRT$XCA", 
        ".CRT$XCAA", 
        ".CRT$XCZ", 
        ".CRT$XIA", 
        ".CRT$XIAA", 
        ".CRT$XIAC", 
        ".CRT$XIC", 
        ".CRT$XIZ", 
        ".CRT$XPA", 
        ".CRT$XPZ", 
        ".CRT$XTA", 
        ".CRT$XTZ", 
        ".gfids", 
        ".rdata", 
        ".rdata$sxdata", 
        ".rdata$voltmd", 
        ".rdata$zzzdbg", 
        ".rtc$IAA", 
        ".rtc$IZZ", 
        ".rtc$TAA", 
        ".rtc$TZZ", 
        ".text$mn", 
        ".xdata$x", 
        ".data$brc", 
        ".idata$5", 
        ".00cfg", 
        ".idata$2", 
        ".idata$3", 
        ".idata$4", 
        ".idata$6", 
        ".rsrc$01", 
        ".rsrc$02", 
        "xbSh/'", 
        "xbSh1'", 
        "jiXt4f9", 
        "ja^f90", 
        "ijiYf;", 
        "6QQPWV", 
        "wcsncmp", 
        "_initterm", 
        "_initterm_e", 
        "_c_exit", 
        "_register_thread_local_exe_atexit_callback", 
        "api-ms-win-crt-string-l1-1-0.dll", 
        "api-ms-win-crt-runtime-l1-1-0.dll", 
        "_o___p___argc", 
        "_o___p___wargv", 
        "_o___p__commode", 
        "_o___stdio_common_vswprintf", 
        "_o__cexit", 
        "_o__configthreadlocale", 
        "_o__configure_wide_argv", 
        "_o__controlfp_s", 
        "_o__crt_atexit", 
        "_o__exit", 
        "_o__get_initial_wide_environment", 
        "_o__initialize_onexit_table", 
        "_o__initialize_wide_environment", 
        "_o__register_onexit_function", 
        "_o__seh_filter_exe", 
        "_o__set_app_type", 
        "_o__set_fmode", 
        "_o__set_new_mode", 
        "_o__wcsicmp", 
        "_o_exit", 
        "_o_free", 
        "_o_malloc", 
        "_o_qsort", 
        "_o_terminate", 
        "_except_handler4_common", 
        "__current_exception", 
        "__current_exception_context", 
        "memset", 
        "api-ms-win-crt-private-l1-1-0.dll", 
        "FilterVolumeInstanceFindNext", 
        "GetCurrentProcess", 
        "GetStdHandle", 
        "WriteFile", 
        "FilterFindNext", 
        "FilterGetDosName", 
        "FilterDetach", 
        "FilterInstanceFindNext", 
        "FilterUnload", 
        "FilterVolumeInstanceFindFirst", 
        "OpenProcessToken", 
        "LocalAlloc", 
        "FilterFindClose", 
        "FilterInstanceFindClose", 
        "FilterAttach", 
        "GetConsoleMode", 
        "FormatMessageW", 
        "GetLastError", 
        "FilterVolumeInstanceFindClose", 
        "FilterVolumeFindFirst", 
        "CloseHandle", 
        "FilterInstanceFindFirst", 
        "HeapSetInformation", 
        "FilterAttachAtAltitude", 
        "WriteConsoleW", 
        "LocalFree", 
        "FilterVolumeFindNext", 
        "FilterFindFirst", 
        "FilterVolumeFindClose", 
        "WideCharToMultiByte", 
        "GetFileType", 
        "SetThreadPreferredUILanguages", 
        "AdjustTokenPrivileges", 
        "FilterLoad", 
        "UnhandledExceptionFilter", 
        "SetUnhandledExceptionFilter", 
        "TerminateProcess", 
        "IsProcessorFeaturePresent", 
        "QueryPerformanceCounter", 
        "GetCurrentProcessId", 
        "GetCurrentThreadId", 
        "GetSystemTimeAsFileTime", 
        "InitializeSListHead", 
        "IsDebuggerPresent", 
        "GetModuleHandleW", 
        "FLTLIB.DLL", 
        "api-ms-win-core-processthreads-l1-1-0.dll", 
        "api-ms-win-core-processenvironment-l1-1-0.dll", 
        "api-ms-win-core-file-l1-1-0.dll", 
        "api-ms-win-core-heap-l2-1-0.dll", 
        "api-ms-win-core-console-l1-1-0.dll", 
        "api-ms-win-core-localization-l1-2-0.dll", 
        "api-ms-win-core-errorhandling-l1-1-0.dll", 
        "api-ms-win-core-handle-l1-1-0.dll", 
        "api-ms-win-core-heap-l1-1-0.dll", 
        "api-ms-win-core-string-l1-1-0.dll", 
        "api-ms-win-security-base-l1-1-0.dll", 
        "api-ms-win-core-processthreads-l1-1-1.dll", 
        "api-ms-win-core-profile-l1-1-0.dll", 
        "api-ms-win-core-sysinfo-l1-1-0.dll", 
        "api-ms-win-core-interlocked-l1-1-0.dll", 
        "api-ms-win-core-debug-l1-1-0.dll", 
        "api-ms-win-core-libraryloader-l1-2-0.dll", 
        "memcpy", 
        "<?xml version=\"1.0\" encoding=\"UTF-8\" standalone=\"yes\"?>", 
        "<!-- Copyright (c) Microsoft Corporation -->", 
        "<assembly xmlns=\"urn:schemas-microsoft-com:asm.v1\" manifestVersion=\"1.0\">", 
        "<assemblyIdentity", 
        "    version=\"5.1.0.0\"", 
        "    processorArchitecture=\"x86\"", 
        "    name=\"Microsoft.Windows.Filesystem.FltMC\"", 
        "    type=\"win32\"", 
        "<description>Filter Manager Control Program</description>", 
        "<trustInfo xmlns=\"urn:schemas-microsoft-com:asm.v3\">", 
        "    <security>", 
        "        <requestedPrivileges>", 
        "            <requestedExecutionLevel", 
        "                level=\"asInvoker\"", 
        "                uiAccess=\"false\"", 
        "            />", 
        "        </requestedPrivileges>", 
        "    </security>", 
        "</trustInfo>", 
        "</assembly>", 
        "<0@0H0P0", 
        "?9?C?]?d?~?", 
        "6(6d6m6", 
        "9(:]:d:", 
        "=3=8=P=", 
        "0#1*1X1", 
        "313E3Q3m3", 
        "394P4l4", 
        "7?8g8|8", 
        "9+9?9F9s9~9", 
        ":P:m:u:", 
        ";7;J;Q;", 
        "=6=K=P=U=v={=", 
        "?3?A?G?M?S?Y?_?f?m?t?{?", 
        "0I0W0]0c0i0o0u0|0", 
        "2,2C2I2O2U2[2a2g2", 
        "203E3u3", 
        "757:7M7q7", 
        "9H9Q9Z9h9q9", 
        ":\u001f:+:7:C:O:[:g:s:", 
        "= =@=`=", 
        "0$0,040<0D0L0T0\\0d0l0t0|0", 
        "1$1,141<1D1L1T1\\1d1l1t1|1", 
        "2$2,242<2D2L2T2\\2d2l2t2|2", 
        "\\FileSystem\\RAW", 
        "\\FileSystem\\Ntfs", 
        "\\FileSystem\\Fastfat", 
        "\\FileSystem\\Cdfs", 
        "\\FileSystem\\Udfs", 
        "\\FileSystem\\MRxSmb", 
        "WebDAV", 
        "\\FileSystem\\MRxDav", 
        "TermSrv", 
        "\\Driver\\rdpdr", 
        "\\FileSystem\\NfsRdr", 
        "MS-NetWare", 
        "\\FileSystem\\nwrdr", 
        "NetWare", 
        "\\FileSystem\\NetwareWorkstation", 
        "BS-UDF", 
        "\\FileSystem\\BsUDF", 
        "Remote", 
        "\\FileSystem\\Mup", 
        "\\FileSystem\\RsFxDrv", 
        "Roxio-UDF1", 
        "\\FileSystem\\cdudf_xp", 
        "Roxio-UDF2", 
        "\\FileSystem\\UdfReadr_xp", 
        "Roxio-UDF3", 
        "\\FileSystem\\DVDVRRdr_xp", 
        "\\Device\\TCFSPSE", 
        "FS_REC", 
        "\\FileSystem\\Fs_rec", 
        "InCD-CDFS", 
        "\\FileSystem\\InCDfs", 
        "InCD-FAT", 
        "\\FileSystem\\InCDFat", 
        "\\FileSystem\\exfat", 
        "\\FileSystem\\psfs", 
        "\\FileSystem\\gpfs", 
        "NamedPipe", 
        "\\FileSystem\\npfs", 
        "Mailslot", 
        "\\FileSystem\\Msfs", 
        "\\FileSystem\\CsvFs", 
        "\\FileSystem\\Refsv1", 
        "\\FileSystem\\Refs", 
        "OpenAFS", 
        "\\Device\\AFSRedirector", 
        "\\FileSystem\\cimfs", 
        "\\Driver\\RAW", 
        "\\Driver\\Ntfs", 
        "\\Driver\\Fastfat", 
        "\\Driver\\Cdfs", 
        "\\Driver\\Udfs", 
        "\\Driver\\MRxSmb", 
        "\\Driver\\MRxDav", 
        "\\Driver\\NfsRdr", 
        "\\Driver\\nwrdr", 
        "\\Driver\\npfs", 
        "\\Driver\\Msfs", 
        "\\Driver\\Refs", 
        "unload", 
        "filters", 
        "instances", 
        "volumes", 
        "attach", 
        "detach", 
        "Detached", 
        "Unable to format message for id %x - %x", 
        "<Unknown>", 
        "VS_VERSION_INFO", 
        "StringFileInfo", 
        "040904B0", 
        "CompanyName", 
        "Microsoft Corporation", 
        "FileDescription", 
        "Filter Manager Control Program", 
        "FileVersion", 
        "10.0.22621.1 (WinBuild.160101.0800)", 
        "InternalName", 
        "fltMC.exe", 
        "LegalCopyright", 
        " Microsoft Corporation. All rights reserved.", 
        "OriginalFilename", 
        "fltMC.exe", 
        "ProductName", 
        "Microsoft", 
        " Windows", 
        " Operating System", 
        "ProductVersion", 
        "10.0.22621.1", 
        "VarFileInfo", 
        "Translation"
    ], 
    "metadata": {
        "output": {
            "pcap": {
                "basename": "dump.pcap", 
                "sha256": "1363b1f5ac1f06dcd1cdbf1e1f23403d82a3ff7a6de607daed72e38bef4914d7", 
                "dirname": ""
            }
        }
    }
}