{
    "info": {
        "added": 1742632365.846861, 
        "started": 1742632543.34792, 
        "duration": 16, 
        "ended": 1742632559.979541, 
        "owner": null, 
        "score": 0.2, 
        "id": 461, 
        "category": "file", 
        "git": {
            "head": "13cbe0d9e457be3673304533043e992ead1ea9b2", 
            "fetch_head": "13cbe0d9e457be3673304533043e992ead1ea9b2"
        }, 
        "monitor": "2deb9ccd75d5a7a3fe05b2625b03a8639d6ee36b", 
        "package": "exe", 
        "route": "none", 
        "custom": null, 
        "machine": {
            "status": "stopped", 
            "name": "192.168.56.1011", 
            "label": "192.168.56.1011", 
            "manager": "VirtualBox", 
            "started_on": "2025-03-22 08:35:43", 
            "shutdown_on": "2025-03-22 08:35:59"
        }, 
        "platform": "windows", 
        "version": "2.0.7", 
        "options": "procmemdump=yes,route=none"
    }, 
    "signatures": [
        {
            "families": [], 
            "description": "This executable has a PDB path", 
            "severity": 1, 
            "ttp": {}, 
            "markcount": 1, 
            "references": [], 
            "marks": [
                {
                    "category": "pdb_path", 
                    "ioc": "GameBarPresenceWriter.pdb", 
                    "type": "ioc", 
                    "description": null
                }
            ], 
            "name": "has_pdb"
        }
    ], 
    "target": {
        "category": "file", 
        "file": {
            "yara": [], 
            "sha1": "6a5801421141f2290fba649070914750b57ac3e3", 
            "name": "GameBarPresenceWriter.exe", 
            "type": "PE32 executable (GUI) Intel 80386, for MS Windows", 
            "sha256": "42771e6de4da0bb190214fd9c844c5a8b5a0e317c218401ad70972b4dd448ae3", 
            "urls": [], 
            "crc32": "F996B6FF", 
            "path": "/home/tesst/.cuckoo/storage/binaries/42771e6de4da0bb190214fd9c844c5a8b5a0e317c218401ad70972b4dd448ae3", 
            "ssdeep": null, 
            "size": 252928, 
            "sha512": "511709cbac5250a94c45e4c73bbc6325f28eeaa4f8790d1b5c98e42d139903fa3f044034262247e092cf1a6037867cc813b0d399bcdec3f1c5438ae21f5e193d", 
            "md5": "9a086dda5f4cc61e677573e94bec8c0c"
        }
    }, 
    "network": {
        "tls": [], 
        "udp": [
            {
                "src": "192.168.56.101", 
                "dst": "224.0.0.252", 
                "offset": 1214, 
                "time": 1.232862949371338, 
                "dport": 5355, 
                "sport": 64614
            }, 
            {
                "src": "192.168.56.101", 
                "dst": "224.0.0.252", 
                "offset": 1534, 
                "time": 1.572180986404419, 
                "dport": 5355, 
                "sport": 65517
            }, 
            {
                "src": "192.168.56.101", 
                "dst": "239.255.255.250", 
                "offset": 1862, 
                "time": 1.4155328273773193, 
                "dport": 1900, 
                "sport": 56507
            }
        ], 
        "dns_servers": [], 
        "http": [], 
        "icmp": [], 
        "smtp": [], 
        "tcp": [], 
        "smtp_ex": [], 
        "mitm": [], 
        "hosts": [], 
        "pcap_sha256": "64326c4a4a17f2e4e1ebd6c30a4f9dd6e8687c142805982d02710ccd23fc12dc", 
        "dns": [], 
        "http_ex": [], 
        "domains": [], 
        "dead_hosts": [], 
        "sorted_pcap_sha256": "d29a12a2b7394b390ee231708554a1f4901009d0ce7d2eb8e05aa2823df917f1", 
        "irc": [], 
        "https_ex": []
    }, 
    "static": {
        "pdb_path": "GameBarPresenceWriter.pdb", 
        "pe_imports": [
            {
                "imports": [
                    {
                        "name": "RegGetValueW", 
                        "address": "0x43b000"
                    }, 
                    {
                        "name": "RegCreateKeyExW", 
                        "address": "0x43b004"
                    }, 
                    {
                        "name": "RegCloseKey", 
                        "address": "0x43b008"
                    }, 
                    {
                        "name": "RegNotifyChangeKeyValue", 
                        "address": "0x43b00c"
                    }, 
                    {
                        "name": "MakeAbsoluteSD", 
                        "address": "0x43b010"
                    }, 
                    {
                        "name": "ConvertStringSecurityDescriptorToSecurityDescriptorW", 
                        "address": "0x43b014"
                    }, 
                    {
                        "name": "EventUnregister", 
                        "address": "0x43b018"
                    }, 
                    {
                        "name": "EventSetInformation", 
                        "address": "0x43b01c"
                    }, 
                    {
                        "name": "EventRegister", 
                        "address": "0x43b020"
                    }, 
                    {
                        "name": "EventWriteTransfer", 
                        "address": "0x43b024"
                    }
                ], 
                "dll": "ADVAPI32.dll"
            }, 
            {
                "imports": [
                    {
                        "name": "GetModuleFileNameA", 
                        "address": "0x43b02c"
                    }, 
                    {
                        "name": "HeapFree", 
                        "address": "0x43b030"
                    }, 
                    {
                        "name": "EnterCriticalSection", 
                        "address": "0x43b034"
                    }, 
                    {
                        "name": "GetModuleHandleExW", 
                        "address": "0x43b038"
                    }, 
                    {
                        "name": "LeaveCriticalSection", 
                        "address": "0x43b03c"
                    }, 
                    {
                        "name": "InitializeCriticalSectionEx", 
                        "address": "0x43b040"
                    }, 
                    {
                        "name": "GetCurrentThreadId", 
                        "address": "0x43b044"
                    }, 
                    {
                        "name": "FormatMessageW", 
                        "address": "0x43b048"
                    }, 
                    {
                        "name": "OutputDebugStringW", 
                        "address": "0x43b04c"
                    }, 
                    {
                        "name": "RaiseException", 
                        "address": "0x43b050"
                    }, 
                    {
                        "name": "HeapAlloc", 
                        "address": "0x43b054"
                    }, 
                    {
                        "name": "GetProcAddress", 
                        "address": "0x43b058"
                    }, 
                    {
                        "name": "DeleteCriticalSection", 
                        "address": "0x43b05c"
                    }, 
                    {
                        "name": "GetProcessHeap", 
                        "address": "0x43b060"
                    }, 
                    {
                        "name": "GetModuleHandleW", 
                        "address": "0x43b064"
                    }, 
                    {
                        "name": "DebugBreak", 
                        "address": "0x43b068"
                    }, 
                    {
                        "name": "IsDebuggerPresent", 
                        "address": "0x43b06c"
                    }, 
                    {
                        "name": "SetLastError", 
                        "address": "0x43b070"
                    }, 
                    {
                        "name": "CreateEventExW", 
                        "address": "0x43b074"
                    }, 
                    {
                        "name": "WaitForThreadpoolTimerCallbacks", 
                        "address": "0x43b078"
                    }, 
                    {
                        "name": "CloseThreadpoolWait", 
                        "address": "0x43b07c"
                    }, 
                    {
                        "name": "GetLastError", 
                        "address": "0x43b080"
                    }, 
                    {
                        "name": "WaitForThreadpoolWaitCallbacks", 
                        "address": "0x43b084"
                    }, 
                    {
                        "name": "ReleaseSRWLockExclusive", 
                        "address": "0x43b088"
                    }, 
                    {
                        "name": "CloseThreadpoolTimer", 
                        "address": "0x43b08c"
                    }, 
                    {
                        "name": "AcquireSRWLockExclusive", 
                        "address": "0x43b090"
                    }, 
                    {
                        "name": "CreateThreadpoolWait", 
                        "address": "0x43b094"
                    }, 
                    {
                        "name": "CloseHandle", 
                        "address": "0x43b098"
                    }, 
                    {
                        "name": "SetThreadpoolTimer", 
                        "address": "0x43b09c"
                    }, 
                    {
                        "name": "SetThreadpoolWait", 
                        "address": "0x43b0a0"
                    }, 
                    {
                        "name": "CreateThreadpoolTimer", 
                        "address": "0x43b0a4"
                    }, 
                    {
                        "name": "ParseApplicationUserModelId", 
                        "address": "0x43b0a8"
                    }, 
                    {
                        "name": "InitOnceExecuteOnce", 
                        "address": "0x43b0ac"
                    }, 
                    {
                        "name": "EncodePointer", 
                        "address": "0x43b0b0"
                    }, 
                    {
                        "name": "WaitForSingleObject", 
                        "address": "0x43b0b4"
                    }, 
                    {
                        "name": "CreateEventW", 
                        "address": "0x43b0b8"
                    }, 
                    {
                        "name": "Sleep", 
                        "address": "0x43b0bc"
                    }, 
                    {
                        "name": "SetEvent", 
                        "address": "0x43b0c0"
                    }, 
                    {
                        "name": "ReleaseSRWLockShared", 
                        "address": "0x43b0c4"
                    }, 
                    {
                        "name": "DecodePointer", 
                        "address": "0x43b0c8"
                    }, 
                    {
                        "name": "LocalFree", 
                        "address": "0x43b0cc"
                    }, 
                    {
                        "name": "AcquireSRWLockShared", 
                        "address": "0x43b0d0"
                    }, 
                    {
                        "name": "CreateSemaphoreExW", 
                        "address": "0x43b0d4"
                    }, 
                    {
                        "name": "ReleaseSemaphore", 
                        "address": "0x43b0d8"
                    }, 
                    {
                        "name": "ReleaseMutex", 
                        "address": "0x43b0dc"
                    }, 
                    {
                        "name": "WaitForSingleObjectEx", 
                        "address": "0x43b0e0"
                    }, 
                    {
                        "name": "OpenSemaphoreW", 
                        "address": "0x43b0e4"
                    }, 
                    {
                        "name": "CreateMutexExW", 
                        "address": "0x43b0e8"
                    }, 
                    {
                        "name": "GetCurrentProcessId", 
                        "address": "0x43b0ec"
                    }
                ], 
                "dll": "KERNEL32.dll"
            }, 
            {
                "imports": [
                    {
                        "name": "_initterm_e", 
                        "address": "0x43b234"
                    }, 
                    {
                        "name": "exit", 
                        "address": "0x43b238"
                    }, 
                    {
                        "name": "_exit", 
                        "address": "0x43b23c"
                    }, 
                    {
                        "name": "terminate", 
                        "address": "0x43b240"
                    }, 
                    {
                        "name": "__p___argc", 
                        "address": "0x43b244"
                    }, 
                    {
                        "name": "__p___wargv", 
                        "address": "0x43b248"
                    }, 
                    {
                        "name": "_cexit", 
                        "address": "0x43b24c"
                    }, 
                    {
                        "name": "_c_exit", 
                        "address": "0x43b250"
                    }, 
                    {
                        "name": "_register_thread_local_exe_atexit_callback", 
                        "address": "0x43b254"
                    }, 
                    {
                        "name": "_get_initial_wide_environment", 
                        "address": "0x43b258"
                    }, 
                    {
                        "name": "_initialize_wide_environment", 
                        "address": "0x43b25c"
                    }, 
                    {
                        "name": "_invalid_parameter_noinfo_noreturn", 
                        "address": "0x43b260"
                    }, 
                    {
                        "name": "_configure_wide_argv", 
                        "address": "0x43b264"
                    }, 
                    {
                        "name": "_set_app_type", 
                        "address": "0x43b268"
                    }, 
                    {
                        "name": "_initialize_onexit_table", 
                        "address": "0x43b26c"
                    }, 
                    {
                        "name": "_register_onexit_function", 
                        "address": "0x43b270"
                    }, 
                    {
                        "name": "_crt_atexit", 
                        "address": "0x43b274"
                    }, 
                    {
                        "name": "_seh_filter_exe", 
                        "address": "0x43b278"
                    }, 
                    {
                        "name": "_controlfp_s", 
                        "address": "0x43b27c"
                    }, 
                    {
                        "name": "_errno", 
                        "address": "0x43b280"
                    }, 
                    {
                        "name": "_invalid_parameter_noinfo", 
                        "address": "0x43b284"
                    }, 
                    {
                        "name": "_initterm", 
                        "address": "0x43b288"
                    }, 
                    {
                        "name": "abort", 
                        "address": "0x43b28c"
                    }
                ], 
                "dll": "api-ms-win-crt-runtime-l1-1-0.dll"
            }, 
            {
                "imports": [
                    {
                        "name": "__stdio_common_vswprintf", 
                        "address": "0x43b294"
                    }, 
                    {
                        "name": "__stdio_common_vsnprintf_s", 
                        "address": "0x43b298"
                    }, 
                    {
                        "name": "__stdio_common_vsprintf_s", 
                        "address": "0x43b29c"
                    }, 
                    {
                        "name": "__p__commode", 
                        "address": "0x43b2a0"
                    }, 
                    {
                        "name": "__acrt_iob_func", 
                        "address": "0x43b2a4"
                    }, 
                    {
                        "name": "__stdio_common_vfwprintf", 
                        "address": "0x43b2a8"
                    }, 
                    {
                        "name": "_set_fmode", 
                        "address": "0x43b2ac"
                    }
                ], 
                "dll": "api-ms-win-crt-stdio-l1-1-0.dll"
            }, 
            {
                "imports": [
                    {
                        "name": "free", 
                        "address": "0x43b1cc"
                    }, 
                    {
                        "name": "_realloc_base", 
                        "address": "0x43b1d0"
                    }, 
                    {
                        "name": "_calloc_base", 
                        "address": "0x43b1d4"
                    }, 
                    {
                        "name": "_malloc_base", 
                        "address": "0x43b1d8"
                    }, 
                    {
                        "name": "malloc", 
                        "address": "0x43b1dc"
                    }, 
                    {
                        "name": "_set_new_mode", 
                        "address": "0x43b1e0"
                    }, 
                    {
                        "name": "_callnewh", 
                        "address": "0x43b1e4"
                    }, 
                    {
                        "name": "calloc", 
                        "address": "0x43b1e8"
                    }, 
                    {
                        "name": "_free_base", 
                        "address": "0x43b1ec"
                    }
                ], 
                "dll": "api-ms-win-crt-heap-l1-1-0.dll"
            }, 
            {
                "imports": [
                    {
                        "name": "CoTaskMemAlloc", 
                        "address": "0x43b314"
                    }, 
                    {
                        "name": "CoTaskMemFree", 
                        "address": "0x43b318"
                    }, 
                    {
                        "name": "CoResumeClassObjects", 
                        "address": "0x43b31c"
                    }, 
                    {
                        "name": "CoInitializeSecurity", 
                        "address": "0x43b320"
                    }, 
                    {
                        "name": "CoRevokeClassObject", 
                        "address": "0x43b324"
                    }, 
                    {
                        "name": "CoCreateFreeThreadedMarshaler", 
                        "address": "0x43b328"
                    }, 
                    {
                        "name": "CoRegisterClassObject", 
                        "address": "0x43b32c"
                    }, 
                    {
                        "name": "CoAddRefServerProcess", 
                        "address": "0x43b330"
                    }, 
                    {
                        "name": "CoCreateInstance", 
                        "address": "0x43b334"
                    }, 
                    {
                        "name": "CoReleaseServerProcess", 
                        "address": "0x43b338"
                    }
                ], 
                "dll": "ole32.dll"
            }, 
            {
                "imports": [
                    {
                        "name": "RoOriginateError", 
                        "address": "0x43b16c"
                    }, 
                    {
                        "name": "SetRestrictedErrorInfo", 
                        "address": "0x43b170"
                    }, 
                    {
                        "name": "RoOriginateErrorW", 
                        "address": "0x43b174"
                    }
                ], 
                "dll": "api-ms-win-core-winrt-error-l1-1-0.dll"
            }, 
            {
                "imports": [
                    {
                        "name": "WindowsCreateString", 
                        "address": "0x43b1a0"
                    }, 
                    {
                        "name": "WindowsStringHasEmbeddedNull", 
                        "address": "0x43b1a4"
                    }, 
                    {
                        "name": "WindowsGetStringRawBuffer", 
                        "address": "0x43b1a8"
                    }, 
                    {
                        "name": "WindowsDeleteString", 
                        "address": "0x43b1ac"
                    }, 
                    {
                        "name": "WindowsIsStringEmpty", 
                        "address": "0x43b1b0"
                    }, 
                    {
                        "name": "WindowsCreateStringReference", 
                        "address": "0x43b1b4"
                    }, 
                    {
                        "name": "WindowsDuplicateString", 
                        "address": "0x43b1b8"
                    }
                ], 
                "dll": "api-ms-win-core-winrt-string-l1-1-0.dll"
            }, 
            {
                "imports": [
                    {
                        "name": "RoUninitialize", 
                        "address": "0x43b184"
                    }, 
                    {
                        "name": "RoRegisterActivationFactories", 
                        "address": "0x43b188"
                    }, 
                    {
                        "name": "RoGetActivationFactory", 
                        "address": "0x43b18c"
                    }, 
                    {
                        "name": "RoRevokeActivationFactories", 
                        "address": "0x43b190"
                    }, 
                    {
                        "name": "RoActivateInstance", 
                        "address": "0x43b194"
                    }, 
                    {
                        "name": "RoInitialize", 
                        "address": "0x43b198"
                    }
                ], 
                "dll": "api-ms-win-core-winrt-l1-1-0.dll"
            }, 
            {
                "imports": [
                    {
                        "name": "RoGetMatchingRestrictedErrorInfo", 
                        "address": "0x43b17c"
                    }
                ], 
                "dll": "api-ms-win-core-winrt-error-l1-1-1.dll"
            }, 
            {
                "imports": [
                    {
                        "name": "RtlUnwind", 
                        "address": "0x43b30c"
                    }
                ], 
                "dll": "ntdll.dll"
            }, 
            {
                "imports": [
                    {
                        "name": "PowerSettingRegisterNotification", 
                        "address": "0x43b300"
                    }, 
                    {
                        "name": "PowerSettingUnregisterNotification", 
                        "address": "0x43b304"
                    }
                ], 
                "dll": "api-ms-win-power-setting-l1-1-0.dll"
            }, 
            {
                "imports": [
                    {
                        "name": "WakeAllConditionVariable", 
                        "address": "0x43b150"
                    }, 
                    {
                        "name": "SleepConditionVariableSRW", 
                        "address": "0x43b154"
                    }, 
                    {
                        "name": "InitializeConditionVariable", 
                        "address": "0x43b158"
                    }, 
                    {
                        "name": "WakeConditionVariable", 
                        "address": "0x43b15c"
                    }
                ], 
                "dll": "api-ms-win-core-synch-l1-2-0.dll"
            }, 
            {
                "imports": [
                    {
                        "name": "TryAcquireSRWLockExclusive", 
                        "address": "0x43b144"
                    }, 
                    {
                        "name": "InitializeSRWLock", 
                        "address": "0x43b148"
                    }
                ], 
                "dll": "api-ms-win-core-synch-l1-1-0.dll"
            }, 
            {
                "imports": [
                    {
                        "name": "QueryPerformanceCounter", 
                        "address": "0x43b128"
                    }
                ], 
                "dll": "api-ms-win-core-profile-l1-1-0.dll"
            }, 
            {
                "imports": [
                    {
                        "name": "GetCPInfo", 
                        "address": "0x43b110"
                    }, 
                    {
                        "name": "GetLocaleInfoEx", 
                        "address": "0x43b114"
                    }, 
                    {
                        "name": "LCMapStringEx", 
                        "address": "0x43b118"
                    }
                ], 
                "dll": "api-ms-win-core-localization-l1-2-0.dll"
            }, 
            {
                "imports": [
                    {
                        "name": "GetSystemTimeAsFileTime", 
                        "address": "0x43b164"
                    }
                ], 
                "dll": "api-ms-win-core-sysinfo-l1-1-0.dll"
            }, 
            {
                "imports": [
                    {
                        "name": "InitializeSListHead", 
                        "address": "0x43b108"
                    }
                ], 
                "dll": "api-ms-win-core-interlocked-l1-1-0.dll"
            }, 
            {
                "imports": [
                    {
                        "name": "IsProcessorFeaturePresent", 
                        "address": "0x43b120"
                    }
                ], 
                "dll": "api-ms-win-core-processthreads-l1-1-1.dll"
            }, 
            {
                "imports": [
                    {
                        "name": "FlsSetValue", 
                        "address": "0x43b0f4"
                    }, 
                    {
                        "name": "FlsGetValue", 
                        "address": "0x43b0f8"
                    }, 
                    {
                        "name": "FlsAlloc", 
                        "address": "0x43b0fc"
                    }, 
                    {
                        "name": "FlsFree", 
                        "address": "0x43b100"
                    }
                ], 
                "dll": "api-ms-win-core-fibers-l1-1-0.dll"
            }, 
            {
                "imports": [
                    {
                        "name": "localeconv", 
                        "address": "0x43b1f4"
                    }, 
                    {
                        "name": "_lock_locales", 
                        "address": "0x43b1f8"
                    }, 
                    {
                        "name": "___mb_cur_max_func", 
                        "address": "0x43b1fc"
                    }, 
                    {
                        "name": "_configthreadlocale", 
                        "address": "0x43b200"
                    }, 
                    {
                        "name": "___lc_locale_name_func", 
                        "address": "0x43b204"
                    }, 
                    {
                        "name": "___lc_codepage_func", 
                        "address": "0x43b208"
                    }, 
                    {
                        "name": "setlocale", 
                        "address": "0x43b20c"
                    }, 
                    {
                        "name": "___lc_collate_cp_func", 
                        "address": "0x43b210"
                    }, 
                    {
                        "name": "__pctype_func", 
                        "address": "0x43b214"
                    }, 
                    {
                        "name": "_unlock_locales", 
                        "address": "0x43b218"
                    }
                ], 
                "dll": "api-ms-win-crt-locale-l1-1-0.dll"
            }, 
            {
                "imports": [
                    {
                        "name": "strcspn", 
                        "address": "0x43b2b4"
                    }, 
                    {
                        "name": "__strncnt", 
                        "address": "0x43b2b8"
                    }, 
                    {
                        "name": "islower", 
                        "address": "0x43b2bc"
                    }, 
                    {
                        "name": "wcsnlen", 
                        "address": "0x43b2c0"
                    }, 
                    {
                        "name": "isspace", 
                        "address": "0x43b2c4"
                    }, 
                    {
                        "name": "tolower", 
                        "address": "0x43b2c8"
                    }, 
                    {
                        "name": "isupper", 
                        "address": "0x43b2cc"
                    }, 
                    {
                        "name": "strcpy_s", 
                        "address": "0x43b2d0"
                    }, 
                    {
                        "name": "_wcsdup", 
                        "address": "0x43b2d4"
                    }
                ], 
                "dll": "api-ms-win-crt-string-l1-1-0.dll"
            }, 
            {
                "imports": [
                    {
                        "name": "strtod", 
                        "address": "0x43b1c0"
                    }, 
                    {
                        "name": "strtof", 
                        "address": "0x43b1c4"
                    }
                ], 
                "dll": "api-ms-win-crt-convert-l1-1-0.dll"
            }, 
            {
                "imports": [
                    {
                        "name": "frexp", 
                        "address": "0x43b220"
                    }, 
                    {
                        "name": "_CIpow", 
                        "address": "0x43b224"
                    }, 
                    {
                        "name": "ldexp", 
                        "address": "0x43b228"
                    }, 
                    {
                        "name": "ceil", 
                        "address": "0x43b22c"
                    }
                ], 
                "dll": "api-ms-win-crt-math-l1-1-0.dll"
            }, 
            {
                "imports": [
                    {
                        "name": "_Gettnames", 
                        "address": "0x43b2dc"
                    }, 
                    {
                        "name": "_W_Gettnames", 
                        "address": "0x43b2e0"
                    }, 
                    {
                        "name": "_Wcsftime", 
                        "address": "0x43b2e4"
                    }, 
                    {
                        "name": "_Getdays", 
                        "address": "0x43b2e8"
                    }, 
                    {
                        "name": "_W_Getmonths", 
                        "address": "0x43b2ec"
                    }, 
                    {
                        "name": "_Getmonths", 
                        "address": "0x43b2f0"
                    }, 
                    {
                        "name": "_Strftime", 
                        "address": "0x43b2f4"
                    }, 
                    {
                        "name": "_W_Getdays", 
                        "address": "0x43b2f8"
                    }
                ], 
                "dll": "api-ms-win-crt-time-l1-1-0.dll"
            }, 
            {
                "imports": [
                    {
                        "name": "CompareStringEx", 
                        "address": "0x43b130"
                    }, 
                    {
                        "name": "WideCharToMultiByte", 
                        "address": "0x43b134"
                    }, 
                    {
                        "name": "GetStringTypeW", 
                        "address": "0x43b138"
                    }, 
                    {
                        "name": "MultiByteToWideChar", 
                        "address": "0x43b13c"
                    }
                ], 
                "dll": "api-ms-win-core-string-l1-1-0.dll"
            }
        ], 
        "peid_signatures": null, 
        "keys": [], 
        "signature": [], 
        "pe_timestamp": "2023-01-11 12:37:44", 
        "pe_exports": [], 
        "imported_dll_count": 26, 
        "pe_imphash": "e0a0e3b1d527f0d73fca14d2720b38f1", 
        "pe_resources": [
            {
                "name": "RT_VERSION", 
                "language": "LANG_ENGLISH", 
                "filetype": "data", 
                "sublanguage": "SUBLANG_ENGLISH_US", 
                "offset": "0x0003d060", 
                "size": "0x000003d0"
            }
        ], 
        "pe_versioninfo": [
            {
                "name": "LegalCopyright", 
                "value": "\\xa9 Microsoft Corporation. All rights reserved."
            }, 
            {
                "name": "InternalName", 
                "value": "Gamebar Presence Writer"
            }, 
            {
                "name": "FileVersion", 
                "value": "10.0.22621.4541 (WinBuild.160101.0800)"
            }, 
            {
                "name": "CompanyName", 
                "value": "Microsoft Corporation"
            }, 
            {
                "name": "ProductName", 
                "value": "Microsoft\\xae Windows\\xae Operating System"
            }, 
            {
                "name": "ProductVersion", 
                "value": "10.0.22621.4541"
            }, 
            {
                "name": "FileDescription", 
                "value": "Gamebar Presence Writer"
            }, 
            {
                "name": "OriginalFilename", 
                "value": "GamebarPresenceWriter.exe"
            }, 
            {
                "name": "Translation", 
                "value": "0x0409 0x04b0"
            }
        ], 
        "pe_sections": [
            {
                "size_of_data": "0x00035200", 
                "virtual_address": "0x00001000", 
                "entropy": 6.333232823848193, 
                "name": ".text", 
                "virtual_size": "0x00035124"
            }, 
            {
                "size_of_data": "0x00003600", 
                "virtual_address": "0x00037000", 
                "entropy": 4.99205163681021, 
                "name": ".data", 
                "virtual_size": "0x00003be0"
            }, 
            {
                "size_of_data": "0x00001a00", 
                "virtual_address": "0x0003b000", 
                "entropy": 5.397452425408008, 
                "name": ".idata", 
                "virtual_size": "0x000019e4"
            }, 
            {
                "size_of_data": "0x00000600", 
                "virtual_address": "0x0003d000", 
                "entropy": 2.56517193524341, 
                "name": ".rsrc", 
                "virtual_size": "0x00000430"
            }, 
            {
                "size_of_data": "0x00003000", 
                "virtual_address": "0x0003e000", 
                "entropy": 6.5805815324177175, 
                "name": ".reloc", 
                "virtual_size": "0x00002fe4"
            }
        ]
    }, 
    "behavior": {
        "generic": [
            {
                "process_path": "C:\\Windows\\System32\\lsass.exe", 
                "process_name": "lsass.exe", 
                "pid": 508, 
                "summary": {}, 
                "first_seen": 1742635966.015625, 
                "ppid": 400
            }
        ], 
        "processes": [
            {
                "process_path": "C:\\Windows\\System32\\lsass.exe", 
                "calls": [], 
                "track": false, 
                "pid": 508, 
                "process_name": "lsass.exe", 
                "command_line": "C:\\Windows\\system32\\lsass.exe", 
                "modules": [
                    {
                        "basename": "lsass.exe", 
                        "imgsize": 49152, 
                        "baseaddr": "0xffc70000", 
                        "filepath": "C:\\Windows\\system32\\lsass.exe"
                    }, 
                    {
                        "basename": "ntdll.dll", 
                        "imgsize": 1740800, 
                        "baseaddr": "0x76dd0000", 
                        "filepath": "C:\\Windows\\SYSTEM32\\ntdll.dll"
                    }, 
                    {
                        "basename": "kernel32.dll", 
                        "imgsize": 1175552, 
                        "baseaddr": "0x76bb0000", 
                        "filepath": "C:\\Windows\\system32\\kernel32.dll"
                    }, 
                    {
                        "basename": "KERNELBASE.dll", 
                        "imgsize": 438272, 
                        "baseaddr": "0x7fefcf80000", 
                        "filepath": "C:\\Windows\\system32\\KERNELBASE.dll"
                    }, 
                    {
                        "basename": "msvcrt.dll", 
                        "imgsize": 651264, 
                        "baseaddr": "0x7fefec80000", 
                        "filepath": "C:\\Windows\\system32\\msvcrt.dll"
                    }, 
                    {
                        "basename": "RPCRT4.dll", 
                        "imgsize": 1232896, 
                        "baseaddr": "0x7fefd2c0000", 
                        "filepath": "C:\\Windows\\system32\\RPCRT4.dll"
                    }, 
                    {
                        "basename": "SspiSrv.dll", 
                        "imgsize": 45056, 
                        "baseaddr": "0x7fefcb60000", 
                        "filepath": "C:\\Windows\\system32\\SspiSrv.dll"
                    }, 
                    {
                        "basename": "lsasrv.dll", 
                        "imgsize": 1470464, 
                        "baseaddr": "0x7fefc9e0000", 
                        "filepath": "C:\\Windows\\system32\\lsasrv.dll"
                    }, 
                    {
                        "basename": "sechost.dll", 
                        "imgsize": 126976, 
                        "baseaddr": "0x7fefea00000", 
                        "filepath": "C:\\Windows\\SYSTEM32\\sechost.dll"
                    }, 
                    {
                        "basename": "SspiCli.dll", 
                        "imgsize": 151552, 
                        "baseaddr": "0x7fefcb80000", 
                        "filepath": "C:\\Windows\\system32\\SspiCli.dll"
                    }, 
                    {
                        "basename": "ADVAPI32.dll", 
                        "imgsize": 897024, 
                        "baseaddr": "0x7fefd480000", 
                        "filepath": "C:\\Windows\\system32\\ADVAPI32.dll"
                    }, 
                    {
                        "basename": "USER32.dll", 
                        "imgsize": 1024000, 
                        "baseaddr": "0x76cd0000", 
                        "filepath": "C:\\Windows\\system32\\USER32.dll"
                    }, 
                    {
                        "basename": "GDI32.dll", 
                        "imgsize": 421888, 
                        "baseaddr": "0x7fefd560000", 
                        "filepath": "C:\\Windows\\system32\\GDI32.dll"
                    }, 
                    {
                        "basename": "LPK.dll", 
                        "imgsize": 57344, 
                        "baseaddr": "0x7fefd830000", 
                        "filepath": "C:\\Windows\\system32\\LPK.dll"
                    }, 
                    {
                        "basename": "USP10.dll", 
                        "imgsize": 823296, 
                        "baseaddr": "0x7feff010000", 
                        "filepath": "C:\\Windows\\system32\\USP10.dll"
                    }, 
                    {
                        "basename": "SAMSRV.dll", 
                        "imgsize": 774144, 
                        "baseaddr": "0x7fefc880000", 
                        "filepath": "C:\\Windows\\system32\\SAMSRV.dll"
                    }, 
                    {
                        "basename": "cryptdll.dll", 
                        "imgsize": 81920, 
                        "baseaddr": "0x7fefc860000", 
                        "filepath": "C:\\Windows\\system32\\cryptdll.dll"
                    }, 
                    {
                        "basename": "MSASN1.dll", 
                        "imgsize": 61440, 
                        "baseaddr": "0x7fefcdc0000", 
                        "filepath": "C:\\Windows\\system32\\MSASN1.dll"
                    }, 
                    {
                        "basename": "wevtapi.dll", 
                        "imgsize": 446464, 
                        "baseaddr": "0x7fefc7f0000", 
                        "filepath": "C:\\Windows\\system32\\wevtapi.dll"
                    }, 
                    {
                        "basename": "IMM32.DLL", 
                        "imgsize": 188416, 
                        "baseaddr": "0x7fefea20000", 
                        "filepath": "C:\\Windows\\system32\\IMM32.DLL"
                    }, 
                    {
                        "basename": "MSCTF.dll", 
                        "imgsize": 1085440, 
                        "baseaddr": "0x7fefed20000", 
                        "filepath": "C:\\Windows\\system32\\MSCTF.dll"
                    }, 
                    {
                        "basename": "cngaudit.dll", 
                        "imgsize": 36864, 
                        "baseaddr": "0x7fefc7b0000", 
                        "filepath": "C:\\Windows\\system32\\cngaudit.dll"
                    }, 
                    {
                        "basename": "AUTHZ.dll", 
                        "imgsize": 192512, 
                        "baseaddr": "0x7fefc780000", 
                        "filepath": "C:\\Windows\\system32\\AUTHZ.dll"
                    }, 
                    {
                        "basename": "ncrypt.dll", 
                        "imgsize": 319488, 
                        "baseaddr": "0x7fefc730000", 
                        "filepath": "C:\\Windows\\system32\\ncrypt.dll"
                    }, 
                    {
                        "basename": "bcrypt.dll", 
                        "imgsize": 139264, 
                        "baseaddr": "0x7fefc700000", 
                        "filepath": "C:\\Windows\\system32\\bcrypt.dll"
                    }, 
                    {
                        "basename": "msprivs.DLL", 
                        "imgsize": 8192, 
                        "baseaddr": "0x74af0000", 
                        "filepath": "C:\\Windows\\system32\\msprivs.DLL"
                    }, 
                    {
                        "basename": "netjoin.dll", 
                        "imgsize": 204800, 
                        "baseaddr": "0x7fefc6c0000", 
                        "filepath": "C:\\Windows\\system32\\netjoin.dll"
                    }, 
                    {
                        "basename": "negoexts.DLL", 
                        "imgsize": 147456, 
                        "baseaddr": "0x7fefc690000", 
                        "filepath": "C:\\Windows\\system32\\negoexts.DLL"
                    }, 
                    {
                        "basename": "Secur32.dll", 
                        "imgsize": 45056, 
                        "baseaddr": "0x7fefc9b0000", 
                        "filepath": "C:\\Windows\\system32\\Secur32.dll"
                    }, 
                    {
                        "basename": "cryptbase.dll", 
                        "imgsize": 61440, 
                        "baseaddr": "0x7fefcc50000", 
                        "filepath": "C:\\Windows\\system32\\cryptbase.dll"
                    }, 
                    {
                        "basename": "kerberos.DLL", 
                        "imgsize": 737280, 
                        "baseaddr": "0x7fefc5d0000", 
                        "filepath": "C:\\Windows\\system32\\kerberos.DLL"
                    }, 
                    {
                        "basename": "CRYPTSP.dll", 
                        "imgsize": 94208, 
                        "baseaddr": "0x7fefc5b0000", 
                        "filepath": "C:\\Windows\\system32\\CRYPTSP.dll"
                    }, 
                    {
                        "basename": "WS2_32.dll", 
                        "imgsize": 315392, 
                        "baseaddr": "0x7fefec30000", 
                        "filepath": "C:\\Windows\\system32\\WS2_32.dll"
                    }, 
                    {
                        "basename": "NSI.dll", 
                        "imgsize": 32768, 
                        "baseaddr": "0x7fefd3f0000", 
                        "filepath": "C:\\Windows\\system32\\NSI.dll"
                    }, 
                    {
                        "basename": "mswsock.dll", 
                        "imgsize": 348160, 
                        "baseaddr": "0x7fefc550000", 
                        "filepath": "C:\\Windows\\system32\\mswsock.dll"
                    }, 
                    {
                        "basename": "wship6.dll", 
                        "imgsize": 28672, 
                        "baseaddr": "0x7fefc540000", 
                        "filepath": "C:\\Windows\\System32\\wship6.dll"
                    }, 
                    {
                        "basename": "msv1_0.DLL", 
                        "imgsize": 331776, 
                        "baseaddr": "0x7fefc4e0000", 
                        "filepath": "C:\\Windows\\system32\\msv1_0.DLL"
                    }, 
                    {
                        "basename": "netlogon.DLL", 
                        "imgsize": 712704, 
                        "baseaddr": "0x7fefc430000", 
                        "filepath": "C:\\Windows\\system32\\netlogon.DLL"
                    }, 
                    {
                        "basename": "DNSAPI.dll", 
                        "imgsize": 372736, 
                        "baseaddr": "0x7fefc3d0000", 
                        "filepath": "C:\\Windows\\system32\\DNSAPI.dll"
                    }, 
                    {
                        "basename": "logoncli.dll", 
                        "imgsize": 196608, 
                        "baseaddr": "0x7fefc3a0000", 
                        "filepath": "C:\\Windows\\system32\\logoncli.dll"
                    }, 
                    {
                        "basename": "schannel.DLL", 
                        "imgsize": 356352, 
                        "baseaddr": "0x7fefc340000", 
                        "filepath": "C:\\Windows\\system32\\schannel.DLL"
                    }, 
                    {
                        "basename": "CRYPT32.dll", 
                        "imgsize": 1470464, 
                        "baseaddr": "0x7fefcdd0000", 
                        "filepath": "C:\\Windows\\system32\\CRYPT32.dll"
                    }, 
                    {
                        "basename": "wdigest.DLL", 
                        "imgsize": 221184, 
                        "baseaddr": "0x7fefc300000", 
                        "filepath": "C:\\Windows\\system32\\wdigest.DLL"
                    }, 
                    {
                        "basename": "rsaenh.dll", 
                        "imgsize": 290816, 
                        "baseaddr": "0x7fefc2b0000", 
                        "filepath": "C:\\Windows\\system32\\rsaenh.dll"
                    }, 
                    {
                        "basename": "tspkg.DLL", 
                        "imgsize": 98304, 
                        "baseaddr": "0x7fefc290000", 
                        "filepath": "C:\\Windows\\system32\\tspkg.DLL"
                    }, 
                    {
                        "basename": "pku2u.DLL", 
                        "imgsize": 282624, 
                        "baseaddr": "0x7fefc240000", 
                        "filepath": "C:\\Windows\\system32\\pku2u.DLL"
                    }, 
                    {
                        "basename": "bcryptprimitives.dll", 
                        "imgsize": 311296, 
                        "baseaddr": "0x7fefc1f0000", 
                        "filepath": "C:\\Windows\\system32\\bcryptprimitives.dll"
                    }, 
                    {
                        "basename": "RpcRtRemote.dll", 
                        "imgsize": 81920, 
                        "baseaddr": "0x7fefcd00000", 
                        "filepath": "C:\\Windows\\system32\\RpcRtRemote.dll"
                    }, 
                    {
                        "basename": "efslsaext.dll", 
                        "imgsize": 73728, 
                        "baseaddr": "0x7fefc1d0000", 
                        "filepath": "C:\\Windows\\system32\\efslsaext.dll"
                    }, 
                    {
                        "basename": "scecli.DLL", 
                        "imgsize": 253952, 
                        "baseaddr": "0x7fefc130000", 
                        "filepath": "C:\\Windows\\system32\\scecli.DLL"
                    }, 
                    {
                        "basename": "credssp.dll", 
                        "imgsize": 40960, 
                        "baseaddr": "0x7fefc1b0000", 
                        "filepath": "C:\\Windows\\system32\\credssp.dll"
                    }, 
                    {
                        "basename": "WINSTA.dll", 
                        "imgsize": 249856, 
                        "baseaddr": "0x7fefcc10000", 
                        "filepath": "C:\\Windows\\system32\\WINSTA.dll"
                    }, 
                    {
                        "basename": "IPHLPAPI.DLL", 
                        "imgsize": 159744, 
                        "baseaddr": "0x7fefbfd0000", 
                        "filepath": "C:\\Windows\\system32\\IPHLPAPI.DLL"
                    }, 
                    {
                        "basename": "WINNSI.DLL", 
                        "imgsize": 45056, 
                        "baseaddr": "0x7fefbfc0000", 
                        "filepath": "C:\\Windows\\system32\\WINNSI.DLL"
                    }, 
                    {
                        "basename": "netutils.dll", 
                        "imgsize": 49152, 
                        "baseaddr": "0x7fefa790000", 
                        "filepath": "C:\\Windows\\system32\\netutils.dll"
                    }, 
                    {
                        "basename": "USERENV.dll", 
                        "imgsize": 122880, 
                        "baseaddr": "0x7fefc060000", 
                        "filepath": "C:\\Windows\\system32\\USERENV.dll"
                    }, 
                    {
                        "basename": "profapi.dll", 
                        "imgsize": 61440, 
                        "baseaddr": "0x7fefcd20000", 
                        "filepath": "C:\\Windows\\system32\\profapi.dll"
                    }, 
                    {
                        "basename": "wshtcpip.dll", 
                        "imgsize": 28672, 
                        "baseaddr": "0x7fefbed0000", 
                        "filepath": "C:\\Windows\\System32\\wshtcpip.dll"
                    }, 
                    {
                        "basename": "monitor-x64.dll", 
                        "imgsize": 2269184, 
                        "baseaddr": "0x744c0000", 
                        "filepath": "C:\\tmpql7zol\\bin\\monitor-x64.dll"
                    }
                ], 
                "time": 0, 
                "tid": 1144, 
                "first_seen": 1742635966.015625, 
                "ppid": 400, 
                "type": "process"
            }
        ], 
        "processtree": [
            {
                "track": false, 
                "pid": 508, 
                "process_name": "lsass.exe", 
                "command_line": "C:\\Windows\\system32\\lsass.exe", 
                "first_seen": 1742635966.015625, 
                "ppid": 400, 
                "children": []
            }
        ]
    }, 
    "debug": {
        "action": [], 
        "dbgview": [], 
        "errors": [], 
        "log": [
            "2025-03-22 08:32:45,000 [analyzer] DEBUG: Starting analyzer from: C:\\tmpql7zol\n", 
            "2025-03-22 08:32:45,015 [analyzer] DEBUG: Pipe server name: \\??\\PIPE\\kQNenJQeeSDtmRnqJBLi\n", 
            "2025-03-22 08:32:45,015 [analyzer] DEBUG: Log pipe server name: \\??\\PIPE\\vzrdoITfcJyFfdPIVGNGkmgLFzC\n", 
            "2025-03-22 08:32:45,155 [analyzer] DEBUG: Started auxiliary module DbgView\n", 
            "2025-03-22 08:32:45,750 [analyzer] DEBUG: Started auxiliary module Disguise\n", 
            "2025-03-22 08:32:46,078 [analyzer] DEBUG: Loaded monitor into process with pid 508\n", 
            "2025-03-22 08:32:46,078 [analyzer] DEBUG: Started auxiliary module DumpTLSMasterSecrets\n", 
            "2025-03-22 08:32:46,078 [analyzer] DEBUG: Started auxiliary module Human\n", 
            "2025-03-22 08:32:46,078 [analyzer] DEBUG: Started auxiliary module InstallCertificate\n", 
            "2025-03-22 08:32:46,078 [analyzer] DEBUG: Started auxiliary module Reboot\n", 
            "2025-03-22 08:32:46,233 [analyzer] DEBUG: Started auxiliary module RecentFiles\n", 
            "2025-03-22 08:32:46,233 [modules.auxiliary.screenshots] INFO: Python Image Library (either PIL or Pillow) is not installed, screenshots are disabled.\n", 
            "2025-03-22 08:32:46,233 [analyzer] DEBUG: Started auxiliary module Screenshots\n", 
            "2025-03-22 08:32:46,233 [analyzer] DEBUG: Started auxiliary module LoadZer0m0n\n", 
            "2025-03-22 08:32:46,312 [lib.api.process] ERROR: Failed to execute process from path u'C:\\\\Users\\\\ADMINI~1\\\\AppData\\\\Local\\\\Temp\\\\GameBarPresenceWriter.exe' with arguments ['bin\\\\inject-x86.exe', '--app', u'C:\\\\Users\\\\ADMINI~1\\\\AppData\\\\Local\\\\Temp\\\\GameBarPresenceWriter.exe', '--only-start', '--curdir', 'C:\\\\Users\\\\ADMINI~1\\\\AppData\\\\Local\\\\Temp'] (Error: Command '['bin\\\\inject-x86.exe', '--app', u'C:\\\\Users\\\\ADMINI~1\\\\AppData\\\\Local\\\\Temp\\\\GameBarPresenceWriter.exe', '--only-start', '--curdir', 'C:\\\\Users\\\\ADMINI~1\\\\AppData\\\\Local\\\\Temp']' returned non-zero exit status 1)\n"
        ], 
        "cuckoo": [
            "2025-03-22 08:35:43,464 [cuckoo.core.scheduler] INFO: Task #461: acquired machine 192.168.56.1011 (label=192.168.56.1011)\n", 
            "2025-03-22 08:35:43,465 [cuckoo.core.resultserver] DEBUG: Now tracking machine 192.168.56.101 for task #461\n", 
            "2025-03-22 08:35:43,465 [cuckoo.core.plugins] DEBUG: Started auxiliary module: Replay\n", 
            "2025-03-22 08:35:43,476 [cuckoo.auxiliary.sniffer] INFO: Started sniffer with PID 66921 (interface=vboxnet0, host=192.168.56.101)\n", 
            "2025-03-22 08:35:43,477 [cuckoo.core.plugins] DEBUG: Started auxiliary module: Sniffer\n", 
            "2025-03-22 08:35:43,651 [cuckoo.machinery.virtualbox] DEBUG: Starting vm 192.168.56.1011\n", 
            "2025-03-22 08:35:43,758 [cuckoo.machinery.virtualbox] DEBUG: Restoring virtual machine 192.168.56.1011 to its current snapshot\n", 
            "2025-03-22 08:35:45,900 [cuckoo.core.guest] INFO: Starting analysis #461 on guest (id=192.168.56.1011, ip=192.168.56.101)\n", 
            "2025-03-22 08:35:46,902 [cuckoo.core.guest] DEBUG: 192.168.56.1011: not ready yet\n", 
            "2025-03-22 08:35:47,905 [cuckoo.core.guest] DEBUG: 192.168.56.1011: not ready yet\n", 
            "2025-03-22 08:35:48,909 [cuckoo.core.guest] DEBUG: 192.168.56.1011: not ready yet\n", 
            "2025-03-22 08:35:48,924 [cuckoo.core.guest] INFO: Guest is running Cuckoo Agent 0.10 (id=192.168.56.1011, ip=192.168.56.101)\n", 
            "2025-03-22 08:35:48,968 [cuckoo.core.guest] DEBUG: Uploading analyzer to guest (id=192.168.56.1011, ip=192.168.56.101, monitor=latest, size=3884763)\n", 
            "2025-03-22 08:35:49,973 [cuckoo.core.resultserver] DEBUG: Task #461: live log analysis.log initialized.\n", 
            "2025-03-22 08:35:51,005 [cuckoo.core.resultserver] DEBUG: Task #461 is sending a BSON stream\n", 
            "2025-03-22 08:35:51,389 [cuckoo.core.guest] WARNING: 192.168.56.1011: analysis #461 caught an exception\n", 
            "Traceback (most recent call last):\n", 
            "  File \"C:/tmpql7zol/analyzer.py\", line 808, in <module>\n", 
            "    success = analyzer.run()\n", 
            "  File \"C:/tmpql7zol/analyzer.py\", line 657, in run\n", 
            "    pids = self.package.start(self.target)\n", 
            "  File \"C:\\tmpql7zol\\modules\\packages\\exe.py\", line 23, in start\n", 
            "    return self.execute(path, args=shlex.split(args))\n", 
            "  File \"C:\\tmpql7zol\\lib\\common\\abstracts.py\", line 166, in execute\n", 
            "    \"Unable to execute the initial process, analysis aborted.\"\n", 
            "CuckooPackageError: Unable to execute the initial process, analysis aborted.\n", 
            "\n", 
            "2025-03-22 08:35:51,394 [cuckoo.core.plugins] DEBUG: Stopped auxiliary module: Replay\n", 
            "2025-03-22 08:35:51,441 [cuckoo.core.plugins] DEBUG: Stopped auxiliary module: Sniffer\n", 
            "2025-03-22 08:35:58,561 [cuckoo.machinery.virtualbox] INFO: Successfully generated memory dump for virtual machine with label 192.168.56.1011 to path /home/tesst/.cuckoo/storage/analyses/461/memory.dmp\n", 
            "2025-03-22 08:35:58,563 [cuckoo.machinery.virtualbox] DEBUG: Stopping vm 192.168.56.1011\n", 
            "2025-03-22 08:35:59,970 [cuckoo.core.resultserver] DEBUG: Stopped tracking machine 192.168.56.101 for task #461\n", 
            "2025-03-22 08:35:59,970 [cuckoo.core.resultserver] DEBUG: Cancel <Context for LOG> for task 461\n", 
            "2025-03-22 08:35:59,973 [cuckoo.core.scheduler] DEBUG: Released database task #461\n", 
            "2025-03-22 08:35:59,995 [cuckoo.core.plugins] DEBUG: Executed processing module \"AnalysisInfo\" for task #461\n", 
            "2025-03-22 08:35:59,996 [cuckoo.core.plugins] DEBUG: Executed processing module \"BehaviorAnalysis\" for task #461\n", 
            "2025-03-22 08:35:59,996 [cuckoo.core.plugins] DEBUG: Executed processing module \"Dropped\" for task #461\n", 
            "2025-03-22 08:35:59,997 [cuckoo.core.plugins] DEBUG: Executed processing module \"DroppedBuffer\" for task #461\n", 
            "2025-03-22 08:35:59,997 [cuckoo.core.plugins] DEBUG: Executed processing module \"MetaInfo\" for task #461\n", 
            "2025-03-22 08:35:59,997 [cuckoo.core.plugins] DEBUG: Executed processing module \"ProcessMemory\" for task #461\n", 
            "2025-03-22 08:35:59,997 [cuckoo.core.plugins] DEBUG: Executed processing module \"Procmon\" for task #461\n", 
            "2025-03-22 08:35:59,997 [cuckoo.core.plugins] DEBUG: Executed processing module \"Screenshots\" for task #461\n", 
            "2025-03-22 08:36:00,255 [cuckoo.core.plugins] DEBUG: Executed processing module \"Static\" for task #461\n", 
            "2025-03-22 08:36:00,263 [cuckoo.core.plugins] DEBUG: Executed processing module \"Strings\" for task #461\n", 
            "2025-03-22 08:36:00,267 [cuckoo.cor"
        ]
    }, 
    "strings": [
        "!This program cannot be run in DOS mode.", 
        "`.data", 
        ".idata", 
        "@.rsrc", 
        "@.reloc", 
        "bad exception", 
        "GUnknown exception", 
        "bad array new length", 
        "string too long", 
        "bad_weak_ptr", 
        "Exception", 
        "ReturnNt", 
        "ReturnHr", 
        "FailFast", 
        "RaiseFailFastException", 
        "RtlDllShutdownInProgress", 
        "RtlDisownModuleHeapAllocation", 
        "multimedia\\gameoverlayux\\presencewriter\\exe\\xboxlivegamer.cpp", 
        "invalid hash bucket count", 
        "multimedia\\gameoverlayux\\gamepanel\\common\\inc\\GameBarFoundation\\AsyncUtils.h", 
        "vector too long", 
        "unordered_map/set too long", 
        "multimedia\\gameoverlayux\\presencewriter\\exe\\presencewriter.cpp", 
        "onecore\\internal\\sdk\\inc\\wil\\opensource\\wil\\resource.h", 
        "onecore\\internal\\sdk\\inc\\wil\\opensource\\wil\\registry.h", 
        "map/set too long", 
        "multimedia\\gameoverlayux\\presencewriter\\exe\\presencewritermanager.cpp", 
        "onecoreuap\\internal\\sdk\\inc\\XboxFeatureDisable.h", 
        "multimedia\\gameoverlayux\\presencewriter\\exe\\server.cpp", 
        "WilError_03", 
        "multimedia\\gameoverlayux\\presencewriter\\exe\\tracehelper.cpp", 
        "generic", 
        "device or resource busy", 
        "invalid argument", 
        "no such process", 
        "not enough memory", 
        "operation not permitted", 
        "resource deadlock would occur", 
        "resource unavailable try again", 
        "bad allocation", 
        "address family not supported", 
        "address in use", 
        "address not available", 
        "already connected", 
        "argument list too long", 
        "argument out of domain", 
        "bad address", 
        "bad file descriptor", 
        "bad message", 
        "broken pipe", 
        "connection aborted", 
        "connection already in progress", 
        "connection refused", 
        "connection reset", 
        "cross device link", 
        "destination address required", 
        "directory not empty", 
        "executable format error", 
        "file exists", 
        "file too large", 
        "filename too long", 
        "function not supported", 
        "host unreachable", 
        "identifier removed", 
        "illegal byte sequence", 
        "inappropriate io control operation", 
        "interrupted", 
        "invalid seek", 
        "io error", 
        "is a directory", 
        "message size", 
        "network down", 
        "network reset", 
        "network unreachable", 
        "no buffer space", 
        "no child process", 
        "no link", 
        "no lock available", 
        "no message available", 
        "no message", 
        "no protocol option", 
        "no space on device", 
        "no stream resources", 
        "no such device or address", 
        "no such device", 
        "no such file or directory", 
        "not a directory", 
        "not a socket", 
        "not a stream", 
        "not connected", 
        "not supported", 
        "operation canceled", 
        "operation in progress", 
        "operation not supported", 
        "operation would block", 
        "owner dead", 
        "permission denied", 
        "protocol error", 
        "protocol not supported", 
        "read only file system", 
        "result out of range", 
        "state not recoverable", 
        "stream timeout", 
        "text file busy", 
        "timed out", 
        "too many files open in system", 
        "too many files open", 
        "too many links", 
        "too many symbolic link levels", 
        "value too large", 
        "wrong protocol type", 
        "unknown error", 
        "multimedia\\gameoverlayux\\gamepanel\\common\\lib\\gamebarfoundation\\http.cpp", 
        "bad conversion", 
        "bad locale name", 
        "bad cast", 
        "invalid string position", 
        "0123456789ABCDEFabcdef-+Xx", 
        "0123456789ABCDEFabcdef-+XxPp", 
        "0123456789-+Ee", 
        "0123456789abcdefghijklmnopqrstuvwxyz", 
        "iostream", 
        ":Sun:Sunday:Mon:Monday:Tue:Tuesday:Wed:Wednesday:Thu:Thursday:Fri:Friday:Sat:Saturday", 
        ":Jan:January:Feb:February:Mar:March:Apr:April:May:May:Jun:June:Jul:July:Aug:August:Sep:September:Oct:October:Nov:November:Dec:December", 
        "ios_base::badbit set", 
        "ios_base::failbit set", 
        "ios_base::eofbit set", 
        "%b %d %H : %M : %S %Y", 
        "%m / %d / %y", 
        ":AM:am:PM:pm", 
        "%I : %M : %S %p", 
        "%H : %M", 
        "%H : %M : %S", 
        "%d / %m / %y", 
        "+v$x+v$xv$+xv+$xv$+x+$vx+$vx$v+x+$vx$+vx+v $+v $v $+v +$v $++$ v+$ v$ v++$ v$+ v+xv$+ v$v$ +v+ $v$ ++x$v+ $v$v ++ $v$ +v", 
        "iostream stream error", 
        "0123456789-", 
        "0123456789abcdefghijklmnopqrstuvwxyz", 
        "WebError", 
        "statusCode", 
        "request", 
        "response", 
        "Microsoft.Windows.GameBarPresenceWriter", 
        "GameBarPresenceWriter.pdb", 
        ".rdata$brc", 
        ".rdata$T$brc", 
        ".rdata$r$brc", 
        ".CRT$XCA", 
        ".CRT$XCAA", 
        ".CRT$XCC", 
        ".CRT$XCL", 
        ".CRT$XCU", 
        ".CRT$XCZ", 
        ".CRT$XIA", 
        ".CRT$XIAA", 
        ".CRT$XIAC", 
        ".CRT$XIC", 
        ".CRT$XIZ", 
        ".CRT$XLA", 
        ".CRT$XLZ", 
        ".CRT$XPA", 
        ".CRT$XPZ", 
        ".CRT$XTA", 
        ".CRT$XTZ", 
        ".gfids", 
        ".rdata", 
        ".rdata$sxdata", 
        ".rdata$voltmd", 
        ".rdata$zETW0", 
        ".rdata$zETW1", 
        ".rdata$zETW2", 
        ".rdata$zETW9", 
        ".rdata$zzzdbg", 
        ".rtc$IAA", 
        ".rtc$IZZ", 
        ".rtc$TAA", 
        ".rtc$TZZ", 
        ".text$di", 
        ".text$mn", 
        ".text$x", 
        ".text$yd", 
        ".tls$ZZZ", 
        ".xdata$x", 
        "minATL$__a", 
        "minATL$__m", 
        "minATL$__r", 
        "minATL$__z", 
        ".data$brc", 
        ".data$r$brc", 
        ".data$rs$brc", 
        ".idata$5", 
        ".00cfg", 
        ".idata$2", 
        ".idata$3", 
        ".idata$4", 
        ".idata$6", 
        ".rsrc$01", 
        ".rsrc$02", 
        "v$hTY@", 
        "v h(Z@", 
        "v h@Z@", 
        "PQQSVW", 
        "L$$_^3", 
        "QQVhH_@", 
        "QQVhX`@", 
        "QQVhla@", 
        "QQVhTb@", 
        "QQVh,c@", 
        "PQQSVW", 
        "u/SSh`", 
        "SSSh|h@", 
        "FHPhLd@", 
        "PQQSVW", 
        "-Vj@Vj", 
        "Pj!hxj@", 
        "SVWQQ3", 
        "PQQSVW", 
        "L$|_^3", 
        "93uHWV", 
        "Pj3hpe@", 
        "YY9~,t", 
        "~,9~$t", 
        "tM98uIj", 
        "D$$j@P", 
        "D$$j@P", 
        "D$ j@P", 
        "D$ j@P", 
        "<xt><Xu=", 
        "<xt <Xt", 
        "<:t%<,t!</u%", 
        "<:t%<,t!</u%", 
        "<:u WSj<j", 
        "<:u WSj<j", 
        "D$$j@P", 
        "D$$j@P", 
        "D$ j@P", 
        "D$ j@P", 
        "<:u WSj<j", 
        "D$$j@P", 
        "D$$j@P", 
        "D$ j@P", 
        "D$ j@P", 
        "+M4AQj", 
        "+M4AQj", 
        "<xtR<XuQ", 
        "<xt/<Xt+j", 
        "+L$,xY", 
        ";T$ t$", 
        "PPPPPWS", 
        "QQSVWd", 
        "j<h ]C", 
        "URPQQh", 
        ";t$,v-", 
        "UQPXY]Y[", 
        ".?AVbad_exception@std@@", 
        ".?AVbad_alloc@std@@", 
        ".?AVResultException@wil@@", 
        ".?AVexception@std@@", 
        ".?AVbad_weak_ptr@std@@", 
        ".?AVbad_array_new_length@std@@", 
        ".?AVruntime_error@std@@", 
        ".?AVsystem_error@std@@", 
        ".?AV_System_error@std@@", 
        ".?AVlength_error@std@@", 
        ".?AVlogic_error@std@@", 
        ".?AVout_of_range@std@@", 
        ".?AVrange_error@std@@", 
        ".?AVbad_cast@std@@", 
        ".?AVfailure@ios_base@std@@", 
        ".?AVtype_info@@", 
        ".?AV?$RuntimeClass@U?$RuntimeClassFlags@$01@WRL@Microsoft@@U?$IAsyncOperationWithProgressCompletedHandler@PAVHttpResponseMessage@Http@Web@Windows@@UHttpProgress@234@@Foundation@Windows@@@WRL@Microsoft@@", 
        ".?AV<lambda_9e9bd4132cd1cd685cfdd83b30fd1003>@@", 
        ".?AV?$RuntimeClass@U?$RuntimeClassFlags@$01@WRL@Microsoft@@VFtmBase@23@U?$IAsyncOperationWithProgressCompletedHandler@PAUHSTRING__@@_K@Foundation@Windows@@@WRL@Microsoft@@", 
        ".?AU?$Selector@VFtmBase@WRL@Microsoft@@U?$ImplementsHelper@U?$RuntimeClassFlags@$01@WRL@Microsoft@@$0A@U?$ImplementsMarker@VFtmBase@WRL@Microsoft@@@Details@23@U?$IAsyncOperationWithProgressCompletedHandler@PAUHSTRING__@@_K@Foundation@Windows@@@Details@23@@Details@WRL@Microsoft@@", 
        ".?AVFtmBase@WRL@Microsoft@@", 
        ".?AU?$IAsyncOperationWithProgressCompletedHandler@PAVHttpResponseMessage@Http@Web@Windows@@UHttpProgress@234@@Foundation@Windows@@", 
        ".?AUImplementsBase@Details@WRL@Microsoft@@", 
        ".?AU?$ImplementsHelper@U?$RuntimeClassFlags@$02@WRL@Microsoft@@$00$$V@Details@WRL@Microsoft@@", 
        ".?AU?$IAsyncOperationWithProgressCompletedHandler_impl@PAUHSTRING__@@_K@Foundation@Windows@@", 
        ".?AU?$ImplementsHelper@U?$RuntimeClassFlags@$01@WRL@Microsoft@@$0A@U?$IAsyncOperationWithProgressCompletedHandler@PAVHttpResponseMessage@Http@Web@Windows@@UHttpProgress@234@@Foundation@Windows@@@Details@WRL@Microsoft@@", 
        ".?AUIUnknown@@", 
        ".?AVRuntimeClassBase@Details@WRL@Microsoft@@", 
        ".?AU?$WaitContext@U?$IAsyncOperationWithProgress@PAUHSTRING__@@_K@Foundation@Windows@@U?$IAsyncOperationWithProgressCompletedHandler@PAUHSTRING__@@_K@23@@Detail@@", 
        ".?AU?$ImplementsHelper@U?$RuntimeClassFlags@$02@WRL@Microsoft@@$00U?$CloakedIid@UIMarshal@@@23@@Details@WRL@Microsoft@@", 
        ".?AU?$ImplementsHelper@U?$RuntimeClassFlags@$02@WRL@Microsoft@@$00UIMarshal@@@Details@WRL@Microsoft@@", 
        ".?AU?$ImplementsHelper@U?$RuntimeClassFlags@$01@WRL@Microsoft@@$00U?$IAsyncOperationWithProgressCompletedHandler@PAUHSTRING__@@_K@Foundation@Windows@@@Details@WRL@Microsoft@@", 
        ".?AU?$DelegateInvokeHelper@U?$IAsyncOperationWithProgressCompletedHandler@PAVHttpResponseMessage@Http@Web@Windows@@UHttpProgress@234@@Foundation@Windows@@V<lambda_9e9bd4132cd1cd685cfdd83b30fd1003>@@$0?0PAU?$IAsyncOperationWithProgress@PAVHttpResponseMessage@Http@Web@Windows@@UHttpProgress@234@@23@W4AsyncStatus@23ABI@@@?$DelegateArgTraits@P8?$IAsyncOperationWithProgressCompletedHandler_impl@U?$AggregateType@PAVHttpResponseMessage@Http@Web@Windows@@PAUIHttpResponseMessage@234@@Internal@Foundation@Windows@@UHttpProgress@Http@Web@4@@Foundation@Windows@@AGJPAU?$IAsyncOperationWithProgress@PAVHttpResponseMessage@Http@Web@Windows@@UHttpProgress@234@@23@W4AsyncStatus@23ABI@@@Z@Details@WRL@Microsoft@@", 
        ".?AV?$RuntimeClassBaseT@$01@Details@WRL@Microsoft@@", 
        ".?AU?$IAsyncOperationWithProgressCompletedHandler_impl@U?$AggregateType@PAVHttpResponseMessage@Http@Web@Windows@@PAUIHttpResponseMessage@234@@Internal@Foundation@Windows@@UHttpProgress@Http@Web@4@@Foundation@Windows@@", 
        ".?AU?$IAsyncOperationWithProgressCompletedHandler@PAUHSTRING__@@_K@Foundation@Windows@@", 
        ".?AU?$RuntimeClassFlags@$03@WRL@Microsoft@@", 
        ".?AVFtmBaseMarker@Details@WRL@Microsoft@@", 
        ".?AVDontUseNewUseMake@Details@WRL@Microsoft@@", 
        ".?AU?$Implements@U?$RuntimeClassFlags@$02@WRL@Microsoft@@U?$CloakedIid@UIMarshal@@@23@@WRL@Microsoft@@", 
        ".?AU?$DelegateInvokeHelper@U?$IAsyncOperationWithProgressCompletedHandler@PAVHttpResponseMessage@Http@Web@Windows@@UHttpProgress@234@@Foundation@Windows@@V<lambda_91732ac053b1fe685c08c539755cae67>@@$0?0PAU?$IAsyncOperationWithProgress@PAVHttpResponseMessage@Http@Web@Windows@@UHttpProgress@234@@23@W4AsyncStatus@23ABI@@@?$DelegateArgTraits@P8?$IAsyncOperationWithProgressCompletedHandler_impl@U?$AggregateType@PAVHttpResponseMessage@Http@Web@Windows@@PAUIHttpResponseMessage@234@@Internal@Foundation@Windows@@UHttpProgress@Http@Web@4@@Foundation@Windows@@AGJPAU?$IAsyncOperationWithProgress@PAVHttpResponseMessage@Http@Web@Windows@@UHttpProgress@234@@23@W4AsyncStatus@23ABI@@@Z@Details@WRL@Microsoft@@", 
        ".?AV?$RuntimeClassImpl@U?$RuntimeClassFlags@$01@WRL@Microsoft@@$00$0A@$0A@VFtmBase@23@U?$IAsyncOperationWithProgressCompletedHandler@PAUHSTRING__@@_K@Foundation@Windows@@@Details@WRL@Microsoft@@", 
        ".?AU?$ImplementsHelper@U?$RuntimeClassFlags@$01@WRL@Microsoft@@$0A@U?$ImplementsMarker@VFtmBase@WRL@Microsoft@@@Details@23@U?$IAsyncOperationWithProgressCompletedHandler@PAUHSTRING__@@_K@Foundation@Windows@@@Details@WRL@Microsoft@@", 
        ".?AU?$ImplementsHelper@U?$RuntimeClassFlags@$01@WRL@Microsoft@@$00$$V@Details@WRL@Microsoft@@", 
        ".?AU?$Selector@U?$ImplementsHelper@U?$RuntimeClassFlags@$01@WRL@Microsoft@@$00U?$IAsyncOperationWithProgressCompletedHandler@PAUHSTRING__@@_K@Foundation@Windows@@@Details@WRL@Microsoft@@U?$ImplementsHelper@U?$RuntimeClassFlags@$01@WRL@Microsoft@@$0A@U?$ImplementsMarker@VFtmBase@WRL@Microsoft@@@Details@23@U?$IAsyncOperationWithProgressCompletedHandler@PAUHSTRING__@@_K@Foundation@Windows@@@234@@Details@WRL@Microsoft@@", 
        ".?AUIMarshal@@", 
        ".?AV?$RuntimeClassImpl@U?$RuntimeClassFlags@$01@WRL@Microsoft@@$00$0A@$0A@U?$IAsyncOperationWithProgressCompletedHandler@PAVHttpResponseMessage@Http@Web@Windows@@UHttpProgress@234@@Foundation@Windows@@@Details@WRL@Microsoft@@", 
        ".?AV<lambda_91732ac053b1fe685c08c539755cae67>@@", 
        ".?AV?$enable_shared_from_this@VPresenceWriterManager@Internal@PresenceServer@GameBar@Gaming@Windows@@@std@@", 
        ".?AV?$__func@V<lambda_c33769e703bb51db06f3ce1fdb4e7208>@@$$A6GXW4RegistryChangeKind@wil@@@Z@__function@wistd@@", 
        ".?AV_Ref_count_base@std@@", 
        ".?AV?$_Ref_count@VPresenceWriterWrapper@Internal@PresenceServer@GameBar@Gaming@Windows@@@std@@", 
        ".?AVPresenceWriterManager@Internal@PresenceServer@GameBar@Gaming@Windows@@", 
        ".?AV?$__base@$$A6GXW4RegistryChangeKind@wil@@@Z@__function@wistd@@", 
        ".?AV?$_Ref_count_obj2@VXboxLiveGamer@GamesGuide@@@std@@", 
        ".?AUIPresenceWriter@Internal@PresenceServer@GameBar@Gaming@Windows@@", 
        ".?AU?$ImplementsHelper@U?$RuntimeClassFlags@$0N@@WRL@Microsoft@@$0A@UIActivationFactory@@VNil@Details@23@V5623@V5623@V5623@@Details@WRL@Microsoft@@", 
        ".?AVFactoryBase@Details@WRL@Microsoft@@", 
        ".?AUIWeakReference@@", 
        ".?AUIWeakReferenceSource@@", 
        ".?AV?$SimpleSealedActivationFactory@VPresenceWriter@Internal@PresenceServer@GameBar@Gaming@Windows@@$0A@@WRL@Microsoft@@", 
        ".?AV?$ActivationFactory@VNil@Details@WRL@Microsoft@@V1234@V1234@$0A@@WRL@Microsoft@@", 
        ".?AV?$RuntimeClass@U?$InterfaceListHelper@UIActivationFactory@@VNil@Details@WRL@Microsoft@@V2345@V2345@V2345@@Details@WRL@Microsoft@@U?$RuntimeClassFlags@$0N@@34@$0A@$00$0A@@Details@WRL@Microsoft@@", 
        ".?AUIActivationFactory@@", 
        ".?AVStrongReference@Details@WRL@Microsoft@@", 
        ".?AVModuleBase@Details@WRL@Microsoft@@", 
        ".?AU?$ImplementsHelper@U?$RuntimeClassFlags@$02@WRL@Microsoft@@$0A@UIPresenceWriter@Internal@PresenceServer@GameBar@Gaming@Windows@@UIWeakReferenceSource@@@Details@WRL@Microsoft@@", 
        ".?AUIInspectable@@", 
        ".?AU?$ImplementsHelper@U?$RuntimeClassFlags@$0N@@WRL@Microsoft@@$00$$V@Details@WRL@Microsoft@@", 
        ".?AV?$DefaultModule@$01@Details@WRL@Microsoft@@", 
        ".?AVWeakReferenceImpl@Details@WRL@Microsoft@@", 
        ".?AV?$Module@$01V?$DefaultModule@$01@Details@WRL@Microsoft@@@WRL@Microsoft@@", 
        ".?AU?$ImplementsHelper@U?$RuntimeClassFlags@$02@WRL@Microsoft@@$00UIWeakReferenceSource@@@Details@WRL@Microsoft@@", 
        ".?AV?$RuntimeClass@U?$RuntimeClassFlags@$02@WRL@Microsoft@@UIPresenceWriter@Internal@PresenceServer@GameBar@Gaming@Windows@@@WRL@Microsoft@@", 
        ".?AV?$RuntimeClassImpl@U?$RuntimeClassFlags@$0N@@WRL@Microsoft@@$0A@$00$0A@UIActivationFactory@@VNil@Details@23@V5623@V5623@V5623@@Details@WRL@Microsoft@@", 
        ".?AV?$RuntimeClassBaseT@$0N@@Details@WRL@Microsoft@@", 
        ".?AV?$SimpleActivationFactory@VPresenceWriter@Internal@PresenceServer@GameBar@Gaming@Windows@@$0A@@WRL@Microsoft@@", 
        ".?AV?$RuntimeClassImpl@U?$RuntimeClassFlags@$01@WRL@Microsoft@@$00$0A@$0A@UIWeakReference@@@Details@WRL@Microsoft@@", 
        ".?AV?$GenericReleaseNotifier@P6GXXZ@?$OutOfProcModuleBase@V?$DefaultModule@$01@Details@WRL@Microsoft@@@Details@WRL@Microsoft@@", 
        ".?AV?$_Ref_count_obj2@VPresenceWriterManager@Internal@PresenceServer@GameBar@Gaming@Windows@@@std@@", 
        ".?AV?$OutOfProcModuleBase@V?$DefaultModule@$01@Details@WRL@Microsoft@@@Details@WRL@Microsoft@@", 
        ".?AU?$ImplementsHelper@U?$RuntimeClassFlags@$01@WRL@Microsoft@@$0A@UIWeakReference@@@Details@WRL@Microsoft@@", 
        ".?AV?$RuntimeClassBaseT@$02@Details@WRL@Microsoft@@", 
        ".?AVReleaseNotifier@?$OutOfProcModuleBase@V?$DefaultModule@$01@Details@WRL@Microsoft@@@Details@WRL@Microsoft@@", 
        ".?AV?$RuntimeClassImpl@U?$RuntimeClassFlags@$02@WRL@Microsoft@@$00$00$0A@UIPresenceWriter@Internal@PresenceServer@GameBar@Gaming@Windows@@@Details@WRL@Microsoft@@", 
        ".?AV?$RuntimeClass@U?$RuntimeClassFlags@$01@WRL@Microsoft@@UIWeakReference@@@WRL@Microsoft@@", 
        ".?AVPresenceWriter@Internal@PresenceServer@GameBar@Gaming@Windows@@", 
        ".?AV?$Module@$00V?$DefaultModule@$01@Details@WRL@Microsoft@@@WRL@Microsoft@@", 
        ".?AVstl_condition_variable_win7@details@Concurrency@@", 
        ".?AVstl_condition_variable_interface@details@Concurrency@@", 
        ".?AVerror_category@std@@", 
        ".?AV_Generic_error_category@std@@", 
        ".?AVstl_critical_section_win7@details@Concurrency@@", 
        ".?AVstl_critical_section_interface@details@Concurrency@@", 
        ".?AV?$wstring_convert@V?$codecvt_utf8@G$0BAPPPP@$0A@@std@@GV?$allocator@G@2@V?$allocator@D@2@@std@@", 
        ".?AV?$codecvt_utf8@G$0BAPPPP@$0A@@std@@", 
        ".?AV?$codecvt@GDU_Mbstatet@@@std@@", 
        ".?AVcodecvt_base@std@@", 
        ".?AVfacet@locale@std@@", 
        ".?AV_Facet_base@std@@", 
        ".?AU_Crt_new_delete@std@@", 
        ".?AV_Locimp@locale@std@@", 
        ".?AV?$codecvt@DDU_Mbstatet@@@std@@", 
        ".?AV?$ctype@D@std@@", 
        ".?AV?$numpunct@D@std@@", 
        ".?AUctype_base@std@@", 
        ".?AV?$num_get@DV?$istreambuf_iterator@DU?$char_traits@D@std@@@std@@@std@@", 
        ".?AV?$num_put@DV?$ostreambuf_iterator@DU?$char_traits@D@std@@@std@@@std@@", 
        ".?AV?$moneypunct@D$0A@@std@@", 
        ".?AV?$collate@D@std@@", 
        ".?AV?$money_put@DV?$ostreambuf_iterator@DU?$char_traits@D@std@@@std@@@std@@", 
        ".?AV?$time_put@DV?$ostreambuf_iterator@DU?$char_traits@D@std@@@std@@@std@@", 
        ".?AV?$messages@D@std@@", 
        ".?AV_Iostream_error_category2@std@@", 
        ".?AUmessages_base@std@@", 
        ".?AUtime_base@std@@", 
        ".?AV?$moneypunct@D$00@std@@", 
        ".?AV?$money_get@DV?$istreambuf_iterator@DU?$char_traits@D@std@@@std@@@std@@", 
        ".?AV?$_Mpunct@D@std@@", 
        ".?AUmoney_base@std@@", 
        ".?AV?$time_get@DV?$istreambuf_iterator@DU?$char_traits@D@std@@@std@@@std@@", 
        ".?AV?$messages@G@std@@", 
        ".?AV?$moneypunct@_W$00@std@@", 
        ".?AV?$ctype@G@std@@", 
        ".?AV?$num_put@_WV?$ostreambuf_iterator@_WU?$char_traits@_W@std@@@std@@@std@@", 
        ".?AV?$messages@_W@std@@", 
        ".?AV?$time_get@GV?$istreambuf_iterator@GU?$char_traits@G@std@@@std@@@std@@", 
        ".?AV?$time_put@_WV?$ostreambuf_iterator@_WU?$char_traits@_W@std@@@std@@@std@@", 
        ".?AV?$moneypunct@G$0A@@std@@", 
        ".?AV?$collate@G@std@@", 
        ".?AV?$num_get@GV?$istreambuf_iterator@GU?$char_traits@G@std@@@std@@@std@@", 
        ".?AV?$moneypunct@G$00@std@@", 
        ".?AV?$numpunct@_W@std@@", 
        ".?AV?$num_put@GV?$ostreambuf_iterator@GU?$char_traits@G@std@@@std@@@std@@", 
        ".?AV?$_Mpunct@G@std@@", 
        ".?AV?$num_get@_WV?$istreambuf_iterator@_WU?$char_traits@_W@std@@@std@@@std@@", 
        ".?AV?$money_get@GV?$istreambuf_iterator@GU?$char_traits@G@std@@@std@@@std@@", 
        ".?AV?$money_put@GV?$ostreambuf_iterator@GU?$char_traits@G@std@@@std@@@std@@", 
        ".?AV?$time_get@_WV?$istreambuf_iterator@_WU?$char_traits@_W@std@@@std@@@std@@", 
        ".?AV?$time_put@GV?$ostreambuf_iterator@GU?$char_traits@G@std@@@std@@@std@@", 
        ".?AV?$money_put@_WV?$ostreambuf_iterator@_WU?$char_traits@_W@std@@@std@@@std@@", 
        ".?AV?$codecvt@_WDU_Mbstatet@@@std@@", 
        ".?AV?$numpunct@G@std@@", 
        ".?AV?$money_get@_WV?$istreambuf_iterator@_WU?$char_traits@_W@std@@@std@@@std@@", 
        ".?AV?$_Mpunct@_W@std@@", 
        ".?AV?$collate@_W@std@@", 
        ".?AV?$ctype@_W@std@@", 
        ".?AV?$moneypunct@_W$0A@@std@@", 
        "RegGetValueW", 
        "RegCreateKeyExW", 
        "RegCloseKey", 
        "RegNotifyChangeKeyValue", 
        "MakeAbsoluteSD", 
        "ConvertStringSecurityDescriptorToSecurityDescriptorW", 
        "EventUnregister", 
        "EventSetInformation", 
        "EventRegister", 
        "EventWriteTransfer", 
        "ADVAPI32.dll", 
        "GetModuleFileNameA", 
        "HeapFree", 
        "EnterCriticalSection", 
        "GetModuleHandleExW", 
        "LeaveCriticalSection", 
        "InitializeCriticalSectionEx", 
        "GetCurrentThreadId", 
        "FormatMessageW", 
        "OutputDebugStringW", 
        "RaiseException", 
        "HeapAlloc", 
        "GetProcAddress", 
        "DeleteCriticalSection", 
        "GetProcessHeap", 
        "GetModuleHandleW", 
        "DebugBreak", 
        "IsDebuggerPresent", 
        "SetLastError", 
        "CreateEventExW", 
        "WaitForThreadpoolTimerCallbacks", 
        "CloseThreadpoolWait", 
        "GetLastError", 
        "WaitForThreadpoolWaitCallbacks", 
        "ReleaseSRWLockExclusive", 
        "CloseThreadpoolTimer", 
        "AcquireSRWLockExclusive", 
        "CreateThreadpoolWait", 
        "CloseHandle", 
        "SetThreadpoolTimer", 
        "SetThreadpoolWait", 
        "CreateThreadpoolTimer", 
        "ParseApplicationUserModelId", 
        "InitOnceExecuteOnce", 
        "EncodePointer", 
        "WaitForSingleObject", 
        "CreateEventW", 
        "SetEvent", 
        "ReleaseSRWLockShared", 
        "DecodePointer", 
        "LocalFree", 
        "AcquireSRWLockShared", 
        "CreateSemaphoreExW", 
        "ReleaseSemaphore", 
        "ReleaseMutex", 
        "WaitForSingleObjectEx", 
        "OpenSemaphoreW", 
        "CreateMutexExW", 
        "GetCurrentProcessId", 
        "KERNEL32.dll", 
        "_invalid_parameter_noinfo", 
        "__stdio_common_vsnprintf_s", 
        "__stdio_common_vswprintf", 
        "_errno", 
        "_invalid_parameter_noinfo_noreturn", 
        "__acrt_iob_func", 
        "__stdio_common_vfwprintf", 
        "_calloc_base", 
        "_free_base", 
        "terminate", 
        "api-ms-win-crt-runtime-l1-1-0.dll", 
        "api-ms-win-crt-stdio-l1-1-0.dll", 
        "api-ms-win-crt-heap-l1-1-0.dll", 
        "CoCreateInstance", 
        "CoCreateFreeThreadedMarshaler", 
        "CoTaskMemFree", 
        "CoAddRefServerProcess", 
        "CoReleaseServerProcess", 
        "CoTaskMemAlloc", 
        "CoRegisterClassObject", 
        "CoResumeClassObjects", 
        "CoInitializeSecurity", 
        "CoRevokeClassObject", 
        "ole32.dll", 
        "SetRestrictedErrorInfo", 
        "WindowsCreateStringReference", 
        "RoGetActivationFactory", 
        "RoGetMatchingRestrictedErrorInfo", 
        "WindowsDeleteString", 
        "WindowsGetStringRawBuffer", 
        "WindowsDuplicateString", 
        "WindowsCreateString", 
        "WindowsStringHasEmbeddedNull", 
        "WindowsIsStringEmpty", 
        "RoRegisterActivationFactories", 
        "RoOriginateErrorW", 
        "RoActivateInstance", 
        "RoUninitialize", 
        "RoOriginateError", 
        "RoInitialize", 
        "RoRevokeActivationFactories", 
        "api-ms-win-core-winrt-error-l1-1-0.dll", 
        "api-ms-win-core-winrt-string-l1-1-0.dll", 
        "api-ms-win-core-winrt-l1-1-0.dll", 
        "api-ms-win-core-winrt-error-l1-1-1.dll", 
        "RtlUnwind", 
        "ntdll.dll", 
        "PowerSettingRegisterNotification", 
        "PowerSettingUnregisterNotification", 
        "WakeAllConditionVariable", 
        "WakeConditionVariable", 
        "InitializeConditionVariable", 
        "SleepConditionVariableSRW", 
        "InitializeSRWLock", 
        "TryAcquireSRWLockExclusive", 
        "QueryPerformanceCounter", 
        "GetSystemTimeAsFileTime", 
        "InitializeSListHead", 
        "IsProcessorFeaturePresent", 
        "FlsAlloc", 
        "FlsGetValue", 
        "FlsSetValue", 
        "FlsFree", 
        "api-ms-win-power-setting-l1-1-0.dll", 
        "api-ms-win-core-synch-l1-2-0.dll", 
        "api-ms-win-core-synch-l1-1-0.dll", 
        "api-ms-win-core-profile-l1-1-0.dll", 
        "api-ms-win-core-localization-l1-2-0.dll", 
        "api-ms-win-core-sysinfo-l1-1-0.dll", 
        "api-ms-win-core-interlocked-l1-1-0.dll", 
        "api-ms-win-core-processthreads-l1-1-1.dll", 
        "api-ms-win-core-fibers-l1-1-0.dll", 
        "_seh_filter_exe", 
        "_set_app_type", 
        "_configure_wide_argv", 
        "_initialize_wide_environment", 
        "_get_initial_wide_environment", 
        "_initterm", 
        "_initterm_e", 
        "_set_fmode", 
        "__p___argc", 
        "__p___wargv", 
        "_cexit", 
        "_c_exit", 
        "_register_thread_local_exe_atexit_callback", 
        "_configthreadlocale", 
        "_set_new_mode", 
        "__p__commode", 
        "_callnewh", 
        "malloc", 
        "_initialize_onexit_table", 
        "_register_onexit_function", 
        "_crt_atexit", 
        "_controlfp_s", 
        "strcpy_s", 
        "_malloc_base", 
        "__stdio_common_vsprintf_s", 
        "___lc_codepage_func", 
        "__pctype_func", 
        "___mb_cur_max_func", 
        "___lc_locale_name_func", 
        "setlocale", 
        "_unlock_locales", 
        "_lock_locales", 
        "calloc", 
        "_realloc_base", 
        "strtof", 
        "strtod", 
        "strcspn", 
        "localeconv", 
        "isspace", 
        "tolower", 
        "_W_Getmonths", 
        "_W_Getdays", 
        "_Getdays", 
        "_Strftime", 
        "_Getmonths", 
        "_Gettnames", 
        "_W_Gettnames", 
        "_Wcsftime", 
        "_wcsdup", 
        "isupper", 
        "islower", 
        "___lc_collate_cp_func", 
        "__strncnt", 
        "wcsnlen", 
        "api-ms-win-crt-locale-l1-1-0.dll", 
        "api-ms-win-crt-string-l1-1-0.dll", 
        "api-ms-win-crt-convert-l1-1-0.dll", 
        "api-ms-win-crt-math-l1-1-0.dll", 
        "api-ms-win-crt-time-l1-1-0.dll", 
        "MultiByteToWideChar", 
        "WideCharToMultiByte", 
        "GetLocaleInfoEx", 
        "GetStringTypeW", 
        "LCMapStringEx", 
        "GetCPInfo", 
        "CompareStringEx", 
        "api-ms-win-core-string-l1-1-0.dll", 
        "_CIpow", 
        "<0@0H0P0", 
        "1 1$1(1,1014181<1@1D1H1L1P1T1X1\\1`1d1h1l1p1t1x1|1", 
        "2 2$2(2,2024282<2@2D2H2L2P2T2X2\\2`2d2h2l2p2t2x2|2", 
        "3 3$3(3,3034383<3@3D3H3L3P3T3X3\\3`3d3h3l3p3t3x3|3", 
        "4 4$4(4,4044484<4@4D4H4L4P4T4X4\\4`4d4h4l4p4t4x4|4", 
        "5 5$5(5,5054585<5@5D5H5L5P5T5X5\\5`5d5h5l5p5t5x5|5", 
        "6 6$6(6,6064686<6@6D6H6L6P6T6X6\\6`6d6h6l6p6t6x6|6", 
        "7 7$7(7,7074787<7@7D7H7L7P7T7X7\\7`7d7h7l7p7t7x7|7", 
        "8 8$8(8,8084888<8@8D8H8L8P8T8X8\\8`8d8h8l8p8t8x8|8", 
        "9 9$9(9,9094989<9@9D9H9L9P9T9X9\\9`9d9h9l9p9t9x9|9", 
        ": :$:(:,:0:4:8:<:@:D:H:L:P:T:X:\\:`:d:h:l:p:t:x:|:", 
        "; ;$;(;,;0;4;8;<;@;D;H;L;P;T;X;\\;`;d;h;l;p;t;x;|;", 
        "< <$<(<,<0<4<8<<<@<L<T<\\<d<l<t<|<", 
        "=$=,=4=<=D=L=T=\\=d=l=t=|=", 
        ">$>,>4><>D>L>T>\\>d>l>t>|>", 
        "?$?(?8?<?@?H?`?p?t?", 
        "0 080<0T0X0p0t0", 
        "1 10141L1P1T1\\1t1x1", 
        "2$2(2@2D2\\2`2x2", 
        "3,3<3@3D3H3P3h3x3|3", 
        "44484P4`4p4t4", 
        "5 585<5P5`5d5l5", 
        "6$64686<6D6H6L6P6T6\\6d6|6", 
        "7 7$7,7074787<7@7H7L7P7T7X7\\7`7d7h7l7p7t7x7|7", 
        "8(8,8084888<8@8D8H8L8P8T8X8\\8d8|8", 
        "9 9094989P9T9l9p9t9|9", 
        ":,:<:@:D:H:L:P:T:X:\\:`:d:x:|:", 
        ";,;0;4;L;P;h;l;", 
        "<$<(<@<D<\\<l<p<", 
        "= =$=(=,=0=4=8=<=@=D=L=T=h=l=p=x=", 
        ">$>(>8><>T>X>\\>p>t>", 
        "?$?(?@?D?H?\\?l?p?", 
        "000@0D0T0X0p0t0|0", 
        "1(1,1D1T1X1\\1p1t1", 
        "2,202@2D2H2`2d2h2l2p2t2x2|2", 
        "3 3(3@3D3H3L3P3T3\\3`3d3h3l3p3t3x3|3", 
        "4 484<4@4D4H4L4P4T4X4\\4`4d4h4l4", 
        "54585P5T5X5\\5`5h5l5p5x5", 
        "6(6,606H6L6P6d6t6x6", 
        "7$747D7T7d7h7l7t7", 
        "8(8,80848<8T8X8p8t8x8", 
        "9,9<9@9X9\\9t9x9", 
        ":$:(:@:P:T:X:\\:`:d:h:l:p:t:x:|:", 
        "; ;0;4;L;P;T;X;\\;d;|;", 
        "<$<4<8<@<D<L<d<t<x<|<", 
        "=$=4=D=H=X=h=l=p=t=x=", 
        "> >$>,>4>8><>@>D>H>P>h>l>", 
        "? ?8?<?@?D?H?L?`?p?t?x?", 
        "04080L0P0h0l0p0t0", 
        "1,1014181<1@1H1`1d1h1l1p1x1|1", 
        "2$2(2,2D2T2X2\\2t2x2", 
        "30343L3P3h3l3p3t3x3|3", 
        "40444D4H4L4P4T4X4\\4d4|4", 
        "5 5$5(5,5@5D5T5X5h5l5p5t5x5", 
        "6,606@6D6\\6l6p6t6", 
        "7 7$787H7X7\\7t7x7|7", 
        "8 8084888P8T8X8\\8`8d8x8|8", 
        "9(9,9094989<9D9H9L9P9d9h9x9|9", 
        ":$:(:@:D:H:L:P:T:\\:t:", 
        ";$;(;,;0;8;<;@;D;L;P;T;X;\\;`;h;", 
        "< <8<H<X<\\<`<x<", 
        "=,=0=H=X=h=x=|=", 
        "> >$>8><>L>\\>`>p>t>", 
        "?,?0?H?X?\\?l?p?", 
        "0 0$080H0L0P0h0l0p0t0x0|0", 
        "5\"6&6,60666:6R6V6\\6`6f6j6", 
        "717Q7q7", 
        "8!8+8A8K8a8", 
        "8'9Q9}9", 
        ":4:::V:", 
        ">\">)>0>E>k>", 
        "?!?J?b?z?", 
        "1\u001f1/181Y1r1", 
        ":,:=:I:", 
        ":%;I;q;{;", 
        "=#=8=@=M=U=h=", 
        ">&>2>;>G>|>", 
        "0 0,040D0x0", 
        "1*1A1q1", 
        "0-0E0K0", 
        "122J2Q2`2t2|2", 
        "303D3L3", 
        "3+4?4G4", 
        "6C6I6h6}6", 
        "6A7R7f7n7", 
        "8\u001f838;8", 
        "9$939;9", 
        ":Q:n:t:", 
        ":C;[;l;", 
        ";)<M<^<s<", 
        "=\u001f=$=)=7=M=", 
        "?(?6?_?", 
        ";G;U;^;7=E=G>F?", 
        "3 3?3G3Z3b3~3", 
        "4G4V4^4j4", 
        ":';^;o;", 
        ">4>D>R>v>", 
        "1.141A1S1", 
        "6C6\\6h6", 
        "7 7=7I7|7", 
        "728J8T8]8d8", 
        "9@9i9{9", 
        "9S:^:{:", 
        "<#<;<O<", 
        "<*=5=I=\u001f?6?`?x?", 
        "6*656Y6r6", 
        ":l:s:z:", 
        "=(=<=d=", 
        ">l?w?~?", 
        "4'4/4N4V4i4q4", 
        "5(5B5o5~5", 
        "9.:N:]:", 
        "?,?9?K?b?", 
        "0>0O0k0~0", 
        "111f1x1", 
        "2 2G2U2g2u2", 
        "3&383q3", 
        "7-7J7^7", 
        "8O8U8y8", 
        "91979T9Z9", 
        ":<;A;G;\\;", 
        "=!=Z=x=", 
        "?'?G?Y?d?k?", 
        "1#252H2x2", 
        "6@6R6q6", 
        "<#=5=H=V=", 
        ">Q>c>|>", 
        "0'0J0W0s0|0", 
        "3+3>3Y3j3", 
        "4 4d5k5q5~5", 
        "7=7U7_7}7", 
        "8E8_8k8}8", 
        "=H=T=t=z=", 
        ">!>C>T>a>f>l>", 
        "?(?4?q?v?", 
        "<0A0M0y0", 
        "0J1O1[1", 
        "232G2M2~2", 
        "7/8b8~8", 
        ">\"?E?r?", 
        "0&0F0f0|0", 
        "031J1V1]1", 
        "22383]3j3o3", 
        ":#:B:V:", 
        "<\u001f<3<v<", 
        "=%=[=a=u=", 
        ">&>:>u>", 
        ":4:A:r:", 
        ":%;H;X;j;|;", 
        "=0Y0c0", 
        "0G1V1|1", 
        "2;2U2h2", 
        "2M3S3e3}3", 
        "4 474B4K4P4]4", 
        "5\"5*585A5Y5a5h5q5", 
        "6&6Z6{6", 
        "959`9p9", 
        ":;:F:f:", 
        "<;<h<|<", 
        "=$>*>3><>E>W>", 
        "0A0v0o2", 
        "9/989>9", 
        "9C:T:]:c:", 
        "313G3V3i3", 
        "4&4<4K4Y4", 
        "656X6z6", 
        "7L7c7n7", 
        "738O8W8", 
        "8T9Z9a9", 
        "4#4,454D4\\4", 
        "4.5<5\\5", 
        "1;1D1M1V1k1", 
        "7U8_8e8", 
        "3'484A4G4", 
        "7&7-7]7", 
        ":>;I;S;Z;-<:<h<", 
        "=:=Z=|=", 
        ">\">->[>s>~>", 
        "?\"?P?p?{?", 
        "0\"0B0d0o0", 
        "1C1[1f1", 
        "2G3M3T3w3}3", 
        "4>5p536", 
        "30y0~0", 
        "596x6~6", 
        "<g<w<C=O>", 
        "4,5c6M7", 
        "301171@1I1R1a1y1", 
        "1K2Y2y2", 
        "9D9J9S9\\9e9t9", 
        "4C5S6C7", 
        "9#9F9L9]9i9", 
        "40A0~0", 
        "?4?9?F?", 
        "3#404n4", 
        "8:8J8\\8", 
        "1!2&232", 
        "3!4&414", 
        ":3;D;M;S;", 
        ";B<S<{<", 
        "<\u001f=0=9=?=", 
        "=.>?>g>x>", 
        "?%?+?v?", 
        "0+0S0g0", 
        "0\u001f1D1Z1", 
        ">&>7>_>k>", 
        "<2=X=g=~=", 
        ">)?0?6?@?O?W?c?h?n?", 
        "0%020N0", 
        "1\u001f1>1I1_1d1w1", 
        "162@2I2", 
        "3?3I3R3[3p3y3", 
        "<*<7<Y<I=y=", 
        "= >&>3>9>N>^>d>i>v>}>", 
        "7-8U8*:", 
        "?4?B?I?O?", 
        "2+3034383<3", 
        "6$777U7c7", 
        "9H9O9T9X9\\9`9", 
        "= =,=8=D=P=\\=h=t=", 
        ">\u001f>=>Q>W>", 
        "3Y4e4B5", 
        "7\"737a7", 
        "1-1P1s1", 
        "6+7N7~7", 
        "8\"8A8G8a8q8", 
        "9!919A9", 
        "9<:P:X:`:h:p:", 
        ";,;8;\\;d;l;t;|;", 
        "<(<0<8<@<P<t<|<", 
        "=(=H=P=X=`=p=x=", 
        ">$>,>D>P>p>x>", 
        "?(?H?P?\\?|?", 
        "040<0D0P0p0|0", 
        "1$1@1H1P1\\1|1", 
        "2$2,282X2d2", 
        "3 3D3T3\\3d3l3t3|3", 
        "4$4,4L4X4x4", 
        "505P5\\5|5", 
        "6$6,646<6D6L6T6\\6d6l6t6|6", 
        "7$7D7L7T7\\7d7l7t7", 
        "8 8(80888@8L8l8t8", 
        "9 949T9\\9h9", 
        ":4:<:D:P:p:|:", 
        "; ;(;0;8;@;L;l;t;|;", 
        "<8<@<L<l<t<|<", 
        ">(>H>T>t>", 
        "?$?D?L?T?`?", 
        "0 0@0H0P0`0", 
        "1$1,141<1D1L1T1\\1d1p1", 
        "1$2,2l2t2", 
        "4(404<4\\4d4p4", 
        "5(5H5P5X5`5l5", 
        "6(6H6P6\\6|6", 
        "787D7d7l7t7|7", 
        "8$8,888X8d8", 
        "9$909P9X9h9", 
        ":$:,:4:<:D:L:T:\\:d:l:x:", 
        "; ;,;L;X;x;", 
        "<,<4<<<T<X<h<", 
        "=8=@=D=T=x=", 
        ">,>0>8>L>T>h>p>", 
        "? ?4?<?P?X?`?h?|?", 
        "0,040<0D0L0T0h0p0t0x0", 
        "0(00040<0D0d0", 
        "1(1H1h1", 
        "9p:8=x=`>", 
        ";4;T;x;", 
        "<`<0=T=", 
        "909P9p9", 
        ": :@:`:", 
        "<$<P<p<", 
        ">(?P?p?", 
        "283X3x3", 
        "%hs(%u)\\%hs!%p: ", 
        "%hs!%p: ", 
        "(caller: %p) ", 
        "%hs(%d) tid(%x) %08X %ws", 
        "Msg:[%ws] ", 
        "CallContext:[%hs] ", 
        "[%hs(%hs)]", 
        "kernelbase.dll", 
        "sstd::exception: %hs", 
        "ntdll.dll", 
        "user.auth.xboxlive.com", 
        "MBI_SSL", 
        "https://www.xboxlive.com", 
        "presence-heartbeat.xboxlive.com", 
        "https://presence-heartbeat.xboxlive.com/users/xuid(", 
        ")/devices/current", 
        "privacy.xboxlive.com", 
        "https://privacy.xboxlive.com/users/xuid(", 
        ")/permission/validate/", 
        "s-1-15-2-1129022119-41020634-3066561911-3676237183-3027204131-1552547696-4285587497", 
        "x-xbl-contract-version", 
        "Accept", 
        "application/json", 
        "{\"users\": [{\"anonymousUser\": \"allUsers\"}], \"permissions\": [\"UploadNonXboxPCPresenceToService\"]}", 
        "Content-Type", 
        "JSONOBJECT_FACTORY_FAILURE", 
        "PRIVACY_TRYPAREJSON_FAILURE", 
        "responses", 
        "PRIVACY_GETRESPONSES_FAILURE", 
        "PRIVACY_GETRESPONSES_ASITERABLE_FAILURE", 
        "PRIVACY_GETRESPONSEITERATOR_FAILURE", 
        "PRIVACY_HASRESPONSE_FAILURE", 
        "PRIVACY_GETRESPONSE_FAILURE", 
        "PRIVACY_GETRESPONSEOBJECT_FAILURE", 
        "permissions", 
        "PRIVACY_GETPERMISSIONS_FAILURE", 
        "PRIVACY_GETPERMISSIONS_ASITERABLE_FAILURE", 
        "PRIVACY_GETPERMISSIONITERATOR_FAILURE", 
        "PRIVACY_HASPERMISSION_FAILURE", 
        "PRIVACY_GETPERMISSION_FAILURE", 
        "PRIVACY_GETPERMISSIONOBJECT_FAILURE", 
        "isAllowed", 
        "PRIVACY_GETISALLOWED_FAILURE", 
        "PRIVACY_PARSING_ERROR", 
        "Windows.Foundation.Uri", 
        "Windows.Web.Http.HttpRequestMessage", 
        "Windows.Web.Http.HttpMethod", 
        "Windows.Web.Http.Headers.HttpCredentialsHeaderValue", 
        "Windows.Web.Http.HttpStringContent", 
        "Windows.Data.Json.JsonObject", 
        "Windows.Web.Http.HttpClient", 
        "Windows.Gaming.GameBar.PresenceServer.Internal.PresenceWriter", 
        "\"expiration\":360", 
        "SOFTWARE\\Microsoft\\XboxLive", 
        "WindowsGameBarPresenceWriter/10.0.10011.16384", 
        "RETAIL", 
        "Sandbox", 
        "{\"titles\":[", 
        ",\"id\":\"", 
        ",\"pfn\":\"", 
        "\",\"state\":\"active\"", 
        "\",\"state\":\"inactive\"", 
        ",\"sandbox\":\"", 
        "Microsoft.GamingApp_8wekyb3d8bbwe", 
        "Server: ServerMain failed(%#x).", 
        "Server: PresenceWriter shutdown.", 
        "activatibleClassId", 
        "Windows.Management.Deployment.PackageManager", 
        "O:PSG:BUD:(A;;3;;;AU)", 
        "3PFN_FAILURE", 
        "XBLAUTH_CREATE_FAILURE", 
        "PRESENCE_REQUEST_FAILURE", 
        "INITIALIZE_FAILURE", 
        "pLocal\\SM0:%lu:%lu:%hs", 
        "User-Agent", 
        "Signature", 
        ":Sun:Sunday:Mon:Monday:Tue:Tuesday:Wed:Wednesday:Thu:Thursday:Fri:Friday:Sat:Saturday", 
        ":Jan:January:Feb:February:Mar:March:Apr:April:May:May:Jun:June:Jul:July:Aug:August:Sep:September:Oct:October:Nov:November:Dec:December", 
        ":AM:am:PM:pm", 
        "VS_VERSION_INFO", 
        "StringFileInfo", 
        "040904B0", 
        "CompanyName", 
        "Microsoft Corporation", 
        "FileDescription", 
        "Gamebar Presence Writer", 
        "FileVersion", 
        "10.0.22621.4541 (WinBuild.160101.0800)", 
        "InternalName", 
        "Gamebar Presence Writer", 
        "LegalCopyright", 
        " Microsoft Corporation. All rights reserved.", 
        "OriginalFilename", 
        "GamebarPresenceWriter.exe", 
        "ProductName", 
        "Microsoft", 
        " Windows", 
        " Operating System", 
        "ProductVersion", 
        "10.0.22621.4541", 
        "VarFileInfo", 
        "Translation"
    ], 
    "metadata": {
        "output": {
            "pcap": {
                "basename": "dump.pcap", 
                "sha256": "64326c4a4a17f2e4e1ebd6c30a4f9dd6e8687c142805982d02710ccd23fc12dc", 
                "dirname": ""
            }
        }
    }
}